pmid,doi,pmcid,oa_status,year,journal,title,abstract,organism,condition,screened,screen_reason
42585373,10.1590/1414-431X2025e14996,PMC13450824,oa,2026,Brazilian journal of medical and biological research = Revista brasileira de pesquisas medicas e biologicas,The flavonoid isoliquiritigenin promotes lifespan extension of Caenorhabditis elegans through the transcription factor DAF-16 and aquaporin-2.,"Aging is associated with the accumulation of oxidative damage. Isoliquiritigenin (ISL), a natural flavonoid, exhibits antioxidant properties, but its effect on lifespan and the underlying mechanisms remains incompletely understood. This study aimed to investigate whether ISL extends lifespan in Caenorhabditis elegans through the transcription factor DAF-16 and the aquaporin AQP-2. We employed lifespan assays, stress resistance tests, intracellular ROS measurement, osmotic water permeability assays in Xenopus oocytes, genetic manipulation (using mutants and RNAi), quantitative real-time PCR, and fluorescence microscopy to assess DAF-16 localization and target gene expression. ISL extended the mean lifespan of wild-type C. elegans by 15.35% at 20 μM (P<0.01). It enhanced resistance to oxidative stress (36.54% higher survival under paraquat) and heat shock (20.56% higher survival at 37°C), and reduced intracellular ROS levels. Mechanistically, ISL increased DAF-16 nuclear translocation by 44.3% (P=0.003), and upregulated the expression of its target genes, including sod-3 (3.2-fold, P=0.008) and aqp-2 (2.9-fold, P=0.012). ISL also increased the osmotic water permeability of Xenopus oocytes by 1.7-fold (P=0.007), and the effect was abolished by the aquaporin inhibitor HgCl2. Genetic ablation of aqp-2 nullified ISL-induced lifespan extension (P=0.65 vs control) and ROS reduction. Crucially, aqp-2 RNAi suppressed ISL-driven DAF-16 nuclear accumulation and sod-3 expression, establishing a feedforward loop. ISL extended lifespan and enhanced stress resistance in C. elegans by activating a DAF-16/AQP-2 regulatory module, thereby linking water homeostasis to the transcriptional control of aging.",Caenorhabditis elegans,temperature,,
42531723,10.1016/j.bioorg.2026.110303,,no_pmc,2026,Bioorganic chemistry,"Multi-level mechanistic insights into phytone bioactivity: the healthy aging characteristics of C. elegans, molecular interactions and enzyme inhibition.","Phytone, an important terpene in fermented foods, has anti-aging potential. This study explored its interactions with α-amylase (αAmy), pepsin (PEP), trypsin (TPS), human serum albumin (HSA), and anti-aging effects via Caenorhabditis elegans (C. elegans). In nematodes, it prolongs lifespan, increases pharyngeal pump rate (14.98%), reduces heat stress mortality (10.10%), and preserves reproductive capacity. At the same time, it can significantly enhance the activity of SOD, CAT, and GSH-Px. Multispectral analysis and molecular simulation confirmed phytone forms stable complexes with these proteins mainly through combined quenching (hydrophobic interactions for PEP/αAmy, hydrogen bonds and van der Waals forces for HSA/TPS), with PEP-phytone showing high stability (RMSD = 2.03 Å). It showed a significant inhibitory effect on TPS (31.28%), and had a slight inhibitory effect on PEP and αAmy (about 8.6%), indicating that it has a regulatory role in the digestive process. The interaction with HSA seems to facilitate its utilization in the physiological environment. These data characterize the potential anti-aging ability of phytone and its mechanism of molecular interaction, providing a theoretical basis that can support the development of functional foods.",Caenorhabditis elegans,temperature,,
42465445,10.64898/2026.07.07.737140,PMC13370418,oa,2026,bioRxiv : the preprint server for biology,Proximity labeling at H3K9me3 reveals VRK-1 regulate global chromatin distribution in <i>C. elegans</i>.,"Heterochromatin marked by histone H3 lysine 9 di- or trimethylation (H3K9me2/3) underpins transcriptional silencing and nuclear organization, yet its full complement of associated proteins remains incompletely defined. Here, we apply ChromID proximity labelling with the mouse HP1β chromodomains to map the H3K9me3-proximal proteome in <i>Caenorhabditis elegans</i>, recovering known heterochromatin factors alongside previously uncharacterized candidates. We pursued one such candidate, the vaccinia-related kinase VRK-1, because of its established but poorly understood links to chromatin organization. Intriguingly, VRK-1 dynamically relocates from a broad nuclear distribution to the nuclear periphery upon azide or heat stress. Following these stresses, bulk chromatin exhibits similarly increased peripheral enrichment and apparent compaction, as assessed by radial fluorescence profiles. Although VRK-1 is not necessary for stress-induced chromatin reorganization, decompaction and repositioning of chromatin away from the nuclear envelope during recovery requires VRK-1. VRK-1 depletion leads to persistent perinuclear chromatin retention and compromises post-stress survival. Furthermore, loss of VRK-1 catalytic activity results in over-retention of chromatin at the nuclear periphery under normal growth conditions; this phenotype can be reversed by depletion of a key VRK-1 substrate at the nuclear envelope BAF-1. Our findings identify VRK-1 as a key regulator that controls the interaction of chromatin with the nuclear lamina through regulation of BAF-1.",Caenorhabditis elegans,temperature,,
42401269,10.1016/j.exger.2026.113229,,no_pmc,2026,Experimental gerontology,"Ayurvedic nutraceutical, Chyawanprash, enhances longevity and stress resilience via mitochondrial and muscular health in C. elegans model of ageing.","Chyawanprash is an ancient Ayurvedic superfood described for its antioxidant, anti-ageing and immunity-boosting properties. Prolonged exposure to environmental stressors such as extreme heat, air pollution and toxins could lead to several diseases by triggering oxidative stress and inflammation. These stress response pathways, conserved in humans and C. elegans, play crucial roles in the progression of neurological and metabolic diseases. Present study examines the role of the ancient Ayurvedic superfood, Patanjali Special Chyawanprash (PSCP), on heat stress-induced behavioural and molecular damages, using C. elegans as the model organism. Phytochemical analysis of PSCP by high-performance liquid chromatography (HPLC) revealed the presence of several antioxidant and anti-inflammatory phytometabolites like gallic acid, corilagin, chebulagic acid, 5-HMF, cinnamic acid, eugenol, and ellagic acid. PSCP supplementation in C. elegans prevented the production of Advanced Glycation End products (AGEs) and heat stress-induced alterations in locomotory and feeding behaviours. Nuclear localization of DAF-16, expression of SOD-3::GFP and MYO-3::GFP, along with sarcomeric F-actin arrangement in heat-stressed C. elegans, was analyzed using fluorescence microscopy. PSCP supplementation along with the food to the heat-stressed C. elegans resulted in ∼2-fold increase in mitochondrial membrane potential and in MYO-3::GFP expression. Additionally, PSCP exhibited a strong antioxidant profile in heat-stressed worms, indicated by normalized ROS, GSH levels and SOD-3 activity. mRNA levels of thermo-tolerance genes like hsf-1 and heat-shock proteins: hsp-70, hsp-16.2 and hsp-12.6 in heat-stressed C. elegans were normalized by PSCP treatment. PSCP also promoted longevity and prevented heat stress-induced lifespan reduction in C. elegans. Overall, these findings indicate that Patanjali Special Chyawanprash (PSCP) could serve as an important food supplement for enhancing stress resistance in organisms including humans, potentially benefiting longevity and reducing disease susceptibility.",Caenorhabditis elegans,temperature,,
42324599,10.1080/19490976.2026.2684066,PMC13285563,oa,2026,Gut microbes,Biofilm overproduction enhances gastrointestinal stress tolerance and intestinal fitness in <i>Bacillus subtilis</i>.,"Microorganisms with health-promoting potential often experience substantial losses in viability and function due to stresses encountered during manufacturing and gastrointestinal transit. In this study, we investigate whether biofilm can be leveraged to enhance microbial resilience and functional performance. Using <i>Bacillus subtilis</i> as a model biofilm-forming bacterium, we examined strains with defined biofilm phenotypes: a biofilm-deficient mutant (<i>tasA eps</i>), a biofilm-overproducing mutant (<i>sinR</i>), and an isogenic wild-type control. These strains were evaluated across multiple functional benchmarks, including survival in simulated gastric and bile juices, thermotolerance, and intestinal bacterial colonization in the <i>Caenorhabditis elegans</i> model. Commercially available strains <i>Lactobacillus rhamnosus</i> GG and <i>Saccharomyces boulardii</i> were included as reference comparators. The biofilm-overproducing <i>B. subtilis sinR</i> strain demonstrated markedly enhanced survival under simulated gastrointestinal conditions and showed increased colonization within the <i>C. elegans</i> intestine. In contrast, the biofilm-deficient <i>tasA eps</i> mutant exhibited severe sensitivity to gastric stress and reduced the intestinal bacterial load. Furthermore, we demonstrate that cell-free <i>B. subtilis</i> biofilm can function as an effective bioencapsulation matrix. When used to encapsulate multiple probiotic strains, the biofilm matrix significantly improved their survival under acidic gastric conditions by neutralizing the environmental pH, indicating its broad potential for probiotic formulations and targeted gastrointestinal delivery. Overall, biofilms are traditionally studied for their roles in infection and antimicrobial resistance; however, their protective and adaptive traits may be repurposed for beneficial use. As an example of this concept, our findings show that <i>B. subtilis</i> biofilms enhance multiple functional and technological traits and highlight biofilm-based strategies as a promising platform for improving beneficial microbial robustness and the delivery of live biotherapeutics.",Caenorhabditis elegans,temperature,,
42316942,10.1093/genetics/iyag157,,no_pmc,2026,Genetics,Genetic analysis of sensitivity to temperature fluctuations identifies acclimation stress as a novel type of cellular stress in Caenorhabditis elegans.,"All organisms must quickly acclimate to short-term environmental temperature changes to maintain optimal physiology. Temperature excursions far from the optimum lead to heat- or cold-shock responses, which have been extensively studied. We hypothesized that, even within a physiological range of temperature whose extremes are not stressful by themselves, the need for constant adjustment to frequent temperature fluctuations might be deleterious. We find that frequent fluctuations between physiological temperatures severely impair the short-term survival of C. elegans in a frequency-dependent manner. We show that the fluctuations impact both the soma and the germline, with the mechanisms that lead to short-term death requiring fertility. Using a survival assay with a candidate gene approach, we identified both hypersensitive and resistant mutants. The nature of the corresponding genes suggests that temperature sensing and mitochondrial function are particularly key to survival under temperature acclimation stress. However, the lack of response from reporter genes designed to reveal classic cellular stresses as well as the molecular identities of the hypersensitive, unaffected, and resistant mutants, suggest that acclimation stress represents a novel type of stress with potentially severely deleterious consequences for animals.",Caenorhabditis elegans,temperature,,
42309018,10.1016/j.ecoenv.2026.120386,,no_pmc,2026,Ecotoxicology and environmental safety,Effects and mechanisms of lipidomic and development alterations in ire-1 mutant Caenorhabditis elegans under extremely low-frequency electromagnetic field exposure.,"This study assessed the effects and underlying mechanisms of 50 Hz extremely low-frequency electromagnetic field (ELF-EMF) on lipid metabolism and development in ire-1 mutant Caenorhabditis elegans. Lipidomic profiling revealed 87 lipids with significant alterations following ELF-EMF exposure, and Biological Pathway Analysis (BioPAN) revealed activated conversion of phosphatidylserine to phosphatidylethanolamine, enhanced dihydroceramide synthesis, and suppressed lysophosphatidylinositol to phosphatidylinositol in ire-1 worms. Reverse Transcription Quantitative Polymerase Chain Reaction (RT-qPCR) and Enzyme-Linked Immunosorbent Assay (ELISA) methods were utilized for further verification of lipidic alterations in ire-1 worms following ELF-EMF exposure. Significant elevation of Ca²⁺ and slight enhancement of hsp-4::GFP were observed, suggesting that endoplasmic reticulum (ER) stress may be activated independently of IRE-1, with concurrent upregulation of Activating Transcription Factor (ATF) gene expressions. Developmental inhibition was observed, characterized by 22.3% reduction in body length and 28.7% decrease in brood size. The adaptive antioxidant responses were detected as evidenced by 11.0% increased superoxide dismutase activity, 18.6% enhanced total antioxidant capacity, and 53.4% decreased malondialdehyde content. In summary, 50 Hz ELF-EMF exposure can disrupt both lipid metabolism and developmental processes in ire-1 worms, inducing striking calcium homeostasis dysregulation, ER stress, and oxidative stress responses. Unfolded protein responses were suggested to be activated independently of IRE-1, possibly involving the PERK/ATF4 pathway. ELF-EMF may act as an oxidative stress-like factor to activate ER stress and adaptive antioxidant responses in ire-1 worms.",Caenorhabditis elegans,temperature,,
42270006,10.1016/j.expneurol.2026.115873,,no_pmc,2026,Experimental neurology,Systemic characterization of aging-related phenotypes induced by wild-type and G2019S LRRK2 in Caenorhabditis elegans.,"Leucine-rich repeat kinase 2 (LRRK2), initially identified as a gene implicated in Parkinson's disease, is increasingly recognized for its influence on aging and associated disorders. However, its systemic roles in biological aging remain poorly understood. To assess its physiological roles, we utilized Caenorhabditis elegans models with pan-neuronal expression of either wild-type or G2019S-mutant human LRRK2. Aging-related phenotypes were evaluated through analyses of development, metabolic activity, oxidative stress response, behavior, neuronal integrity, and proteostasis. Transcriptomic and untargeted metabolomic profiling were conducted to elucidate the molecular consequences of LRRK2 expression and mutation. Wild-type LRRK2 enhanced organismal growth, metabolic activity, and resistance to oxidative and heat stress, while simultaneously inducing mild neurodegenerative alterations. In contrast, the G2019S mutation substantially aggravated aging-associated phenotypes, including reduced lifespan, increased lipid and lipofuscin accumulation, and heightened dopaminergic vulnerability under stress conditions. Multi-omics analyses further showed that wild-type LRRK2 predominantly upregulated pathways related to energy metabolism and specific components of proteostasis, whereas G2019S resulted in diminished amino acid availability, disrupted protein homeostasis, and more pronounced metabolic dysregulation. Our findings support a bidirectional role of LRRK2 in aging: wild-type LRRK2 promotes systemic metabolic activation and stress resistance but increases neuronal susceptibility, while the G2019S mutation further amplifies metabolic and structural vulnerability. These effects are strongly tissue-dependent and modulated by mutational background. Collectively, this study expands the role of LRRK2 from a Parkinson's disease-associated protein to a multisystem regulator of aging, providing mechanistic insight and a basis for tissue-selective LRRK2-targeted interventions for age-related disorders.",Caenorhabditis elegans,temperature,,
42197254,10.3390/molecules31101698,PMC13209729,oa,2026,"Molecules (Basel, Switzerland)","Mechanisms of Anti-Aging Effect of <i>Alpinia oxyphylla</i> Polysaccharides Mediated via IIS Pathway: Based on In Vivo Experiments, Network Pharmacology and Molecular Docking.","This study aimed to investigate the anti-aging mechanisms of <i>Alpinia oxyphylla</i> polysaccharides (AOFs) through integrated in vivo experiments, network pharmacology, and molecular docking. Three purified fractions (AOF1, AOF2, and AOF3) were structurally characterized for monosaccharide composition and molecular weight. Anti-aging and antioxidant activities were evaluated using <i>Caenorhabditis elegans</i>, followed by gene expression analysis, network pharmacology target identification, and molecular docking validation. All AOFs significantly extended lifespan, enhanced resistance to oxidative and heat stress, reduced reactive oxygen species and lipid peroxidation, and upregulated superoxide dismutase and catalase activities. Gene expression analysis revealed activation of the insulin/insulin-like growth factor signaling pathway through upregulation of daf 16, skn 1, sod 3, ctl 1, and hsp 16.2. Network pharmacology identified 254, 85, and 119 core targets for AOF1, AOF2, and AOF3 respectively, enriched in PI3K/AKT, MAPK, hypoxia, and xenobiotic response pathways. KEGG analysis further implicated lipid and atherosclerosis, HIF 1, FoxO, and PI3K Akt signaling. Molecular docking showed that critical monosaccharides and metformin formed stable hydrogen-bonded complexes with AKT1, INS, SRC, and STAT3. Among the fractions, AOF1 and AOF3 exhibited superior activities. These findings demonstrate the multi-target, multi-pathway anti-aging actions of AOFs and support their potential as natural antioxidants and functional food ingredients for anti-aging therapeutics.",Caenorhabditis elegans,temperature,,
42075782,10.3390/ph19040525,PMC13118690,oa,2026,"Pharmaceuticals (Basel, Switzerland)",A Lecithin-Based Delivery Form of Quercetin Promotes Stress Resistance and Longevity in <i>Caenorhabditis elegans</i>.,"<b>Background/Objectives</b>: The flavonoid quercetin (Q) has recently been suggested as a natural anti-aging and senolytic agent. However, its low stability and poor oral bioavailability may limit its efficacy. To address this, we investigated whether a lecithin-based formulation of Q, Quercefit™ (QF), enhances stress resistance and delays aging in vivo. <b>Methods</b>: The nematode <i>Caenorhabditis elegans</i> was used as an animal model to evaluate the effects of QF under physiological and stress conditions. Unformulated Q was administered as a control. Worm survival, healthspan, resistance to thermal and oxidative stress, and expression of stress- and longevity-related genes were assessed. All the experiments were conducted at least in triplicate, each including a minimum of 15 worms. The data were analyzed using Student's <i>t</i>-test, one-way or two-way ANOVA, and Bonferroni's post hoc test. <b>Results</b>: One hundred micromolar Q administered in QF was more effective than equimolar unformulated Q in increasing the worms' ability to resist acute thermal stress at 35 °C (tested on 75 worms/group) and oxidative stress caused by 0.5 mM hydrogen peroxide (tested on 75 worms/group). In this last case, the protective effect of QF was similar to that of N-acetylcysteine and ascorbic acid. Under experimental conditions mimicking the long-term consequences of thermal stress, QF, like Q, increased the worms' lifespan and healthspan by approximately 50%, counteracting the age-related decline associated with stress (120 worms/group). These benefits are supported by QF's capacity to act as a reactive oxygen species scavenger; suppress heat-shock element gene transcription activated by thermal stress, such as <i>hsp-16.2</i> and <i>hsp-70</i>, and stimulate the <i>sod-3</i> and <i>gst-4</i> genes that are involved in antioxidant and detoxification responses. <b>Conclusions</b>: These findings suggest that Q, when administered in the QF formulation, can act at the transcriptional level to protect against aging induced by stressful conditions.",Caenorhabditis elegans,temperature,,
42073202,10.3390/foods15081315,PMC13114323,oa,2026,"Foods (Basel, Switzerland)",Emulsifier-Modulated Microstructure of Soy Protein-Arabinoxylan Oleogels Improves Astaxanthin Bioaccessibility and In Vivo Antioxidant Activity.,"Astaxanthin (AST), despite its high bioactivity, exhibits poor stability and low bioavailability due to its strong lipophilicity and inherent degradation susceptibility. To overcome such a challenge, we developed a food-grade oleogel delivery system using a soy protein-arabinoxylan (SA) glycosylated complex modulated by different concentrations (0.5-3%) of sucrose ester (SE) or soy lecithin. We show that the emulsifier concentration has a non-linear effect on the oleogel microstructure: an optimal level of 1% had a significant impact on the interfacial compactness and network density, giving rise to improved thermal stability, rheological strength and AST encapsulation efficiency (81.27%). During in vitro digestion, the SA matrix in combination with emulsifiers allowed gastric protection and intestinal-targeted release of AST with a bioaccessibility of up to 88.84% (SAO-SE-AST). This controlled release profile directly translated into enhanced in vivo antioxidant efficacy in wild-type Bristol N2 <i>Caenorhabditis elegans</i>, as evidenced by reduced lipofuscin accumulation, elevated thermotolerance (survival rate: 64.44-73.33%), suppressed reactive oxygen species levels and activation of endogenous antioxidant enzymes (superoxide dismutase as well as glutathione peroxidase). Collectively, this research has uncovered that food-grade emulsifiers are not only stabilizers, but also key regulators of oleogel architecture and bioactive functionality. These results provide a structure-digestion-bioactivity correlation for protein-polysaccharide oleogels, representing a rational design strategy for high-performance delivery systems of lipid-soluble nutraceuticals.",Caenorhabditis elegans,temperature,,
42014665,10.1007/s13659-026-00604-4,PMC13100220,oa,2026,Natural products and bioprospecting,Natural monoterpenoid geraniol promotes antioxidant defense and stress tolerance via SKN-1/Nrf2 activation in Caenorhabditis elegans.,"Oxidative stress (OS) is a major contributor to aging and the pathogenesis of numerous conditions, including diabetes, neurodegenerative, cardiovascular, and autoimmune disorders. Consequently, therapeutic strategies aimed at enhancing endogenous cytoprotective pathways have gained significant interest. Plant-derived essential oils represent attractive sources for such interventions due to their natural origin and low toxicity; specifically, the monoterpenoid geraniol, a principal component of rose oil, has demonstrated promising antioxidant properties in vitro. In this study, we utilized Caenorhabditis elegans to investigate the in vivo efficacy and molecular mechanisms of geraniol effect. Our results show that geraniol significantly reduces intracellular reactive oxygen species and enhances resistance to acute OS induced by juglone. Mechanistic characterization using GFP-reporter strains revealed that geraniol activates the DAF-16/FOXO and SKN-1/Nrf2 transcription factors, while surprisingly causing a slight but consistent downregulation of the HSF-1-mediated heat-shock response. Crucially, genetic epistasis analysis using null/hypomorphic mutants demonstrated that only SKN-1 is strictly essential for geraniol-mediated protection against induced OS. In conclusion, this study underscores the utility of C. elegans as a robust and accessible platform for the pharmacological screening of natural products. Our findings establish geraniol, a key constituent of rose oil, as a multifunctional modulator of cellular defenses that orchestrates multiple cytoprotective pathways, identifying the SKN-1-dependent response as a critical driver of its antioxidant efficacy in C. elegans. By delineating this specific genetic requirement, these results provide a mechanistic foundation that supports the therapeutic potential of geraniol in mitigating aging and pathophysiology driven by OS.",Caenorhabditis elegans,temperature,,
41882074,10.1038/s41598-026-43060-3,PMC13018630,oa,2026,Scientific reports,Heat shock factor-1 alleviates ER-stress in Caenorhabditis elegans.,"Cells can be exposed to many different stimuli that induce a variety of stresses, such as oxidative stress and proteotoxic stress of the cytoplasm, endoplasmic reticulum or mitochondria. These types of stresses trigger conserved molecular pathways (e.g., heat shock response, unfolded protein response, and autophagy) that can restore cellular homeostasis. Dysfunction (deficiency or hyperactivity) of these pathways is associated with aging and pathologies such as neurodegenerative diseases, diabetes and cancer. The basic molecular machinery of these stress response pathways has been elucidated, but how these pathways interact remains a vibrant area of research. Here, we show that the heat shock transcription factor-1 (HSF-1), the master regulator of the heat shock response, is required for efficient activation of the endoplasmic reticulum unfolded protein response (UPR<sup>ER</sup>) in the nematode Caenorhabditis elegans. Tolerance against tunicamycin-induced ER stress also requires HSF-1 activity. We found that mRNA levels of several genes involved in the UPR<sup>ER</sup> are regulated by HSF1 in human cell lines. These results suggest that HSF-1 plays a critical role in the cellular response to ER stress.",Caenorhabditis elegans,temperature,,
41831730,10.1016/j.fitote.2026.107174,,no_pmc,2026,Fitoterapia,Anti-aging effects of rare prosaikogenin F from microbial biotransformation of saikosaponin A.,"Oxidative damage is an important cause of aging. Saikosaponin A (SSA) is a major triterpenoid naturally occurring in Radix Bupleuri (RB), a well-recognized superior-grade Chinese herb. Additionally, a rare secondary glycoside, namely prosaikogenin F (PSF) can be obtained after removal of one glucose from SSA. This study aimed to efficiently prepare PSF from SSA, and further investigate and compare their anti-aging activities in Caenorhabditis elegans. Evaluation of antioxidant capacity, heat stress resistance, and aging-related physiological change were conducted, and potential mechanisms were revealed as well. The results showed that Aspergillus niger demonstrated the highest conversion efficiency, achieving a relative PSF yield of 83.9%. Average lifespan of nematodes was extended by 9.32% after treatment with 120 μM SSA, which was further increased to 11.41% while PSF being applied. Under thermal stress stimulation, 120 μM PSF prolonged survival time of nematodes by 35.76% compared to SSA by 33.59%. In addition, they increased the activity of antioxidant enzymes, reduced lipid peroxidation, enhanced the body's resistance to stress damage, and effectively prolonged the lifespan of nematodes. The expression of daf-16, hsp-16.2 and sir-2.1 in the nematodes treated with SSA or PSF were significantly up-regulated, whereas that of the daf-2 gene was significantly down-regulated (p < 0.05). In conclusion, the rare secondary triterpenoid saponin PSF was conveniently obtained from abundant SSA by microbial biotransformation. It showed stronger anti-aging activity than its primary form SSA and acted via regulation of insulin/insulin-like growth factor signaling (IIS) pathway, demonstrating its greater potential for applications in anti-aging and antioxidant.",Caenorhabditis elegans,temperature,,
41804763,10.1039/d5fo04963f,,no_pmc,2026,Food & function,Bisdemethoxycurcumin extends lifespan and healthspan in <i>Caenorhabditis elegans via</i> modulation of EGFR-linked signaling pathways.,"Bisdemethoxycurcumin (BDMC) is a natural curcuminoid with higher solubility and stability than curcumin, yet its potential role in lifespan and healthspan regulation remains largely unexplored. This study aimed to investigate the effects of BDMC on lifespan and healthspan in <i>Caenorhabditis elegans</i> (<i>C. elegans</i>) and elucidate the underlying mechanisms. Among major curcuminoids, BDMC exhibited the most potent lifespan-extending and heat stress-protective effects. Continuous BDMC treatment initiated at the L4 stage significantly extended mean lifespan by 17.7%, with the optimal effect observed at 100 μM, and markedly enhanced heat stress resistance. Notably, mid-life BDMC intervention produced the greatest lifespan extension (24.2%). BDMC also improved healthspan-associated phenotypes, including locomotion and fertility, while reducing senescence-associated β-galactosidase activity and lipid accumulation. Network pharmacology analysis identified epidermal growth factor receptor (EGFR) as a key target, which was further validated by RNA interference, qRT-PCR validation, molecular docking, and molecular dynamics simulations. Collectively, these findings demonstrate that BDMC promotes lifespan and healthspan in <i>C. elegans</i> through modulation of EGFR-related signaling pathways, highlighting its potential as a functional food-derived compound for healthy aging.",Caenorhabditis elegans,temperature,,
41780735,10.1016/j.phytochem.2026.114858,,no_pmc,2026,Phytochemistry,Iridoids from the edible flowers of Rhododendron pachypodum: structural elucidation and healthspan related bioactivities in Caenorhabditis elegans.,"Rhododendron pachypodum flowers are traditionally consumed by ethnic minorities in Yunnan as seasonal edible flowers, yet their bioactive iridoid constituents and associated biological activities remain underexplored. This study characterized the iridoid constituents and evaluated in vivo bioactivities relevant to healthspan. Nine iridoids were isolated from the flowers, including seven previously undescribed analogues (1-7) and two known compounds (8-9). The structures of these compounds were determined based on 1D/2D NMR spectroscopic data and HRMS data, while absolute configurations were assigned by comparing experimental ECD spectra with TD-DFT-calculated spectra. The in vivo effects of compounds 5 and 8 were assessed in Caenorhabditis elegans, including lifespan, pharyngeal pumping, locomotion, and survival under oxidative and heat stress, as well as early brood size and body size. Both compounds significantly extended lifespan across multiple doses (up to 30.8% for compound 8 and 30.4% for compound 5), and the effects exceeded those of the positive control β-nicotinamide mononucleotide (NMN, 25.4%; all P < 0.001). They also improved pharyngeal pumping and locomotion and enhanced survival under oxidative stress (up to 41.1% for compound 8; P < 0.001). Compound 5 additionally increased heat-stress tolerance and stimulated early brood size, whereas compound 8 exerted stronger effects on body size. This work integrates rigorous phytochemical characterization with in vivo functional evaluation and supports further mechanistic and safety evaluations.",Caenorhabditis elegans,temperature,,
41764323,10.1038/s41422-026-01223-x,,no_pmc,2026,Cell research,Light sensing enhances thermotolerance and competitive fitness via serotonergic signaling in an eyeless organism.,"Organisms leverage environmental cues to anticipate and adapt to changing conditions. Here, we show that Caenorhabditis elegans, despite being eyeless, utilizes photoperception as an anticipatory cue to enhance survival under thermal stress. Exposure to low-intensity light activates a heat-shock response via the photoreceptor LITE-1, triggering serotonin signaling that promotes thermotolerance through the serotonin receptor SER-5 in the intestine and muscle. Beyond acute stress protection, light perception modulates reproductive behavior by delaying egg laying under unfavorable conditions and induces intergenerational thermotolerance, enhancing progeny survival at elevated temperatures. Photoperception also improves population competitiveness, providing a competitive advantage in dynamic environments. These findings reveal a previously unrecognized role for photoperception in a non-photosynthetic animal and establish it as a key mechanism for thermal adaptation and fitness.",Caenorhabditis elegans,temperature,,
41759961,10.1016/j.toxicon.2026.109038,,no_pmc,2026,Toxicon : official journal of the International Society on Toxinology,"A commercial insecticide-induced neurotoxicity and snake venom nerve growth factor-inspired peptides-mediated neuroprotection in Caenorhabditis elegans: Mechanistic, safety, and pharmacokinetic (in vivo imaging) evaluation of peptides.","Agriculture workers are especially at risk from insecticide (INSECT) exposure, which is associated with neurological disorders, such as Parkinson's disease (PD). The present study evaluated the mechanism of neurotoxicity induction in a commercial insect containing chlorpyrifos (50%) and cypermethrin (5%) in Caenorhabditis elegans models, as well as the neuroprotective efficacy of two custom peptides (CPs), HNP (heptadeca-neuropeptide) and TNP (trideca-neuropeptide), derived from snake venom nerve growth factor. CPs significantly mitigated INSECT-induced neurotoxicity by preventing chemosensory alterations, reducing oxidative stress (reactive oxygen species generation), restoring mitochondrial membrane potential, lowering nitrite and lipid peroxidation levels, and inhibiting acetylcholinesterase disruption in the N2 (wild-type) strain of C. elegans. CPs pretreatment significantly reduced dopaminergic neuron damage from INSECT exposure in C. elegans (BZ555 strain) and reduced accumulation of α-synuclein, a hallmark of PD, by a marked elevation in the expression of key autophagy genes (lgg-1, atg-7, lgg-2, atg-18, epg-5, vps-34) and proteasomal degradation components (rpn-2, rpt-4, ubc-12) in the transgenic (NL5901) strain of C. elegans. Quantitative reverse transcription polymerase chain reaction revealed that CPs pretreatment modulates the INSECT-induced upregulation of p38 mitogen-activated protein kinase (MAPK)/antioxidant/heat shock response/genes and delays apoptosis in C. elegans. However, TNP conferred slightly greater neuroprotective effects than HNP. Proteomic analysis demonstrated that TNP downregulated genes in the skn-1 oxidative stress pathway, thereby suppressing pro-apoptotic signalling and neuronal injury. CPs at a 10 mg/kg dose (i.v. route) did not demonstrate acute, subacute, and sub-chronic toxic effects in Swiss albino mice, and they significantly reduced (p ≤ 0.05) the levels of proinflammatory cytokines IL-1β, IL-6, and TNF-α, as compared to controls. The pharmacokinetic profiling demonstrated that TNP effectively penetrates the blood-brain barrier (8.95%) in Wistar rats, indicating its potential central nervous system bioavailability.",Caenorhabditis elegans,temperature,,
41756116,10.3389/fphar.2025.1720314,PMC12933199,oa,2025,Frontiers in pharmacology,Miquelianin and spiraeoside from <i>Filipendula ulmaria</i> mitigate α-synuclein accumulation in <i>C.elegans</i> and reduce the expression of neuroinflammatory cytokines in human microglia.,"Chronic neuroinflammation and impaired proteostasis are increasingly recognized as interconnected drivers of Parkinson's disease (PD). Due to their pleiotropic character, multicomponent herbal remedies combining anti-inflammatory and proteostatic activity may counteract these disease-promoting processes. This study investigated a hydroethanolic extract of <i>Filipendula ulmaria</i> (FE) for its ability to modulate neuroinflammation, proteostasis, and aging-associated mechanisms relevant to PD. The effects of FE on lifespan and health span were assessed in wild-type and on α-syn::YFP fluorescence, survival and thermoresistance in transgenic NL5901 <i>Caenorhabditis elegans</i>. FE was fractionated by flash chromatography, and bioactivity was assigned to individual constituents using LC-MS dereplication and a <sup>1</sup>H NMR-based biochemometric approach. Identified constituents were further examined for their capacity to reduce α-syn::YFP fluorescence and enhance thermotolerance in NL5901. To assess their relevance in neuroinflammation, all samples were examined in LPS-stimulated human microglial HMC3 cells for their effects on pro-inflammatory gene expression. FE extended lifespan, improved health span and reduced α-syn::YFP fluorescence in NL5901 by up to 25% at 200 μg/mL. In HMC3 cells, FE significantly downregulated <i>IL-1β</i>, <i>IL-6</i>, and <i>MCP-1</i> expression at 100 μg/mL without cytotoxicity. Biochemometric and LC-MS analyses identified the flavonoid glycosides spiraeoside and miquelianin as key constituents, reducing the α-syn::YFP fluorescence by 32% and 35% at 200 μg/mL, respectively, while simultaneously increasing thermotolerance in NL5901 and suppressing pro-inflammatory cytokine expression in microglia. FE represents a promising source of neuroprotective agents targeting both neuroinflammation and proteostasis, supporting spiraeoside and miquelianin as hit candidates for preventive strategies against early neurodegenerative mechanisms.",Caenorhabditis elegans,temperature,,
41729996,10.1371/journal.ppat.1013945,PMC12959841,oa,2026,PLoS pathogens,Src-dependent tyrosine-phosphorylation of NM2A has a protective role against bacterial pore-forming toxins.,"Pore-forming toxins (PFTs) are key bacterial virulence factors that disrupt host plasma membrane (PM) integrity, triggering cellular stress and initiating repair mechanisms. The cytolysin Listeriolysin O (LLO), secreted by Listeria monocytogenes, has well established roles in infection, yet the host signaling responses to LLO-induced damage remain poorly understood. Here, we identify a previously unrecognized protective pathway in which LLO triggers rapid activation of the tyrosine kinase Src, leading to phosphorylation of the non-muscle myosin II heavy chain 2A (NMHC2A) at tyrosine 158. While Src activation and NMHC2A tyrosine phosphorylation have been observed during Listeria infection, we demonstrate here that both responses are directly driven by LLO. This phosphorylation event does not alter NMHC2A motor activity in vitro but is required for cytoskeletal reorganization and efficient responses to PM damage. Using Caenorhabditis elegans, we further show that phosphorylation of the NMHC2A homolog NMY-2 at the conserved tyrosine 163 is required for survival under PFT-induced stress and heat shock, revealing an evolutionarily conserved defense mechanism. Together, our findings establish Src-mediated NMHC2A phosphorylation as a critical link between PFT-induced PM damage sensing and actomyosin remodeling, advancing our understanding of host defense against bacterial toxins.",Caenorhabditis elegans,temperature,,
41705452,10.1039/d5fo04100g,,no_pmc,2026,Food & function,Fava bean and pea protein hydrolysates modulate stress responses in <i>C. elegans</i> through different mechanisms.,"The growing global demand for protein, combined with the urgent need for effective strategies to manage conditions such as obesity and diabetes, highlights legume proteins as valuable sources of derived bioactive peptides with health-promoting properties. In this study, we employed the <i>Caenorhabditis elegans</i> model to investigate the effects of supplementation with hydrolysates derived from fava bean and pea protein on healthspan. Supplementation with fava bean and pea protein hydrolysates reduced fat accumulation and age-related lipofuscin pigment in the worms, without impairing their development. The fava bean protein hydrolysate significantly decreased total reactive oxygen species levels and enhanced stress tolerance to juglone exposure, suggesting the modulatory activity of the mitochondrial oxidative stress response. In contrast, pea protein hydrolysate improved the heat stress resistance of <i>C. elegans</i>, and gene expression and mutant analyses revealed the involvement of the endoplasmic reticulum unfolded protein response (ER-UPR) pathway in mediating its health-promoting effects. Together, our data demonstrate that fava bean and pea protein hydrolysates support healthspan in <i>C. elegans</i> by modulating distinct cellular stress response pathways and pave the way for further investigation in more complex animal models.",Caenorhabditis elegans,temperature,,
41693093,10.1111/dgd.70045,PMC12907538,oa,2026,"Development, growth & differentiation",Characterization of Heat Shock Protein Expression and Its Application to Temporal Gene Expression in the Nematode Pristionchus pacificus.,"Temporal gene expression systems are widely used to examine gene functions at specific developmental stages. The heat-inducible gene expression system, which uses a heat shock promoter with evolutionarily conserved heat shock elements, is used in temporal gene expression systems in many organisms. The nematode, Pristionchus pacificus, is a satellite model system comparable to Caenorhabditis elegans, with unique developmental traits but lacking genetic tools for assessing temporal gene expression. To establish a temporal gene expression system in P. pacificus, we investigated the genes that were highly induced by heat shock. RNA-sequencing analysis revealed many differentially expressed genes after a 2-h heat shock event. One of the highly induced genes, PPA12242, is an ortholog of C. elegans hsp-16.41, and transgenic animals harboring a reporter system have shown that the genomic fragment upstream of this gene can induce gene expression in response to heat shock. Using the PPA12242 promoter, gene expression can be induced at all larval stages, and some phenotypes appear to be vulnerable to heat stress. Taken together, we identified a potential heat shock promoter in P. pacificus that is applicable to the temporal gene expression system of this species.",Caenorhabditis elegans,temperature,,
41690035,10.1016/j.phymed.2026.157944,,no_pmc,2026,Phytomedicine : international journal of phytotherapy and phytopharmacology,Stress endurance mediates the healthspan-promoting effect of two newly described iridoid glycosides from Verbascum nigrum ssp. abietinum in Caenorhabditis elegans.,"Natural products are emerging as promising options for promoting health and managing age-related diseases. Iridoid glycosides, a diverse class of monoterpenoids, exert multiple beneficial effects and are of significant interest in pharmaceutical research. They are abundant in Scrophulariaceae, particularly in the genus Verbascum L. (mulleins). However, the infraspecific taxon V. nigrum ssp. abietinum (Borbas) I.K. Ferguson, native to the Balkan Peninsula, has not been previously investigated regarding chemical composition or healthspan-modulating potential. This study aimed to isolate and characterize the main secondary metabolites of V. nigrum ssp. abietinum and to evaluate the effects of iridoid glycosides on age-related physiological changes and stress tolerance in Caenorhabditis elegans. We focused on two newly isolated sinuatol derivatives (1 and 2) and their influence on conserved molecular networks regulating stress response and aging. Following isolation and identification of compounds 1 and 2, phenotypic analyses were conducted to assess toxicity, lifespan, physiology, and stress resistance. Basal metabolism and molecular mechanisms were further examined. Methanol extract of aerial parts of V. nigrum ssp. abietinum yielded two previously undescribed iridoid glycosides (1 and 2) along with twelve known constituents. Both compounds upregulated sek-1/p38 (MAPK) and sqst-1/p62 (SQSTM1), indicating enhanced autophagy and stress response. Additionally, sgk-1/SGK-1, hsf-1/HSF1, and tcer-1/TCERG1 were consistently overexpressed, suggesting improved oxidative stress defense, heat shock response, and transcriptional regulation. Notably, the selective upregulation of hsp-16.1 and hsp-16.2 upon supplementation with compound 1 suggests a stereospecific interaction with the HSP network, potentially linked to the positional arrangement of the caffeoyl moiety. This study provides the first evidence that iridoid glycosides 1 and 2 from V. nigrum ssp. abietinum promote C. elegans healthspan by enhancing stress response through modulation of genes related to autophagy and inflammation.",Caenorhabditis elegans,temperature,,
41679688,10.1016/j.cstres.2026.100150,PMC12966732,oa,2026,Cell stress & chaperones,Modulation of host proteostasis by Prevotella corporis via induction of the heat shock response.,"Neurodegenerative protein conformational diseases (PCDs) are progressive, currently incurable disorders driven by toxic protein aggregation that leads to neuronal death. Emerging evidence supports a microbial role in PCDs, including the most prevalent: Alzheimer's and Parkinson's disease. While metagenomic studies consistently associate gut dysbiosis with these disorders, the mechanisms by which microbes influence host proteostasis remain poorly understood. In particular, considerable attention has been given to proteotoxic bacteria, whereas the mechanisms by which commensal microbes confer proteoprotection have received comparatively little attention. We previously employed Caenorhabditis elegans models to characterize the role of over 220 bacterial isolates from the Human Microbiome Project on host proteostasis. Strikingly, members of the Prevotella genus exhibited proteoprotective effects. Most notably, transient exposure to Prevotella corporis uniquely induced Hsp70, a critical molecular chaperone that maintains proteostasis, and significantly reduced aggregation of polyglutamine (polyQ), Aβ42, and α-synuclein. In the present study, we expand on these findings, demonstrating that among 13 Prevotella species tested, P. corporis robustly activates the heat shock response (HSR) and confers conserved aggregate-suppressing activity in Drosophila melanogaster. We further demonstrate that transient exposure to P. corporis results in the activation of protective stress pathways and promotes disaggregation of existing intestinal polyQ aggregates in C. elegans, leading to a general enhancement of global proteostasis. This is supported by significantly improved survival and enhanced thermotolerance. Together, our findings reveal a beneficial niche for P. corporis in activating the HSR to enhance organismal proteostasis and support a microbe-mediated gut-proteostasis axis. This work underscores the therapeutic potential of targeting the gut microbiota for the management of PCDs, highlights the importance of species-level resolution in microbiome studies, and supports the emerging view of the intestine as a proteostasis-modulating organ.",Caenorhabditis elegans,temperature,,
41678270,10.1093/toxsci/kfag011,PMC13017049,oa,2026,Toxicological sciences : an official journal of the Society of Toxicology,Progeny effects of rotenone exposure depend on parental toxicity.,"Parental exposure to toxicants can affect progeny health. However, laboratory studies often employ exposures that result in loading of pollutants to gametes or toxic effects to parents, which could indirectly affect germ cell or gamete health. Here, we took advantage of the biology of Caenorhabditis elegans to carry out a study in which we minimized the potential for maternal loading of toxicants, and used an exposure paradigm that either did (high concentration) or did not (low concentration) significantly impact the health of the P0 generation. We hypothesized that parental exposure to mitochondrial toxicants during germ cell and gamete development, at levels not causing P0 toxicity, would result in altered mitochondria and organismal health in offspring. In the P0 generation, a high rotenone concentration altered growth, mitochondrial respiration, gene expression, induction of the mitochondrial unfolded protein response, and susceptibility to dopaminergic neurodegeneration induced by a chemical rechallenge later in life. However, we observed minor or no effects in P0 at a low concentration. In high-exposure F1 offspring, we observed altered embryo size, larval developmental stage distribution, spare respiratory capacity, heat shock protein expression, and dopaminergic neurodegeneration after a secondary rotenone challenge. The only effects observed in the F1 offspring of the low exposure were a 1.7% decrease in egg size (size later in development was normal), and moderate evidence of a slightly increased sensitivity to heat shock protein expression and dopaminergic neurodegeneration caused by a secondary later-in-life rotenone exposure. We recommend that parental toxicity be carefully assessed to contextualize offspring outcomes.",Caenorhabditis elegans,temperature,,
41651422,10.1016/j.jbc.2026.111238,PMC12966735,oa,2026,The Journal of biological chemistry,HSP-1-specific nanobodies alter chaperone function in vitro and in vivo.,"Targeted regulation of 70 kDa heat shock protein (HSP70) chaperones, particularly the essential cognate heat shock protein (HSC70) and its Caenorhabditis elegans ortholog (HSP-1), may hold the key to improving cellular proteostasis and ameliorating aging-associated conditions linked to protein misfolding and aggregation. However, tools to selectively alter HSP70 chaperone activity remain elusive. In this study, we pioneer the development of two novel nanobodies, B12 and H5, which specifically bind to both recombinant and endogenous HSP-1. We show that these nanobodies, differing by only two amino acids in their complementarity-determining regions, bind specifically to HSP-1 and effectively reduce both HSP-1 ATPase activity and protein folding capacity in a dose-dependent manner in vitro. We further demonstrate in vivo expression of B12, but not H5, in transgenic C. elegans strains reduces heat-stress survival and proteotoxic-stress resistance, mirroring the effects of hsp-1 knockdown via RNA interference. Our findings suggest that these nanobodies can serve as effective and specific tools for inhibiting HSP-1 chaperone activity in vivo. These discoveries provide a foundation for future research exploring the therapeutic potential of HSP70-targeting nanobodies in aging and protein misfolding diseases.",Caenorhabditis elegans,temperature,,
41625340,10.3389/fphar.2025.1713681,PMC12852476,oa,2025,Frontiers in pharmacology,Bushen Huoxue decoction alleviates bisphenol a-induced infertility through the PMK-1 mitogen-activated protein kinases signaling pathway and downstream mitochondrial unfolded protein response in <i>Caenorhabditis elegans</i>.,"Bushen Huoxue (BSHX) decoction is a traditional Chinese medicine formula that has been utilized clinically to treat Diminished Ovarian Reserve. However, the underlying mechanisms by which BSHX decoction increases fertility from the perspective of systemic stress protective responses remain poorly understood. This study aims to investigate how BSHX decoction improves female fertility by improving systemic stress resistance in a fertility-defective <i>Caenorhabditis elegans</i> model. Bisphenol A (BPA) was utilized to create a fertility-defective <i>C. elegans</i> model. Brood size was used to evaluate fertility. Survival under heat stress was used to evaluate stress resistance. Loss-of-function mutants and fluorescent protein transgenic strains were used to evaluate gene function. Polymerase chain reaction and RNA interference were used to detect gene expression levels or protein function. BSHX decoction significantly increased the fertility of BPA-exposed nematodes by inhibiting the accumulation of RHO-1 proteins in proximal oocytes. BSHX enhanced the heat stress resistance of germ cells, which is mediated by the PMK-1 and JNK mitogen-activated protein kinases (MAPK) pathways in germ cells. BSHX upregulated the transcriptional level and fluorescent protein level of the innate peptide T24B8.5 <i>via</i> the PMK-1 MAPK pathway. PMK-1 MAPK, induced by BSHX, further activated the mitochondrial unfolded protein response (UPR<sup>mt</sup>) in the gonad and intestine. The UPR<sup>mt</sup> -regulated gene <i>hsp-6</i> was required to maintain mitochondrial function by reducing mitochondrial ROS levels and elevating the mitochondrial membrane potential, ultimately increasing the female fertility. In addition, a combination of metabolites (salvianolic acid B, quercetin, and asperosaponin VI), derived from the BSHX decoction, significantly enhanced the fertility of BPA-exposed nematodes through a mechanism highly similar to that of the BSHX decoction. Therefore, BSHX decoction increases fertility through the PMK-1 MAPK pathway and <i>hsp-6</i>-mediated UPR<sup>mt</sup> in BPA-exposed <i>C. elegans.</i>",Caenorhabditis elegans,temperature,,
41481626,10.1371/journal.pone.0312069,PMC12758685,oa,2026,PloS one,GLA-3 mediates the heat shock response in Caenorhabditis elegans germ cells: A key role for the tristetraprolin (TTP) family.,"Tristetraprolin or TTP is an RNA-binding protein that possesses two CCCH-like zinc-finger domains that bind AU-rich elements to promote their degradation. One of its targets is the mRNA of tumor necrosis factor alpha (TNF-α). When TTP is absent, the TNF-α factor accumulates causing severe, generalized inflammation in knockout mice. TTP is also considered a tumor suppressor protein because it regulates the expression of several mRNAs that encode for proteins involved in cell cycle regulation and it is downregulated in various types of human cancers. Under stress, TTP associates with stress granules (SGs), dynamic cytoplasmic condensates formed by liquid-liquid phase separation (LLPS) that protect mRNAs from harmful conditions. Despite TTP's important role in mRNA turnover, much remains to be explored about its participation in stress resistance in living animals. For this reason, we investigated the role of GLA-3, one of TTP's homologs, in the nematode Caenorhabditis elegans during the heat shock response. Previously, it has been shown that nematodes lacking gla-3/TTP exhibit phenotypes such as progressive loss of motility, reduced brood size, and increased embryonic lethality. As well as defects in meiotic progression, and increased germ-cell apoptosis. Here, we show that a GFP::GLA-3 reporter is primarily expressed in the C. elegans germline. During heat shock, GLA-3 localizes to condensates that contain both processing bodies, sites of mRNA storage and decay, and stress granules. We demonstrate that, in the C. elegans gonad under heat shock conditions, the canonical P body marker CGH, the DDX6 homolog, associates with GLA-3, as well as with the canonic stress markers TIAR-1/TIA1 and GTBP-1/G3BP. These data show that in C. elegans, P bodies and stress granules colocalize during heat shock. Similarly, in yeast, P bodies and stress granules fuse during stress, suggesting that C. elegans induces condensates that resemble those observe in yeast. Additionally, we demonstrate that GLA-3 is important for the formation of both P bodies and stress granules. Finally, we show that oogenic germ cells of GLA-3 mutant animals that were exposed to heat shock resulted in embryos that did not survive, showing that GLA-3 plays an important role in protecting germ cells from this condition. Our results demonstrate that the role of GLA-3 is conserved in C. elegans, and this model can be very useful for further investigating the role of this protein in the future.",Caenorhabditis elegans,temperature,,
41431176,10.1002/advs.202509822,PMC12915204,oa,2026,"Advanced science (Weinheim, Baden-Wurttemberg, Germany)",A Cold Stress-Activated Endocrine Sentinel Chemical Hormone Promotes Insect Survival via Mitochondrial Adaptations Through the Adipokinetic Hormone Receptor.,"Seasonal temperature fluctuations present a major survival challenge for insects, requiring physiological adaptation that confers resilience to cold stress. However, the hormone mechanisms governing mitochondrial adaptation to overcome cold stress remain poorly understood. Here, we identify that the endogenous ascaroside C9 (asc-C9) acts as a chemical signal that markedly improves survival following acute cold exposure by coupling lipolysis to mitochondrial adaptation. We show that diapause larvae maintain compact mitochondrial cristae and display 2.7-fold higher post-chill survival compare to non-diapause larvae, whose mitochondria undergo swelling and fragmentation. Cold stress triggers diapause-specific accumulation of asc-C9 (ascr#10) in the subcutaneous fat body. Exogenous asc-C9 recruits the adipokinetic hormone receptor (AKHR) to activate the peroxisome proliferator-activated receptor gamma coactivator 1-alpha (PGC1α)-uncoupling protein 4 (UCP4) axis, thereby stimulating mitochondrial biogenesis, enhance uncoupled respiration, lowering the adenosine triphosphate/adenosine diphosphate (ATP/ADP) ratio, and synchronously accelerate lipid mobilization and increasing cold resilience. This asc-C9-AKHR-mitochondria module is functionally conserved in Drosophila melanogaster and Caenorhabditis elegans, indicating that ascaroside-mediated metabolic reprogramming is an ancient stress-adaptation strategy. Our findings reveal a sentinel hormone-driven lipid-to-mitochondria circuit that enables insects to survive extreme cold through targeted mitochondrial flexibility.",Caenorhabditis elegans,temperature,,
41387410,10.1038/s41467-025-65998-0,PMC12700872,oa,2025,Nature communications,"Functionally diversified Caenorhabditis elegans BiP orthologs control body growth, reproduction, stress resistance, aging, and autophagy.","Cellular systems governing protein folding depend on functional redundancy and diversification to maintain proteostasis. Here, using Caenorhabditis elegans, we show two homologous ER-resident HSP70 chaperones, HSP-3 and HSP-4, have overlapping and distinct roles in ER proteostasis and organismal physiology. Their expression and function vary by tissue, age, and stress, impacting ER stress resistance, reproduction, body size, and lifespan. We also find HSP-3 and HSP-4 uniquely regulate dietary restriction and reduced insulin signaling-mediated longevity in C. elegans. Notably, knockdown of hsp-4, but not hsp-3, induces autophagy and enhances tolerance to protein aggregation stress; this process requires the ortholog of ER-Phagy receptor Sec-62 (C18E9.2) and IRE-1. Finally, human cell data suggests that the dissociation of chaperone Binding Immunoglobulin Protein (BiP) from IRE-1 during times of ER stress promotes autophagy by enhancing the interaction of IRE-1 and Sec-62. These findings reveal how ER chaperone diversification maximizes stress resilience and suggest a BiP-dependent regulation of autophagy.",Caenorhabditis elegans,temperature,,
41325461,10.1371/journal.pbio.3003075,PMC12680360,oa,2025,PLoS biology,Distinct S-adenosylmethionine synthases link phosphatidylcholine to mitochondrial function and stress survival.,"S-adenosylmethionine (SAM), produced by SAM synthases, is critical for various cellular regulatory pathways and the synthesis of diverse metabolites. Humans and many other organisms express multiple SAM synthases. However, loss of different synthase activity can have distinct phenotypic effects. For instance, in Caenorhabditis elegans loss of sams-1 leads to enhanced heat shock survival and increased life span, but loss of sams-4 reduces heat stress survival. This provides a biological context to test the hypothesis that the enzymatic source of SAM impacts its function and to identify mechanistic connections. Here, we show that SAMS-1 contributes SAM to a variety of intermediary metabolic pathways, whereas SAMS-4 has a more limited role to support SAM-dependent protein transmethylation reactions. Mitochondria seem to be particularly impacted specifically by loss of sams-1; many mitochondrial metabolites are perturbed and there is an age-dependent decline of nuclear-encoded mitochondrial gene expression in these animals. We further demonstrate that reduced production of phosphatidylcholine in sams-1-deficient animals leads to mitochondrial fragmentation and subsequent loss of mitochondrial components. We propose that alterations in mitochondria are mechanistically linked to the increased survival in heat stress specific to sams-1-deficient animals.",Caenorhabditis elegans,temperature,,
41192181,10.1016/j.jhazmat.2025.140312,,no_pmc,2025,Journal of hazardous materials,Methamphetamine impairs stress resistance and extracellular matrix integrity via modulating the unfolded protein response in Caenorhabditis elegans.,"Methamphetamine (METH) contamination of aquatic environments poses a growing threat to animal health, yet the mechanisms by which extracellular matrix (ECM) alterations influence cellular stress defenses remain poorly defined. Using Caenorhabditis elegans, this study demonstrates that 0.5 μM METH exposure compromises ECM integrity and thereby diminishes survival under ultraviolet, osmotic, and heat stress, reducing stress resistance by approximately 17-37 %. Mechanistically, METH-induced proteotoxicity is critically dependent on ECM integrity. Loss of col-109 or col-120 abrogates METH-induced polyglutamine aggregation and largely blocks the activation of both the endoplasmic reticulum (hsp-4) and mitochondrial (hsp-6, hsp-60, atfs-1) unfolded protein responses (UPR). Conversely, modulation of mitochondrial UPR through atfs-1 gain- and loss-of-function alleles bidirectionally regulates ECM gene expression and chondroitinase (chhy-1), revealing reciprocal ECM-UPR crosstalk. At the organismal level, functional UPR pathways preserve cuticle integrity and stress resilience under METH challenge. These results indicate that the ECM-UPR interplay constitutes an evolutionarily conserved stress-sensing axis, whereby ECM perturbation signals through UPR to maintain proteostasis and barrier function. These findings identify ECM and UPR components as promising biomarkers of environmental METH exposure and suggest that targeting this axis could mitigate xenobiotic-induced toxicity.",Caenorhabditis elegans,temperature,,
41109472,10.1016/j.ydbio.2025.10.013,PMC13334787,oa,2026,Developmental biology,Poly(U) polymerase activity promotes establishment of primordial germ cells and limits somatic PGL granules in the Caenorhabditis elegans embryo.,"Terminal uridylyl transferases/poly(U) polymerases (PUPs) promote animal development. Under conditions of temperature stress, Caenorhabditis elegans PUP-1 and the partially redundant PUP-2 ensure development of the larva/adult germline and embryonic viability. Using high-throughput RNA sequencing, we characterized the transcriptomes of adult hermaphrodites and early embryos lacking PUP-1, PUP-2, or both. Transcripts with altered abundance included those expressed in various somatic tissues or the germline, including neuronal and spermatogenic mRNAs. For some transcripts, abundance was altered only in the absence of both PUP-1 and PUP-2, indicating redundancy. In embryos, some maternally provided and zygotically synthesized mRNAs are elevated, especially in the absence of PUP-2. In the early embryo, PUP-1 promotes division of the germline founder cell (P4), and division failure correlates with adult sterility. PUP-1 promotes the accumulation of PGL-1 in P granules and limits accumulation of somatic PGL-1 foci. Somatic PGL granules are normally cleared by autophagy; loss of PUP-1 does not appear to impair autophagy and instead PGL-1 foci may be more stable due to a change in RNA stability. This work establishes roles for PUPs in early embryonic development that carry forward to adulthood.",Caenorhabditis elegans,temperature,,
41096572,10.3390/ijms26199303,PMC12524863,oa,2025,International journal of molecular sciences,Phlorizin Ameliorates Amyloid-β Toxicity and Enhances Fatty Acid β-Oxidation in <i>Caenorhabditis elegans</i> via NHR-49-Dependent Pathway.,"Phlorizin (PHZ) is a glucoside of phloretin, belonging to the dihydrochalcone class within flavonoids; It is one of the active ingredients of the plant Cynomorium, and it has been shown that PHZ can regulate lipid metabolism disorders as well as having anti-aging properties. However, no studies have investigated whether PHZ ameliorates Aβ-induced toxicity in Alzheimer's disease (AD) by regulating fatty acid β-oxidation. This study aims to investigate the effects of PHZ on the regulation of fatty acid β-oxidation and resistance to Aβ-associated toxicity on the AD <i>Caenorhabditis elegans</i> and the mechanisms of action. Wild-type N2 and AD model CL4176 <i>C. elegans</i> were used; lifespan, heat stress resistance, chronic paraquat stress, reactive oxygen species (ROS), behavioral performance, and lipofuscin accumulation assays were examined to evaluate the anti-aging effects; and non-esterified fatty acid (NEFA), triglyceride (TG) and lipidomic contents were quantified after PHZ treatment. The detection of genes related to fatty acid β-oxidation pathways was performed using qRT-PCR. <i>nhr-49</i> knockout mutant RB1716; and GFP-binding mutants PMD150 WBM170 were used to observe the effect of PHZ on NHR-49 pathways, and molecular docking studies were performed by combining PHZ with NHR-49 proteins. Results showed that PHZ improved worms' survival and delayed senescence, as demonstrated by enhanced performance in lifespan, heat stress, ROS, and paraquat assays and chronic paraquat assays; PHZ also reduced lipid accumulation in worms, affected the unsaturated fatty acid pathway, and significantly increased the expression of fatty acid metabolism-related genes <i>nhr-49</i>, <i>acs-2</i>, and <i>cpt-5</i>, and can be tightly coupled to NHR-49 targets. PHZ may play an anti-Aβ toxicity role by regulating lipid metabolism disorders through the NHR-49-related pathway and anti-aging in AD worms.",Caenorhabditis elegans,temperature,,
41021329,10.1080/10715762.2025.2567430,,no_pmc,2025,Free radical research,Therapeutic potential of nicotine in modulating oxidative and mitochondrial pathways in a <i>C. elegans</i> Parkinson's disease model.,"Parkinson's disease (PD) is one of the most widespread neurodegenerative diseases that affect the central nervous system (CNS) in elderly individuals. As of right now, there is no recognized cure for this illness. Bioactive phytochemicals are a natural alternative that can help older persons postpone age-related cognitive diseases. This study attempts to establish whether nicotine, may diminish Parkinsonism in a model of <i>Caenorhabditis elegans</i> disease. This study analyzes the antioxidant and restorative mitochondrial dysfunction potential of nicotine and its related neuroprotective benefits by utilizing models of Caenorhabditis worm strains that are different from the wild type. We examined the effects of nicotine on oxidative stress tolerance and associated regulatory pathways using a model of Caenorhabditis worms. Our results showed that wild-type <i>C. elegans</i> treated with nicotine had higher survival rates during oxidative stress caused by Juglone than those treated with the control. Nicotine decreased intracellular reactive oxygen species levels in <i>C. elegans</i>. In addition, nicotine increased levels of SOD, CAT, and MDA as well as the expression of genes related to stress response, including gst-4, hsf-6, and hsf-1, and mitochondrial function genes, including mev-1, isp-1, and cox-4. Finally, our molecular analysis indicates that the anti-oxidative effects of nicotine are mediated <i>via</i> skin-1 modulation. After Paraquat was administered, nicotine therapy also resulted in higher levels of ATP and MMP. Our research clarifies the various mechanisms of action and communication pathways that underlie nicotine's antioxidant activity <i>in vivo</i>, offering a solid pharmacological foundation for its potential therapeutic use in neurodegeneration.",Caenorhabditis elegans,temperature,,
41001826,10.1093/g3journal/jkaf228,PMC12693621,oa,2025,"G3 (Bethesda, Md.)",The synapsis checkpoint and the LIN-35/DREAM complex promote temperature stress-induced increases in germline apoptosis in Caenorhabditis elegans.,"As modest increases in temperature become more common due to global climate change, organisms are being subjected to moderate temperature stresses that can disproportionally affect fertility. Species that can buffer fluctuations in temperature through tissue or cellular responses in the germ line will therefore be more likely to survive moderate temperature stresses. Currently, what mechanisms are used in the germ line to facilitate maintenance of fertility under moderate temperature stress remain unknown. To address this, we investigated how germline apoptosis is modulated in Caenorhabditis elegans nematodes in response to moderate temperature stress. We found that wild-type animals increase their germline apoptosis levels from the physiological baseline in response to the moderate temperature stress. This induction of germline apoptosis was dependent on known and novel regulators of germline apoptosis including members of the conserved DREAM (Dp, Retinoblastoma (Rb)-like, E2F, MuvB) complex: LIN-35/pRB, LIN-54, and LIN-37, and proteins that regulate the synapsis checkpoint, BUB-3 and PCH-2. Additionally, repression of CED-9 function, the C. elegans Bcl2 ortholog, was necessary for full induction of apoptosis during moderate temperature stress. Finally, we found that changes in cytoplasmic streaming are correlated with changes to oocyte provisioning in wild-type animals but not mutants. Together, these data suggest an expanded role for LIN-35, the MuvB core of the DREAM complex, CED-9, and the synapsis checkpoint in maintaining fertility by activating apoptosis during moderate temperature stress.",Caenorhabditis elegans,temperature,,
40943393,10.3390/ijms26178471,PMC12428871,oa,2025,International journal of molecular sciences,"Neuromedin U Receptor NMUR3 Regulates Autophagy, Thereby Enhancing Thermal Tolerance in <i>C. elegans</i>.","Neuromedin U receptors (NMURs) represent a class of evolutionarily conserved G-protein-coupled receptors that play a pivotal role in a variety of physiological processes. However, the role of NMURs in the heat shock response has yet to be elucidated. Using the nematode <i>Caenorhabditis elegans</i> as a model system, we demonstrate herein that functional loss of NMUR-3 results in reduced survival upon heat shock. The regulation of thermal tolerance by NMUR-3 is dependent on AMPK. Furthermore, our data demonstrate that NMUR-3 activates autophagy via AMPK, thereby contributing to protection against heat shock. The results of this study suggest that NMUR-3 is crucial for thermal tolerance in <i>C. elegans</i>.",Caenorhabditis elegans,temperature,,
40922660,10.1039/d5fo02007g,,no_pmc,2025,Food & function,Neomangiferin prolongs the lifespan of <i>Caenorhabditis elegans</i> by regulating autophagy-dependent IIS and MAPK pathways <i>via bas-1</i>.,"Neomangiferin (NG) is an active ingredient extracted from mango, recognized for its antioxidant potential. However, its anti-aging efficacy remains largely unexplored. This study employed <i>Caenorhabditis elegans</i> (<i>C. elegans</i>) to evaluate the anti-aging activity of NG and investigate the corresponding molecular mechanism. Our findings demonstrated that NG significantly extended the average lifespan of <i>C. elegans</i>, by reducing the levels of lipofuscin and reactive oxygen species (ROS), as well as improving the survival rate under heat stress, oxidative stress, and UV stress. Transcriptomics results identified <i>bas-1</i>-a pivotal gene governing dopamine biosynthesis-as the most significantly upregulated target, with KEGG pathway enrichment highlighting coordinated activation of autophagy systems, insulin/insulin-like growth factor signaling (IIS) pathways, and mitogen-activated protein kinase (MAPK) cascades. Subsequent qPCR and other experiments verify that NG significantly upregulates <i>bas-1</i>, IIS pathways (<i>daf-16</i>, <i>sod-3</i>, and <i>ctl-1</i>), MAPK pathways (<i>sek-1</i>, <i>pmk-1</i>, <i>skn-1</i>, <i>gcs-1</i>, and <i>gst-4</i>), and autophagy pathways (<i>lgg-1</i> and <i>sqst-1</i>), and significantly increases the number of <i>lgg-1</i>::GFP puncta. Mechanistically, fluorescence localization assays confirmed that NG promotes nuclear translocation of <i>daf-16</i> and <i>skn-1</i>, while genetic ablation of these transcription factors inhibited NG-mediated ROS reduction, stress resilience and lipofuscin levels. Moreover, the molecular docking results showed that NG binds to <i>bas-1</i> through hydrogen bonding interactions, hydrophobic interactions and salt bridge interactions. Critically, the <i>bas-1</i> mutant exhibited substantially attenuated activation of autophagy as well as the IIS and MAPK pathways, ultimately weakening NG-mediated autophagy and anti-aging efficacy. Therefore, the targeted upregulation of <i>bas-1</i> by NG through activating autophagy may potentially represent a novel and promising approach for alleviating aging.",Caenorhabditis elegans,temperature,,
40909621,10.1101/2025.08.25.672099,PMC12407692,pmc_not_oa,2025,bioRxiv : the preprint server for biology,HSP-1-Specific Nanobodies Alter Chaperone Function <i>in vitro</i> and <i>in vivo</i>.,"Targeted regulation of 70 kilodalton Heat Shock Protein (HSP70) chaperones, particularly the essential cognate heat shock protein (HSC70) and its <i>Caenorhabditis elegans</i> ortholog, HSP-1, may hold the key to improving cellular proteostasis and ameliorating aging-associated conditions linked to protein misfolding and aggregation. However, tools to selectively modulate HSP70 chaperone activity remain elusive. In this study, we pioneer the development of two novel nanobodies, B12 and H5, which specifically bind to both recombinant and endogenous HSP-1. We show that these nanobodies, differing by only two amino acids in their complementarity-determining regions, bind specifically to HSP-1 and effectively reduce both HSP-1 ATPase activity and protein folding capacity in a dose-dependent manner <i>in vitro</i> . We further demonstrate <i>in vivo</i> expression of B12, but not H5, in transgenic <i>C. elegans</i> strains reduces heat-stress survival and proteotoxic-stress resistance, mirroring the effects of <i>hsp-1</i> knockdown via RNA interference. Our findings suggest that these nanobodies can serve as effective and specific tools for modulating HSP-1 chaperone activity <i>in vivo</i> . These discoveries provide a foundation for future research exploring the therapeutic potential of HSP70-targeting nanobodies in aging and protein misfolding diseases.",Caenorhabditis elegans,temperature,,
40850658,10.1016/j.jep.2025.120469,,no_pmc,2026,Journal of ethnopharmacology,Kukoamine A from the root bark of Lycium chinense Miller enhances mobility in an aged Caenorhabditis elegans model by regulating mitochondrial function through HSF-1-mediated upregulation of heat shock proteins.,"Lycium chinense Miller has long been used in East Asian medicine for muscle and bone support. Kukoamine A (KA), a bioactive compound from its root bark, has not been previously studied for its potential to counteract age- and heat-induced locomotor decline. This study aims to investigate whether KA improves mobility in aged animal models and to elucidate its underlying mechanism. Caenorhabditis elegans were treated with KA, and their growth rate, locomotor performance under aging and heat-stressed conditions were evaluated. ROS levels, muscle mitochondrial morphology, and mitochondrial membrane potential were measured via fluorescence microscopy. The nuclear localization of SKN-1 and the expression levels of HSF-1 and its downstream HSPs were measured in the transgenic GFP-tagged strains. The necessity of HSF-1 and HSPs was tested using corresponding mutant worms. KA treatment ameliorated the age-related decrease in swimming activity and preserved muscle mitochondrial morphology in aged worms. Furthermore, it attenuated the age-associated increase in ROS levels. The treatment significantly increased the expression of HSF-1, as well as its downstream targets, HSP-6, HSP-4, and HSP-16.2, whereas SKN-1 nuclear translocation was not observed with the 24 h of L4-stage regimen. The locomotor benefits of KA supplementation were abolished in HSF-1 and HSP-deficient mutants, with speed preserved only in the HSP-16.2 mutant. Furthermore, it prevented heat stress-induced mobility impairment. KA treatment mitigated age-related locomotor decline by enhancing mitochondrial health and inducing HSF-1-mediated HSP activation across multiple cellular compartments.",Caenorhabditis elegans,temperature,,
40848171,10.1007/s12264-025-01487-0,,no_pmc,2026,Neuroscience bulletin,HSF-1 Regulates Autophagy to Govern Motor Function and Facilitate Toxic Protein Clearance in a C. elegans Model of Amyotrophic Lateral Sclerosis.,"Heat shock factor-1 (HSF-1) plays a crucial role in orchestrating stress responses across diverse organisms and disease conditions. Here, we investigate how the HSF-1 signaling pathway influences the degradation of toxic proteins and neuropathological changes in the Caenorhabditis elegans model of amyotrophic lateral sclerosis (ALS). We found that overexpressing HSF-1 improves locomotor ability and increases the survival rate of ALS C. elegans. Moreover, we observed a deceleration of motor neuron degeneration, demonstrating the protective effect of HSF-1 on neurodegenerative processes. Transcriptomic analysis revealed notable changes in genes associated with autophagy and neurodegeneration, underscoring HSF-1's critical involvement in ALS pathology. In addition, metabolomic profiling further highlighted the involvement of this pathway in metabolic reprogramming. Overall, our study underscores the critical role of the HSF-1 signaling pathway in improving survival rate, movement velocity, cellular integrity, and metabolic adaptation, providing new insights into the mechanisms underlying ALS and potential targets for therapeutic intervention.",Caenorhabditis elegans,temperature,,
40787769,10.1242/dev.204740,PMC12710607,oa,2025,"Development (Cambridge, England)",The mex-3 3' untranslated region is essential for reproduction during temperature stress.,"Organisms must sense temperature and modify their physiology to survive environmental stress. Elevated temperature reduces fertility in most sexually reproducing organisms. Maternally supplied mRNAs are required for embryogenesis. They encode proteins that govern early embryonic patterning. RNA-binding proteins are major effectors of maternal mRNA regulation. MEX-3 is a conserved RNA-binding protein essential for anterior patterning of Caenorhabditis elegans embryos. We previously demonstrated that the mex-3 3' untranslated region (3'UTR) represses MEX-3 abundance in the germline yet is mostly dispensable for fertility. Here, we show that the 3'UTR is essential during thermal stress. Deletion of the 3'UTR causes a highly penetrant, temperature-sensitive embryonic lethality phenotype distinct from the mex-3 null phenotype. Loss of the 3'UTR decreases MEX-3 abundance specifically in maturing oocytes and early embryos during temperature stress. Dysregulation of mex-3 reprograms the thermal stress response by reducing the expression of hundreds of heat-shock genes. We propose that a major function of the mex-3 3'UTR is to buffer MEX-3 expression during fluctuating temperature, ensuring the robustness of oocyte maturation and embryogenesis.",Caenorhabditis elegans,temperature,,
40773038,10.1007/s12602-025-10662-8,,no_pmc,2026,Probiotics and antimicrobial proteins,Enterococcus Durans J396 Isolated from the Intestine of a Pig Enhances the Antioxidant Activity in Caenorhabditis Elegans.,"Enterococcus durans is a potential probiotic with beneficial for the health of people and animals. However, the understanding of the antioxidant activity of E. durans is limited. In this study, the antioxidant activity of E. durans isolate J396 was investigated. The strain was well tolerant to heat stress and showed extensively resistant to acid and bile salts. In vitro, the DPPH radical scavenging ability of J396 was 89.95%. Feeding of Caenorhabditis elegans with J396 did not affect nematodes growth and reproduction, and significantly prolonged the lifespan of the nematodes. In addition, the superoxide dismutase (SOD), catalase (CAT), glutathione peroxidase (GSH-px), and total antioxidant capacity (T-AOC) activities increased by 57.05%, 36.25%, 82.88%, and 49.96%, respectively. The malondialdehyde (MDA), lipofuscin, and reactive oxygen species (ROS) levels were reduced by 28.40%, 28.72%, and 65.57%, respectively. E. durans J396 effectively protected C. elegans from hydrogen peroxide-induced oxidative stress damage. The activity of SOD, CAT, GSH-px, and T-AOC increased by 142.03%, 74.86%, 62.01%, and 94.16%, respectively. Feeding E. durans J396 to C. elegans decreased MDA, lipofuscin, and ROS by 33.59%, 19.70%, and 56.42%, respectively. RT-qPCR analysis showed that the feeding of C. elegans with J396 upregulated the expressions levels of nsy-1, pmk-1, skn-1, and sod-3 in C. elegans. Our study confirmed the antioxidant properties of E. durans J396, indicating its potential application in the pharmaceutical industry and the antioxidant therapy for animals.",Caenorhabditis elegans,temperature,,
40722890,10.3390/antiox14070786,PMC12291695,oa,2025,"Antioxidants (Basel, Switzerland)",Herbal Cuscutae Semen Contributes to Oxidative Stress Tolerance and Extends Lifespan via Sirtuin1 in <i>Caenorhabditis elegans</i>.,"Cuscutae Semen (CS), a traditional herb recognized as a nutraceutical food in China, has been widely utilized in managing aging-related diseases throughout history. However, whether this mechanism is associated with mitochondrial stress tolerance remains unclear. In the present study, <i>Caenorhabditis elegans</i> (<i>C. elegans</i>) was used to investigate the effects of CS on their longevity. The data demonstrated that CS prolonged the average lifespan of the nematodes by 15.26%, reducing lipofuscin accumulation by 61.46%, as well as improving spontaneous motility. CS treatment significantly enhanced the resistance of <i>C. elegans</i> to hydrogen peroxide-induced oxidative stress and 37 °C induced heat stress, reducing reactive oxygen species (ROS) production by 71.45%. Additionally, membrane potential (MMP) and adenosine triphosphate (ATP) were increased by 354.72% and 69.64%, respectively. However, mitochondrion-specific ROS and calcium flux were significantly reduced to 45.86% and 63.25%, respectively, in <i>C. elegans</i> treated with CS. Consistently, the polymerase chain reaction data revealed that CS significantly up-regulated the expressions of the antioxidant-related genes <i>skn-1</i>, <i>ctl-1</i>, <i>sod-3</i>, and <i>gst-4</i>; the heat shock gene <i>hsp-16.2</i>; and the autophagy-related genes <i>lgg-1</i> and <i>bec-1</i>. Considering the crucial role of the silent information regulator sirtuin 1 (SIR-2.1/SIRT1) in aging-related mitochondrial oxidative stress, we examined its expression and transcriptional activity. As expected, treatment with CS induced SIRT1 expression, and isorhamnetin identified from CS extract significantly enhanced SIRT1 transcriptional activity in HEK293T cells. Collectively, our results provided evidence that CS prolonged the lifespan of <i>C. elegans</i> by ameliorating oxidative stress damage and mitochondrial dysfunction via SIRT1.",Caenorhabditis elegans,temperature,,
40471668,10.1080/15287394.2025.2514531,,no_pmc,2025,Journal of toxicology and environmental health. Part A,<i>Hymenaea courbaril</i> hydroalcoholic extract protects <i>in vivo</i> against oxidative stress in <i>Caenorhabditis elegans</i> via DAF-2 and SKN-1.,"<i>Hymenaea courbaril L</i>. (<i>H. courbaril</i>) is a South American native species frequently used to treat various symptoms and illnesses, including anemia, fatigue, inflammation, pain, respiratory conditions, kidney and prostate disorders, cancer, diabetes, arthritis, rheumatism, gastric and hepatic dysfunctions, and skin conditions. This study aimed to examine the <i>in vivo</i> toxicity attributed to <i>H. courbaril</i> stem bark hydroalcoholic extract and its effects on physiological conditions and stress responses. Different strains of <i>Caenorhabditis elegans (C. elegans)</i> were employed. The LC<sub>50</sub> of <i>H. courbaril</i> extract in N2 wild-type (L4) worms was 15,076.99 ± 1,66 µg/ml. The extract reduced survival to 92.96% at the highest concentration tested (1600 μg/ml; 24 hr), and after 72 hr treatment, concentrations of 800 or 1600 μg/ml decreased survival to 84.7% and 82.8%, respectively. Body development of <i>C. elegans</i> was also affected by higher concentrations, where only 1600 μg/ml diminished reproduction by 87.88%. Exposure to heat stress reduced <i>C. elegans</i> survival in a time-dependent manner. Also, protected worms against oxidative damage induced by hydrogen peroxide (H<sub>2</sub>O<sub>2</sub>,) at different concentrations and times and decreased expression of superoxide dismutase-3(SOD-3)(800 μg/ml; 1600 μg/ml), glutathione-S-transferase-4 (GST-4) (800 μg/ml), and catalase (CTL)-1/2/3) (400; 800 μg/ml), suggesting that protection may involve modulation of the decay-accelerating factor-2 (DAF-2) and SKN-1 transcription factor pathways. In conclusion, <i>H. courbaril</i> extract exhibited a low toxicity profile at the concentrations tested and under the conditions used in the study. The extract may serve as a potential antioxidant and stress-protective agent associated with modulation DAF-2 and SKN-1 pathway.",Caenorhabditis elegans,temperature,,
40461385,10.1016/j.jmb.2025.169228,,no_pmc,2025,Journal of molecular biology,NAIL-MS Elucidates Crucial tRNA U34 Modifications in Response to Heat Stress across Eukaryotes and Prokaryotes.,"Global warming leads to rising temperatures, necessitating organismal adaptation at the cellular level. One potential mechanism for maintaining proteome integrity during stress is the adaptation of tRNA modifications. While tRNA modification reprogramming has been well-studied under chemical stressors, its role in heat stress remains unclear. To address this, we performed a comparative analysis of tRNA modifications in Arabidopsis thaliana, Saccharomyces cerevisiae, Caenorhabditis elegans, Dictyostelium discoideum, and Escherichia coli under heat stress. We assessed the abundance of 30 modified nucleosides using isotope dilution mass spectrometry under control conditions. A. thaliana showed a similar diversity and abundance of tRNA modifications compared to other eukaryotes, suggesting conservation across species. Under heat stress, overall tRNA modification levels were largely stable, with no significant changes in modifications such as dihydrouridine and N4-acetylcytidine. However, one to four modifications per organism were altered, with uridine modifications at position 34 (U34) being the most prominent change. Here, pulse-chase NAIL-MS (nucleic acid isotope labeling coupled mass spectrometry) experiments in E. coli and S. cerevisiae revealed that changes in U34 modifications occurred not only in pre-existing tRNAs but also in newly transcribed tRNAs. These results suggest that existing tRNAs adapt as an early response to heat stress, while newly transcribed tRNAs are reprogrammed to ensure long-term survival under prolonged heat. Our findings highlight the potential role of tRNA modification reprogramming in heat stress adaptation.",Caenorhabditis elegans,temperature,,
40306802,10.1016/j.foodres.2025.116330,,no_pmc,2025,"Food research international (Ottawa, Ont.)",Ciprofloxacin-resistant Salmonella Typhimurium demonstrates cross-tolerance to heat treatments in liquid food matrices.,"The alarming occurrence of antimicrobial resistance (AMR) in human bacterial isolates indicates that prevention and control protocols are not adequately managing this global threat. The agri-food chain plays a noteworthy role in the dissemination of AMR via the handling and consumption of contaminated food products. However, it remains unclear whether acquisition of AMR in bacteria might indirectly enhance bacterial tolerance to food preservation methods (i.e., cross-tolerance), resulting in defective pathogen reduction. In this study, five ciprofloxacin (CIP) resistant variants (RVs) were generated after exposing Salmonella Typhimurium LT2 (SeT) to an upward CIP gradient. We thereupon observed up to 125-fold increases in the minimum inhibitory concentration to CIP in all five RVs. Moreover, two RVs showed reduced sensitivity to heat in laboratory media compared to SeT. The most tolerant strain displayed mutations in genes previously implicated in AMR, coding for RNA polymerase subunits (rpoD), regulatory protein RamR (ramR) and enzyme adenylate cyclase (cyaA). Validation in liquid food matrices revealed enhanced thermotolerance of the RV to treatments performed at 50 °C in orange juice (×986.7 survival risk after 15 min of treatment), and 54 °C in milk (more than ×10,000 survival risk after 30 min) and liquid-whole egg (×976.7 survival risk after 40 min). Furthermore, virulence assays in nematode Caenorhabditis elegans showed mutations conferring AMR and cross-tolerance did not result in a substantial loss of pathogenicity. Hence, exposures to CIP might lead to the selection of S. Typhimurium variants that pose limits to heat treatment efficacy, thereby increasing their survival risk and ultimately allowing them to reach the end consumer - thus also limiting the scope of antibiotic action during eventual infection.",Caenorhabditis elegans,temperature,,
40287101,10.1016/j.mad.2025.112064,,no_pmc,2025,Mechanisms of ageing and development,Differential effects of lifespan-extending genetic manipulations in an animal model of MJD/SCA3.,"Aging is a natural biological process, but evidence suggests that some aspects of aging can be delayed and reduce the prevalence of neurodegenerative diseases, for which aging is a key risk factor. In a neuronal Caenorhabditis elegans model of a Polyglutamine disease-Spinocerebellar Ataxia Type 3 (SCA3), or Machado-Joseph disease (MJD)- we assessed the hypothesis that delaying aging is neuroprotective, investigating the effect of genetically manipulating multiple lifespan-determinant mechanisms. Lifespan-increasing mutations causing insulin/IGF-1 signaling downregulation, mitochondrial dysfunction, germline ablation and dietary restriction/innate immune activation had distinct impacts on MJD/SCA3 phenotypes, suggesting that not all genetic strategies of stalling aging are equally neuroprotective and challenging the idea that delaying aging is a guaranteed therapy for these diseases. Lifespan-extension improved the SCA3/MJD motor phenotype only when induced by altered nutrient-sensing pathways such as those mediated by insulin/IGF-1 and eat-2 signaling, but their effects on neuronal aggregation differed. These pathways exhibited differential proteostasis profiles, but both activated the heat shock response suggesting that they operate through partially independent mechanisms to confer neuroprotection. The therapeutic value of the insulin/IGF-1 downregulation was demonstrated through the chronic treatment of the SCA3/MJD model with an insulin/IGF-1 signaling inhibitor, underscoring the relevance of aging manipulations in guiding therapeutic strategies for these diseases.",Caenorhabditis elegans,temperature,,
40269070,10.1038/s41598-025-95332-z,PMC12019385,oa,2025,Scientific reports,Different concentrations of 2-Undecanone triggers repellent and nematicidal responses in Caenorhabditis elegans.,"The compound 2-undecanone is widely distributed in the natural environment and exhibits a dual-action mechanism against nematodes. It demonstrates repellency and contact toxicity against both Caenorhabditis elegans and Meloidogyne incognita. However, research on the dual-function mechanism of 2-undecanone remains relatively limited. In this study, using chemotaxis experiments, we found that 2-undecanone (at concentrations of 1-5 mg/mL) signal is detected through AWB olfactory sensory neurons in nematode, and then transduced through the cGMP pathway to induce repellent behavior. Moreover, we observed that 2-undecanone (at concentrations of 0.06-0.08 mg/mL) induces intracellular calcium accumulation and causes lysosomal membrane rupture. We further identified Hsp70 A and V-ATPase A as the targets of 2-undecanone responsible for its contact killing effect. Furthermore, 2-undecanone was found to alter sphingomyelin metabolism in both wild-type C. elegans and hsp-1 mutants. This alteration led to decreased acid sphingomyelinase activity, reduced ceramide levels, and increased sphingomyelin levels. These results indicated that 2-undecanone has dual functions and two target receptors Hsp70 A and V-ATPase A against nematodes, and one AWB olfactory neuron repelled nematodes. The dual-action mode of 2-undecanone can decrease the nematodes' tolerance to the compound appropriately, extending its efficacy duration. Understanding the dual function mechanism of action of 2-undecanone will aid in devising innovative approaches for managing nematode control.",Caenorhabditis elegans,temperature,,
40202228,,,no_pmc,2025,Journal of biosciences,Kinome-wide RNAi screening in <i>Caenorhabditis elegans</i> reveals new modulators of insulin signaling and longevity.,"The insulin/IGF-I-like signaling (IIS) pathway is a highly conserved signaling cascade that plays a crucial role in regulating longevity across species. Given its significance in aging, identifying novel kinases interacting with the IIS pathway can provide deeper insights into the mechanisms governing longevity. In this study, we performed a targeted RNAi screening of the <i>Caenorhabditis elegans</i> kinome, using dauer formation as a phenotypic readout. We identified several known and novel kinase modulators of the IIS pathway. These hits were enriched with both previously documented and undocumented lifespan regulators. Thermotolerance assays revealed mixed trends, with some kinase inhibitions increasing while others decreasing protection against thermal stress. We observed a positive correlation between thermotolerance and lifespan extension, as well as between dauer formation and lifespan extension, with thermotolerance proving to be a better predictor of longevity. Our findings offer a valuable resource for researchers exploring the IIS pathway and highlight novel, unannotated kinases as potential new therapeutic targets for aging interventions.",Caenorhabditis elegans,temperature,,
40172097,10.1093/genetics/iyaf061,PMC12135185,oa,2025,Genetics,Heat tolerance and genetic adaptations in Caenorhabditis briggsae: insights from comparative studies with Caenorhabditis elegans.,"Temperature tolerance varies widely across species and plays a crucial role in shaping physiological and evolutionary adaptations. Here, we investigate thermal stress responses in Caenorhabditis briggsae and Caenorhabditis elegans using multiple isolates. Our results demonstrate that C. briggsae exhibits enhanced survival, growth, and reproduction at elevated temperatures compared to C. elegans. The increased heat resistance was evident from the L1 larval stage. Notably, C. briggsae isolates from both tropical and temperate regions were equally resistant to heat stress, suggesting that elevated thermal tolerance is an intrinsic feature of this species. To explore the molecular genetic basis of thermal tolerance, we examined expression of heat shock regulators. Transcriptional analysis revealed that C. briggsae mounts a rapid and robust heat shock response, with CBG19186, the closest ortholog of C. eleganshsp-16.2, showing higher induction and faster recovery dynamics. The peak expression of hsp-16.2/CBG19186 occurred at a temperature 2°C higher in C. briggsae than in C. elegans. These findings provide the first in vivo evidence of temperature differences in the transcriptional response of a single protein between the 2 species, suggesting that C. briggsae has evolved a higher thermal limit for key molecular processes, likely contributing to its ability to withstand extreme temperatures. Despite its superior thermal resistance, C. briggsae showed higher sensitivity to oxidative, osmotic, and endoplasmic reticulum stress, suggesting a potential fitness trade-off. Our findings demonstrate significant differences in stress sensitivities between the 2 nematodes, providing a foundation for further investigations into the molecular and evolutionary mechanisms underlying their stress responses.",Caenorhabditis elegans,temperature,,
40095598,10.1039/d4fo05301j,,no_pmc,2025,Food & function,Dietary alpha-lipoic acid alleviates heat stress by modulating insulin-like signaling to maintain homeostasis <i>in C. elegans</i>.,"Prolonged exposure to high temperatures can cause oxidative stress in the body, negatively impacting human health. Alpha-lipoic acid (ALA) is a naturally occurring antioxidant prevalent in both plant and animal foods, exhibiting bioactivity comparable to that of vitamins. Although its roles in antioxidant defense and metabolic regulation have been extensively studied, its potential to mitigate heat stress in organisms is less explored and deserves further study. Our research demonstrates that ALA significantly improves the survival rates of <i>Caenorhabditis elegans</i> under heat stress. ALA achieves this by activating heat shock factor 1 (HSF-1) and promoting mitochondrial fission and mitophagy through the transcription factor HLH-30. These processes help alleviate oxidative damage from heat stress, maintain mitochondrial function, and stabilize cellular energy metabolism. Furthermore, the activation of HSF-1 and enhanced mitophagy by dietary ALA depend on the insulin-like signaling peptide 19 (INS-19), suggesting that ALA may target the insulin-like signaling pathway to combat heat stress and maintain homeostasis. These findings indicate that ALA could serve as a valuable dietary supplement for enhancing heat stress resistance in organisms and may inspire the development of novel food ingredients with protective properties against thermal challenges.",Caenorhabditis elegans,temperature,,
40083385,10.3389/fphar.2025.1498280,PMC11903438,oa,2025,Frontiers in pharmacology,Anti-aging activities of an ethanolic extract of <i>Lycium ruthenicum</i> in <i>Caenorhabditis elegans</i> based on metabonomic analysis.,"The fruits of <i>Lycium ruthenicum</i> Murr. (<i>Solanaceae</i>) are employed in ethnomedicine and used as a functional food. Their antioxidant, anti-aging, and hypolipidemic activities have been investigated in modern research. This study indicated that the ethanolic extract of the fruits of <i>L. ruthenicum</i> Murr. (LRM) improved oxidative and heat stress tolerance, reduced the accumulation of lipofuscin, and retarded the aging process in <i>Caenorhabditis elegans</i> (<i>Rhabditidae</i>). Furthermore, the pharyngeal pumping rate and body length decreased under LRM treatment. Moreover, metabolomic analysis and the DPClusO algorithm revealed that LRM regulated a series of lifespan-related pathways centered on glycine, serine, and threonine metabolism. These results suggest that LRM prolongs the lifespan of <i>Caenorhabditis elegans</i> via dietary restriction. Moreover, feruloyl putrescine, a kind of polyamine, was found in differential metabolites, which may be the metabolite of caffeoyl-spermidine in LRM. These findings from this exploratory study offer a new insight into the roles of <i>L. ruthenicum</i> in anti-aging activity as a functional food.",Caenorhabditis elegans,temperature,,
40082985,10.1186/s12915-025-02184-0,PMC11907850,oa,2025,BMC biology,Gfa1 (glutamine fructose-6-phosphate aminotransferase) is essential for Aspergillus fumigatus growth and virulence.,"Aspergillus fumigatus, the primary etiological agent of invasive aspergillosis, causes over 1.8 million deaths annually. Targeting cell wall biosynthetic pathways offers a promising antifungal strategy. Gfa1, a rate-limiting enzyme in UDP-GlcNAc synthesis, plays a pivotal role in the hexosamine biosynthetic pathway (HBP). Deletion of gfa1 (Δgfa1) results in auxotrophy for glucosamine (GlcN) or N-acetylglucosamine (GlcNAc). Under full recovery (FR) conditions, where minimal medium is supplemented with 5 mM GlcN as the sole carbon source, the Δgfa1 mutant shows growth comparable to the wild-type (WT). However, when supplemented with 5 mM GlcN and 55 mM glucose, growth is partially repressed, likely due to carbon catabolite repression, a condition termed partial repression (PR). Under PR conditions, Δgfa1 exhibits compromised growth, reduced conidiation, defective germination, impaired cell wall integrity, and increased sensitivity to endoplasmic reticulum (ER) stress and high temperatures. Additionally, Δgfa1 demonstrates disruptions in protein homeostasis and iron metabolism. Transcriptomic analysis of the mutant under PR conditions reveals significant alterations in carbohydrate and amino acid metabolism, unfolded protein response (UPR) processes, and iron assimilation. Importantly, Gfa1 is essential for A. fumigatus virulence, as demonstrated in Caenorhabditis elegans and Galleria mellonella infection models. These findings underscore the critical role of Gfa1 in fungal pathogenicity and suggest its potential as a therapeutic target for combating A. fumigatus infections.",Caenorhabditis elegans,temperature,,
40062493,10.1002/2211-5463.70013,PMC12127881,oa,2025,FEBS open bio,"Dysfunctional tetraspanin 7 (TSP-7) in Caenorhabditis elegans promotes; increases in average life- & health-span, stress-induced survival and motility.","Caenorhabditis elegans (C. elegans) tetraspanin-7 (TSP-7) protein is an orthologue of the Human tetraspanin CD63, which has recently been shown to be a negative regulator of autophagy. In this study a mutant strain of wild-type (WT) C. elegans (tm5761) with a 352 bp deletion in the tsp-7 gene, was studied. A polyclonal antibody was raised to a peptide sequence present only in the wild-type strain (N2). This antibody cross-reacted with the protein of the correct molecular weight (MW) in the WT lysate, but not in the tm5761, confirming the absence of a functional TSP-7 in this strain. From life-span studies, the tm5761 strain had a higher average survival age of 23.3 ± 0.6, compared to 20.1 ± 0.8 days for WT, although the absolute life-span was not statistically different. This indicates that the mutant tm5761 strain has an increased physiological health-span. Survival studies undertaken at 37 °C, showed a decrease in survival levels, with complete death of the WT occurring after 3 h of exposure, whereas the tm5761 strain was more robust (i.e. 25% survival after 3 h). Sub-lethal osmotic stress caused by increased sodium chloride (NaCl) concentrations was investigated by observing stress-related motility, such as frequency of coiling and reversing. These results showed that the tm5761 strain was more motile at higher concentrations of NaCl than the WT. These findings suggest that, like CD63, TSP-7 could be acting as a negative regulator of autophagy; therefore, the tm5761 strain likely has increased basal autophagy. This would explain its; increased, mean life- and health-span, motility under stress, and improved thermotolerance.",Caenorhabditis elegans,temperature,,
40027629,10.1101/2025.02.20.639242,PMC11870525,oa,2025,bioRxiv : the preprint server for biology,Functional Specialization of S-Adenosylmethionine Synthases Links Phosphatidylcholine to Mitochondrial Function and Stress Survival.,"S-adenosylmethionine (SAM), produced by SAM synthases, is critical for various cellular regulatory pathways and the synthesis of diverse metabolites. Studies have often equated the effects of knocking down one synthase with broader SAM-dependent outcomes such as histone methylation or phosphatidylcholine (PC) production. Humans and many other organisms express multiple SAM synthases. Evidence in <i>Caenorhabditis elegans</i>, which possesses four SAM synthase genes, suggest that the enzymatic source of SAM impacts its function. For instance, loss of <i>sams-1</i> leads to enhanced heat shock survival and increased lifespan, whereas reducing <i>sams-4</i> adversely affects heat stress survival. Here, we show that SAMS-1 contributes to a variety of intermediary metabolic pathways, whereas SAMS-4 is more important to generate SAM for methylation reactions. We demonstrate that loss of <i>sams-1</i> exerts age-dependent effects on nuclear-encoded mitochondrial gene expression, mitochondrial metabolites, and may induce mitophagy. We propose a mechanistic model where reduced SAM from SAMS-1 acts through PC to impact mitochondria, thereby enhancing survival during heat stress.",Caenorhabditis elegans,temperature,,
39971228,10.1016/j.ejphar.2025.177388,,no_pmc,2025,European journal of pharmacology,Cordycepin extends the longevity of Caenorhabditis elegans via antioxidation and regulation of fatty acid metabolism.,"Aging can cause age-related diseases such as cancer, cardiovascular and neurodegenerative diseases. Cordycepin exerts anti-oxidation, anti-inflammatory and neuroprotective effects. However, the anti-aging effect of cordycepin is still unclear. This study aimed to investigate the anti-aging effect of cordycepin and unravel the underlying mechanism. Cordycepin prolonged the lifespan of C. elegans under normal and heat stress conditions, without effects on the normal growth and reproduction of C. elegans. Cordycepin also improved the locomotion ability, inhibited the deposition of aging pigment lipofuscin and alleviated the oxidative stress damage by decreasing the excessive accumulation of ROS and raising the antioxidant enzyme activities in C. elegans. The metabolomics study showed that cordycepin changed 19 metabolites including citric acid, linoleic acid, oleic acid, glutamic acid, pyruvic acid and so on. Transcriptomics study revealed that cordycepin up-regulated the gene expression of acox-1.2, acox-1.3, acox-1.4, acs-1, acs-15, acdh-1, acdh-4 and acdh-8 in C. elegans, suggesting that cordycepin prolonged its lifespan via regulating fatty acid degradation, fatty acid metabolism and so on. In summary, the current study demonstrated that cordycepin exerted the anti-aging effect on C. elegans by improving the antioxidant system and regulating the genes involved in fatty acid metabolism to inhibit the accumulation of linoleic acid and oleic acid. Therefore, cordycepin might be a promising agent for aging and age-related diseases.",Caenorhabditis elegans,temperature,,
39777359,10.3389/fphys.2024.1471249,PMC11703811,oa,2024,Frontiers in physiology,Oxygen is toxic in the cold in <i>C. elegans</i>.,"Temperature and oxygen are two factors that profoundly affect survival limits of animals; too much or too little of either is lethal. However, humans and other animals can exhibit exceptional survival when oxygen and temperature are simultaneously low. This research investigates the role of oxygen in the cold shock death of Caenorhabditis elegans. The survival of <i>C. elegans</i> populations in combinations of oxygen concentrations and was assayed. Additionally, the effect of cold acclimatization, mutations in the cold acclimatization pathway, compounds, and antioxidant proteins on survival in low temperatures and high oxygen were investigated. We demonstrate that <i>C. elegans</i> have increased survival in 2°C when deprived of oxygen, and an increase to just 0.25 kPa of oxygen decreased survival. Additionally, we show that oxygen toxicity produced by a 35-fold increase above atmospheric oxygen levels was fatal for nematodes in 8 h at room temperature and 2 h at 2°C. We found that cold acclimatization and mutations in the cold acclimatization pathway improve survival in room temperature oxygen toxicity. Furthermore, we found that the compounds glucose, manganese (II), and ascorbate improve both cold shock and high oxygen survival, while the antioxidant proteins catalase and peroxiredoxin are essential to wild type survival in these conditions. Our results suggest that oxygen toxicity contributes to the death of <i>C. elegans</i> during cold shock. The changes in survival induced by cold acclimatization and mutations in the cold acclimatization pathway suggest that oxygen toxicity in the cold exerts evolutionary pressure, leading to the development of protections against it. Additionally, the resistance provided by diverse compounds and antioxidant proteins in both low temperature and high oxygen suggests these conditions have similar chemical environments. We discuss evidence that similar phenomena may function in humans.",Caenorhabditis elegans,temperature,,
39723130,10.3389/fmicb.2024.1498540,PMC11668962,oa,2024,Frontiers in microbiology,<i>Weizmannia coagulans</i> BC99 alleviates hyperuricemia and oxidative stress via DAF-16/SKN-1 activation in <i>Caenorhabditis elegan</i>.,"Hyperuricemia (HUA) refers to the presence of excess uric acid (UA) in the blood, which increases the risk of chronic kidney disease and gout. Probiotics have the potential to alleviate HUA. This study established a hyperuricemia model using <i>Caenorhabditis elegans</i> (<i>C. elegans</i>), and studied the anti-hyperuricemia activity and potential mechanisms of <i>Weizmannella coagulans</i> BC99 (<i>W. coagulans</i>) at different concentrations (10<sup>7</sup> CFU/mL BC99, 10<sup>8</sup> CFU/mL BC99). Subsequently, we utilized UPLC-Q-TOF/MS to investigate the impact of BC99 on endogenous metabolites in <i>C. elegans</i> and identified pathways and biomarkers through differential metabolomics analysis. The results of this study showed that BC99 treatment significantly reduced the expression of P151.2 and T22F3.3 (<i>p</i> < 0.05), reduced the levels of UA and xanthine oxidase (XOD) in nematodes (<i>p</i> < 0.05), while extending their lifespan and movement ability (<i>p</i> < 0.05). Mechanistically, BC99 activates the transcription factors DAF-16 and SKN-1, thereby inducing the expression of stress response genes, enhancing the activity of antioxidant enzymes and tolerance to heat stress in the body, and reducing the production of ROS (<i>p</i> < 0.001). This effect was most significant in the H-BC99 group. Furthermore, non-targeted metabolomics indicated that BC99 predominantly regulated pathways associated with amino acid metabolism (Carnosine), glycerophospholipid metabolism, and purine metabolism. These results underscore BC99 as an effective and economical adjunct therapeutic agent for hyperuricemia, providing a scientific basis for further development and application.",Caenorhabditis elegans,temperature,,
39708289,10.1111/febs.17363,PMC12138172,oa,2025,The FEBS journal,Bacterial purine metabolism modulates C. elegans development and stress tolerance via DAF-16.,"The purine metabolism is crucial for cellular function and is a conserved metabolic network from prokaryotes to humans. While extensively studied in microorganisms like yeast and bacteria, the impact of perturbing dietary intermediates from the purine biosynthesis on animal development and growth remains poorly understood. We utilized Caenorhabditis elegans as the metazoan model to investigate the mechanisms underlying this deficiency. Through a high-throughput screening of an Escherichia coli mutant library Keio collection, we identified 34 E. coli mutants that delay C. elegans development. Among these mutants, we found that E. coli purE gene is an essential genetic component that promotes host development in a dose-dependent manner. Further metabolites supplementation suggests that bacterial purE downstream metabolite 5-aminoimidazole-4-carboxamide ribotide (AICAR) can inhibit worm growth. Additionally, we found the FoxO transcription factor DAF-16 is indispensable in worm development delay induced by purE mutation, and observed increased nuclear accumulation of DAF-16 when fed E. coli purE- mutants, suggesting the role of DAF-16 in response to purE mutation. RNA-seq analysis and phenotypic assays revealed that worms fed the E. coli purE mutant exhibited elevated lifespan, thermotolerance, and pathogen resistance. These findings collectively suggest that certain intermediates in the bacterial purine biosynthesis can serve as a cue to modulate development and activate the defense response in the nematode C. elegans through DAF-16.",Caenorhabditis elegans,temperature,,
39684858,10.3390/ijms252313148,PMC11642050,oa,2024,International journal of molecular sciences,"Hesperetin Increases Lifespan and Antioxidant Ability Correlating with IIS, HSP, mtUPR, and JNK Pathways of Chronic Oxidative Stress in <i>Caenorhabditis elegans</i>.","Hesperetin (Hst) is a common citrus fruit flavonoid with antioxidant, anti-inflammatory, and anti-neurodegenerative effects. To explore the antioxidant and anti-aging effects and mechanisms of Hst, we induced chronic oxidative stress in <i>Caenorhabditis elegans (C. elegans)</i> using low-concentration H<sub>2</sub>O<sub>2</sub> and examined its effects on lifespan, healthy life index, reactive oxygen species (ROS), antioxidant enzymes, and transcriptomic metrics. Hst significantly prolonged lifespan, increased body bending and pharyngeal pumping frequency, decreased ROS accumulation, and increased antioxidant enzyme activity in normal and stressed <i>C. elegans</i>. Hst significantly upregulated <i>daf-18</i>, <i>daf-16</i>, <i>gst-2</i>, <i>gst-3</i>, <i>gst-4</i>, <i>gst-39</i>, <i>hsp-16.11</i>, <i>sip-1</i>, <i>clpp-1</i>, and <i>dve-1</i> and downregulated <i>ist-1</i> and <i>kgb-1</i> mRNAs in stressed <i>C. elegans</i>. These genes are involved in the insulin/insulin-like growth factor-1 signaling (IIS), heat shock protein (HSP), mitochondrial unfolded protein response (mtUPR), and c-Jun N-terminal kinase (JNK) pathways. In summary, Hst increases lifespan and antioxidant ability, correlating with these pathways, during chronic oxidative stress in <i>C. elegans</i>.",Caenorhabditis elegans,temperature,,
39683560,10.3390/nu16234168,PMC11644624,oa,2024,Nutrients,Antioxidant and Antiaging Activity of <i>Houttuynia cordata</i> Thunb. Ethyl Acetate Fraction in <i>Caenorhabditis elegans</i>.,"In aerobic organisms, such as humans, oxygen radicals are inevitably produced. To counteract oxidation, the body generates antioxidant substances that suppress free radicals. However, levels of reactive oxygen species (ROS) increase due to aging and lifestyle factors, leading to exposure to various diseases. While synthetic antioxidants offer advantages like high stability, low cost, and availability, their safety remains controversial. This study aimed to investigate the antioxidant and antiaging activities of <i>Houttuynia cordata</i> (HC), which is rich in flavonoids and has excellent antioxidant properties, using <i>Caenorhabditis elegans</i> as a model. Extraction and fractionation of HC were performed to evaluate antioxidant activities (DPPH, ABTS, superoxide radical scavenging activity) and antiaging effects (lifespan). The ethyl acetate fraction (EAF) with the highest activity was selected for further investigation. The EAF of HC exhibited high levels of polyphenols and flavonoids, presenting the highest DPPH, ABTS, and superoxide radical scavenging activities. This fraction increased the activity of antioxidant enzymes in nematodes in a concentration-dependent manner and provided resistance to oxidative stress, reducing ROS accumulation. Additionally, the fraction enhanced the lifespan of nematodes, improved resistance to heat stress, increased survival rates, and decreased the accumulation of aging pigments (lipofuscin). The expression of daf-2, daf-16, and sir-2.1, proteins directly involved in nematode aging, was confirmed. Liquid chromatography/tandem mass spectrometry identified quercitrin in the HC extract, which may contribute to its antioxidant and antiaging effects. The EAF of HC demonstrates significant potential for influencing antioxidant and antiaging, as evidenced by functional investigations using <i>C. elegans</i>.",Caenorhabditis elegans,temperature,,
39650082,10.17912/micropub.biology.001404,PMC11625312,oa,2024,microPublication biology,Low humidity enhances thermotolerance in <i>Caenorhabditis elegans</i>.,"Humidity is an important environmental factor that causes physiological changes in organisms. In humans, high humidity disrupts thermoregulation by limiting heat dissipation, leading to heat stress. While <i>Caenorhabditis elegans</i> lacks comparable thermoregulatory systems, humidity may still impact its heat tolerance by affecting cellular stress responses. We tested this by subjecting <i>C. elegans</i> to heat shock under different humidity conditions and found that lower humidity during heat shock improved survival compared to higher humidity. These findings demonstrate that humidity is an important variable affecting thermotolerance in <i>C. elegans</i> and should be standardized in heat-stress experiments.",Caenorhabditis elegans,temperature,,
39197612,10.1016/j.ijbiomac.2024.135098,,no_pmc,2024,International journal of biological macromolecules,"Synergistic anti-aging effect of Dendrobium officinale polysaccharide and spermidine: A metabolomics analysis focusing on the regulation of lipid, nucleotide and energy metabolism.","The importance of synergy has been underscored in recent medical research for augmenting the efficacy of therapeutic interventions, targeting multiple biological pathways simultaneously. Our prior research elucidated that Dendrobium officinale polysaccharide (DOP) has the potential to prolong the lifespan of Caenorhabditis elegans (C. elegans) via regulating gut microbiota. Concurrently, spermidine (Spd), as a mimicking caloric restriction, facilitates autophagy and exerts a pronounced anti-aging effect. To enhance the anti-aging capabilities of DOP, we conducted a comprehensive study examining the combined effects of DOP and Spd in C. elegans, incorporating metabolomics analysis to investigate the underlying mechanisms. A combination of 250 mg/L DOP and 29.0 mg/L Spd yielded the most favorable outcomes in lifespan extension, evidencing a synergistic effect with a combination index (CI) of 0.65. In oxidative and heat stress tolerance assays, the observed CIs were 0.50 and 0.33, respectively. Metabolomic analysis highlighted significant alterations in metabolites related to lipid, nucleotide and energy metabolism, notably regulating glycerol 3-phosphate, linoleoyl glycerol, docosapentaenoic acid and β-nicotinamide mononucleotide, nicotinamide adenine dinucleotide. The effects of DS on lipid metabolism were further validated using Oil Red O staining and triglyceride level in C. elegans. The results indicated that DS may primarily be via modulating lipid metabolism. To further confirm these findings, a high-fat diet-induced mouse model was employed. Consequently, it can be inferred that the synergistic anti-aging impact of DOP and Spd is likely mediated primarily through alterations in lipid metabolic processes.",Caenorhabditis elegans,temperature,,
39137892,10.1098/rsbl.2024.0278,PMC11321846,oa,2024,Biology letters,Orsay virus infection increases <i>Caenorhabditis elegans</i> resistance to heat-shock.,"The heat-shock response plays a key role in the immune defence against viruses across various organisms. Studies on model organisms have shown that inducing this response prior to viral exposure enhances host resistance to infections, while deficient responses make individuals more susceptible. Moreover, viruses rely on components of the heat-shock response for their own stability and viral infections improve thermal tolerance in plants, giving infected individuals an advantage in extreme conditions, which aids the virus in replication and transmission. Here, we examine the interaction between the nematode <i>Caenorhabditis elegans</i> and its natural pathogen the Orsay virus (OrV) under heat stress. We found that OrV infection leads to differential expression of heat-stress-related genes, and infected populations show increased resistance to heat-shock. This resistance correlates with increased expression of argonautes <i>alg-1</i> and <i>alg-2</i>, which are crucial for survival after heat-shock and for OrV replication. Overall, our study suggests an environmental-dependent mutualistic relationship between the nematode and OrV, potentially expanding the animal's ecological niche and providing the virus with extra opportunities for replication and adaptation to extreme conditions.",Caenorhabditis elegans,temperature,,
39083540,10.1371/journal.pgen.1011371,PMC11318861,oa,2024,PLoS genetics,Floxuridine supports UPS independent of germline signaling and proteostasis regulators via involvement of detoxification in C. elegans.,"The ubiquitin-proteasome system (UPS) is critical for maintaining proteostasis, influencing stress resilience, lifespan, and thermal adaptability in organisms. In Caenorhabditis elegans, specific proteasome subunits and activators, such as RPN-6, PBS-6, and PSME-3, are associated with heat resistance, survival at cold (4°C), and enhanced longevity at moderate temperatures (15°C). Previously linked to improving proteostasis, we investigated the impact of sterility-inducing floxuridine (FUdR) on UPS functionality under proteasome dysfunction and its potential to improve cold survival. Our findings reveal that FUdR significantly enhances UPS activity and resilience during proteasome inhibition or subunit deficiency, supporting worms' normal lifespan and adaptation to cold. Importantly, FUdR effect on UPS activity occurs independently of major proteostasis regulators and does not rely on the germ cells proliferation or spermatogenesis. Instead, FUdR activates a distinct detoxification pathway that supports UPS function, with GST-24 appearing to be one of the factors contributing to the enhanced activity of the UPS upon knockdown of the SKN-1-mediated proteasome surveillance pathway. Our study highlights FUdR unique role in the UPS modulation and its crucial contribution to enhancing survival under low-temperature stress, providing new insights into its mechanisms of action and potential therapeutic applications.",Caenorhabditis elegans,temperature,,
39082355,10.31083/j.fbl2907264,PMC11412575,oa,2024,Frontiers in bioscience (Landmark edition),Neuronal CBP-1 is Required for Enhanced Body Muscle Proteostasis in Response to Reduced Translation Downstream of mTOR.,"The ability to maintain muscle function decreases with age and loss of proteostatic function. Diet, drugs, and genetic interventions that restrict nutrients or nutrient signaling help preserve long-term muscle function and slow age-related decline. Previously, it was shown that attenuating protein synthesis downstream of the mechanistic target of rapamycin (mTOR) gradually increases expression of heat shock response (HSR) genes in a manner that correlates with increased resilience to protein unfolding stress. Here, we investigate the role of specific tissues in mediating the cytoprotective effects of low translation. This study uses genetic tools (transgenic <i>Caenorhabditis elegans</i> (<i>C. elegans</i>), RNA interference and gene expression analysis) as well as physiological assays (survival and paralysis assays) in order to better understand how specific tissues contribute to adaptive changes involving cellular cross-talk that enhance proteostasis under low translation conditions. We use the <i>C. elegans</i> system to show that lowering translation in neurons or the germline increases heat shock gene expression and survival under conditions of heat stress. In addition, we find that low translation in these tissues protects motility in a body muscle-specific model of proteotoxicity that results in paralysis. Low translation in neurons or germline also results in increased expression of certain muscle regulatory and structural genes, reversing reduced expression normally observed with aging in <i>C. elegans</i>. Enhanced resilience to protein unfolding stress requires neuronal expression of cbp-1. Low translation in either neurons or the germline orchestrate protective adaptation in other tissues, including body muscle.",Caenorhabditis elegans,temperature,,
38987256,10.1038/s41467-024-50111-8,PMC11237089,oa,2024,Nature communications,Regulatory mechanism of cold-inducible diapause in Caenorhabditis elegans.,"Temperature is a critical environmental cue that controls the development and lifespan of many animal species; however, mechanisms underlying low-temperature adaptation are poorly understood. Here, we describe cold-inducible diapause (CID), another type of diapause induced by low temperatures in Caenorhabditis elegans. A premature stop codon in heat shock factor 1 (hsf-1) triggers entry into CID at 9 °C, whereas wild-type animals enter CID at 4 °C. Furthermore, both wild-type and hsf-1(sy441) mutant animals undergoing CID can survive for weeks, and resume growth at 20 °C. Using epistasis analysis, we demonstrate that neural signalling pathways, namely tyraminergic and neuromedin U signalling, regulate entry into CID of the hsf-1 mutant. Overexpression of anti-ageing genes, such as hsf-1, XBP1/xbp-1, FOXO/daf-16, Nrf2/skn-1, and TFEB/hlh-30, also inhibits CID entry of the hsf-1 mutant. Based on these findings, we hypothesise that regulators of the hsf-1 mutant CID may impact longevity, and successfully isolate 16 long-lived mutants among 49 non-CID mutants via genetic screening. Furthermore, we demonstrate that the nonsense mutation of MED23/sur-2 prevents CID entry of the hsf-1(sy441) mutant and extends lifespan. Thus, CID is a powerful model to investigate neural networks involving cold acclimation and to explore new ageing mechanisms.",Caenorhabditis elegans,temperature,,
38968330,10.1371/journal.pone.0305207,PMC11226046,oa,2024,PloS one,Combination of computational techniques and RNAi reveal targets in Anopheles gambiae for malaria vector control.,"Increasing reports of insecticide resistance continue to hamper the gains of vector control strategies in curbing malaria transmission. This makes identifying new insecticide targets or alternative vector control strategies necessary. CLassifier of Essentiality AcRoss EukaRyote (CLEARER), a leave-one-organism-out cross-validation machine learning classifier for essential genes, was used to predict essential genes in Anopheles gambiae and selected predicted genes experimentally validated. The CLEARER algorithm was trained on six model organisms: Caenorhabditis elegans, Drosophila melanogaster, Homo sapiens, Mus musculus, Saccharomyces cerevisiae and Schizosaccharomyces pombe, and employed to identify essential genes in An. gambiae. Of the 10,426 genes in An. gambiae, 1,946 genes (18.7%) were predicted to be Cellular Essential Genes (CEGs), 1716 (16.5%) to be Organism Essential Genes (OEGs), and 852 genes (8.2%) to be essential as both OEGs and CEGs. RNA interference (RNAi) was used to validate the top three highly expressed non-ribosomal predictions as probable vector control targets, by determining the effect of these genes on the survival of An. gambiae G3 mosquitoes. In addition, the effect of knockdown of arginase (AGAP008783) on Plasmodium berghei infection in mosquitoes was evaluated, an enzyme we computationally inferred earlier to be essential based on chokepoint analysis. Arginase and the top three genes, AGAP007406 (Elongation factor 1-alpha, Elf1), AGAP002076 (Heat shock 70kDa protein 1/8, HSP), AGAP009441 (Elongation factor 2, Elf2), had knockdown efficiencies of 91%, 75%, 63%, and 61%, respectively. While knockdown of HSP or Elf2 significantly reduced longevity of the mosquitoes (p<0.0001) compared to control groups, Elf1 or arginase knockdown had no effect on survival. However, arginase knockdown significantly reduced P. berghei oocytes counts in the midgut of mosquitoes when compared to LacZ-injected controls. The study reveals HSP and Elf2 as important contributors to mosquito survival and arginase as important for parasite development, hence placing them as possible targets for vector control.",Caenorhabditis elegans,temperature,,
38945050,10.1016/j.ijfoodmicro.2024.110810,,no_pmc,2024,International journal of food microbiology,"Growth fitness, virulence, and heat tolerance of Salmonella Typhimurium variants resistant to food preservation methods.","To study potential ramifications of antimicrobial resistance, we carried out adaptive laboratory evolution assays (ALE) to isolate three resistant variants (RVs) of Salmonella enterica Typhimurium, employing three different types of food preservation methods: 1) an emergent technology, plasma-activated water (PAW), leading to variant RV-PAW; a traditional method, heat, leading to variant RV-HT, and a natural antimicrobial compound, carvacrol, leading to variant RV-CAR. The variant resistant to plasma-activated water, RV-PAW, had mutations in rpoA and rpoD; it showed increased tolerance to heat in orange juice but ultimately did not pose a significant threat, as it exhibited a fitness cost at refrigeration temperature (8 °C), whereas its virulence against Caenorhabditis elegans decreased. The variant resistant to heat, RV-HT, had mutations in flhC, dnaJ: it exhibited a fitness cost at high growth temperatures (43 °C) and induced morphofunctional alterations in C. elegans. The variant resistant to carvacrol, RV-CAR, had mutations in sseG, flhA, wbaV, lon; this variant not only exhibited significantly higher thermotolerance in both laboratory media and food models but also effectively increased its growth fitness at refrigeration temperatures while retaining its virulence, evidenced by the highest percentage of Smurf phenotype in C. elegans. To address these challenges, we applied a process combining thermal treatment with citral, with the aim of leveraging the sublethal damage caused in RVs by heat treatments in orange juice. This approach achieves enhanced microbial inactivation without having to escalate the intensity of the thermal treatment. The result was particularly encouraging in the case of RV-CAR, the most challenging strain, for which we improved lethality by up to 3 log<sub>10</sub> inactivation cycles.",Caenorhabditis elegans,temperature,,
38895933,10.1111/acel.14246,PMC11464127,oa,2024,Aging cell,Age-dependent heat shock hormesis to HSF-1 deficiency suggests a compensatory mechanism mediated by the unfolded protein response and innate immunity in young Caenorhabditis elegans.,"The transcription factor HSF-1 (heat shock factor 1) acts as a master regulator of heat shock response in eukaryotic cells to maintain cellular proteostasis. The protein has a protective role in preventing cells from undergoing ageing, and neurodegeneration, and also mediates tumorigenesis. Thus, modulating HSF-1 activity in humans has a promising therapeutic potential for treating these pathologies. Loss of HSF-1 function is usually associated with impaired stress tolerance. Contrary to this conventional knowledge, we show here that inactivation of HSF-1 in the nematode Caenorhabditis elegans results in increased thermotolerance at young adult stages, whereas HSF-1 deficiency in animals passing early adult stages indeed leads to decreased thermotolerance, as compared to wild-type. Furthermore, a gene expression analysis supports that in young adults, distinct cellular stress response and immunity-related signaling pathways become induced upon HSF-1 deficiency. We also demonstrate that increased tolerance to proteotoxic stress in HSF-1-depleted young worms requires the activity of the unfolded protein response of the endoplasmic reticulum and the SKN-1/Nrf2-mediated oxidative stress response pathway, as well as an innate immunity-related pathway, suggesting a mutual compensatory interaction between HSF-1 and these conserved stress response systems. A similar compensatory molecular network is likely to also operate in higher animal taxa, raising the possibility of an unexpected outcome when HSF-1 activity is manipulated in humans.",Caenorhabditis elegans,temperature,,
38861412,10.1093/genetics/iyae093,PMC11630764,oa,2024,Genetics,SHC-3: a previously unidentified C. elegans Shc family member functions in the insulin-like signaling pathway to enhance survival during L1 arrest.,"Shc (Src homologous and collagen) proteins function in many different signaling pathways where they mediate phosphorylation-dependent protein-protein interactions. These proteins are characterized by the presence of two phosphotyrosine-binding domains, an N-terminal PTB and a C-terminal SH2. We describe a previously unrecognized Caenorhabditis elegans Shc gene, shc-3 and characterize its role in stress response. Both shc-3 and shc-1 are required for long-term survival in L1 arrest and survival in heat stress, however, they do not act redundantly but rather play distinct roles in these processes. Loss of shc-3 did not further decrease survival of daf-16 mutants in L1 arrest, suggesting that like SHC-1, SHC-3 functions in the insulin-like signaling pathway. In the absence of SHC-3, DAF-16 nuclear entry and exit are slowed, suggesting that SHC-3 is required for rapid changes in DAF-16 signaling.",Caenorhabditis elegans,temperature,,
38840409,10.1002/jat.4655,,no_pmc,2024,Journal of applied toxicology : JAT,Differential impacts of nonsteroidal anti-inflammatory drugs on lifespan and healthspan in aged Caenorhabditis elegans.,"Aging and age-related diseases are intricately associated with oxidative stress and inflammation. Nonsteroidal anti-inflammatory drugs (NSAIDs) have shown their promise in mitigating age-related conditions and potentially extending lifespan in various model organisms. However, the efficacy of NSAIDs in older individuals may be influenced by age-related changes in drug metabolism and tolerance, which could result in age-dependent toxicities. This study aimed to evaluate the potential risks of toxicities associated with commonly used NSAIDs (aspirin, ibuprofen, acetaminophen, and indomethacin) on lifespan, healthspan, and oxidative stress levels in both young and old Caenorhabditis elegans. The results revealed that aspirin and ibuprofen were able to extend lifespan in both young and old worms by suppressing ROS generation and enhancing the expression of antioxidant SOD genes. In contrast, acetaminophen and indomeacin accelerated aging process in old worms, leading to oxidative stress damage and reduced resistance to heat stress through the pmk-1/skn-1 pathway. Notably, the harmful effects of acetaminophen and indomeacin were mitigated when pmk-1 was knocked out in the pmk-1(km25) strain. These results underscore the potential lack of benefit from acetaminophen and indomeacin in elderly individuals due to their increased susceptibility to toxicity. Further research is essential to elucidate the underlying mechanisms driving these age-dependent responses and to evaluate the potential risks associated with NSAID use in the elderly population.",Caenorhabditis elegans,temperature,,
38834112,10.1016/j.ijbiomac.2024.132833,,no_pmc,2024,International journal of biological macromolecules,Unlocking the potential of chicken liver byproducts: Identification of antioxidant peptides through in silico approaches and anti-aging effects of a selected peptide in Caenorhabditis elegans.,"Chicken meat processing generates a substantial number of byproducts, which are either underutilized or improperly disposed. In this study, we employed in silico approaches to identify antioxidant peptides in chicken liver byproducts. Notably, the peptide WYR exhibited remarkable 2,2-azino-bis-(3-ethylbenzothiazoline-6-sulfonic acid) diammonium salt (ABTS) radical scavenging activity with an IC<sub>50</sub> of 0.13 ± 0.01 mg/mL and demonstrated stability under various conditions, including thermal, pH, NaCl, and simulated gastrointestinal digestion. Molecular docking analysis revealed significant hydrogen bonding interactions, while molecular dynamics showed differential stability with ABTS and 2,2-Diphenyl-1-picrylhydrazyl (DPPH). WYR exhibited improved stress resistance, decreased levels of reactive oxygen species (ROS), elevated the activities of superoxide dismutase (SOD) and catalase (CAT), and modulated the expression of crucial genes through the insulin/insulin-like growth factor (IIS) signaling pathway, mitogen-activated protein kinase (MAPK), and heat shock transcription factor-1 (HSF-1) pathways. These effects collectively contributed to the extension of Caenorhabditis elegans' lifespan. This study not only provides an effective method for antioxidant peptide analysis but also highlights the potential for enhancing the utilization of poultry byproducts.",Caenorhabditis elegans,temperature,,
38798418,10.1101/2024.04.01.587367,PMC11123400,pmc_not_oa,2025,bioRxiv : the preprint server for biology,The <i>mex</i> -3 3' untranslated region is essential for reproduction during temperature stress.,"Organisms must sense temperature and modify their physiology to survive environmental stress. Elevated temperature reduces fertility in most sexually reproducing organisms. Maternally supplied mRNAs are required for embryogenesis. They encode proteins that govern early embryonic patterning. RNA-binding proteins (RBPs) are major effectors of maternal mRNA regulation. MEX-3 is a conserved RBP essential for anterior patterning of <i>Caenorhabditis elegans</i> embryos. We previously demonstrated that the <i>mex-3</i> 3' untranslated region (3'UTR) represses MEX-3 abundance in the germline yet is mostly dispensable for fertility. Here, we show that the 3'UTR is essential during thermal stress. Deletion of the 3'UTR causes a highly penetrant temperature sensitive embryonic lethality phenotype distinct from a <i>mex-3</i> null. Loss of the 3'UTR decreases MEX-3 abundance specifically in maturing oocytes and early embryos during temperature stress. Dysregulation of <i>mex-3</i> reprograms the thermal stress response by reducing the expression of hundreds of heat shock genes. We propose that the primary role of the <i>mex-3</i> 3'UTR is to buffer MEX-3 expression during fluctuating temperature, ensuring the robustness of oocyte maturation and embryogenesis.",Caenorhabditis elegans,temperature,,
38795346,10.1016/j.celrep.2024.114279,PMC11238739,oa,2024,Cell reports,CUL-6/cullin ubiquitin ligase-mediated degradation of HSP-90 by intestinal lysosomes promotes thermotolerance.,"Heat shock can be a lethal stressor. Previously, we described a CUL-6/cullin-ring ubiquitin ligase complex in the nematode Caenorhabditis elegans that is induced by intracellular intestinal infection and proteotoxic stress and that promotes improved survival upon heat shock (thermotolerance). Here, we show that CUL-6 promotes thermotolerance by targeting the heat shock protein HSP-90 for degradation. We show that CUL-6-mediated lowering of HSP-90 protein levels, specifically in the intestine, improves thermotolerance. Furthermore, we show that lysosomal function is required for CUL-6-mediated promotion of thermotolerance and that CUL-6 directs HSP-90 to lysosome-related organelles upon heat shock. Altogether, these results indicate that a CUL-6 ubiquitin ligase promotes organismal survival upon heat shock by promoting HSP-90 degradation in intestinal lysosomes. Thus, HSP-90, a protein commonly associated with protection against heat shock and promoting degradation of other proteins, is itself degraded to protect against heat shock.",Caenorhabditis elegans,temperature,,
38768265,10.1021/acschemneuro.4c00082,,no_pmc,2024,ACS chemical neuroscience,"Amyloid Mimicking Assemblies Formed by Glutamine, Glutamic Acid, and Aspartic Acid.","The aggregation of amino acids into amyloid-like structures is a critical phenomenon for understanding the pathophysiology of various diseases, including inborn errors of metabolism (IEMs) associated with amino acid imbalances. Previous studies have primarily focused on self-assembly of aromatic amino acids, leading to a limited understanding of nonaromatic, polar amino acids in this context. To bridge this gap, our study investigates the self-assembly and aggregation behavior of specific nonaromatic charged and uncharged polar amino acids l-glutamine (Gln), l-aspartic acid (Asp), and l-glutamic acid (Glu), which have not been reported widely in the context of amyloid aggregation. Upon aging these amino acids under controlled conditions, we observed the formation of uniform, distinct aggregates, with Gln forming fibrillar gel-like structures and Glu exhibiting fibrous globular morphologies. Computational simulations validated these findings, identifying Gln as the most potent in forming stable aggregates, followed by Glu and Asp. These simulations elucidated the driving forces behind the distinct morphologies and stabilities of the aggregates. Thioflavin T assays were employed to confirm the amyloid-like nature of these aggregates, suggesting their potential cytotoxic impact. To assess toxicity, we performed <i>in vitro</i> studies on neural cell lines and <i>in vivo</i> experiments in <i>Caenorhabditis elegans (C. elegans)</i>, which demonstrated measurable cytotoxic effects, corroborated by 3-(4,5-dimethylthiazol-2-yl)-2,5-diphenyl tetrazolium bromide and heat shock survival assays. Importantly, this study fills a critical gap in our understanding on the role of nonaromatic amino acids in amyloidogenesis and its implications for IEMs. Our findings provide a foundation for future investigations into the mechanisms of diseases associated with amino acid accumulation and offer potential avenues for the development of targeted therapeutic strategies.",Caenorhabditis elegans,temperature,,
38556443,10.1016/bs.mcb.2024.02.001,,no_pmc,2024,Methods in cell biology,Heat shock and thermotolerance in Caenorhabditis elegans: An overview of laboratory techniques.,"The soil nematode worm Caenorhabditis elegans is a simple and well-established model for the study of many biological processes. Heat shock and thermotolerance assays have been developed for this nematode, and have been used to decipher the molecular relationships between thermal stress and aging, among others. Nevertheless, a systematic and methodological comparison of the different approaches and tools utilized is lacking in the literature. Here, we aim to provide a comprehensive summary of the most commonly used strategies for carrying out heat shock and thermotolerance assays that have been reported, highlighting specific readouts and scientific questions that can be addressed. Furthermore, we offer examples of thermotolerance assays performed with wild type nematodes, that can serve as a gauge of the animal survival under diverse conditions of stress.",Caenorhabditis elegans,temperature,,
38515852,10.3389/fphar.2024.1331627,PMC10955098,oa,2024,Frontiers in pharmacology,Leaf extract of <i>Garcinia atroviridis</i> promotes anti-heat stress and antioxidant effects in <i>Caenorhabditis elegans</i>.,"<b>Introduction:</b> <i>Garcinia atroviridis</i> has been used for traditional medicines, healthy foods and tea. The chemical compositions and biological activities of fruit, stem bark and root have been widely studied. However, the phytochemical components and the biological activities in <i>Garcinia atroviridis</i> leaves (GAL) are limited. This research aims to study the phytochemical components and the stress resistance effects of GAL in <i>Caenorhabditis elegans</i> (<i>C. elegans</i>). <b>Methods:</b> To investigate the chemical components and antioxidant activities of GAL extract, the ethanol extract was characterized by liquid chromatography-quadrupole time-of-flight mass spectrometry (LC-QTOF MS) analysis and <i>C. elegans</i> was used to evaluate the effects of GAL extracts on longevity and stress resistance. <b>Results and discussion:</b> The results revealed that the ethanol extract of GAL possesses free radical scavenging activities. Furthermore, GAL extract increased the lifespan of <i>C. elegans</i> by 6.02%, 15.26%, and 12.75% at concentrations of 25, 50, and 100 μg/mL, respectively. GAL extract exhibited improved stress resistance under conditions of heat and hydrogen peroxide-induced stress. The survival rates of GAL extract-treated worms were significantly higher than those of untreated worms, and GAL extract reduced reactive oxygen species (ROS) accumulation. Additionally, GAL extract treatment upregulated the expression of stress resistance-associated genes, including gst-4, sod-3, skn-1, and hsp16.2. GAL extract supplementation alleviated stress and enhanced longevity by inducing stress-related genes in <i>C. elegans</i>. The observed effects of GAL extracts may be attributed to the stimulation of oxidant enzymes mediated through DAF-16/FOXO and SKN-1/NRF2, as well as the enhancement of thermal defense in <i>C. elegans</i>. Collectively, this study provides the first evidence of the antioxidant activities of GAL and elucidates the underlying mechanisms of stress resistance.",Caenorhabditis elegans,temperature,,
38398658,10.3390/molecules29040908,PMC10891841,oa,2024,"Molecules (Basel, Switzerland)",Dendrobium Nobile Alcohol Extract Extends the Lifespan of <i>Caenorhabditis elegans</i> via <i>hsf-1</i> and <i>daf-16</i>.,"<i>Dendrobium nobile</i> is a traditional Chinese herb with anti-inflammatory, antioxidant, and neuroprotective properties. However, its antiaging effects are unclear. Herein, we studied the aging-related functions and the mechanism of action of the alcohol extract of <i>Dendrobium nobile</i> (DnAE) in the model organism <i>Caenorhabditis elegans</i>. The results indicated that 1 mg/mL DnAE slowed lipofuscin accumulation, decreased the levels of reactive oxygen species, elevated superoxide dismutase activity, enhanced oxidative and heat stress resistance, extended the lifespan of nematodes, protected their dopamine neurons from 6-hydroxydopamine-induced neurodegeneration, and reduced Aβ-induced neurotoxicity. DnAE upregulated the mRNA expression of the transcription factors DAF-16 and HSF-1, promoted the nuclear localization of DAF-16, and enhanced the fluorescence intensity of HSP-16.2. However, it had no effect on the lifespan of DAF-16 mutants. Thus, DnAE can significantly extend lifespan, enhance heat stress tolerance, and delay age-related diseases through a DAF-16-dependent pathway.",Caenorhabditis elegans,temperature,,
38247503,10.3390/antiox13010079,PMC10812808,oa,2024,"Antioxidants (Basel, Switzerland)",Insights into the Neuroprotective Potential of Epicatechin: Effects against Aβ-Induced Toxicity in <i>Caenorhabditis elegans</i>.,"Medical therapies to avoid the progression of Alzheimer's disease (AD) are limited to date. Certain diets have been associated with a lower incidence of neurodegenerative diseases. In particular, the regular intake of foods rich in polyphenols, such as epicatechin (EC), could help prevent or mitigate AD progression. This work aims to explore the neuroprotective effects of EC using different transgenic strains of <i>Caenorhabditis elegans</i>, which express human Aβ<sub>1-42</sub> peptides and contribute to elucidating the mechanisms involved in the effects of EC in AD. The performed assays indicate that this flavan-3-ol was able to reduce the signs of β-amyloid accumulation in <i>C. elegans</i>, improving motility and chemotaxis and increasing survival in transgenic strain peptide producers compared to nematodes not treated with EC. The neuroprotective effects exhibited by EC in <i>C. elegans</i> could be explained by the modulation of inflammation and stress-associated genes, as well as autophagy, microgliosis, and heat shock signaling pathways, involving the regulation of <i>cpr-5</i>, <i>epg-8</i>, <i>ced-7</i>, <i>ZC239.12</i>, and <i>hsp-16</i> genes. Overall, the results obtained in this study support the protective effects of epicatechin against Aβ-induced toxicity.",Caenorhabditis elegans,temperature,,
38035022,10.3389/fphar.2023.1235190,PMC10684763,oa,2023,Frontiers in pharmacology,<i>Simira cordifolia</i> protects against metal induced-toxicity in <i>Caenorhabditis elegans</i>.,"<i>Simira cordifolia</i> (Hook.f.) Steyerm (Rubiaceae) is a vascular plant used in Northern Colombia as a source of pigments and wood. However, there is a lack of information regarding its pharmacology and toxicity. This research aimed to study the hydroalcoholic extract of <i>Simira cordifolia</i> as a protector against metal-induced toxicity in <i>Caenorhabditis elegans</i>. Preliminary phytochemical screening of the hydroalcoholic extract of <i>S. cordifolia</i> (HAE-Sc) was conducted using HPLC-ESI-QTOF. Wild-type N2 <i>C. elegans</i> larvae were exposed to different concentrations of HAE-Sc evaluating lethality (50-5000 μg/mL), growth, lifespan, resistance to heat stress, and its protective effect against Mercury (Hg)-, Lead (Pb)- and Cadmium (Cd)-induced lethality (50-1000 μg/mL). The main metabolites present in the extract were iridoids, β-carboline-alkaloids and polyphenols. Bioassays demonstrated that HAE-Sc exhibited low toxicity, with significant lethality (4.2% and 9.4%) occurring at 2500-5000 μg/mL. Growth inhibition reached up to 23.3%, while reproduction declined 13% and 17% at concentrations 500 and 1000 μg/mL, respectively. HAE-Sc enhanced the survival rate of the nematode under thermal stress by up to 79.8%, and extended the mean lifespan of worms by over 33% compared to control. The average lifespan was prolonged by 15.3% and 18.5% at 50 and 100 μg/mL HAE-Sc, respectively. The extract (1000 μg/mL) was able to reduce the death of <i>C. elegans</i> in the presence of heavy metals up to 65.9, 96.8% and 87% for Pb, Hg, and Cd, respectively. In summary, <i>S. cordifolia</i> shows potential protective effects in <i>C. elegans</i> against toxicity caused by heavy metals and heat.",Caenorhabditis elegans,temperature,,
37872247,10.1038/s41598-023-45225-w,PMC10593782,oa,2023,Scientific reports,The consequences of tetraploidy on Caenorhabditis elegans physiology and sensitivity to chemotherapeutics.,"Polyploid cells contain more than two copies of each chromosome. Polyploidy has important roles in development, evolution, and tissue regeneration/repair, and can arise as a programmed polyploidization event or be triggered by stress. Cancer cells are often polyploid. C. elegans nematodes are typically diploid, but stressors such as heat shock and starvation can trigger the production of tetraploid offspring. In this study, we utilized a recently published protocol to generate stable tetraploid strains of C. elegans and compared their physiological traits and sensitivity to two DNA-damaging chemotherapeutic drugs, cisplatin and doxorubicin. As prior studies have shown, tetraploid worms are approximately 30% longer, shorter-lived, and have a smaller brood size than diploids. We investigated the reproductive defect further, determining that tetraploid worms have a shorter overall germline length, a higher rate of germ cell apoptosis, more aneuploidy in oocytes and offspring, and larger oocytes and embryos. We also found that tetraploid worms are modestly protected from growth delay from the chemotherapeutics but are similarly or more sensitive to reproductive toxicity. Transcriptomic analysis revealed differentially expressed pathways that may contribute to sensitivity to stress. This study reveals phenotypic consequences of whole-animal tetraploidy that make C. elegans an excellent model for ploidy differences.",Caenorhabditis elegans,temperature,,
37844812,10.1016/j.ijbiomac.2023.127443,,no_pmc,2023,International journal of biological macromolecules,"Immunomodulatory activity and protective effect of a capsular polysaccharide in Caenorhabditis elegans, isolated from Lactobacillus fermentum GBJ.","A capsular polysaccharide, namely CPS-2, was isolated from Lactobacillus fermentum GBJ, purified using DEAE-52 anion exchange chromatography, and structurally characterized. We found that CPS-2 is homogenous, has an average molecular weight of 377 KDa, and is mainly composed of galactose and glucose at a molar ratio of 1.54:1.00. Its backbone comprises α-D-Galp-(1 → 3), α-D-Galp-(1 → 3,6), β-D-Glcp-(1 → 2), β-D-Galp-(1 → 6), and α-D-Galp-(1 → 4) residues with a side chain of β-D-Glcp-(1→). CPS-2 exerts an immunomodulatory effect by improving the proliferation and phagocytosis of macrophage RAW264.7 and promoting the secretion of NO and cytokines. The maximum secretion levels of IL-1β, IL-6, IL-10, and TNF-α were 1.96-, 0.11-, 0.22-, and 0.46-fold higher than those of the control, respectively. Furthermore, CPS-2 could significantly enhance the antioxidant system, extend lifespan, and improve stress tolerance of Caenorhabditis elegans at both exposure doses of 31.25 and 62.5 μg/mL. The average lifespan of nematodes reached a maximum in the 62.5 μg/mL-treated group after 10.39 days, 6.56 h, and 23.56 h in normal, oxidative stress, and heat shock environment, with extension percentages of 16.61 %, 43.23 %, and 15.77 %, respectively; therefore, CPS-2 displays an anti-aging effect. The significant bioactivity of CPS-2 promotes its application as a promising immunomodulatory and anti-aging ingredient in the food or pharmaceutical field.",Caenorhabditis elegans,temperature,,
37682641,10.1093/genetics/iyad124,,no_pmc,2023,Genetics,Reverse genetic screening during L1 arrest reveals a role of the diacylglycerol kinase 1 gene dgk-1 and sphingolipid metabolism genes in sleep regulation.,"Sleep is a fundamental state of behavioral quiescence and physiological restoration. Sleep is controlled by environmental conditions, indicating a complex regulation of sleep by multiple processes. Our knowledge of the genes and mechanisms that control sleep during various conditions is, however, still incomplete. In Caenorhabditis elegans, sleep is increased when development is arrested upon starvation. Here, we performed a reverse genetic sleep screen in arrested L1 larvae for genes that are associated with metabolism. We found over 100 genes that are associated with a reduced sleep phenotype. Enrichment analysis revealed sphingolipid metabolism as a key pathway that controls sleep. A strong sleep loss was caused by the loss of function of the diacylglycerol kinase 1 gene, dgk-1, a negative regulator of synaptic transmission. Rescue experiments indicated that dgk-1 is required for sleep in cholinergic and tyraminergic neurons. The Ring Interneuron S (RIS) neuron is crucial for sleep in C. elegans and activates to induce sleep. RIS activation transients were abolished in dgk-1 mutant animals. Calcium transients were partially rescued by a reduction-of-function mutation of unc-13, suggesting that dgk-1 might be required for RIS activation by limiting synaptic vesicle release. dgk-1 mutant animals had impaired L1 arrest survival and dampened expression of the protective heat shock factor gene hsp-12.6. These data suggest that dgk-1 impairment causes broad physiological deficits. Microcalorimetry and metabolomic analyses of larvae with impaired RIS showed that RIS is broadly required for energy conservation and metabolic control, including for the presence of sphingolipids. Our data support the notion that metabolism broadly influences sleep and that sleep is associated with profound metabolic changes. We thus provide novel insights into the interplay of lipids and sleep and provide a rich resource of mutants and metabolic pathways for future sleep studies.",Caenorhabditis elegans,temperature,,
37672003,10.1039/d3fo03093h,,no_pmc,2023,Food & function,<i>Latilactobacillus curvatus</i> FFZZH5L isolated from pickled cowpea enhanced antioxidant activity in <i>Caenorhabditis elegans</i> by upregulating the level of glutathione <i>S</i>-transferase.,"<i>Latilactobacillus curvatus</i> is a potential probiotic that possesses beneficial health properties and fermentation traits; however, the extent of understanding of the antioxidant activities of <i>L. curvatus</i> is limited. This study investigates the antioxidant activities of a new <i>L. curvatus</i> FFZZH5L strain. The strain exhibits broad tolerance to acids, bases and salts and demonstrated good adaption to the gastrointestinal environment, with a survival rate of 45% after 24 h of treatment in artificial gastrointestinal juice. Moreover, <i>L. curvatus</i> FFZZH5L exhibits inhibitory effects on <i>Staphylococcus aureus</i>, with a self-aggregation rate of 34.8% and a co-aggregation rate of 82.2%. <i>In vitro</i>, the DPPH radical scavenging ability and GSH-px enzyme activity of <i>L. curvatus</i> FFZZH5L reach 64.27% and 15.95 U mL<sup>-1</sup>, respectively. Treatment of <i>C. elegans</i> with <i>L. curvatus</i> FFZZH5L <i>in vivo</i> significantly extended the organism's lifespan. Furthermore, the activity of SOD, GSH-px and T-AOC was increased by 33.6%, 43.4% and 58.3%, respectively. Feeding <i>C. elegans</i> with <i>L. curvatus</i> FFZZH5L decreased the MDA, lipofuscin and ROS levels by 9%-36.4%. <i>L. curvatus</i> FFZZH5L effectively protected <i>C. elegans</i> against juglone-induced oxidative stress damage and led to a significant increase in the organism's survival under heat stress. The RT-qPCR analysis suggests that feeding <i>C. elegans</i> with <i>L. curvatus</i> FFZZH5L upregulates the expression levels of antioxidant-related genes including glutathione <i>S</i>-transferase 4 (<i>gst-4</i>), <i>gst-1</i>, <i>gst-10</i>, <i>sod-3</i>, <i>sod-5</i>, and <i>sod-10</i> in <i>C. elegans</i>. Our investigation confirms the probiotic and antioxidant properties of <i>L. curvatus</i>, indicating its potential application in functional foods and the pharmaceutical industry.",Caenorhabditis elegans,temperature,,
37643530,10.1016/j.phymed.2023.155036,,no_pmc,2023,Phytomedicine : international journal of phytotherapy and phytopharmacology,Zexie decoction reduce glucose-dependent lipid accumulation and oxidative stress in Caenorhabditis elegans.,"Obesity has become a global public health problem. Zexie decoction (ZXT) is a classic formula from Synopsis of the Golden Chamber. However, the long-term effect of ZXT in lipid accumulation remain unclear. This study aims to investigate the effect of ZXT on aging, lipid metabolism and oxidative stress. Different concentration of ZXT was administered to Caenorhabditis elegans (C. elegans) cultured in NGM or the high glucose nematode growth media (GNGM). The lifespan, heat stress resistance, lipid accumulation and related mRNA expression of the worms were examined. Oil Red staining and triglyceride were used to evaluated the lipid accumulation. Nhr-49, fat-5/fat-7, fat-5/fat-6 or skn-1 knockout mutants were used to clarify the effect on lipid metabolism of ZXT. GFP-binding mutants were used to observe the changes in protein expression. ZXT improved the survival rate of C. elegans in lifespan test and heat stress test. ZXT also reduced lipid accumulation in C. elegans and significantly changed the expression of fatty acid synthesis related genes and lipid metabolism related genes. In addition, ZXT-treated C. elegans showed a higher expression of anti-oxidative protein, and reduced the expression of oxidative stress and mitochondrial dysfunction marker. However, when skn-1 was knockdown, ZXT no longer had the effect of maintaining the mitochondria membrane potential and lipid lowering but still effectively decreased the O<sub>2</sub>·<sup>-</sup> induced by high glucose. ZXT reduced fat accumulation by regulating lipid metabolism via multiple targets and enhanced stress resistance by its antioxidant effect in C. elegans.",Caenorhabditis elegans,temperature,,
37639537,10.1021/acs.jafc.3c02307,,no_pmc,2023,Journal of agricultural and food chemistry,Tangeretin Supplementation Mitigates the Aging Toxicity Induced by Dietary Benzo[a]pyrene Exposure with Aberrant Proteostasis and Heat Shock Responses in <i>Caenorhabditis elegans</i>.,"Benzo[a]pyrene (BaP) is a common food contaminant that can impair organismal aging. Tangeretin (TAN) may mitigate aging toxicities as a dietary supplement. This study used <i>Caenorhabditis elegans</i> to investigate the effects of chronic exposure to BaP on aging and to determine whether TAN supplementation could alleviate BaP-induced toxicity. Early life exposure to BaP (10 μM) significantly inhibited growth by 5%, and exposure to 0.1 to 10 μM BaP impaired <i>C. elegans</i> motility, resulting in a 3.4-6.5% reduction in motility. Chronic exposure to BaP (10 μM) age-dependently aggravated aberrant protein aggregation (7% increase) and shortened the median lifespan of the worms from 20 to 16 days. In addition, BaP worsened the age-dependent decline in motility and pharyngeal pumping, as well as the accumulation of reactive oxygen species. Furthermore, exposure to BaP resulted in significantly higher relative transcript levels of approximately 1.8-2.0-fold for the <i>hsp-16.1</i>, <i>hsp-16.2</i>, <i>hsp-16.49</i>, and <i>hsp-70</i> genes. Stressed worms exposed to BaP exhibited significantly lower survival under heat stress. Dietary TAN supplementation alleviated the BaP-induced decline in motility, pumping, and poly-Q accumulation and restored heat shock proteins' transcript levels. Our findings suggest that chronic BaP exposure adversely affects aging and that TAN exposure mitigates the BaP-induced aging toxicity.",Caenorhabditis elegans,temperature,,
37598654,10.1016/j.foodchem.2023.137132,,no_pmc,2024,Food chemistry,Effects of in vitro fecal fermentation on the metabolism and antioxidant properties of cyanidin-3-O-glucoside.,"Anthocyanins' potential health benefits have garnered significant interest. However, due to low bioavailability, the gut microbiota-associated metabolites are suspected to mediate their bioactivity. In this study, cyanidin-3-glucoside (C3G) was fermented with fecal inoculum to simulate colonic microbiota interaction in vitro. The metabolites and antioxidant properties of pre- (P-C3G) and post-fermentation (F-C3G) were determined. Fermentation significantly increased contents of five metabolites (cyanidin, protocatechuic acid, phloroglucinaldehyde, 4-hydroxybenzoic acid and 4-hydroxyphenylacetic acid). Additionally, F-C3G demonstrated superior radicals scavenging than P-C3G, as well as to alleviate H<sub>2</sub>O<sub>2</sub>-induced damage in HepG2 cell via increasing superoxide dismutase by 43.26% and catalase by 39.83%, reducing malonaldehyde by 16.40% and cellular ROS production, and activating Nrf2 pathway. Moreover, F-C3G significantly extended the survival rate by 20.67% of Caenorhabditis elegans under heat stress by antioxidation in vivo. This study suggested that anthocyanins metabolism by gut microbiota produce specific metabolites, which potentially exerts protection.",Caenorhabditis elegans,temperature,,
37522064,10.3892/etm.2023.12104,PMC10375435,oa,2023,Experimental and therapeutic medicine,Ethyl acetate extract of <i>Gastrodia elata</i> protects <i>Caenorhabditis elegans</i> from oxidative stress and amyloid β peptide toxicity.,"<i>Gastrodia elata</i> Blume is a traditional Chinese medicine with a long history, which has numerous pharmacological activities, such as anti-inflammation, anti-oxidation and protection of nerves. The present study investigated the regulatory effect of ethyl acetate extract of <i>Gastrodia elata</i> (EEGE) on the β-amyloid (Aβ) toxicity of <i>Caenorhabditis elegans</i> (<i>C. elegans</i>). First, the main components of EEGE were analyzed using high-performance liquid chromatography, and the total phenols, total flavonoids and total antioxidant capacity of EEGE were determined. Next, the regulation effect of EEGE on Aβ-induced toxicity of <i>C. elegans</i> was evaluated through experiments on nematode paralysis, lifespan, oxidative and heat stress, locomotor ability, reproductive ability, reactive oxygen species (ROS) level, Aβ aggregation test, malondialdehyde (MDA) level, catalase (CAT) activity and superoxide dismutase (SOD) activity. Finally, the mechanism of EEGE was elucidated using RNA sequencing (RNA-Seq) and the expression levels of related genes were verified using quantitative PCR. The present study revealed that the main components of EEGE included phosphorylated (p)-hydroxybenzyl alcohol, p-hydroxybenzaldehyde and 4,4'-dihydroxydiphenylmethane, possessing strong <i>in vitro</i> free radical scavenging and reducing abilities. In addition, after the intervention of EEGE, the paralysis of nematodes could be delayed, the survival time of the nematodes was prolonged, the survival rate of the nematodes under stress (high temperature and oxidation) conditions was improved, the activity capacity and reproductive capacity of the nematodes were improved, the activities of SOD and CAT were improved and the levels of ROS and MDA were reduced. Notably, EEGE directly inhibited Aβ plaque aggregation in nematodes. RNA-Seq analysis showed that EEGE regulated metabolism and longevity-related genes, and these genes were regulated by the insulin/IGF-1 signaling (IIS) pathway. Therefore, the present study hypothesized that the regulatory mechanism of EEGE was significantly related to the IIS pathway. The present research results demonstrated that the protective effect of EEGE on transgenic <i>C. elegans</i> was to reduce Aβ protein aggregation, improve the <i>in vivo</i> antioxidant level, effectively remove free radicals and to regulate the expression of genes related to IIS pathway, thereby reducing Aβ-induced toxicity and delaying nematode paralysis.",Caenorhabditis elegans,temperature,,
37491200,10.1186/s12860-023-00486-1,PMC10367395,oa,2023,BMC molecular and cell biology,"Emodin and aloe-emodin, two potential molecules in regulating cell migration of skin cells through the MAP kinase pathway and affecting Caenorhabditis elegans thermotolerance.","Emodin and aloe-emodin are two anthraquinones having positive effects in wound healing. However, their mechanism of action of wound healing is not fully understood. The MAP kinase family, which plays an active role in wound healing, is a well-characterized large family of serine/threonine kinases and regulates processes such as proliferation, oncogenesis, differentiation, and inflammation in the cell. The aim of this study is to comparatively elucidate the mechanisms of action of emodin and aloe-emodin, which are potential agents in wound healing. The mechanism of the effects of emodin and aloe-emodin on cell viability and cell migration was examined using the human skin fibroblast (CCD-1079Sk) cell line. The gene expression levels of the MAP kinases (JNK, P38, ERK) in the skin fibroblast cells along with a molecular docking study analyzing their interaction potential were evaluated. Furthermore, the molecules' effects on the lifespan of Caenorhabditis elegans were studied. Emodin and aloe-emodin inhibited the ATP content of the cells in a concentration dependent manner and accelerated cell migration at the lower concentrations while inhibiting cell migration in the higher concentration treatment groups. The expressions of JNK and P38 were upregulated at the low concentrations and downregulated at the higher concentrations. The molecular docking studies of the molecules gave high docking scores indicating their interaction potential with JNK and P38. C. elegans lifespan under heat stress was observed longer after 75 µM emodin and was significantly reduced after 150 µM aloe-emodin treatment. Aloe-emodin was found to be more potent on cell viability, cell migration, gene expression levels of the MAP kinases in healthy fibroblastic skin cells, and on the lifespan of C. elegans. This study reveals the functional effects and the biological factors that interact in the wound healing process of emodin and aloe-emodin, and give a possible treatment alternative to shorten the duration of wound care.",Caenorhabditis elegans,temperature,,
37416472,10.1016/j.isci.2023.107117,PMC10320524,oa,2023,iScience,A proton-inhibited DEG/ENaC ion channel maintains neuronal ionstasis and promotes neuronal survival under stress.,"The nervous system participates in the initiation and modulation of systemic stress. Ionstasis is of utmost importance for neuronal function. Imbalance in neuronal sodium homeostasis is associated with pathologies of the nervous system. However, the effects of stress on neuronal Na<sup>+</sup> homeostasis, excitability, and survival remain unclear. We report that the DEG/ENaC family member DEL-4 assembles into a proton-inactivated sodium channel. DEL-4 operates at the neuronal membrane and synapse to modulate <i>Caenorhabditis elegans</i> locomotion. Heat stress and starvation alter DEL-4 expression, which in turn alters the expression and activity of key stress-response transcription factors and triggers appropriate motor adaptations. Similar to heat stress and starvation, DEL-4 deficiency causes hyperpolarization of dopaminergic neurons and affects neurotransmission. Using humanized models of neurodegenerative diseases in <i>C. elegans</i>, we showed that DEL-4 promotes neuronal survival. Our findings provide insights into the molecular mechanisms by which sodium channels promote neuronal function and adaptation under stress.",Caenorhabditis elegans,temperature,,
37346299,10.3389/fphar.2023.1195490,PMC10279890,oa,2023,Frontiers in pharmacology,Curcumin supplementation increases longevity and antioxidant capacity in <i>Caenorhabditis elegans</i>.,"Curcumin is well known as a potent antioxidant and free radical scavenger and has great potential for anti-aging applications. In this study, we investigate the molecular mechanism of curcumin in prolonging the lifespan of <i>C. elegans</i>. Four concentrations of curcumin (10, 25, 50, and 100 µM) were administered, and the optimal treatment concentration was determined by analyzing the nematode lifespan, physiology, and biochemistry. Additionally, RNA-seq and qRT-PCR were performed to explore the antioxidant effect of curcumin and its underlying mechanism. Results revealed that curcumin could significantly improve the survival capacity of <i>C. elegans</i> without influencing its growth. Curcumin was observed to significantly decrease the levels of reactive oxygen species (ROS) under extreme conditions such as heat stress and paraquat stress. In addition, curcumin increased the amount of nematode mitochondrial DNA (mtDNA) replication. RNA-seq results revealed that the underlying mechanism of curcumin in <i>C. elegans</i> is related to the mitogen-activated protein kinase (MAPK) pathway. qRT-PCR results confirmed that the expression of oxidative stress-related genes (sod-1, sod-2, sod-3, gst-4) was increased, and the expression of MAPK signaling pathway-related genes (sek-1, pmk-1, nsy-1) was significantly downregulated. Furthermore, the administration of curcumin extended the lifespan of nematodes, potentially through the enhancement of oxidative stress resistance and the downregulation of the MAPK signaling pathway. These findings improve our understanding of both lifespan extension and the potential mechanism of curcumin in <i>C. elegans.</i>",Caenorhabditis elegans,temperature,,
37338980,10.7554/eLife.85792,PMC10393298,oa,2023,eLife,Homeodomain-interacting protein kinase maintains neuronal homeostasis during normal <i>Caenorhabditis elegans</i> aging and systemically regulates longevity from serotonergic and GABAergic neurons.,"Aging and the age-associated decline of the proteome is determined in part through neuronal control of evolutionarily conserved transcriptional effectors, which safeguard homeostasis under fluctuating metabolic and stress conditions by regulating an expansive proteostatic network. We have discovered the <i>Caenorhabditis elegans</i> homeodomain-interacting protein kinase (HPK-1) acts as a key transcriptional effector to preserve neuronal integrity, function, and proteostasis during aging. Loss of <i>hpk-1</i> results in drastic dysregulation in expression of neuronal genes, including genes associated with neuronal aging. During normal aging <i>hpk-1</i> expression increases throughout the nervous system more broadly than any other kinase. Within the aging nervous system, <i>hpk-1</i> induction overlaps with key longevity transcription factors<i>,</i> which suggests that <i>hpk-1</i> expression mitigates natural age-associated physiological decline. Consistently, pan-neuronal overexpression of <i>hpk-1</i> extends longevity, preserves proteostasis both within and outside of the nervous system, and improves stress resistance. Neuronal HPK-1 improves proteostasis through kinase activity. HPK-1 functions cell non-autonomously within serotonergic and γ-aminobutyric acid (GABA)ergic neurons to improve proteostasis in distal tissues by specifically regulating distinct components of the proteostatic network. Increased serotonergic HPK-1 enhances the heat shock response and survival to acute stress. In contrast, GABAergic HPK-1 induces basal autophagy and extends longevity, which requires <i>mxl-2</i> (MLX), <i>hlh-30</i> (TFEB), and <i>daf-16</i> (FOXO). Our work establishes <i>hpk-1</i> as a key neuronal transcriptional regulator critical for preservation of neuronal function during aging. Further, these data provide novel insight as to how the nervous system partitions acute and chronic adaptive response pathways to delay aging by maintaining organismal homeostasis.",Caenorhabditis elegans,temperature,,
37333126,10.1101/2023.06.06.543785,PMC10274754,oa,2023,bioRxiv : the preprint server for biology,The consequences of tetraploidy on <i>Caenorhabditis elegans</i> physiology and sensitivity to chemotherapeutics.,"Polyploid cells contain more than two copies of each chromosome. Polyploidy has important roles in development, evolution, and tissue regeneration/repair, and can arise as a programmed polyploidization event or be triggered by stress. Cancer cells are often polyploid. <i>C. elegans</i> nematodes are typically diploid, but stressors such as heat shock and starvation can trigger the production of tetraploid offspring. In this study, we utilized a recently published protocol to generate stable tetraploid strains of <i>C. elegans</i> and compared their physiological traits and sensitivity to two DNA-damaging chemotherapeutic drugs, cisplatin and doxorubicin. As prior studies have shown, tetraploid worms are approximately 30% longer, shorter-lived, and have a smaller brood size than diploids. We investigated the reproductive defect further, determining that tetraploid worms have a shorter overall germline length, a higher rate of germ cell apoptosis, more aneuploidy in oocytes and offspring, and larger oocytes and embryos. We also found that tetraploid worms are modestly protected from growth delay from the chemotherapeutics but are similarly or more sensitive to reproductive toxicity. Transcriptomic analysis revealed differentially expressed pathways that may contribute to sensitivity to stress. Overall, this study reveals the phenotypic consequences of whole-animal tetraploidy in <i>C. elegans.</i>",Caenorhabditis elegans,temperature,,
37294778,10.1371/journal.pone.0286926,PMC10256190,oa,2023,PloS one,LIN-35 is necessary in both the soma and germline for preserving fertility in Caenorhabditis elegans under moderate temperature stress.,"Maintenance of germline function under stress conditions is crucial for species survival. The germ line in many species is especially sensitive to elevated temperature. We have investigated the role of the pocket protein LIN-35 in preserving fertility in Caenorhabditis elegans under moderate temperature stress. We show that lin-35 mutants display several temperature sensitive germline defects, and more severe reductions in brood size at elevated temperatures compared to wild type. This loss of fertility under temperature stress is primarily due to loss of zygotic, but not maternal, LIN-35. Additionally, we have found that expression of LIN-35 is necessary in both the germ line and soma for the preserving fertility under moderate temperature stress. Specifically, while LIN-35 function in the germ line is required for maintaining fertility in hermaphrodites, broad somatic expression of LIN-35 is also necessary for oocyte formation and/or function under moderate temperature stress. Together, our data add to the emerging understanding of the critical role that LIN-35 plays in preserving tissues against stress.",Caenorhabditis elegans,temperature,,
36941756,10.1093/gerona/glad086,,no_pmc,2023,"The journals of gerontology. Series A, Biological sciences and medical sciences",Vanillic Acid Improves Stress Resistance and Substantially Extends Life Span in Caenorhabditis elegans.,"Aging is the root cause of several pathologies like neurological and cardiovascular diseases. Identifying compounds that improve health span and extend life span, called geroprotectors, could be crucial to preventing or at least delaying the onset of age-related diseases. In this regard, the nematode Caenorhabditis elegans (C. elegans) is emerging as an easy, efficient, low-cost model system to screen natural products and identify novel geroprotectors. Phenolic acids can be found in a wide range of natural products that are part of the human diet. Vanillic acid (VA) is a phenolic acid that has previously been attributed with antioxidant, anti-inflammatory, and neuroprotective features. To determine whether these beneficial health effects amount to an extension of health span and life span, in this work, we thoroughly explore the effect of VA on C. elegans stress resistance and life span. We found that VA increases thermotolerance (19.4%), reduces protein aggregation (between 30% and 40%), improves motility, and extends life span by almost 50%, an extent hardly ever achieved with a natural compound. The increased thermotolerance induced by VA is independent of the insulin/insulin-like growth factor-1 signaling pathway but requires heat shock factor-1 and is associated with increased heat shock protein-4 (HSP-4) and hsp-16.2 expression. These results provide new insight into understanding the therapeutical properties of VA and warrant further investigation of VA as a novel geroprotector.",Caenorhabditis elegans,temperature,,
36817915,10.3389/fpubh.2023.1055175,PMC9932997,oa,2023,Frontiers in public health,"PM<sub>2.5</sub> induce lifespan reduction, insulin/IGF-1 signaling pathway disruption and lipid metabolism disorder in <i>Caenorhabditis elegans</i>.","Exposure to fine particulate matter (PM), especially PM<sub>2.5</sub>, can induce various adverse health effects in populations, including diseases and premature death, but the mechanism of its toxicity is largely unknown. Water-soluble components of PM<sub>2.5</sub> (WS-PM<sub>2.5</sub>) were collected in the north of China in winter, and combined in two groups with the final concentrations of 94 μg/mL (C<sub>L</sub> group, AQI ≤ 100) and 119 μg/mL (C<sub>H</sub> group, 100 < AQI ≤ 200), respectively. The acute and long-term toxic effects of WS-PM<sub>2.5</sub> samples were evaluated in several aspects such as development, lifespan, healthspan (locomotion behavior, heat stress tolerance, lipofucin). DAF mutants and genes were applied to verify the action of IIS pathway in WS-PM<sub>2.5</sub> induced-effects. RNA-Sequencing was performed to elucidate the molecular mechanisms, as well as ROS production and Oil red O staining were also served as means of mechanism exploration. Body length and lifespan were shortened by exposure to WS-PM<sub>2.5</sub>. Healthspan of nematodes revealed adverse effects evaluated by head thrash, body bend, pharyngeal pump, as well as intestinal lipofuscin accumulation and survival time under heat stress. The abbreviated lifespan of <i>daf-2(e1370)</i> strain and reduced expression level of <i>daf-16</i> and <i>hsp-16.2</i> indicated that IIS pathway might be involved in the mechanism. Thirty-five abnormally expressed genes screened out by RNA-Sequencing techniques, were functionally enriched in lipid/lipid metabolism and transport, and may contribute substantially to the regulation of PM<sub>2.5</sub> induced adverse effects in nematodes. WS-PM<sub>2.5</sub> exposure induce varying degrees of toxic effects, such as body development, shorten lifespan and healthspan. The IIS pathway and lipid metabolism/transport were disturbed by WS-PM<sub>2.5</sub> during WS-PM<sub>2.5</sub> exposure, suggesting their regulatory role in lifespan determination.",Caenorhabditis elegans,temperature,,
36797658,10.1111/acel.13795,PMC10086529,oa,2023,Aging cell,CCR4-NOT subunit CCF-1/CNOT7 promotes transcriptional activation to multiple stress responses in Caenorhabditis elegans.,"CCR4-NOT is a versatile eukaryotic protein complex that controls multiple steps in gene expression regulation from synthesis to decay. In yeast, CCR4-NOT has been implicated in stress response regulation, though this function in other organisms remains unclear. In a genome-wide RNAi screen, we identified a subunit of the CCR4-NOT complex, ccf-1, as a requirement for the C. elegans transcriptional response to cadmium and acrylamide stress. Using whole-transcriptome RNA sequencing, we show that the knockdown of ccf-1 attenuates the activation of a broad range of stress-protective genes in response to cadmium and acrylamide, including those encoding heat shock proteins and xenobiotic detoxification. Consistently, survival assays show that the knockdown of ccf-1 decreases C. elegans stress resistance and normal lifespan. A yeast 2-hybrid screen using a CCF-1 bait identified the homeobox transcription factor PAL-1 as a physical interactor. Knockdown of pal-1 inhibits the activation of ccf-1 dependent stress genes and reduces C. elegans stress resistance. Gene expression analysis reveals that knockdown of ccf-1 and pal-1 attenuates the activation of elt-2 and elt-3 under stress that encode master transcriptional co-regulators of stress response in the C. elegans, and that overexpression of ELT-2 can suppress ccf-1's requirement for gene transcription in a stress-dependent manner. Our findings reveal a new role for CCR4-NOT in the environmental stress response and define its role in stress resistance and longevity in C. elegans.",Caenorhabditis elegans,temperature,,
36780563,10.1371/journal.pbio.3001605,PMC9956597,oa,2023,PLoS biology,Transcellular chaperone signaling is an intercellular stress-response distinct from the HSF-1-mediated heat shock response.,"Organismal proteostasis is maintained by intercellular signaling processes including cell nonautonomous stress responses such as transcellular chaperone signaling (TCS). When TCS is activated upon tissue-specific knockdown of hsp-90 in the Caenorhabditis elegans intestine, heat-inducible hsp-70 is induced in muscle cells at the permissive temperature resulting in increased heat stress resistance and lifespan extension. However, our understanding of the molecular mechanism and signaling factors mediating transcellular activation of hsp-70 expression from one tissue to another is still in its infancy. Here, we conducted a combinatorial approach using transcriptome RNA-Seq profiling and a forward genetic mutagenesis screen to elucidate how stress signaling from the intestine to the muscle is regulated. We find that the TCS-mediated ""gut-to-muscle"" induction of hsp-70 expression is suppressed by HSF-1 and instead relies on transcellular-X-cross-tissue (txt) genes. We identify a key role for the PDZ-domain guanylate cyclase txt-1 and the homeobox transcription factor ceh-58 as signaling hubs in the stress receiving muscle cells to initiate hsp-70 expression and facilitate TCS-mediated heat stress resistance and lifespan extension. Our results provide a new view on cell-nonautonomous regulation of ""inter-tissue"" stress responses in an organism that highlight a key role for the gut. Our data suggest that the HSF-1-mediated heat shock response is switched off upon TCS activation, in favor of an intercellular stress-signaling route to safeguard survival.",Caenorhabditis elegans,temperature,,
36756948,10.7554/eLife.79511,PMC9984191,oa,2023,eLife,S-adenosylmethionine synthases specify distinct H3K4me3 populations and gene expression patterns during heat stress.,"Methylation is a widely occurring modification that requires the methyl donor S-adenosylmethionine (SAM) and acts in regulation of gene expression and other processes. SAM is synthesized from methionine, which is imported or generated through the 1-carbon cycle (1 CC). Alterations in 1 CC function have clear effects on lifespan and stress responses, but the wide distribution of this modification has made identification of specific mechanistic links difficult. Exploiting a dynamic stress-induced transcription model, we find that two SAM synthases in <i>Caenorhabditis elegans</i>, SAMS-1 and SAMS-4<i>,</i> contribute differently to modification of H3K4me3, gene expression and survival. We find that <i>sams-4</i> enhances H3K4me3 in heat shocked animals lacking <i>sams-1</i>, however, <i>sams-1</i> cannot compensate for <i>sams-4</i>, which is required to survive heat stress. This suggests that the regulatory functions of SAM depend on its enzymatic source and that provisioning of SAM may be an important regulatory step linking 1 CC function to phenotypes in aging and stress.",Caenorhabditis elegans,temperature,,
36735812,10.1093/g3journal/jkad029,PMC10085788,oa,2023,"G3 (Bethesda, Md.)",Somatic nuclear blebbing in Caenorhabditis elegans is not a feature of organismal aging but a potential indicator of germline proliferation in early adulthood.,"Abnormal nuclear morphology is suggested to be a hallmark of aging and one such abnormality is nuclear blebbing. However, little is known about whether and how nuclear blebbing participates in animal aging, and what regulates it. In this study, we show that the frequency of nuclear blebbing in the hypodermis increases during aging in wild-type C. elegans. These nuclear blebs are enveloped by the nuclear lamina, the inner and the outer nuclear membrane, and 42% of them contain chromatin. Although nuclear blebbing could lead to DNA loss if chromatin-containing blebs detach and fuse with lysosomes, we find by time-lapse imaging that nuclear blebs rarely detach, and the estimated lifetime of a nuclear bleb is 772 h or 32 days. The amount of DNA lost through nuclear blebbing is estimated to be about 0.1% of the total DNA loss by adult Day 11. Furthermore, the frequency of nuclear blebbing does not correlate with the rate of aging in C. elegans. Old age does not necessarily induce nuclear blebbing, neither does starvation, heat stress, or oxidative stress. Intriguingly, we find that proliferation of germ cells promotes nuclear blebbing.",Caenorhabditis elegans,temperature,,
36711523,10.1101/2023.01.11.523661,PMC9882034,pmc_not_oa,2023,bioRxiv : the preprint server for biology,Homeodomain-interacting protein kinase maintains neuronal homeostasis during normal <i>Caenorhabditis elegans</i> aging and systemically regulates longevity from serotonergic and GABAergic neurons.,"Aging and the age-associated decline of the proteome is determined in part through neuronal control of evolutionarily conserved transcriptional effectors, which safeguard homeostasis under fluctuating metabolic and stress conditions by regulating an expansive proteostatic network. We have discovered the <i>Caenorhabditis elegans</i> h omeodomain-interacting p rotein k inase (HPK-1) acts as a key transcriptional effector to preserve neuronal integrity, function, and proteostasis during aging. Loss of <i>hpk-1</i> results in drastic dysregulation in expression of neuronal genes, including genes associated with neuronal aging. During normal aging <i>hpk-1</i> expression increases throughout the nervous system more broadly than any other kinase. Within the aging nervous system, <i>hpk-1</i> induction overlaps with key longevity transcription factors, which suggests <i>hpk-1</i> expression mitigates natural age-associated physiological decline. Consistently, pan-neuronal overexpression of <i>hpk-1</i> extends longevity, preserves proteostasis both within and outside of the nervous system, and improves stress resistance. Neuronal HPK-1 improves proteostasis through kinase activity. HPK-1 functions cell non-autonomously within serotonergic and GABAergic neurons to improve proteostasis in distal tissues by specifically regulating distinct components of the proteostatic network. Increased serotonergic HPK-1 enhances the heat shock response and survival to acute stress. In contrast, GABAergic HPK-1 induces basal autophagy and extends longevity, which requires <i>mxl-2</i> (MLX), <i>hlh-30</i> (TFEB), and <i>daf-16</i> (FOXO). Our work establishes <i>hpk-1</i> as a key neuronal transcriptional regulator critical for preservation of neuronal function during aging. Further, these data provide novel insight as to how the nervous system partitions acute and chronic adaptive response pathways to delay aging by maintaining organismal homeostasis.",Caenorhabditis elegans,temperature,,
36670986,10.3390/antiox12010125,PMC9855074,oa,2023,"Antioxidants (Basel, Switzerland)","Genistein Promotes Anti-Heat Stress and Antioxidant Effects via the Coordinated Regulation of IIS, HSP, MAPK, DR, and Mitochondrial Pathways in <i>Caenorhabditis elegans</i>.","To determine the anti-heat stress and antioxidant effects of genistein and the underlying mechanisms, lipofuscin, reactive oxygen species (ROS), and survival under stress were first detected in <i>Caenorhabditis elegans (C. elegans</i>); then the localization and quantification of the fluorescent protein was determined by detecting the fluorescently labeled protein mutant strain; in addition, the aging-related mRNAs were detected by applying real-time fluorescent quantitative PCR in <i>C. elegans</i>. The results indicate that genistein substantially extended the lifespan of <i>C. elegans</i> under oxidative stress and heat conditions; and remarkably reduced the accumulation of lipofuscin in <i>C. elegans</i> under hydrogen peroxide (H<sub>2</sub>O<sub>2</sub>) and 35 °C stress conditions; in addition, it reduced the generation of ROS caused by H<sub>2</sub>O<sub>2</sub> and upregulated the expression of <i>daf-16</i>, <i>ctl-1</i>, <i>hsf-1</i>, <i>hsp-16.2</i>, <i>sip-1</i>, <i>sek-1</i>, <i>pmk-1</i>, and <i>eat-2</i>, whereas it downregulated the expression of <i>age-1</i> and <i>daf-2</i> in <i>C. elegans;</i> similarly, it upregulated the expression of <i>daf-16</i>, <i>sod-3</i>, <i>ctl-1</i>, <i>hsf-1</i>, <i>hsp-16.2</i>, <i>sip-1</i>, <i>sek-1</i>, <i>pmk-1</i>, <i>jnk-1 skn-1</i>, and <i>eat-2</i>, whereas it downregulated the expression of <i>age-1</i>, <i>daf-2</i>, <i>gst-4</i>, and <i>hsp-12.6</i> in <i>C. elegans</i> at 35 °C; moreover, it increased the accumulation of HSP-16.2 and SKN-1 proteins in nematodes under 35 °C and H<sub>2</sub>O<sub>2</sub> conditions; however, it failed to prolong the survival time in the deleted mutant MQ130 nematodes under 35 °C and H<sub>2</sub>O<sub>2</sub> conditions. These results suggest that genistein promote anti-heat stress and antioxidant effects in <i>C. elegans</i> via insulin/-insulin-like growth factor signaling (IIS), heat shock protein (HSP), mitogen-activated protein kinase (MAPK), dietary restriction (DR), and mitochondrial pathways.",Caenorhabditis elegans,temperature,,
36598738,10.1007/7854_2022_413,,no_pmc,2025,Current topics in behavioral neurosciences,From Natural Behavior to Drug Screening: Invertebrates as Models to Study Mechanisms Associated with Alcohol Use Disorders.,"Humans consume ethanol-containing beverages, which may cause an uncontrollable or difficult-to-control intake of ethanol-containing liquids and may result in alcohol use disorders. How the transition at the molecular level from ""normal"" ethanol-associated behaviors to addictive behaviors occurs is still unknown. One problem is that the components contributing to normal ethanol intake and their underlying molecular adaptations, especially in neurons that regulate behavior, are not clear. The fruit fly Drosophila melanogaster and the earthworm Caenorhabditis elegans show behavioral similarities to humans such as signs of intoxication, tolerance, and withdrawal. Underlying the phenotypic similarities, invertebrates and vertebrates share mechanistic similarities. For example in Drosophila melanogaster, the dopaminergic neurotransmitter system regulates the positive reinforcing properties of ethanol and in Caenorhabditis elegans, serotonergic neurons regulate feeding behavior. Since these mechanisms are fundamental molecular mechanisms and are highly conserved, invertebrates are good models for uncovering the basic principles of neuronal adaptation underlying the behavioral response to ethanol. This review will focus on the following aspects that might shed light on the mechanisms underlying normal ethanol-associated behaviors. First, the current status of what is required at the behavioral and cellular level to respond to naturally occurring levels of ethanol is summarized. Low levels of ethanol delay the development and activate compensatory mechanisms that in turn might be beneficial for some aspects of the animal's physiology. Repeated exposure to ethanol however might change brain structures involved in mediating learning and memory processes. The smell of ethanol is already a key component in the environment that is able to elicit behavioral changes and molecular programs. Minimal networks have been identified that regulate normal ethanol consumption. Other environmental factors that influence ethanol-induced behaviors include the diet, dietary supplements, and the microbiome. Second, the molecular mechanisms underlying neuronal adaptation to the cellular stressor ethanol are discussed. Components of the heat shock and oxidative stress pathways regulate adaptive responses to low levels of ethanol and in turn change behavior. The adaptive potential of the brain cells is challenged when the organism encounters additional cellular stressors caused by aging, endosymbionts or environmental toxins or excessive ethanol intake. Finally, to underline the conserved nature of these mechanisms between invertebrates and higher organisms, recent approaches to identify drug targets for ethanol-induced behaviors are provided. Already approved drugs regulate ethanol-induced behaviors and they do so in part by interfering with cellular stress pathways. In addition, invertebrates have been used to identify new compounds targeting molecules involved in the regulation in ethanol withdrawal-like symptoms. This review primarily highlights the advances of the last 5 years concerning Drosophila melanogaster, but also provides intriguing examples of Caenorhabditis elegans and Apis mellifera in support.",Caenorhabditis elegans,temperature,,
36581039,10.1016/j.ijbiomac.2022.12.234,,no_pmc,2023,International journal of biological macromolecules,Cremastra appendiculata polysaccharides improve stress resistance and prolong the lifespan of Caenorhabditis elegans via daf-16 in the insulin signaling pathway.,"Cremastra appendiculata polysaccharide (CAP) exhibits potential anti-aging and stress resistance effects. In this study, we investigated the structure, antioxidant properties, and mechanism of action of CAP in Caenorhabditis elegans. The results showed that CAP primarily comprises mannose and glucose and exerts antioxidant activity in vitro. In vivo, CAP prolonged the lifespan of C. elegans in a concentration-dependent manner, with 2.0 mg/mL CAP prolonging the lifespan by 39.97 %. Compared with the control, the activities of superoxide dismutase (SOD) and catalase (CAT) antioxidant enzymes increased by 46 % and 57 %, respectively. However, the reactive oxygen species (ROS) and malondialdehyde (MDA) contents decreased by 38 % and 19.92 %, respectively, at the same CAP concentration, oxidative and heat stress resistance increased. The target genes of the insulin/insulin-like growth factor (IGF) signaling pathway, daf-16, sod-3, ctl-1, and hsp-16.2, were activated by CAP; their mRNA expression levels were upregulated by 7.23 %, 69.78 %, 43.62 %, and 58.62 %, respectively. A transgenic worm assay indicated that CAP regulates the lifespan of C. elegans through daf-16. These results suggest that CAP improves stress resistance and prolongs the lifespan of C. elegans through daf-16 in the insulin/IGF signaling pathway.",Caenorhabditis elegans,temperature,,
36536996,10.1111/febs.16709,,no_pmc,2023,The FEBS journal,Deregulation of HSF1-mediated endoplasmic reticulum unfolded protein response promotes cisplatin resistance in lung cancer cells.,"Mild hypothermia can induce apoptotic cell death in many cancer cells, but the underlying mechanisms remain unclear. In a genetic screen in Caenorhabditis elegans, we found that impaired endoplasmic reticulum unfolded protein response (UPR<sup>ER</sup> ) increased animal survival after cold shock. Consistently, in normal human lung cells, decreasing culture temperature from 37 to 30 °C activated UPR<sup>ER</sup> and promoted cell death. However, lung adenocarcinoma cells were impaired in UPR<sup>ER</sup> induction and resistant to hypothermia-induced cell death. Mechanistically, hypothermic stress increased HSF1 levels, which in turn activated UPR<sup>ER</sup> to promote apoptotic cell death. HSF1 expression was associated with UPR<sup>ER</sup> genes in normal tissues, but such association was lost in many cancers, especially lung adenocarcinoma. Activating UPR<sup>ER</sup> enhanced the cytotoxicity of chemotherapy drugs cisplatin preferentially in cancer cells. Consistently, cancer patients with higher UPR<sup>ER</sup> expression had generally better prognosis. Together, our study on hypothermia has led to the discovery of HSF1-UPR<sup>ER</sup> in the regulation of drug sensitivity in lung cancer cells, providing novel thoughts on developing new strategies against chemoresistance.",Caenorhabditis elegans,temperature,,
36506568,10.3389/fphar.2022.1034515,PMC9730235,oa,2022,Frontiers in pharmacology,Alpiniae oxyphylla fructus extract promotes longevity and stress resistance of <i>C. elegans via</i> DAF-16 and SKN-1.,"<b>Background:</b> <i>Alpiniae Oxyphylla Fructus</i> (AOF) is Traditional Chinese medicine and a dietary supplements for centuries, which posseses cardiotonic, neuroprotective, antioxidant, warming the kidney and nourish the spleen, these biological fuction is related to potential anti-aging properties. However, little is known about their effects on aging. This work aimed to investigate the effects of extracts of AOF on longevity and stress resistance in <i>Caenorhabditis elegans</i> (<i>C. elegans</i>) and the mechanisms that underlie its effects. <b>Methods:</b> Wild-type (WT) strand of <i>C.elegans</i> (N2)worms were cultured in growth medium with or without AOF. First, we examined the effects of AOF on lifespan, reproduction and healthspan assay, stress resistance and oxidative analysis, lipofuscin levels. Second, The levels of ROS and MDA, the antioxidant enzyme activities were examined to explore the underlying mechanism of AOF. Finally, the expression of the longevity-related genes were investigated to further understand the AOF's underlying mechanism. <b>Results:</b> The lifespan of <i>C. elegans</i> was prolonged by 23.44% after treatment with high-dose AOF (100 ug/ml). AOF alleviated aging-related declines in <i>C. elegans</i> health and enhanced resistance to heat shock. Furthermore, AOF decreased reactive oxygen species and malondialdehyde, increased the activities of superoxide dismutase and catalase, and reduced accumulation of fat. AOF upregulated the expression of sod-3, gst-4, daf-16, and skn-1 but downregulated the expression of daf-2 and age-1 and accelerated the translocation of DAF-16 into the nucleus. The extended lifespan induced by AOF was reversed in <i>daf-16(mu86)</i> and <i>skn-1(zu135</i>) mutants, indicating that this gene is involved in AOF-regulated longevity. <b>Conclusion:</b> Our findings demonstrated that AOF extends lifespan and healthspan and enhances stress <i>via</i> boosting the activity of the antioxidant enzyme and controlling the expression of genes associated with insulin/IGF signaling and SKN-1 pathways. As a result, this work suggested AOF as a possible candidate to reduce the signs of aging by activating and inhibiting target genes.",Caenorhabditis elegans,temperature,,
36499234,10.3390/ijms232314907,PMC9737000,oa,2022,International journal of molecular sciences,The Thermal Stress Coping Network of the Nematode <i>Caenorhabditis elegans</i>.,"Response to hyperthermia, highly conserved from bacteria to humans, involves transcriptional upregulation of genes involved in battling the cytotoxicity caused by misfolded and denatured proteins, with the aim of proteostasis restoration. <i>C. elegans</i> senses and responds to changes in growth temperature or noxious thermal stress by well-defined signaling pathways. Under adverse conditions, regulation of the heat shock response (HSR) in <i>C. elegans</i> is controlled by a single transcription factor, heat-shock factor 1 (HSF-1). HSR and HSF-1 in particular are proven to be central to survival under proteotoxic stress, with additional roles in normal physiological processes. For years, it was a common belief that upregulation of heat shock proteins (HSPs) by HSF-1 was the main and most important step toward thermotolerance. However, an ever-growing number of studies have shown that targets of HSF-1 involved in cytoskeletal and exoskeletal integrity preservation as well as other HSF-1 dependent and independent pathways are equally important. In this review, we follow the thermal stimulus from reception by the nematode nerve endings till the activation of cellular response programs. We analyze the different HSF-1 functions in HSR as well as all the recently discovered mechanisms that add to the knowledge of the heat stress coping network of <i>C. elegans.</i>",Caenorhabditis elegans,temperature,,
36417897,10.1021/acs.jafc.2c04921,,no_pmc,2022,Journal of agricultural and food chemistry,Ceramides from Sea Red Rice Bran Improve Health Indicators and Increase Stress Resistance of <i>Caenorhabditis elegans</i> through Insulin/IGF-1 Signaling (IIS) Pathway and JNK-1.,"The antiaging effects of sea red rice bran <i>in vivo</i>, a new saline-tolerant sea rice byproduct containing high levels of ceramides (Cers), remain unknown. This study aimed to explore the antiaging effects exerted by Cers from sea red rice bran on <i>Caenorhabditis elegans</i>, assess its health indicators as well as tolerance, and then reveal the mechanism of action of Cers in prolonging the mean life span through genetic studies. The results indicated that the mean life span of Cers-treated <i>C. elegans</i> were dose-dependent in the range of 0.10-0.50 mg/mL. Additionally, Cers improved nematode motility, reduced lipofuscin accumulation, and enhanced resistance to heat stress and antioxidant enzyme activity. Genetic studies showed that Cers treatment had altered nematode gene expression. In addition, insulin/IGF-1 and <i>jnk-1</i>/mitogen-activated protein kinase (MAPK) signaling pathways successfully demonstrated the longevity effects of Cers intake. In short, these results suggest that Cers enhance the resistance of <i>C. elegans</i> and prolong its life span.",Caenorhabditis elegans,temperature,,
36355114,10.3390/metabo12111031,PMC9696633,oa,2022,Metabolites,"<i>Euclea divinorum</i> Hiern: Chemical Profiling of the Leaf Extract and Its Antioxidant Activity In Silico, In Vitro and in <i>Caenorhabditis elegans</i> Model.","<i>Euclea divinorum</i> Hiern is a medicinal plant widely distributed in the northeast parts of South Africa. This plant has been used to treat miscarriage and to alleviate gastrointestinal problems. It can also be used externally for the treatment of ulcers and gonorrhea. In this study, we investigated the phytochemical composition of <i>E. divinorum</i> leaf extract using LC-MS and explored its antioxidant properties in vitro and in vivo. The total polyphenolic content of the extract was determined by the Folin-Ciocalteu method. DPPH and FRAP assays were employed to confirm the plant's antioxidant potential in vitro. A survival assay in the <i>Caenorhabditis elegans</i> model was used to evaluate the extract's ability to counteract juglone-induced oxidative stress. Moreover, a docking study was performed for the extract's metabolites, in order to predict possible molecular targets that could explain the antioxidant effect of the plant on a molecular level. This in silico approach was accomplished on three different proteins; xanthine oxidase enzyme, heat shock protein 90 (Hsp90), and induced nitric oxide synthase (iNOS). Docking scores of the resulting poses and their interactions with binding sites' residues were explored for each protein and were compared to those of simultaneously docked respective co-crystallized and reference substrates. The extract furnished promising antioxidant activities in vitro and in vivo in the <i>C. elegans</i> model that might be attributed to the presence of 46 compounds, which showed several interactions and low binding scores with the tested enzymes. In conclusion, <i>E. divinorum</i> is a promising, safe, and effective antioxidant candidate that could be used to ameliorate oxidative stress-related disorders.",Caenorhabditis elegans,temperature,,
36235851,10.3390/nu14194199,PMC9570774,oa,2022,Nutrients,"Identification of a Hydroxygallic Acid Derivative, Zingibroside R1 and a Sterol Lipid as Potential Active Ingredients of <i>Cuscuta chinensis</i> Extract That Has Neuroprotective and Antioxidant Effects in Aged <i>Caenorhabditis elegans</i>.","We examined the effects of the extracts from two traditional Chinese medicine plants, <i>Cuscuta chinensis</i> and <i>Eucommia ulmoides,</i> on the healthspan of the model organism <i>Caenorhabditis elegans</i>. <i>C. chinensis</i> increased the short-term memory and the mechanosensory response of aged <i>C. elegans.</i> Furthermore, both extracts improved the resistance towards oxidative stress, and decreased the intracellular level of reactive oxygen species. Chemical analyses of the extracts revealed the presence of several bioactive compounds such as chlorogenic acid, cinnamic acid, and quercetin. A fraction from the <i>C. chinensis</i> extract enriched in zingibroside R1 improved the lifespan, the survival after heat stress, and the locomotion in a manner similar to the full <i>C. chinensis</i> extract. Thus, zingibroside R1 could be (partly) responsible for the observed health benefits of <i>C. chinensis</i>. Furthermore, a hydroxygallic acid derivative and the sterol lipid 4-alpha-formyl-stigmasta-7,24(241)-dien-3-beta-ol are abundantly present in the <i>C. chinensis</i> extract and its most bioactive fraction, but hardly in <i>E. ulmoides</i>, making them good candidates to explain the overall healthspan benefits of <i>C. chinensis</i> compared to the specific positive effects on stress resistance by <i>E. ulmoides</i>. Our findings highlight the overall anti-aging effects of <i>C. chinensis</i> in <i>C. elegans</i> and provide first hints about the components responsible for these effects.",Caenorhabditis elegans,temperature,,
36234702,10.3390/molecules27196168,PMC9571563,oa,2022,"Molecules (Basel, Switzerland)",Ellagic Acid Increases Stress Resistance via Insulin/IGF-1 Signaling Pathway in <i>Caenorhabditis elegans</i>.,"Ellagic acid is a natural polyphenol found in various fruits and vegetables. Numerous studies have shown that ellagic acid has beneficial effects on human health. In this study, we investigated the stress resistant action of ellagic acid in <i>Caenorhabditis elegans</i> (<i>C. elegans</i>). Notably, 50 μM ellagic acid prolonged the lifespan of <i>C. elegans</i> by 36.25%, 36.22%, 155.1%, and 79.07% under ultraviolet radiation stress, heat stress, oxidative stress, and <i>Pseudomonas aeruginosa</i> infection stress, respectively. Furthermore, the mechanism by which ellagic acid reduces the damage caused by ultraviolet radiation in <i>C. elegans</i> was explored. Ellagic acid could significantly induce the nucleus translocation of DAF-16 and, thereby, activate a series of target genes to resist ultraviolet radiation stress. Moreover, ellagic acid also significantly increased the expression of SOD-3 by 3.61 times and the activity of superoxide dismutase by 3.70 times to clean out harmful reactive oxygen species in <i>C. elegans</i> exposed to ultraviolet radiation stress. In both <i>daf-16</i> mutant and <i>daf-2</i>; <i>daf-16</i> double-mutant worms exposed to ultraviolet radiation, ellagic acid could no longer prolong their lifespan. These results indicate that ellagic acid plays an important role in resisting ultraviolet radiation stress in <i>C. elegans,</i> probably in an insulin/IGF-1 signaling pathway-dependent way.",Caenorhabditis elegans,temperature,,
36198694,10.1038/s41467-022-33467-7,PMC9534930,oa,2022,Nature communications,Thermosensation in Caenorhabditis elegans is linked to ubiquitin-dependent protein turnover via insulin and calcineurin signalling.,"Organismal physiology and survival are influenced by environmental conditions and linked to protein quality control. Proteome integrity is achieved by maintaining an intricate balance between protein folding and degradation. In Caenorhabditis elegans, acute heat stress determines cell non-autonomous regulation of chaperone levels. However, how the perception of environmental changes, including physiological temperature, affects protein degradation remains largely unexplored. Here, we show that loss-of-function of dyf-1 in Caenorhabditis elegans associated with dysfunctional sensory neurons leads to defects in both temperature perception and thermal adaptation of the ubiquitin/proteasome system centered on thermosensory AFD neurons. Impaired perception of moderate temperature changes worsens ubiquitin-dependent proteolysis in intestinal cells. Brain-gut communication regulating protein turnover is mediated by upregulation of the insulin-like peptide INS-5 and inhibition of the calcineurin-regulated forkhead-box transcription factor DAF-16/FOXO. Our data indicate that perception of ambient temperature and its neuronal integration is important for the control of proteome integrity in complex organisms.",Caenorhabditis elegans,temperature,,
36194018,10.1093/g3journal/jkac266,PMC9713407,oa,2022,"G3 (Bethesda, Md.)","A genetic screen for aldicarb resistance of Caenorhabditiselegans dauer larvae uncovers 2 alleles of dach-1, a cytochrome P450 gene.","Animals exhibit phenotypic plasticity through the interaction of genes with the environment, and little is known about the genetic factors that change synaptic function at different developmental stages. Here, we investigated the genetic determinants of how animal's sensitivity to drugs that alter synaptic activity is regulated at a specific developmental stage using the free-living nematode Caenorhabditis elegans. C. elegans enters the stress-resistant dauer larval stage under harsh conditions. Although dauer is known to have reduced permeability and increased resistance to most known exogenous chemicals, we discovered that dauer is hypersensitive to a cholinesterase inhibitor, aldicarb. To investigate genes regulating dauer-specific acetylcholine transduction, we first screened for aldicarb-resistant mutations in dauer and then performed a secondary screen to rule out aldicarb-resistant mutations that also affect adults. We isolated 2 different mutations of a single gene called cyp-34A4 or dach-1 encoding a cytochrome P450. In the nondauer stages, dach-1 is mainly expressed in the intestine, but its expression is robustly increased in the epidermis of dauers. By tissue-specific rescue experiments, we found that dach-1 modulates aldicarb sensitivity in a cell nonautonomous manner. In addition, dach-1 plays pleiotropic functions in dauers by regulating quiescence and surviving heat shock and hyperosmolar stress. Our study reveals novel functions of the cytochrome P450 in synaptic and physiological changes during the developmental plasticity.",Caenorhabditis elegans,temperature,,
36172739,10.1039/d2fo01657e,,no_pmc,2022,Food & function,Hawthorn fruit extract ameliorates H<sub>2</sub>O<sub>2</sub>-induced oxidative damage in neuronal PC12 cells and prolongs the lifespan of <i>Caenorhabditis elegans via</i> the IIS signaling pathway.,"Hawthorn (<i>Crataegus pinnatifida</i>) fruit has a long history of use as traditional Chinese medicine and is shown to have many health benefits including antioxidant and anti-aging. In this study, the anti-aging mechanism of hawthorn fruit extract (HFE) is predicted by network pharmacology and further verified in H<sub>2</sub>O<sub>2</sub>-induced PC12 cells and <i>Caenorhabditis elegans</i>. Network pharmacology predicted that the antiaging mechanism of HFE is mainly involved in phosphoinositide 3-kinase (PI3K)/AKT and the insulin/insulin-like growth factor-1 (IIS) signaling pathway. HFE significantly improved cell viability, increased superoxide dismutase, catalase, and glutathione peroxidase activity, decreased lactate dehydrogenase release, the level of reactive oxygen species (ROS), and malondialdehyde content in H<sub>2</sub>O<sub>2</sub>-induced PC12 cells (<i>p</i> < 0.05). HFE significantly increased the mean lifespan of <i>C. elegans</i> by 28.43% (100 μg mL<sup>-1</sup>) and enhanced the stress resistance to H<sub>2</sub>O<sub>2</sub>, paraquat, juglone, ultraviolet radiation, and heat shock. HFE also suppressed the accumulation of aging pigments, improved the body bending ability, increased antioxidant enzyme activities, and reduced the contents of ROS and malondialdehyde. In addition, relevant gene expression, lifespan experiments with mutant strains, and molecular docking studies supported the results that HFE might extend lifespan through the IIS signal pathway.",Caenorhabditis elegans,temperature,,
36171682,10.1093/g3journal/jkac254,PMC9713419,oa,2022,"G3 (Bethesda, Md.)",Highly efficient transgenesis with miniMos in Caenorhabditis briggsae.,"Caenorhabditis briggsae as a companion species for Caenorhabditis elegans has played an increasingly important role in study of evolution of development and genome and gene regulation. Aided by the isolation of its sister spices, it has recently been established as a model for speciation study. To take full advantage of the species for comparative study, an effective transgenesis method especially those with single-copy insertion is important for functional comparison. Here, we improved a transposon-based transgenesis methodology that had been originally developed in C. elegans but worked marginally in C. briggsae. By incorporation of a heat shock step, the transgenesis efficiency in C. briggsae with a single-copy insertion is comparable to that in C. elegans. We used the method to generate 54 independent insertions mostly consisting of a mCherry tag over the C. briggsae genome. We demonstrated the use of the tags in identifying interacting loci responsible for hybrid male sterility between C. briggsae and Caenorhabditis nigoni when combined with the GFP tags we generated previously. Finally, we demonstrated that C. briggsae tolerates the C. elegans toxin, PEEL-1, but not SUP-35, making the latter a potential negative selection marker against extrachromosomal array.",Caenorhabditis elegans,temperature,,
36125117,10.7554/eLife.74812,PMC9514849,oa,2022,eLife,H3K9me1/2 methylation limits the lifespan of <i>daf-2</i> mutants in <i>C. elegans</i>.,"Histone methylation plays crucial roles in the development, gene regulation, and maintenance of stem cell pluripotency in mammals. Recent work shows that histone methylation is associated with aging, yet the underlying mechanism remains unclear. In this work, we identified a class of putative histone 3 lysine 9 mono/dimethyltransferase genes (<i>met-2, set-6, set-19, set-20, set-21, set-32,</i> and <i>set-33</i>), mutations in which induce synergistic lifespan extension in the long-lived DAF-2 (insulin growth factor 1 [IGF-1] receptor) mutant in <i>Caenorhabditis elegans</i>. These putative histone methyltransferase plus <i>daf-2</i> double mutants not only exhibited an average lifespan nearly three times that of wild-type animals and a maximal lifespan of approximately 100 days, but also significantly increased resistance to oxidative and heat stress. Synergistic lifespan extension depends on the transcription factor DAF-16 (FOXO). mRNA-seq experiments revealed that the mRNA levels of DAF-16 Class I genes, which are activated by DAF-16, were further elevated in the <i>daf-2;set</i> double mutants. Among these genes, <i>tts-1</i>, <i>F35E8.7</i>, <i>ins-35</i>, <i>nhr-62</i>, <i>sod-3</i>, <i>asm-2,</i> and <i>Y39G8B.7</i> are required for the lifespan extension of the <i>daf-2;set-21</i> double mutant. In addition, treating <i>daf-2</i> animals with the H3K9me1/2 methyltransferase G9a inhibitor also extends lifespan and increases stress resistance. Therefore, investigation of DAF-2 and H3K9me1/2 deficiency-mediated synergistic longevity will contribute to a better understanding of the molecular mechanisms of aging and therapeutic applications.",Caenorhabditis elegans,temperature,,
36105349,10.3389/fcell.2022.951199,PMC9465036,oa,2022,Frontiers in cell and developmental biology,Gonadotropin-releasing hormone-like receptor 2 inversely regulates somatic proteostasis and reproduction in <i>Caenorhabditis elegans</i>.,"The quality control machinery regulates the cellular proteome to ensure proper protein homeostasis (proteostasis). In <i>Caenorhabditis elegans</i>, quality control networks are downregulated cell-nonautonomously by the gonadal longevity pathway or metabolic signaling at the onset of reproduction. However, how signals are mediated between the gonad and the somatic tissues is not known. Gonadotropin-releasing hormone (GnRH)-like signaling functions in the interplay between development and reproduction and have conserved roles in regulating reproduction, metabolism, and stress. We, therefore, asked whether GnRH-like signaling is involved in proteostasis collapse at the onset of reproduction. Here, we examine whether <i>C. elegans</i> orthologues of GnRH receptors modulate heat shock survival. We find that <i>gnrr-2</i> is required for proteostasis remodeling in different somatic tissues during the transition to adulthood. We show that <i>gnrr-</i>2 likely functions in neurons downstream of the gonad in the gonadal-longevity pathway and modulate the somatic regulation of transcription factors HSF-1, DAF-16, and PQM-1. In parallel, <i>gnrr-2</i> modulates egg-laying rates, vitellogenin production, and thus reproductive capacity. Taken together, our data suggest that <i>gnrr-2</i> plays a GnRH-associated role, mediating the cross-talk between the reproduction system and the soma in the decision to commit to reproduction.",Caenorhabditis elegans,temperature,,
35939242,10.1007/s10522-022-09956-z,PMC9358063,oa,2022,Biogerontology,Ginseng volatile oil prolongs the lifespan and healthspan of Caenorhabditis elegans.,"Ginseng volatile oil (GVO) is one of the main components of ginseng and has antibacterial and anti-inflammatory properties. In this study, gas chromatography-mass spectrometry (GC-MS) was applied to characterize GVO chemical composition, and 73 volatile components were detected from GVO. Caenorhabditis elegans was used as animal model to further elucidate the antioxidant and anti-aging effects of GVO in vivo. The results suggested that GVO significantly prolonged the lifespan of C. elegans and promoted its health without damaging its reproductive capacity. In addition, GVO increased the antioxidant capacity and survival rate of nematodes after heat shock. Transcriptional sequencing showed that autophagy-related genes atg-4.2, atg-7, lgg-2, and cyd-1 were up-regulated, and superoxide dismutase 1 (sod-1) expression was increased after GVO pretreatment. Considering the role of autophagy and antioxidant in aging, the expression of autophagy substrate P62 protein in BC12921 strain was analyzed and found to decrease by more than 50.00% after treatment with GVO. In addition, the lifespan of SOD-1 mutant nematodes was not significantly different from that of the control group. SOD activity and autophagy were activated, which is a clear expression of hormesis. All these results suggest that GVO prolongs the lifespan and healthspan of C. elegans, and its biological functions may be related to hormesis.",Caenorhabditis elegans,temperature,,
35910355,10.3389/fphar.2022.919269,PMC9330001,oa,2022,Frontiers in pharmacology,Scorpion Venom Heat-Resistant Synthesized Peptide Increases Stress Resistance and Extends the Lifespan of <i>Caenorhabditis elegans via</i> the Insulin/IGF-1-Like Signal Pathway.,"Improving healthy life expectancy by targeting aging-related pathological changes has been the spotlight of geroscience. Scorpions have been used in traditional medicine in Asia and Africa for a long time. We have isolated heat-resistant peptides from scorpion venom of Buthusmartensii Karsch (SVHRP) and found that SVHRP can attenuate microglia activation and protect <i>Caenorhabditis elegans</i> (<i>C. elegans</i>) against β-amyloid toxicity. Based on the amino acid sequence of these peptides, scorpion venom heat-resistant synthesized peptide (SVHRSP) was prepared using polypeptide synthesis technology. In the present study, we used <i>C. elegans</i> as a model organism to assess the longevity-related effects and underlying molecular mechanisms of SVHRSP <i>in vivo</i>. The results showed that SVHRSP could prolong the lifespan of worms and significantly improve the age-related physiological functions of worms. SVHRSP increases the survival rate of larvae under oxidative and heat stress and decreases the level of reactive oxygen species and fat accumulation <i>in vivo</i>. Using gene-specific mutation of <i>C. elegans</i>, we found that SVHRSP-mediated prolongation of life depends on Daf-2, Daf-16, Skn-1, and Hsf-1 genes. These results indicate that the antiaging mechanism of SVHRSP in nematodes might be mediated by the insulin/insulin-like growth factor-1 signaling pathway. Meanwhile, SVHRSP could also up-regulate the expression of stress-inducing genes Hsp-16.2, Sod-3, Gei-7, and Ctl-1 associated with aging. In general, our study may have important implications for SVHRSP to promote healthy aging and provide strategies for research and development of drugs to treat age-related diseases.",Caenorhabditis elegans,temperature,,
35892339,10.3390/biom12081028,PMC9331494,oa,2022,Biomolecules,UCS Chaperone Folding of the Myosin Head: A Function That Evolved before Animals and Fungi Diverged from a Common Ancestor More than a Billion Years Ago.,"The folding of the myosin head often requires a UCS (Unc45, Cro1, She4) domain-containing chaperone. Worms, flies, and fungi have just a single UCS protein. Vertebrates have two; one (Unc45A) which functions primarily in non-muscle cells and another (Unc45B) that is essential for establishing and maintaining the contractile apparatus of cardiac and skeletal muscles. The domain structure of these proteins suggests that the UCS function evolved before animals and fungi diverged from a common ancestor more than a billion years ago. UCS proteins of metazoans and apicomplexan parasites possess a tetratricopeptide repeat (TPR), a domain for direct binding of the Hsp70/Hsp90 chaperones. This, however, is absent in the UCS proteins of fungi and largely nonessential for the UCS protein function in <i>Caenorhabditis elegans</i> and zebrafish. The latter part of this review focusses on the TPR-deficient UCS proteins of fungi. While these are reasonably well studied in yeasts, there is little precise information as to how they might engage in interactions with the Hsp70/Hsp90 chaperones or might assist in myosin operations during the hyphal growth of filamentous fungi.",Caenorhabditis elegans,temperature,,
35864340,10.1007/s00394-022-02957-1,,no_pmc,2022,European journal of nutrition,Oligosaccharides from agar extends lifespan through activation of unfolded protein response via SIR-2.1 in Caenorhabditis elegans.,"Agaro-oligosaccharides (AGO), hydrolysis products of agarose, is known to have antioxidant and anti-inflammatory properties. Speculating that AGO is effective for preventing aging, we investigated the longevity-supporting effects of AGO and their mechanisms using Caenorhabditis elegans. Caenorhabditis elegans were fed AGO from young adulthood. The lifespan, locomotory activity, lipofuscin accumulation, and heat stress resistance of the worms were examined. To elucidate mechanisms of AGO-mediated longevity, we conducted comprehensive expression analysis using microarrays. Moreover, we used quantitative real-time PCR (qRT-PCR) to verify the genes showing differential expression levels. Furthermore, we measured the lifespan of loss-of-function mutants to determine the genes related to AGO-mediated longevity. AGO extended the lifespan of C. elegans, reduced lipofuscin accumulation, and maintained vigorous locomotion. The microarray analysis revealed that the endoplasmic reticulum-unfolded protein response (ER-UPR) and insulin/insulin-like growth factor-1-mediated signaling (IIS) pathway were activated in AGO-fed worms. The qRT-PCR analysis showed that AGO treatment suppressed sir-2.1 expression, which is a negative regulator of ER-UPR. In loss-of-function mutant of sir-2.1, AGO-induced longevity and heat stress resistance were decreased or cancelled completely. Furthermore, the pro-longevity effect of AGO was decreased in loss-of-function mutants of abnormal Dauer formation (daf) -2 and daf-16, which are IIS pathway-related genes. AGO delays the C. elegans aging process and extends their lifespan through the activations of ER-UPR and the IIS pathway.",Caenorhabditis elegans,temperature,,
35821840,10.3389/fragi.2022.853588,PMC9261408,oa,2022,Frontiers in aging,Temperature-Dependent Regulation of Proteostasis and Longevity.,"Temperature is an important environmental condition that determines the physiology and behavior of all organisms. Animals use different response strategies to adapt and survive fluctuations in ambient temperature. The hermaphrodite <i>Caenorhabditis elegans</i> has a well-studied neuronal network consisting of 302 neurons. The bilateral AFD neurons are the primary thermosensory neurons in the nematode. In addition to regulating thermosensitivity, AFD neurons also coordinate cellular stress responses through systemic mechanisms involving neuroendocrine signaling. Recent studies have examined the effects of temperature on altering various signaling pathways through specific gene expression programs that promote stress resistance and longevity. These studies challenge the proposed theories of temperature-dependent regulation of aging as a passive thermodynamic process. Instead, they provide evidence that aging is a well-defined genetic program. Loss of protein homeostasis (proteostasis) is one of the key hallmarks of aging. Indeed, proteostasis pathways, such as the heat shock response and aggregation of metastable proteins, are also controlled by thermosensory neurons in <i>C. elegans</i>. Prolonged heat stress is thought to play a critical role in the development of neurodegenerative protein misfolding diseases in humans. This review presents the latest evidence on how temperature coordinates proteostasis and aging. It also discusses how studies of poikilothermic organisms can be applied to vertebrates and provides new therapeutic strategies for human disease.",Caenorhabditis elegans,temperature,,
35744983,10.3390/molecules27123858,PMC9228897,oa,2022,"Molecules (Basel, Switzerland)",Stress Buffering and Longevity Effects of Amber Extract on <i>Caenorhabditis elegans</i> (<i>C. elegans</i>).,"Amber is a fossilized tree resin historically used in wound healing and stress relief. Unfortunately, there is no concrete scientific evidence supporting such efficacy. Here, the stress buffering and longevity effect of Amber extract (AE) in <i>Caenorhabditis elegans</i> (<i>C. elegans</i>) was investigated. Survival assays, health span assays, Enzyme-Linked Immunosorbent Assay (ELISA), Stress biomarker detection assays, Green Fluorescence Proteins (GFP), Real Time quantitative PCR (RT-qPCR) and <i>C. elegans</i> mutants were employed to investigate the stress buffering and longevity effect of AE. In the study, it was observed that AE supplementation improved health span and survival in both normal and stressed worms. Additionally, AE positively regulated stress hormones (cortisol, oxytocin, and dopamine) and decreased fat and reactive oxygen species (ROS) accumulation. Through the Insulin/IGF-1 signaling (IIS) pathway, AE enhanced the nuclear localization of DAF-16 and the expression of heat shock proteins and antioxidant genes in GFP-tagged worms and at messenger RNA levels. Finally, AE failed to increase the survival of <i>daf-16</i>, <i>daf-2</i>, <i>skn-1</i> and <i>hsf-1</i> loss-of-function mutants, confirming the involvement of the IIS pathway. Evidently, AE supplementation relieves stress and enhances longevity. Thus, amber may be a potent nutraceutical for stress relief.",Caenorhabditis elegans,temperature,,
35596523,10.1111/dgd.12793,,no_pmc,2022,"Development, growth & differentiation",Mosaic gene expression analysis of semaphorin-plexin interactions in Caenorhabditis elegans using the IR-LEGO single-cell gene induction system.,"Genetic mosaic analysis is a powerful means of addressing the sites of gene action in multicellular organisms. In conventional genetic analysis, the generation of desired mosaic patterns is difficult to control due to the randomness of generating the genetic mosaic which often renders the analysis laborious and time consuming. The infrared laser-evoked gene operator (IR-LEGO) microscope system facilitates genetic mosaic analysis by enabling gene induction in targeted single cells in a living organism. However, the level of gene induction is not controllable due to the usage of a heat-shock promoter. Here, we applied IR-LEGO to examine the cell-cell interactions mediated by semaphoring-plexin signaling in Caenorhabditis elegans by inducing wild-type semaphorin/plexin in single cells within the population of mutant cells lacking the relevant proteins. We found that the cell contact-dependent termination of the extension of vulval precursor cells is elicited by the forward signaling mediated by the semaphorin receptor, PLX-1, but not by the reverse signaling via the transmembrane semaphorin, SMP-1. By utilizing Cre/loxP recombination coupled with the IR-LEGO system to induce SMP-1 at a physiological level, we found that SMP-1 interacts with PLX-1 only in trans upon contact between vulval precursor cells. In contrast, when overexpressed, SMP-1 exhibits the ability to cis-interact with PLX-1 on a single cell. These results indicate that mosaic analysis with IR-LEGO, especially when combined with an in vivo recombination system, efficiently complements conventional methods.",Caenorhabditis elegans,temperature,,
35534500,10.1038/s41522-022-00302-2,PMC9085766,oa,2022,NPJ biofilms and microbiomes,Spatiotemporal bio-shielding of bacteria through consolidated geometrical structuring.,"The probiotic bacterium Lactobacillus plantarum is often reckoned as a 'generalist' for its ability to adapt and survive in diverse ecological niches. The genomic signatures of L. plantarum have shown its intricate evolutionary ancestry and dynamic lifestyles. Here, we report on a unique geometrical arrangement of the multicellular population of L. plantarum cells. Prominently, a phenomenon of the cone-shaped colony formation and V-shaped cell chaining are discovered in response to the acidic-pH environment. Moreover, subsequent cold stress response triggers an unusual cellular arrangement of consolidated bundles, which appeared to be independently governed by a small heat shock protein (HSP 1). We further report that the V-shaped L. plantarum chaining demonstrates potent antagonistic activity against Candida albicans, a pathogenic yeast, both in vitro and in a Caenorhabditis elegans co-infection model. Finally, we deduce that the multifaceted traits manifested by this probiotic bacterium is an outcome of its dynamic flexibility and cellular heterogeneity.",Caenorhabditis elegans,temperature,,
35504281,10.1016/j.cub.2022.04.012,,no_pmc,2022,Current biology : CB,Sleep neuron depolarization promotes protective gene expression changes and FOXO activation.,"Sleep is an essential state that allows for recuperation and survival processes. Disturbing sleep triggers stress responses that promote protective gene expression. Sleep and its deprivation grossly impact gene expression, but little is known about how normal or disturbed sleep control gene expression. Central to the induction of sleep are sleep-active neurons, which inhibit wakefulness and promote survival. Sleep and sleep-active neurons are highly conserved. In Caenorhabditis elegans, the sleep-active RIS neuron is crucial for sleep and survival. Here, we show that RIS depolarization promotes the protective gene expression response that occurs during developmental arrest. This response includes the activation of FOXO/DAF-16 and expression of DAF-16 target genes such as HSP-12.6, a small heat-shock protein that is required for starvation survival. Disturbing sleep by mechanical stimulation increases RIS depolarization. RIS activation in turn activates DAF-16 and other genes required for survival. Hence, during normal sleep, RIS depolarization promotes protective gene expression. When sleep is disturbed, protective gene expression gets further increased by raised RIS depolarization. We thus link sleep-active neuron depolarization to protective gene expression changes and suggest that the cellular stress response following sleep deprivation could be understood as a safeguarding process that is caused by the overactivation of sleep-active neurons.",Caenorhabditis elegans,temperature,,
35482150,10.1007/s11130-022-00964-5,,no_pmc,2022,"Plant foods for human nutrition (Dordrecht, Netherlands)",Water-Soluble Polysaccharides Extracted from Pueraria lobata Delay Aging of Caenorhabditis elegans under Heat Stress.,"Pueraria lobata is a perennial legume, commonly used as a food source in China. The polysaccharides extracted from P. lobata have demonstrated various biological activities. However their anti-aging effects and the underline mechanisms are largely unknown. In this study, water-soluble polysaccharides (WSPS) from P. lobata were extracted and demonstrated antioxidant activity against DPPH radicals and hydroxyl radicals in vitro. Using nematode Caenorhabditis elegans as a model, we found that WSPS remarkably prolonged the survival, increased growth and locomotion under heat stress. To investigate the possible mechanism, the levels of reactive oxygen species (ROS) and lipid peroxidation product malondialdehyde (MDA) were determined. WSPS significantly decreased ROS and MDA levels which is consistent with increased activity of superoxide dismutase (SOD). Meanwhile, WSPS upregulated the expression of stress resistance genes sod-1, sod-5, hsf-1, hsp-12.6, hsp-16.2, skn-1 and gst-4. Together, these results suggest that the anti-aging activity of WSPS under heat stress was mediated most likely by activation of the target genes of heat-shock transcription factor (HSF)-1 and skinhead (SKN)-1, and thus inducing endogenous ROS scavenging response.",Caenorhabditis elegans,temperature,,
35373417,10.1002/jbt.23055,,no_pmc,2022,Journal of biochemical and molecular toxicology,Antiamyloid β toxicity effect of genistein via activation of DAF-16 and HSP-16.2 signal pathways in Caenorhabditis elegans.,"β-Amyloid toxicity (Aβ) is an important pathological factor of Alzheimer's disease (AD). Studies have shown that genistein can reduce the toxicity of Aβ to a certain extent; however, the specific mechanism is still uncertain. In the study, we applied Caenorhabditis elegans strains expressing Aβ peptides to evaluate the role of genistein inhibiting Aβ toxicity and the undying mechanism. Genistein influencing the sterol metabolism pathway, the HSP-16.2 pathway, and lipofuscin in different strains of C. elegans were studied using reverse transcription-polymerase chain reaction, fluorescence labeling, RNA interference (RNAi), and so forth. Our results showed that genistein alleviated the paralysis of transgenic C. elegans strains. Furthermore, in AD C. elegans, genistein reduced the fluorescence of lipofuscin, downregulated the messenger RNA (mRNA) level of vit-3 and vit-6 which were related to the sterol metabolism pathway, significantly increased the mRNA level and protein level of HSP-16.2, increased the nuclear translocation of the DAF-16 transcription factor and increased the survival rate after heat stress, which was closely associated with HSP-16.2 levels. However, the paralysis-alleviating effect of genistein was greatly reduced because of RNAi-mediated inhibition of hsp-16.2, indicating that the anti-Aβ toxicity effect of genistein was greatly dependent on HSP-16.2. The above results suggest that genistein inhibiting the toxicity of Aβ in C. elegans, is involved in the modulation of the sterol metabolism pathway by promoting transcription factor DAF-16 translocation into the nucleus, increasing the expression level of HSP-16.2, and reducing the levels of lipofuscin through its antioxidant activity.",Caenorhabditis elegans,temperature,,
35351545,10.1016/j.ijbiomac.2022.03.138,,no_pmc,2022,International journal of biological macromolecules,Sweet tea (Rubus Suavissmus S. Lee) polysaccharides promote the longevity of Caenorhabditis elegans through autophagy-dependent insulin and mitochondrial pathways.,"The fine structure of sweet tea polysaccharide (STP-60a) has been characterized. However, the biological activity of STP-60a has not been extensively explored. This study aims to evaluate the anti-aging activity of STP-60a using Caenorhabditis elegans (C. elegans) as a model and to investigate the underlying molecular mechanism. 400 μg/mL of STP-60a increased the mean lifespan of C. elegans by 22.88%, reduced the lipofuscin content by 33.01%, and improved the survival rate under heat stress and oxidative stress by 32.33% and 27.63%, respectively. Further research in lifespan-related mutants revealed that STP-60a exerted anti-aging effects mainly through insulin and mitochondrial signaling pathways. Through qRT-PCR and microscopic imaging of transgenic nematodes, we found that 400 μg/mL of STP-60a increased the expression of daf-16, skn-1, and hsf-1 downstream of the insulin pathway by 1.68-fold, 1.88-fold, and 1.03-fold, respectively, and promoted the accumulation of daf-16 and skn-1 in the nucleus. STP-60a also significantly regulated the function of the mitochondrial respiratory chain and unfolded protein recovery system. Furthermore, STP-60a activated the autophagy level in C. elegans, and the mutation of daf-2 or clk-1 inhibited the upregulation of autophagy genes by STP-60a, suggesting that autophagy acted as an effector of the insulin and mitochondrial pathways during STP-60a antiaging.",Caenorhabditis elegans,temperature,,
35262535,10.1039/d1fo03538j,,no_pmc,2022,Food & function,Antioxidant properties of lactic acid bacteria isolated from traditional fermented yak milk and their probiotic effects on the oxidative senescence of <i>Caenorhabditis elegans</i>.,"The objectives of the current study were to screen antioxidant lactic acid bacteria (LAB) strains isolated from traditionally fermented Tibetan yak milk, and to evaluate their probiotic effects on the oxidative senescence of <i>Caenorhabditis elegans</i> (<i>C. elegans</i>). A total of 10 LAB isolates were assessed for their antioxidant activity by <i>in vitro</i> assays, and three strains with high activity were selected for an investigation of their probiotic functions in <i>C. elegans</i>. The results indicated that <i>Lactobacillus plantarum</i> As21 showed high anti-oxidant capacity and had a high survival rate (64%) in a simulated gastrointestinal tract. The lifespan of <i>C. elegans</i> treated with As21 was increased by 34.5% compared to the control group. Strain As21 also showed improved motility and enhanced resistance to heat stress and H<sub>2</sub>O<sub>2</sub> stimulation in <i>C. elegans</i>. Moreover, treatment with As21 reduced the production of age-related reactive oxygen species (ROS) and malondialdehyde (MDA) damage and promoted the production of the antioxidants superoxide dismutase (SOD), catalase (CAT) and glutathione GSH. These results suggest that <i>Lactobacillus plantarum</i> strain As21 could be a potential probiotic strain for retarding ageing and could be used in functional foods.",Caenorhabditis elegans,temperature,,
35204151,10.3390/antiox11020268,PMC8868178,oa,2022,"Antioxidants (Basel, Switzerland)","A Potential Probiotic <i>Lactobacillus plantarum</i> JBC5 Improves Longevity and Healthy Aging by Modulating Antioxidative, Innate Immunity and Serotonin-Signaling Pathways in <i>Caenorhabditis elegans</i>.","Since the hypothesis of Dr. Elie Metchnikoff on lactobacilli-mediated healthy aging, several microbes have been reported to extend the lifespan with different features of healthy aging. However, a microbe affecting diverse features of healthy aging is of choice for broader acceptance and marketability as a next-generation probiotic. We employed <i>Caenorhabditis elegans</i> as a model to understand the potential of <i>Lactobacillus plantarum</i> JBC5 (LPJBC5), isolated from fermented food sample on longevity and healthy aging as well as their underlying mechanisms. Firstly, LPJBC5 enhanced the mean lifespan of <i>C. elegans</i> by 27.81% compared with control (untreated). LPBC5-induced longevity was accompanied with better aging-associated biomarkers, such as physical functions, fat, and lipofuscin accumulation. Lifespan assay on mutant worms and gene expression studies indicated that LPJBC5-mediated longevity was due to upregulation of the skinhead-1 (<i>skn-1</i>) gene activated through p38 MAPK signaling cascade. Secondly, the activated transcription factor SKN-1 upregulated the expression of antioxidative, thermo-tolerant, and anti-pathogenic genes. In support, LPJBC5 conferred resistance against abiotic and biotic stresses such as oxidative, heat, and pathogen. LPJBC5 upregulated the expression of intestinal tight junction protein ZOO-1 and improved gut integrity. Thirdly, LPJBC5 improved the learning and memory of worms trained on LPJBC5 compared with naive worms. The results showed upregulation of genes involved in serotonin signaling (<i>ser-1</i>, <i>mod-1</i>, and <i>tph-1</i>) in LPJBC5-fed worms compared with control, suggesting that serotonin-signaling was essential for LPJBC5-mediated improved cognitive function. Fourthly, LPJBC5 decreased the fat accumulation in worms by reducing the expression of genes encoding key substrates and enzymes of fat metabolism (i.e., <i>fat-5</i> and <i>fat-7</i>). Lastly, LPJBC5 reduced the production of reactive oxygen species and improved mitochondrial function, thereby reducing apoptosis in worms. The capability of a single bacterium on pro-longevity and the features of healthy aging, including enhancement of gut integrity and cognitive functions, makes it an ideal candidate for promotion as a next-generation probiotic.",Caenorhabditis elegans,temperature,,
35180892,10.1186/s13578-022-00747-0,PMC8857832,oa,2022,Cell & bioscience,Insight into the mitochondrial unfolded protein response and cancer: opportunities and challenges.,"The mitochondrial unfolded protein response (UPR<sup>mt</sup>) is an evolutionarily conserved protective transcriptional response that maintains mitochondrial proteostasis by inducing the expression of mitochondrial chaperones and proteases in response to various stresses. The UPR<sup>mt</sup>-mediated transcriptional program requires the participation of various upstream signaling pathways and molecules. The factors regulating the UPR<sup>mt</sup> in Caenorhabditis elegans (C. elegans) and mammals are both similar and different. Cancer cells, as malignant cells with uncontrolled proliferation, are exposed to various challenges from endogenous and exogenous stresses. Therefore, in cancer cells, the UPR<sup>mt</sup> is hijacked and exploited for the repair of mitochondria and the promotion of tumor growth, invasion and metastasis. In this review, we systematically introduce the inducers of UPR<sup>mt</sup>, the biological processes in which UPR<sup>mt</sup> participates, the mechanisms regulating the UPR<sup>mt</sup> in C. elegans and mammals, cross-tissue signal transduction of the UPR<sup>mt</sup> and the roles of the UPR<sup>mt</sup> in promoting cancer initiation and progression. Disrupting proteostasis in cancer cells by targeting UPR<sup>mt</sup> constitutes a novel anticancer therapeutic strategy.",Caenorhabditis elegans,temperature,,
35114273,10.1016/j.ijbiomac.2022.01.161,,no_pmc,2022,International journal of biological macromolecules,Impacts of konjac glucomannan with different degree of degradation or deacetylation on the stress resistance and fitness in Caenorhabditis elegans.,"The impact of modification in molecules or deacetylation of konjac glucomannan (KGM) on the stress resistance in vivo has rarely been studied systematically. This research studied the effects of KGM with different molecular weights and degrees of deacetylation on the stress resistance and physical fitness of Caenorhabditis elegans. After the nematodes were incubated with modified KGM, the survival rate of nematodes under oxidative and heat stress, as well as the fertility and locomotion were measured. KGM(2-5) with molecular weight of 212, 124, 94 and 67 kDa can significantly prolong the mean and maximum lifespan of nematodes in the presence of paraquat. Under heat stress, all partially degraded konjac glucomannan (PDKGM) showed the significant extension of survival rates. Da(1-3) with deacetylation of 7%, 32% and 46% improved the survival rates of nematodes under oxidative stress. Furthermore, genes expression showed that KGM(2-5) and Da(1-3) upregulated the expression of sod-3, hsp-16.2, and atf-7. Taken together, molecular weight reduction or deacetylation of KGM have a significant impact on the stress resistance in vivo. PDKGM applied in stress resistance will be suggested not to exceed 200 kDa and deacylation of KGM will be suggested to be below 50%.",Caenorhabditis elegans,temperature,,
35102319,10.1038/s41594-021-00712-4,PMC8850192,oa,2022,Nature structural & molecular biology,SETDB1-like MET-2 promotes transcriptional silencing and development independently of its H3K9me-associated catalytic activity.,"Transcriptionally silenced heterochromatin bearing methylation of histone H3 on lysine 9 (H3K9me) is critical for maintaining organismal viability and tissue integrity. Here we show that in addition to ensuring H3K9me, MET-2, the Caenorhabditis elegans homolog of the SETDB1 histone methyltransferase, has a noncatalytic function that contributes to gene repression. Subnuclear foci of MET-2 coincide with H3K9me deposition, yet these foci also form when MET-2 is catalytically deficient and H3K9me is compromised. Whereas met-2 deletion triggers a loss of silencing and increased histone acetylation, foci of catalytically deficient MET-2 maintain silencing of a subset of genes, blocking acetylation on H3K9 and H3K27. In normal development, this noncatalytic MET-2 activity helps to maintain fertility. Under heat stress MET-2 foci disperse, coinciding with increased acetylation and transcriptional derepression. Our study suggests that the noncatalytic, focus-forming function of this SETDB1-like protein and its intrinsically disordered cofactor LIN-61 is physiologically relevant.",Caenorhabditis elegans,temperature,,
35079060,10.1038/s41598-022-05340-6,PMC8789813,oa,2022,Scientific reports,Cold shock induces a terminal investment reproductive response in C. elegans.,"Challenges from environmental stressors have a profound impact on many life-history traits of an organism, including reproductive strategy. Examples across multiple taxa have demonstrated that maternal reproductive investment resulting from stress can improve offspring survival; a form of matricidal provisioning when death appears imminent is known as terminal investment. Here we report a reproductive response in the nematode Caenorhabditis elegans upon exposure to acute cold shock at 2 °C, whereby vitellogenic lipid movement from the soma to the germline appears to be massively upregulated at the expense of parental survival. This response is dependent on functional TAX-2; TAX-4 cGMP-gated channels that are part of canonical thermosensory mechanisms in worms and can be prevented in the presence of activated SKN-1/Nrf2, the master stress regulator. Increased maternal provisioning promotes improved embryonic cold shock survival, which is notably suppressed in animals with impaired vitellogenesis. These findings suggest that cold shock in C. elegans triggers terminal investment to promote progeny fitness at the expense of parental survival and may serve as a tractable model for future studies of stress-induced progeny plasticity.",Caenorhabditis elegans,temperature,,
34830338,10.3390/ijms222212462,PMC8618238,oa,2021,International journal of molecular sciences,Transcriptome Analysis of Insulin Signaling-Associated Transcription Factors in <i>C. elegans</i> Reveal Their Genome-Wide Target Genes Specificity and Complexity.,"Insulin/IGF-1-like signaling (IIS) plays a crucial, conserved role in development, growth, reproduction, stress tolerance, and longevity. In <i>Caenorhabditis elegans,</i> the enhanced longevity under reduced insulin signaling (rIIS) is primarily regulated by the transcription factors (TFs) DAF-16/FOXO, SKN-1/Nrf-1, and HSF1/HSF-1. The specific and coordinated regulation of gene expression by these TFs under rIIS has not been comprehensively elucidated. Here, using RNA-sequencing analysis, we report a systematic study of the complexity of TF-dependent target gene interactions during rIIS under analogous genetic and experimental conditions. We found that DAF-16 regulates only a fraction of the <i>C. elegans</i> transcriptome but controls a large set of genes under rIIS; SKN-1 and HSF-1 show the opposite trend. Both of the latter TFs function as activators and repressors to a similar extent, while DAF-16 is predominantly an activator. For expression of the genes commonly regulated by TFs under rIIS conditions, DAF-16 is the principal determining factor, dominating over the other two TFs, irrespective of whether they activate or repress these genes. The functional annotations and regulatory networks presented in this study provide novel insights into the complexity of the gene regulatory networks downstream of the IIS pathway that controls diverse phenotypes, including longevity.",Caenorhabditis elegans,temperature,,
34829568,10.3390/antiox10111697,PMC8614835,oa,2021,"Antioxidants (Basel, Switzerland)",Oleuropein Enhances Stress Resistance and Extends Lifespan via Insulin/IGF-1 and SKN-1/Nrf2 Signaling Pathway in <i>Caenorhabditis elegans</i>.,"Oleuropein (OLE) is a secoiridoid glycoside that mainly exists in olives with multifaceted health benefits. The present study aimed to investigate the stress resistance and lifespan extension effects of OLE in <i>Caenorhabditis elegans</i>. The results showed that OLE could significantly prolong the lifespan of <i>C. elegans</i> by 22.29%. Treatment with OLE also significantly increased the survival rates of worms against lethal heat shock and oxidative stress. Meanwhile, OLE supplementation increased the expression and activity of antioxidant enzymes and suppressed the generation of malondialdehyde in nematodes. In addition, the results from mutants implied that OLE might mediate longevity and stress resistance via DAF-16/FoxO, which played a vital role in the insulin/IGF-1 signaling (IIS) pathway. To further identify the molecular targets of OLE, mRNA level and loss-of-function mutants of IIS-associated genes were investigated. The data revealed that OLE activated IIS by down-regulating the upstream components, <i>daf-2</i> and <i>age-1</i>. Furthermore, another stress response and longevity pathway in parallel to DAF-16, SKN-1/Nrf2, was also shown to involve in OLE-induced beneficial effects. Collectively, these results provide the theoretical basis that OLE could enhance the stress resistance and increase the lifespan of <i>C. elegans</i> through the IIS and SKN-1/Nrf2 signaling pathways.",Caenorhabditis elegans,temperature,,
34723964,10.1371/journal.pbio.3001431,PMC8585009,oa,2021,PLoS biology,Neuronal HSF-1 coordinates the propagation of fat desaturation across tissues to enable adaptation to high temperatures in C. elegans.,"To survive elevated temperatures, ectotherms adjust the fluidity of membranes by fine-tuning lipid desaturation levels in a process previously described to be cell autonomous. We have discovered that, in Caenorhabditis elegans, neuronal heat shock factor 1 (HSF-1), the conserved master regulator of the heat shock response (HSR), causes extensive fat remodeling in peripheral tissues. These changes include a decrease in fat desaturase and acid lipase expression in the intestine and a global shift in the saturation levels of plasma membrane's phospholipids. The observed remodeling of plasma membrane is in line with ectothermic adaptive responses and gives worms a cumulative advantage to warm temperatures. We have determined that at least 6 TAX-2/TAX-4 cyclic guanosine monophosphate (cGMP) gated channel expressing sensory neurons, and transforming growth factor ß (TGF-β)/bone morphogenetic protein (BMP) are required for signaling across tissues to modulate fat desaturation. We also find neuronal hsf-1 is not only sufficient but also partially necessary to control the fat remodeling response and for survival at warm temperatures. This is the first study to show that a thermostat-based mechanism can cell nonautonomously coordinate membrane saturation and composition across tissues in a multicellular animal.",Caenorhabditis elegans,temperature,,
34648748,10.1016/j.molcel.2021.09.022,PMC8642288,pmc_not_oa,2021,Molecular cell,Gene bookmarking by the heat shock transcription factor programs the insulin-like signaling pathway.,"Maternal stress can have long-lasting epigenetic effects on offspring. To examine how epigenetic changes are triggered by stress, we examined the effects of activating the universal stress-responsive heat shock transcription factor HSF-1 in the germline of Caenorhabditis elegans. We show that, when activated in germ cells, HSF-1 recruits MET-2, the putative histone 3 lysine 9 (H3K9) methyltransferase responsible for repressive H3K9me2 (H3K9 dimethyl) marks in chromatin, and negatively bookmarks the insulin receptor daf-2 and other HSF-1 target genes. Increased H3K9me2 at these genes persists in adult progeny and shifts their stress response strategy away from inducible chaperone expression as a mechanism to survive stress and instead rely on decreased insulin/insulin growth factor (IGF-1)-like signaling (IIS). Depending on the duration of maternal heat stress exposure, this epigenetic memory is inherited by the next generation. Thus, paradoxically, HSF-1 recruits the germline machinery normally responsible for erasing transcriptional memory but, instead, establishes a heritable epigenetic memory of prior stress exposure.",Caenorhabditis elegans,temperature,,
34619358,10.1016/j.bbapap.2021.140722,,no_pmc,2022,Biochimica et biophysica acta. Proteins and proteomics,Kinetic characterization and thermostability of C. elegans cytoplasmic and mitochondrial malate dehydrogenases.,"Malate dehydrogenase (MDH) catalyzes the conversion of NAD<sup>+</sup> and malate to NADH and oxaloacetate in the citric acid cycle. Eukaryotes have one MDH isozyme that is imported into the mitochondria and one in the cytoplasm. We overexpressed and purified Caenorhabditis elegans cytoplasmic MDH-1 and mitochondrial MDH-2 in E. coli. Our goal was to compare the kinetic and structural properties of these enzymes because C. elegans can survive adverse environmental conditions, such as lack of food and elevated temperatures. In steady-state enzyme kinetics assays, we measured K<sub>M</sub> values for oxaloacetate of 54 and 52 μM and K<sub>M</sub> values for NADH of 61 and 107 μM for MDH-1 and MDH-2, respectively. We partially purified endogenous MDH-1 and MDH-2 from a mixed population of worms and separated them using anion exchange chromatography. Both endogenous enzymes had a K<sub>M</sub> for oxaloacetate similar to that of the corresponding recombinant enzyme. Recombinant MDH-1 and MDH-2 had maximum activity at 40 °C and 35 °C, respectively. In a thermotolerance assay, MDH-1 was much more thermostable than MDH-2. Protein homology modeling predicted that MDH-1 had more intersubunit salt-bridges than mammalian MDH1 enzymes, and these ionic interactions may contribute to its thermostability. In contrast, the MDH-2 homology model predicted fewer intersubunit ionic interactions compared to mammalian MDH2 enzymes. These results suggest that the increased stability of MDH-1 may facilitate its ability to remain active in adverse environmental conditions. In contrast, MDH-2 may use other strategies, such as protein binding partners, to function under similar conditions.",Caenorhabditis elegans,temperature,,
34607947,10.1073/pnas.2104832118,PMC8521664,pmc_not_oa,2021,Proceedings of the National Academy of Sciences of the United States of America,Context-specific regulation of lysosomal lipolysis through network-level diverting of transcription factor interactions.,"Plasticity in multicellular organisms involves signaling pathways converting contexts-either natural environmental challenges or laboratory perturbations-into context-specific changes in gene expression. Congruently, the interactions between the signaling molecules and transcription factors (TF) regulating these responses are also context specific. However, when a target gene responds across contexts, the upstream TF identified in one context is often inferred to regulate it across contexts. Reconciling these stable TF-target gene pair inferences with the context-specific nature of homeostatic responses is therefore needed. The induction of the <i>Caenorhabditis elegans</i> genes <i>lipl-3</i> and <i>lipl-4</i> is observed in many genetic contexts and is essential to survival during fasting. We find DAF-16/FOXO mediating <i>lipl-4</i> induction in all contexts tested; hence, <i>lipl-4</i> regulation seems context independent and compatible with across-context inferences. In contrast, DAF-16-mediated regulation of <i>lipl-3</i> is context specific. DAF-16 reduces the induction of <i>lipl-3</i> during fasting, yet it promotes it during oxidative stress. Through discrete dynamic modeling and genetic epistasis, we define that DAF-16 represses HLH-30/TFEB-the main TF activating <i>lipl-3</i> during fasting. Contrastingly, DAF-16 activates the stress-responsive TF HSF-1 during oxidative stress, which promotes <i>C. elegans</i> survival through induction of <i>lipl-3</i> Furthermore, the TF MXL-3 contributes to the dominance of HSF-1 at the expense of HLH-30 during oxidative stress but not during fasting. This study shows how context-specific diverting of functional interactions within a molecular network allows cells to specifically respond to a large number of contexts with a limited number of molecular players, a mode of transcriptional regulation we name ""contextualized transcription.""",Caenorhabditis elegans,temperature,,
34580918,10.1002/biof.1788,,no_pmc,2022,"BioFactors (Oxford, England)",Tangeretin promotes lifespan associated with insulin/insulin-like growth factor-1 signaling pathway and heat resistance in Caenorhabditis elegans.,"Tangeretin is a polymethoxylated flavonoid naturally occurred in citrus fruits with many pharmacological activities, such as anti-inflammatory, antiproliferative, and neuroprotective properties. A previous study reported that tangeretin-enriched orange extract could prolong the lifespan in Caenorhabditis elegans. However, the antiaging effect of tangeretin remains uncertain. In this study, we used the model organism C. elegans to conduct a lifespan test, observed the aging-related functional changes of nematodes, the fluorescence changes of stress-related proteins (DAF-16 and HSP-16.2) and its response to stress assay, and monitored the effect of tangeretin on the mRNA expression levels. The results showed that tangeretin supplementation (30 and 100 μM) extended the mean lifespan, slowed aging-related functional declines, and increased the resistance against heat-shock stress. Furthermore, tangeretin upregulated the mRNA expression of daf-16, hsp-16.2, and hsp-16.49, promoted the nuclear localization of DAF-16, and enhanced the fluorescence intensity of HSP-16.2, while it had no effect on the lifespan of daf-2, age-1, and daf-16 mutants. The current findings suggest that tangeretin can significantly extend the lifespan and enhance heat stress tolerance in an insulin/insulin-like growth factor signaling dependent manner.",Caenorhabditis elegans,temperature,,
34567416,10.1155/2021/9966223,PMC8460366,oa,2021,Oxidative medicine and cellular longevity,Neuroprotective Effects of Palmatine via the Enhancement of Antioxidant Defense and Small Heat Shock Protein Expression in A<i>β</i>-Transgenic <i>Caenorhabditis elegans</i>.,"Palmatine is a naturally occurring isoquinoline alkaloid that has been reported to display neuroprotective effects against amyloid-<i>β</i>- (A<i>β</i>-) induced neurotoxicity. However, the mechanisms underlying the neuroprotective activities of palmatine remain poorly characterized <i>in vivo</i>. We employed transgenic <i>Caenorhabditis elegans</i> models containing human A<i>β</i> <sub>1-42</sub> to investigate the effects and possible mechanisms of palmatine-mediated neuroprotection. Treatment with palmatine significantly delayed the paralytic process and reduced the elevated reactive oxygen species levels in A<i>β</i>-transgenic <i>C. elegans</i>. In addition, it increased oxidative stress resistance without affecting the lifespan of wild-type <i>C. elegans</i>. Pathway analysis suggested that the differentially expressed genes were related mainly to aging, detoxification, and lipid metabolism. Real-time PCR indicated that resistance-related genes such as <i>sod-3</i> and <i>shsp</i> were significantly upregulated, while the lipid metabolism-related gene <i>fat-5</i> was downregulated. Further studies demonstrated that the inhibitory effects of palmatine on A<i>β</i> toxicity were attributable to the free radical-scavenging capacity and that the upregulated expression of resistance-related genes, especially <i>shsp</i>, whose expression was regulated by HSF-1, played crucial roles in protecting cells from A<i>β</i>-induced toxicity. The research showed that there were significantly fewer A<i>β</i> deposits in transgenic CL2006 nematodes treated with palmatine than in control nematodes. In addition, our study found that A<i>β</i>-induced toxicity was accompanied by dysregulation of lipid metabolism, leading to excessive fat accumulation in A<i>β</i>-transgenic CL4176 nematodes. The alleviation of lipid disorder by palmatine should be attributed not only to the reduction in fat synthesis but also to the inhibition of A<i>β</i> aggregation and toxicity, which jointly maintained metabolic homeostasis. This study provides new insights into the <i>in vivo</i> neuroprotective effects of palmatine against A<i>β</i> aggregation and toxicity and provides valuable targets for the prevention and treatment of AD.",Caenorhabditis elegans,temperature,,
34440335,10.3390/genes12081161,PMC8392475,oa,2021,Genes,Heat Stress Reduces the Susceptibility of <i>Caenorhabditis elegans</i> to Orsay Virus Infection.,"The nematode <i>Caenorhabditis elegans</i> has been a versatile model for understanding the molecular responses to abiotic stress and pathogens. In particular, the response to heat stress and virus infection has been studied in detail. The Orsay virus (OrV) is a natural virus of <i>C. elegans</i> and infection leads to intracellular infection and proteostatic stress, which activates the intracellular pathogen response (IPR). IPR related gene expression is regulated by the genes <i>pals-22</i> and <i>pals-25,</i> which also control thermotolerance and immunity against other natural pathogens. So far, we have a limited understanding of the molecular responses upon the combined exposure to heat stress and virus infection. We test the hypothesis that the response of <i>C. elegans</i> to OrV infection and heat stress are co-regulated and may affect each other. We conducted a combined heat-stress-virus infection assay and found that after applying heat stress, the susceptibility of <i>C. elegans</i> to OrV was decreased. This difference was found across different wild types of <i>C. elegans</i>. Transcriptome analysis revealed a list of potential candidate genes associated with heat stress and OrV infection. Subsequent mutant screens suggest that <i>pals-22</i> provides a link between viral response and heat stress, leading to enhanced OrV tolerance of <i>C. elegans</i> after heat stress.",Caenorhabditis elegans,temperature,,
34413931,10.1155/2021/9942090,PMC8369193,oa,2021,Oxidative medicine and cellular longevity,Antiaging Effects of <i>Vicatia thibetica de Boiss</i> Root Extract on <i>Caenorhabditis elegans</i> and Doxorubicin-Induced Premature Aging in Adult Mice.,"The roots of <i>Vicatia thibetica de Boiss</i> are a kind of Chinese herb with homology of medicine and food. This is the first report showing the property of the extract of <i>Vicatia thibetica de Boiss</i> roots (HLB01) to extend the lifespan as well as promote the healthy parameters in <i>Caenorhabditis elegans</i> (<i>C. elegans</i>). For doxorubicin- (Doxo-) induced premature aging in adult mice, HLB01 counteracted the senescence-associated biomarkers, including P21 and <i>γ</i>H2AX. Interestingly, HLB01 promoted the expression of collagen in <i>C. elegans</i> and mammalian cell systemically, which might be one of the essential factors to exert the antiaging effects. In addition, HLB01 was also found as a scavenger of free radicals, thereby performing the antioxidant ability. Lifespan extension by HLB01 was also dependent on DAF-16 and HSF-1 via oxidative stress resistance and heat stress resistance. Taken together, overall data suggested that HLB01 could extend the lifespan and healthspan of <i>C. elegans</i> and resist Doxo-induced senescence in mice via promoting the expression of collagen, antioxidant potential, and stress resistance.",Caenorhabditis elegans,temperature,,
34365052,10.1016/j.mito.2021.08.002,,no_pmc,2021,Mitochondrion,Hsp90 and its mitochondrial homologue TRAP-1 independently regulate hypoxia adaptations in Caenorhabditis elegans.,"Mitochondrial adaptations to various environmental cues contribute to cellular and organismal adaptations across multiple model organisms. Due to increased complexity, a direct connection between mitochondrial integrity and oxygen fluctuations, and survival fitness was not demonstrated. Here, using C. elegans as a model system, we studied the role of HIF-1, Hsp90, and TRAP-1 in mitochondrial adaptations during chemical hypoxia. We show that Hsp90<sup>mt</sup> (Hsp90 mutant) but not HIF-1<sup>mt</sup> (HIF-1 mutant) affects hypoxia adaptation in nematodes. TRAP-1<sup>KD</sup> (TRAP-1 knockdown) interfered with the survival and fecundity of worms. Compared to Hsp90<sup>mt</sup>, TRAP-1<sup>KD</sup> has induced a significant decrease in mitochondrial integrity and oxygen consumption rate. The complex I inhibitor rotenone did not affect ATP levels in Hsp90<sup>mt</sup> worms. However, ATP levels were decreased in TRAP-1<sup>KD</sup> worms under similar conditions. The glucose restriction has reduced, and glucose supplementation has increased the survival rate in Hsp90<sup>mt</sup> worms. Neither glucose restriction nor glucose supplementation has significantly affected the survival of TRAP-1<sup>KD</sup> worms in response to hypoxia. However, TRAP-1 inhibition using a nanocarrier drug has dramatically reduced the survival rate in response to hypoxia. Our results suggest that Hsp90 and TRAP-1 independently regulate hypoxia adaptations and metabolic plasticity in C. elegans. Considering the emerging roles of TRAP-1 in altered energy metabolism and cellular adaptations, our findings gain importance.",Caenorhabditis elegans,temperature,,
34351906,10.1371/journal.pgen.1009734,PMC8370650,oa,2021,PLoS genetics,Recovery from heat shock requires the microRNA pathway in Caenorhabditis elegans.,"The heat shock response (HSR) is a highly conserved cellular process that promotes survival during stress. A hallmark of the HSR is the rapid induction of heat shock proteins (HSPs), such as HSP-70, by transcriptional activation. Once the stress is alleviated, HSPs return to near basal levels through incompletely understood mechanisms. Here, we show that the microRNA pathway acts during heat shock recovery in Caenorhabditis elegans. Depletion of the miRNA Argonaute, Argonaute Like Gene 1 (ALG-1), after an episode of heat shock resulted in decreased survival and perdurance of high hsp-70 levels. We present evidence that regulation of hsp-70 is dependent on miR-85 and sequences in the hsp-70 3'UTR that contain target sites for this miRNA. Regulation of hsp-70 by the miRNA pathway was found to be particularly important during recovery from HS, as animals that lacked miR-85 or its target sites in the hsp-70 3'UTR overexpressed HSP-70 and exhibited reduced viability. In summary, our findings show that down-regulation of hsp-70 by miR-85 after HS promotes survival, highlighting a previously unappreciated role for the miRNA pathway during recovery from stress.",Caenorhabditis elegans,temperature,,
34240728,10.1039/d0fo03300f,,no_pmc,2021,Food & function,HSF-1 and SIR-2.1 linked insulin-like signaling is involved in goji berry (Lycium spp.) extracts promoting lifespan extension of Caenorhabditis elegans.,"The anti-cancer, vision-improving, and reproduction-enhancing effects of goji berry have been generally recognized, but its role in anti-aging is rarely studied in depth. Therefore, two widely-circulated goji berries, Lycium ruthenicum Murr. (LRM) and Lycium Barbarum. L (LB), were selected to explore their effects on extending lifespan and enhancing defense against extrinsic stress and to uncover the mechanism of action through genetic study. The results showed that supplementation with high-dose LRM (10 mg mL<sup>-1</sup>) and LB (100 mg mL<sup>-1</sup>) extracts significantly extended the lifespan of Caenorhabditis elegans (C. elegans) by 25.19% and 51.38%, respectively, accompanied by the improved stress tolerance of C. elegans to paraquat-induced oxidation, UV-B irradiation and heat shock. Furthermore, LRM and LB extracts remarkably enhanced the activities of antioxidant enzymes including SOD and CAT in C. elegans, while notably decreased the lipofuscin level. Further genetic research demonstrated that the expression levels of key genes daf-16, sod-2, sod-3, sir-2.1 and hsp-16.2 in C. elegans were up-regulated by the intervention with LRM and LB, while that of the age-1 level was down-regulated. Moreover, the daf-16 (mu86) I, sir-2.1 (ok434) IV and hsf-1 (sy441) I mutants reversed the longevity effect brought about by LRM or LB, which confirmed that these genes were required in goji berry-mediated lifespan extension. Therefore, we conclude that HSF-1 and SIR-2.1 act collaboratively with the insulin/IGF signaling pathway (IIS) in a daf-16-independent mode. The present study indicated goji berry as a potential functional food to alleviate the symptoms of aging.",Caenorhabditis elegans,temperature,,
34203095,10.3390/foods10061428,PMC8235530,oa,2021,"Foods (Basel, Switzerland)",In Vitro Probitotic Evaluation of <i>Saccharomyces boulardii</i> with Antimicrobial Spectrum in a <i>Caenorhabditis elegans</i> Model.,"In the present study, we screened for potential probiotic yeast that could survive under extreme frozen conditions. The antimicrobial and heat-stable properties of the isolated yeast strains <i>Saccharomyces boulardii</i> (<i>S. boulardii</i>) (<i>KT000032</i>, <i>KT000033</i>, <i>KT000034</i>, <i>KT000035</i>, <i>KT000036</i>, and <i>KT000037</i>) was analyzed and compared with commercial probiotic strains. The results revealed that the tested <i>S. boulardii KT000032</i> strain showed higher resistance to gastric enzymes (bile salts, pepsin, and pancreatic enzyme) at low pH, with broad antibiotic resistance. In addition, the strain also showed efficient auto-aggregation and co-aggregation abilities and efficient hydrophobicity in the in-vitro and in-vivo <i>C. elegens</i> gut model. Further, the KT000032 strain showed higher antimicrobial efficiency against 13 different enteropathogens and exhibited commensal relationships with five commercial probiotic strains. Besides, the bioactive compounds produced in the cell-free supernatant of probiotic yeast showed thermo-tolerance (95 °C for two hours). Furthermore, the thermo-stable property of the strains will facilitate their incorporation into ready-to-eat food products under extreme food processing conditions.",Caenorhabditis elegans,temperature,,
34201067,10.3390/antiox10060930,PMC8228718,oa,2021,"Antioxidants (Basel, Switzerland)",Red Cabbage Rather Than Green Cabbage Increases Stress Resistance and Extends the Lifespan of <i>Caenorhabditis elegans</i>.,"Many studies have demonstrated that cabbages possess various biological activities, and our previous studies confirmed that cyanidin-3-diglucoside-5-glucoside (CY3D5G), the major core of red cabbage anthocyanins, exhibited in vitro antioxidant activity. This study further investigated the protective effects of CY3D5G derivative from red cabbage juice (RCJ) on oxidative stress and lifespan in cells and <i>Caenorhabditis elegans</i>, green cabbage juice (GCJ) was used as control. RCJ rather than GCJ significantly improved cell viability and decreased lactate dehydrogenase release in H<sub>2</sub>O<sub>2</sub>-induced caco-2 cells. RCJ significantly increased survival during oxidative and heat stress and mean lifespan in <i>C. elegans</i> by 171.63% and 31.64%, and 28.16%, respectively, while GCJ treatment showed no significant effects (<i>p</i> < 0.05). These results might be attributed to significantly (<i>p</i> < 0.05) higher contents of total phenolics, ascorbic acid, glucosinolates, and anthocyanins in RCJ compared to those in GCJ. Additionally, both of them decreased autofluorescence and reproductive capacity, increased body length, but did not alter the intracellular ROS level. Prolonged lifespan by RCJ might require heat-shock transcription factor pathway, sirtuin signaling, and calmodulin kinase II pathway, independent of insulin/insulin-like growth factor-1 signaling pathway. RCJ showed promising antioxidant properties in caco-2 cells and <i>C. elegans</i>, which provided more information on the health benefits of cabbage.",Caenorhabditis elegans,temperature,,
34197476,10.1371/journal.pone.0243522,PMC8248617,oa,2021,PloS one,Temporal requirements of SKN-1/NRF as a regulator of lifespan and proteostasis in Caenorhabditis elegans.,"Lowering the activity of the Insulin/IGF-1 Signaling (IIS) cascade results in elevated stress resistance, enhanced protein homeostasis (proteostasis) and extended lifespan of worms, flies and mice. In the nematode Caenorhabditis elegans (C. elegans), the longevity phenotype that stems from IIS reduction is entirely dependent upon the activities of a subset of transcription factors including the Forkhead factor DAF-16/FOXO (DAF-16), Heat Shock Factor-1 (HSF-1), SKiNhead/Nrf (SKN-1) and ParaQuat Methylviologen responsive (PQM-1). While DAF-16 determines lifespan exclusively during early adulthood and governs proteostasis in early adulthood and midlife, HSF-1 executes these functions foremost during development. Despite the central roles of SKN-1 as a regulator of lifespan and proteostasis, the temporal requirements of this transcription factor were unknown. Here we employed conditional knockdown techniques and discovered that in C. elegans, SKN-1 is primarily important for longevity and proteostasis during late larval development through early adulthood. Our findings indicate that events that occur during late larval developmental through early adulthood affect lifespan and proteostasis and suggest that subsequent to HSF-1, SKN-1 sets the conditions, partially overlapping temporally with DAF-16, that enable IIS reduction to promote longevity and proteostasis. Our findings raise the intriguing possibility that HSF-1, SKN-1 and DAF-16 function in a coordinated and sequential manner to promote healthy aging.",Caenorhabditis elegans,temperature,,
34111615,10.1016/j.phymed.2021.153598,,no_pmc,2021,Phytomedicine : international journal of phytotherapy and phytopharmacology,The triterpenoid ursolic acid ameliorates stress in Caenorhabditis elegans by affecting the depression-associated genes skn-1 and prdx2.,"Depression is one of the leading causes of death worldwide. Lower antioxidant concentrations and increased oxidative stress levels contribute to the development of depression. Effective and tolerable medications are urgently needed. Nrf2 and PRDX2 are promising targets in the treatment of oxidative stress and, therefore, promising for the development of novel antidepressants. Ursolic acid (UA), a natural triterpenoid found in various plants is known to exert neuroprotective and antioxidant effects. Skn-1 (which corresponds to human Nrf2) and prdx2 deficient mutants of the nematode Caenorhabditis elegans are suitable models to study the effect of UA on these targets. Additionally, stress assays are used to mimic stress or depressed state. We examined the antioxidant activity of UA in Caenorhabditis elegans wildtype and skn-1- and prdx2-deficient strains by H<sub>2</sub>DCF-DA and juglone assays as well as osmotic and heat stress assays. Additionally, we analyzed the binding of UA to human PRDX2 and Skn-1 proteins by molecular docking and microscale thermophoresis. UA exerted strong antioxidant activities. Additionally, induction of stress resistance towards osmotic and heat stress was observed. qRT-PCR revealed that UA upregulated the gene expression of skn-1 and prdx2. Molecular docking studies supported these findings. Our findings implicate that the strong antioxidant activity of UA may exert anti-depressive effects by its interaction with the Skn-1 transcription factor, which is part of a detoxification network, and the antioxidant PRDX2 protein, which protects the organism from the detrimental effects of radical oxygen species.",Caenorhabditis elegans,temperature,,
34102068,10.1098/rsbl.2020.0916,PMC8187008,pmc_not_oa,2021,Biology letters,Genes implicated in <i>Caenorhabditis elegans</i> and human health regulate stress resistance and physical abilities in aged <i>Caenorhabditis elegans</i>.,"Recently, nine <i>Caenorhabditis elegans</i> genes, grouped into two pathways/clusters, were found to be implicated in healthspan in <i>C. elegans</i> and their homologues in humans, based on literature curation, WormBase data mining and bioinformatics analyses. Here, we further validated these genes experimentally in <i>C. elegans</i>. We downregulated the nine genes via RNA interference (RNAi), and their effects on physical function (locomotion in a swim assay) and on physiological function (survival after heat stress) were analysed in aged nematodes. Swim performance was negatively affected by the downregulation of <i>acox-1.1</i>, <i>pept-1</i>, <i>pak-2</i>, <i>gsk-3</i> and <i>C25G6.3</i> in worms with advanced age (twelfth day of adulthood) and heat stress resistance was decreased by RNAi targeting of <i>acox-1.1</i>, <i>daf-22</i>, <i>cat-4</i>, <i>pig-1</i>, <i>pak-2</i>, <i>gsk-3</i> and <i>C25G6.3</i> in moderately (seventh day of adulthood) or advanced aged nematodes. Only one gene, <i>sad-1</i>, could not be linked to a health-related function in <i>C. elegans</i> with the bioassays we selected. Thus, most of the healthspan genes could be re-confirmed by health measurements in old worms.",Caenorhabditis elegans,temperature,,
34081106,10.1093/jmcb/mjab035,PMC8648394,oa,2021,Journal of molecular cell biology,SYP-5 regulates meiotic thermotolerance in Caenorhabditis elegans.,"Meiosis produces the haploid gametes required by all sexually reproducing organisms, occurring in specific temperature ranges in different organisms. However, how meiotic thermotolerance is regulated remains largely unknown. Using the model organism Caenorhabditis elegans, here, we identified the synaptonemal complex (SC) protein SYP-5 as a critical regulator of meiotic thermotolerance. syp-5-null mutants maintained a high percentage of viable progeny at 20°C but produced significantly fewer viable progeny at 25°C, a permissive temperature in wild-type worms. Cytological analysis of meiotic events in the mutants revealed that while SC assembly and disassembly, as well as DNA double-strand break repair kinetics, were not affected by the elevated temperature, crossover designation, and bivalent formation were significantly affected. More severe homolog segregation errors were also observed at elevated temperature. A temperature switching assay revealed that late meiotic prophase events were not temperature-sensitive and that meiotic defects during pachytene stage were responsible for the reduced viability of syp-5 mutants at the elevated temperature. Moreover, SC polycomplex formation and hexanediol sensitivity analysis suggested that SYP-5 was required for the normal properties of the SC, and charge-interacting elements in SC components were involved in regulating meiotic thermotolerance. Together, these findings provide a novel molecular mechanism for meiotic thermotolerance regulation.",Caenorhabditis elegans,temperature,,
34069528,10.3390/foods10051127,PMC8161057,oa,2021,"Foods (Basel, Switzerland)",Construction and Application of EGCG-Loaded Lysozyme/Pectin Nanoparticles for Enhancing the Resistance of Nematodes to Heat and Oxidation Stresses.,"Novel nanoparticles (NPs) were constructed with lysozyme (LY) and pectin (Ps) through self-assembly, which were used as a carrier to encapsulate epigallocatechin-3-gallate (EGCG). The binding of EGCG and LY is a static quenching process. Hydrogen bonds might play a major role in the formation of NPs, which has also been verified by a lower binding constant of EGCG with LY/Ps NPs. Meanwhile, EGCG could lead to conformational and microenvironmental changes of LY, resulting in more folding of LY secondary structures. In addition, attaching Ps to LY might inhibit LY aggregation induced by addition of free EGCG. At the LY/Ps mass ratio of 1:1, the constructed LY/Ps NPs had a high EGCG-loading capacity without a significant change in mean particle size, thus, our NPs could be used as an effective nanocarrier for loading EGCG. In vivo, compared with free EGCG, EGCG loaded onto LY/Ps NPs significantly increased <i>Caenorhabditis elegans</i>' (<i>C. elegans</i>) resistance to heat stress and oxidative injury and prolonged their lifespan. This study provides theoretical basis and reference for constructing nanoactive substance carriers so as to improve the resistance of organisms to heat stress and oxidative damage and to increase their survival rate and extend their lifespan under environment stresses.",Caenorhabditis elegans,temperature,,
34059684,10.1038/s41467-021-23567-1,PMC8166903,oa,2021,Nature communications,Cryptic genetic variation in a heat shock protein modifies the outcome of a mutation affecting epidermal stem cell development in C. elegans.,"A fundamental question in medical genetics is how the genetic background modifies the phenotypic outcome of mutations. We address this question by focusing on the seam cells, which display stem cell properties in the epidermis of Caenorhabditis elegans. We demonstrate that a putative null mutation in the GATA transcription factor egl-18, which is involved in seam cell fate maintenance, is more tolerated in the CB4856 isolate from Hawaii than the lab reference strain N2 from Bristol. We identify multiple quantitative trait loci (QTLs) underlying the difference in phenotype expressivity between the two isolates. These QTLs reveal cryptic genetic variation that reinforces seam cell fate through potentiating Wnt signalling. Within one QTL region, a single amino acid deletion in the heat shock protein HSP-110 in CB4856 is sufficient to modify Wnt signalling and seam cell development, highlighting that natural variation in conserved heat shock proteins can shape phenotype expressivity.",Caenorhabditis elegans,temperature,,
33998871,10.1089/can.2020.0103,PMC8713279,oa,2021,Cannabis and cannabinoid research,Effect of Cannabidiol on the Long-Term Toxicity and Lifespan in the Preclinical Model <i>Caenorhabditis elegans</i>.,"<b>Introduction:</b> Despite widespread use of cannabidiol (CBD), no lifelong toxicity study has been published to date. <i>Caenorhabditis elegans</i> is often used in preclinical lifelong toxicity studies, due to an estimated 60-80% of their genes having a human ortholog, and their short lifespan of ∼2-3 weeks. In this study, we examined both acute and long-term exposure studies of CBD at physiologically relevant concentrations. <b>Materials and Methods:</b> Acute toxicity was determined by treating day 1 adults with a wide range of CBD concentrations (0.4 μM to 4 mM) and assessing mortality and motility compared to control animals. Thermotolerance was examined by treating adult animals with CBD (0.4 μM to 4 mM) and exposing them to 37°C for 4 h, and then scoring for the number of alive animals treated with CBD compared to controls. Long-term toxicity was assessed by exposing day 1 adults to 10, 40, and 100 μM CBD until all animals perished. Control animals had no active drug exposure. <b>Results:</b> We report both acute and long-term exposure studies of CBD to adult <i>C. elegans</i> at physiologically relevant concentrations. Acute toxicity results showed that no animal died when exposed to 0.4-4000 μM CBD. The thermotolerance study showed that 40 μM CBD, but not other treatment levels, significantly increased resistance to heat stress by 141% compared to the untreated controls. Notably, whole-life exposure of <i>C. elegans</i> to 10-100 μM CBD revealed a maximum life extension of 18% observed at 40 μM CBD. In addition, motility analysis of the same groups revealed an increase in late-stage life activity by up to 206% compared to controls. <b>Conclusion:</b> These results serve as the only CBD lifelong exposure data in an <i>in vivo</i> model to date. While further research into the lifelong use of CBD should be carried out in mammalian models, the <i>C. elegans</i> model indicates a lack of long-term toxicity at physiologically relevant concentrations.",Caenorhabditis elegans,temperature,,
33974957,10.1016/j.mad.2021.111498,,no_pmc,2021,Mechanisms of ageing and development,Supplementation with phosphatidylethanolamine confers anti-oxidant and anti-aging effects via hormesis and reduced insulin/IGF-1-like signaling in C. elegans.,"Phosphatidylethanolamine is a major component of phospholipids with both structural and metabolic functions in cells. Previous studies have revealed that phosphatidylethanolamine can modulate autophagy with a protective effect against age-related diseases. We examined the effect of dietary supplementation with phosphatidylethanolamine on stress response and aging in Caenorhabditis elegans. Phosphatidylethanolamine increased resistance to oxidative stress without effect on heat stress or ultraviolet irradiation. Both mean and maximum lifespans were significantly increased by phosphatidylethanolamine while fertility was reduced as a trade-off. Age-related decline of muscle function was delayed in animals treated with phosphatidylethanolamine. Supplementation with phosphatidylethanolamine suppressed toxic effect of amyloid β and high-glucose diet. Increased ROS levels and induction of stress-responsive genes after dietary supplementation with phosphatidylethanolamine suggest that anti-oxidative stress and anti-aging effects of phosphatidylethanolamine might be though hormesis. Genetic analysis using long-lived mutants and knockdown by RNAi revealed that the lifespan-extending effect of phosphatidylethanolamine overlapped with that of reduced insulin/IGF-1-like signaling and required DAF-16, a downstream transcription factor known to regulate the expression of many stress-responsive genes. These findings indicate that phosphatidylethanolamine has anti-oxidative stress and anti-aging activities with its underlying mechanisms involving hormesis and reduced insulin/IGF-1-like signaling in C. elegans.",Caenorhabditis elegans,temperature,,
33924155,10.3390/ijms22084279,PMC8074393,oa,2021,International journal of molecular sciences,Ferulic Acid Supplementation Increases Lifespan and Stress Resistance via Insulin/IGF-1 Signaling Pathway in <i>C. elegans</i>.,"Ferulic acid (FA) is a naturally-occurring well-known potent antioxidant and free radical scavenger. FA supplementation is an effective strategy to delay aging, but the underlying mechanism remains unknown. In the present study, we examined the effects of FA on lifespan extension and its mechanism of FA in <i>Caenorhabditis elegans</i> (<i>C. elegans</i>). Results suggested that FA increased the lifespan of <i>C. elegans</i>, rather than altering the growth of <i>E. coli</i> OP50. Meanwhile, FA promoted the healthspan of <i>C. elegans</i> by improving locomotion and reducing fat accumulation and polyQ aggregation. FA increased the resistance to heat and oxidative stress through reducing ROS. The upregulating of the expression of the <i>hlh-30</i>, <i>skn-1</i>, and <i>hsf-1</i> were involved in the FA-mediated lifespan extension. Furthermore, FA treatment had no impact on the lifespan of <i>daf-2</i>, <i>hlh-30</i>, <i>skn-1</i>, and <i>hsf-1</i> mutants, confirming that insulin/IGF-1 signaling pathway and multiple longevity mechanisms were associated with the longevity mechanism of FA. We further found that mitochondrial signaling pathway was modulation involved in FA-mediated lifespan extension. With the results from RNA-seq results and mutants lifespan assay. These findings contribute to our knowledge of the lifespan extension and underlying mechanism of action of FA in <i>C. elegans</i>.",Caenorhabditis elegans,temperature,,
33858388,10.1186/s12915-021-01008-1,PMC8051109,oa,2021,BMC biology,Chronic temperature stress inhibits reproduction and disrupts endocytosis via chaperone titration in Caenorhabditis elegans.,"Temperature influences biology at all levels, from altering rates of biochemical reactions to determining sustainability of entire ecosystems. Although extended exposure to elevated temperatures influences organismal phenotypes important for human health, agriculture, and ecology, the molecular mechanisms that drive these responses remain largely unexplored. Prolonged, mild temperature stress (48 h at 28 °C) has been shown to inhibit reproduction in Caenorhabditis elegans without significantly impacting motility or viability. Analysis of molecular responses to chronic stress using RNA-seq uncovers dramatic effects on the transcriptome that are fundamentally distinct from the well-characterized, acute heat shock response (HSR). While a large portion of the genome is differentially expressed ≥ 4-fold after 48 h at 28 °C, the only major class of oogenesis-associated genes affected is the vitellogenin gene family that encodes for yolk proteins (YPs). Whereas YP mRNAs decrease, the proteins accumulate and mislocalize in the pseudocoelomic space as early as 6 h, well before reproduction declines. A trafficking defect in a second, unrelated fluorescent reporter and a decrease in pre-synaptic neuronal signaling indicate that the YP mislocalization is caused by a generalized defect in endocytosis. Molecular chaperones are involved in both endocytosis and refolding damaged proteins. Decreasing levels of the major HSP70 chaperone, HSP-1, causes similar YP trafficking defects in the absence of stress. Conversely, increasing chaperone levels through overexpression of the transcription factor HSF-1 rescues YP trafficking and restores neuronal signaling. These data implicate chaperone titration during chronic stress as a molecular mechanism contributing to endocytic defects that influence multiple aspects of organismal physiology. Notably, HSF-1 overexpression improves recovery of viable offspring after exposure to stress. These findings provide important molecular insights into understanding organismal responses to temperature stress as well as phenotypes associated with chronic protein misfolding.",Caenorhabditis elegans,temperature,,
33732902,10.1016/j.bbrep.2021.100961,PMC7944026,oa,2021,Biochemistry and biophysics reports,Cortisol promotes stress tolerance via DAF-16 in <i>Caenorhabditis elegans</i>.,"In this study, we studied the effects of cortisol and cortisone on the age-related decrease in locomotion in the nematode <i>Caenorhabditis elegans</i> and on the tolerance to heat stress at 35 °C and to oxidative stress induced by the exposure to 0.1% H<sub>2</sub>O<sub>2</sub>. Changes in mRNA expression levels of <i>C. elegans</i> genes related to stress tolerance were also analyzed. Cortisol treatment restored nematode movement following heat stress and increased viability under oxidative stress, but also shortened worm lifespan. Cortisone, a cortisol precursor, also restored movement after heat stress. Additionally, cortisol treatment increased mRNA expression of the <i>hsp-12.6</i> and <i>sod-3</i> genes. Furthermore, cortisol treatment failed to restore movement of <i>daf-16</i>-deficient mutants after heat stress, whereas cortisone failed to restore the movement of <i>dhs-30</i>-deficient mutants after heat stress. In conclusion, the results suggested that cortisol promoted stress tolerance via DAF-16 but shortened the lifespan, whereas cortisone promoted stress tolerance via DHS-30.",Caenorhabditis elegans,temperature,,
33723307,10.1038/s41598-021-85046-3,PMC7971010,oa,2021,Scientific reports,Bacterial processing of glucose modulates C. elegans lifespan and healthspan.,"Intestinal microbiota play an essential role in the health of a host organism. Here, we define how commensal Escherichia coli (E. coli) alters its host after long term exposure to glucose using a Caenorhabditis elegans-E. coli system where only the bacteria have direct contact with glucose. Our data reveal that bacterial processing of glucose results in reduced lifespan and healthspan including reduced locomotion, oxidative stress resistance, and heat stress resistance in C. elegans. With chronic exposure to glucose, E. coli exhibits growth defects and increased advanced glycation end products. These negative effects are abrogated when the E. coli is not able to process the additional glucose and by the addition of the anti-glycation compound carnosine. Physiological changes of the host C. elegans are accompanied by dysregulation of detoxifying genes including glyoxalase, glutathione-S-transferase, and superoxide dismutase. Loss of the glutathione-S-transferase, gst-4 shortens C. elegans lifespan and blunts the animal's response to a glucose fed bacterial diet. Taken together, we reveal that added dietary sugar may alter intestinal microbial E. coli to decrease lifespan and healthspan of the host and define a critical role of detoxification genes in maintaining health during a chronic high-sugar diet.",Caenorhabditis elegans,temperature,,
33673074,10.3390/metabo11020105,PMC7917784,oa,2021,Metabolites,"Elevated Trehalose Levels in <i>C. elegans daf-2</i> Mutants Increase Stress Resistance, Not Lifespan.","The <i>C. elegans</i> insulin/IGF-1 (insulin-like growth factor 1) signaling mutant <i>daf-2</i> recapitulates the dauer metabolic signature-a shift towards lipid and carbohydrate accumulation-which may be linked to its longevity and stress resistance phenotypes. Trehalose, a disaccharide of glucose, is highly upregulated in <i>daf‑2</i> mutants and it has been linked to proteome stabilization and protection against heat, cold, desiccation, and hypoxia. Earlier studies suggested that elevated trehalose levels can explain up to 43% of the lifespan extension observed in <i>daf-2</i> mutants. Here we demonstrate that trehalose accumulation is responsible for increased osmotolerance, and to some degree thermotolerance, rather than longevity in <i>daf-2</i> mutants. This indicates that particular stress resistance phenotypes can be uncoupled from longevity.",Caenorhabditis elegans,temperature,,
33666644,10.1083/jcb.202006174,PMC7941181,oa,2021,The Journal of cell biology,Reduced insulin/IGF1 signaling prevents immune aging via ZIP-10/bZIP-mediated feedforward loop.,"A hallmark of aging is immunosenescence, a decline in immune functions, which appeared to be inevitable in living organisms, including Caenorhabditis elegans. Here, we show that genetic inhibition of the DAF-2/insulin/IGF-1 receptor drastically enhances immunocompetence in old age in C. elegans. We demonstrate that longevity-promoting DAF-16/FOXO and heat-shock transcription factor 1 (HSF-1) increase immunocompetence in old daf-2(-) animals. In contrast, p38 mitogen-activated protein kinase 1 (PMK-1), a key determinant of immunity, is only partially required for this rejuvenated immunity. The up-regulation of DAF-16/FOXO and HSF-1 decreases the expression of the zip-10/bZIP transcription factor, which in turn down-regulates INS-7, an agonistic insulin-like peptide, resulting in further reduction of insulin/IGF-1 signaling (IIS). Thus, reduced IIS prevents immune aging via the up-regulation of anti-aging transcription factors that modulate an endocrine insulin-like peptide through a feedforward mechanism. Because many functions of IIS are conserved across phyla, our study may lead to the development of strategies against immune aging in humans.",Caenorhabditis elegans,temperature,,
33633573,10.3389/fphar.2021.604435,PMC7901915,oa,2021,Frontiers in pharmacology,Enhanced Healthspan in <i>Caenorhabditis elegans</i> Treated With Extracts From the Traditional Chinese Medicine Plants <i>Cuscuta chinensis</i> Lam. and <i>Eucommia ulmoides</i> Oliv.,"To uncover potential anti-aging capacities of Traditional Chinese Medicine (TCM), the nematode <i>Caenorhabditis elegans</i> was used to investigate the effects of <i>Eucommia ulmoides</i> and <i>Cuscuta chinensis</i> extracts, selected by screening seven TCM extracts, on different healthspan parameters. Nematodes exposed to <i>E. ulmoides</i> and <i>C. chinensis</i> extracts, starting at the young adult stage, exhibited prolonged lifespan and increased survival after heat stress as well as upon exposure to the pathogenic bacterium <i>Photorhabdus luminescens</i>, whereby the survival benefits were monitored after stress initiation at different adult stages. However, only <i>C. chinensis</i> had the ability to enhance physical fitness: the swimming behavior and the pharyngeal pumping rate of <i>C. elegans</i> were improved at day 7 and especially at day 12 of adulthood. Finally, monitoring the red fluorescence of aged worms revealed that only <i>C. chinensis</i> extracts caused suppression of intestinal autofluorescence, a known marker of aging. The results underline the different modes of action of the tested plants extracts. <i>E. ulmoides</i> improved specifically the physiological fitness by increasing the survival probability of <i>C. elegans</i> after stress, while <i>C. chinensis</i> seems to be an overall healthspan enhancer, reflected in the suppressed autofluorescence, with beneficial effects on physical as well as physiological fitness. The <i>C. chinensis</i> effects may be hormetic: this is supported by increased gene expression of <i>hsp-16.1</i> and by trend, also of <i>hsp-12.6</i>.",Caenorhabditis elegans,temperature,,
33612178,10.1016/j.lssr.2020.12.003,,no_pmc,2021,Life sciences in space research,Simulated microgravity accelerates aging in Saccharomyces cerevisiae.,"The human body experiences physiological changes under microgravity environment that phenocopy aging on Earth. These changes include early onset osteoporosis, skeletal muscle atrophy, cardiac dysfunction, and immunosenescence, and such adaptations to the space environment may pose some risk to crewed missions to Mars. To investigate the effect of microgravity on aging, many model organisms have been used such as the nematode Caenorhabditis elegans, the fruit fly Drosophila melanogaster, and mice. Herein we report that the budding yeast Saccharomyces cerevisiae show decreased replicative lifespan (RLS) under simulated microgravity in a clinostat. The reduction of yeast lifespan is not a result of decreased tolerance to heat shock or oxidative stress and could be overcome either by deletion of FOB1 or calorie restriction, two known interventions that extend yeast RLS. Deletion of the sirtuin gene SIR2 worsens the simulated microgravity effect on RLS, and together with the fob1Δ mutant phenotype, it suggests that simulated microgravity augments the formation of extrachromosomal rDNA circles, which accumulate in yeast during aging. We also show that the chronological lifespan in minimal medium was not changed when cells were grown in the clinostat. Our data suggest that the reduction in longevity due to simulated microgravity is conserved in yeast, worms, and flies, and these findings may have potential implications for future crewed missions in space, as well as the use of microgravity as a model for human aging.",Caenorhabditis elegans,temperature,,
33611213,10.1016/j.phymed.2021.153482,,no_pmc,2021,Phytomedicine : international journal of phytotherapy and phytopharmacology,Induction of stress resistance and extension of lifespan in Chaenorhabditis elegans serotonin-receptor knockout strains by withanolide A.,"Approximately 300 million people worldwide suffer from depression. The COVID-19 crisis may dramatically increase these numbers. Severe side effects and resistance development limit the use of standard antidepressants. The steroidal lactone withanolide A (WA) from Withania somnifera may be a promising alternative. Caenorhabditis elegans was used as model to explore WA's anti-depressive and anti-stress potential. C. elegans wildtype (N2) and deficient strains (AQ866, DA1814, DA2100, DA2109 and MT9772) were used to assess oxidative, osmotic or heat stress as measured by generation of reactive oxygen species (ROS), determination of lifespan, and mRNA expression of serotonin receptor (ser-1, ser-4, ser-7) and serotonin transporter genes (mod-5). The protective effect of WA was compared to fluoxetine as clinically established antidepressant. Additionally, WA's effect on lifespan was determined. Furthermore, the binding affinities and pKi values of WA, fluoxetine and serotonin as natural ligand to Ser-1, Ser-4, Ser-7, Mod-5 and their human orthologues proteins were calculated by molecular docking. Baseline oxidative stress was higher in deficient than wildtype worms. WA and fluoxetine reduced ROS levels in all strains except MT9772. WA and fluoxetine prolonged survival times in wildtype and mutants under osmotic stress. WA but not fluoxetine increased lifespan of all heat-stressed C. elegans strains except DA2100. Furthermore, WA but not fluoxetine extended lifespan in all non-stressed C. elegans strains. WA also induced mRNA expression of serotonin receptors and transporters in wildtype and mutants. WA bound with higher affinity and lower pKi values to all C. elegans and human serotonin receptors and transporters than serotonin, indicating that WA may competitively displaced serotonin from the binding pockets of these proteins. WA reduced stress and increased lifespan by ROS scavenging and interference with the serotonin system. Hence, WA may serve as promising candidate to treat depression.",Caenorhabditis elegans,temperature,,
33523838,10.1126/sciadv.abc3026,PMC7775758,oa,2021,Science advances,N<sup>6</sup>-methyldeoxyadenine and histone methylation mediate transgenerational survival advantages induced by hormetic heat stress.,"Environmental stress can induce survival advantages that are passed down to multiple generations, representing an evolutionarily advantageous adaptation at the species level. Using the nematode worm <i>Caenorhabditis elegans</i> as a model, we found that heat shock experienced in either parent could increase the longevity of themselves and up to the fifth generation of descendants. Mechanistic analyses revealed that transcription factor DAF-16/FOXO, heat shock factor HSF-1, and nuclear receptor DAF-12/FXR functioned transgenerationally to implement the hormetic stress response. Histone H3K9me3 methyltransferases SET-25 and SET-32 and DNA N<sup>6</sup>-methyl methyltransferase DAMT-1 participated in transmitting high-temperature memory across generations. H3K9me3 and N<sup>6</sup>-methyladenine could mark heat stress response genes and promote their transcription in progeny to extend life span. We dissected the mechanisms responsible for implementing and transmitting environmental memories in descendants from heat-shocked parents and demonstrated that hormetic stress caused survival benefits could be transmitted to multiple generations through H3K9me3 and N<sup>6</sup>-mA modifications.",Caenorhabditis elegans,temperature,,
33488924,10.1155/2020/4057841,PMC7787765,oa,2020,Oxidative medicine and cellular longevity,Healthspan Improvements in <i>Caenorhabditis elegans</i> with Traditional Chinese Herbal Tea.,"Searching for natural and safe herbal tea with health benefits has attracted more and more attention, which is of great significance for reducing disease risk. A Chinese traditional herbal tea (HT) is rich in active ingredients extracted from natural plants. Numerous pharmacological studies showed that HT had the potential to improve health, including antidepression and antioxidant effects. In this study, we proposed a strategy to explore the role and underlying mechanism of HT in improving healthspan of a <i>Caenorhabditis elegans</i> model. First, we found that HT significantly prolonged the lifespan without reducing fertility in worms. Second, stress resistance (oxidative stress and heat stress) was enhanced and A<i>β</i>- and polyQ-induced toxicity was relieved significantly by HT treatment. Both fat deposition and age pigment accumulation were found to be significantly reduced in HT-treated worms. The locomotion in mid-late stages was improved, indicating that behavioral mobility was also significantly enhanced. Furthermore, the main components of HT were eighteen polyphenols and two terpenoids. Finally, it was found that this protective mechanism was positively correlated with the insulin/insulin-like growth factor signaling- (IIS-) dependent manner, which went through promoting the nuclear localization of DAF-16 and its downstream SOD-3 expression. These results suggested that HT had an important role in improving health, which might serve as a promising healthy tea.",Caenorhabditis elegans,temperature,,
33184875,10.1002/elps.202000251,,no_pmc,2021,Electrophoresis,An integrated microfluidics for assessing the anti-aging effect of caffeic acid phenethylester in Caenorhabditis elegans.,"Aging is a fundamental and fascinating process. Anti-aging research tried to find the mysteries about the human lifespan. To investigate the longevity-extending role of caffeic acid phenethylester (CAPE) and reveal the possible regulation mechanism, the long-term cultivation under well-defined environments, real-time monitoring, and live imaging is highly desired. In this paper, a well-designed microfluidic device was proposed to analyze the anti-aging effect of CAPE in Caenorhabditis elegans. With the combined use of multiple functional units, including micro-pillar, worm responder, a branching network of distribution channels, and microchambers, the longitudinal measurements of the exact number of worms throughout the whole lifespans is possible. Meanwhile, the brief cooling function of temperature-controllable system can achieve temporary and repeated immobilization of nematodes for fluorescence imaging. Our research data showed that CAPE can increase the survival of worms under normal and stress condition, including heat stress and paraquat-induced oxidative stress. The further studies revealed the anti-aging mechanism of CAPE. This proposed strategy and device would be a useful platform to facilitate future anti-aging studies and the finding of new lead compounds.",Caenorhabditis elegans,temperature,,
33179346,10.1002/biof.1695,,no_pmc,2020,"BioFactors (Oxford, England)",Longevity effects of hispidol in Caenorhabditis elegans.,"In this study, we investigated the longevity effects of hispidol, a 6,4'-dihydroxyaurone, using the Caenorhabditis elegans model system. Our lifespan assay data revealed that hispidol could prolong the lifespan of wild-type worms under normal culture condition. Moreover, hispidol increased the survival rate of the worms against a heat stress condition through up-regulated expressions of HSP-16.2. Similarly, hispidol protected worms from paraquat-induced oxidative stress. We also found that the hispidol elevated the activities of antioxidant enzymes, thereby attenuating the generation of intracellular reactive oxygen species. These results suggest that the enhancement of lifespan and stress resistance by the hispidol treatment might be attributed to its strong in vivo antioxidant capacity and regulation of stress proteins. Further tests on the aging-related factors revealed that hispidol could regulate the speed of pharyngeal pumping, indicating the association of dietary restriction with the hispidol-mediated longevity. However, there were no significant alterations in the body length of the worms between the groups. We then investigated the effects of hispidol on body movement and lipofuscin accumulation in aged worms. Interestingly, these healthspan parameters were strongly improved by the hispidol treatment. Our genetic studies showed no significant change in the lifespan of the daf-16 null mutants by hispidol supplementation. In addition, enhanced nuclear translocation of DAF-16 was observed in the hispidol-fed DAF-16::GFP fused transgenic mutants, suggesting the requirement of DAF-16/FOXO activation for the longevity effect of hispidol.",Caenorhabditis elegans,temperature,,
33133151,10.3389/fgene.2020.566948,PMC7573314,oa,2020,Frontiers in genetics,Thermotolerance of <i>tax-2</i> Is Uncoupled From Life Span Extension and Influenced by Temperature During Development in <i>C. elegans</i>.,"Thermotolerance of an organism is a complex trait that is influenced by a multitude of genetic and environmental factors. Many factors controlling thermotolerance in <i>Caenorhabditis elegans</i> are known to extend life. To understand the regulation of thermotolerance, we performed a genetic screen for mutants with better survival at warm temperature. Here we identified by dauer survival a <i>tax-2</i> mutation and several mutations disrupting an insulin signaling pathway including the <i>daf-2</i> gene. While the <i>tax-2</i> mutant has improved thermotolerance and long life span, the newly identified <i>daf-2</i> and other insulin signaling mutants, unlike the canonical <i>daf-2(e1370)</i>, do not show improved thermotolerance despite being long-lived. Examination of <i>tax-2</i> mutations and their mutant phenotypes suggest that the control of thermotolerance is not coupled with the control of life span or dauer survival. With genetic interaction studies, we concluded that <i>tax-2</i> has complex roles in life span and dauer survival and that <i>tax-2</i> is a negative regulator of thermotolerance independent of other known thermotolerance genes including those in the insulin signaling pathway. Moreover, cold growth temperature during development weakens the improved thermotolerance associated with <i>tax-2</i> and other thermotolerance-inducing mutations. Together, this study reveals previously unknown genetic and environmental factors controlling thermotolerance and their complex relationship with life span regulation.",Caenorhabditis elegans,temperature,,
33078415,10.1111/jfbc.13519,,no_pmc,2020,Journal of food biochemistry,"The Sirtuin-1 relied antioxidant and antiaging activity of 5,5'-diferulic acid glucoside esters derived from corn bran by enzymatic method.","Maize is the food crop with the highest total output in the world. However, corn bran is only a by-product with low price. The 5,5'-diferulic acid glucoside esters (DFG) were obtained from corn bran using the enzymatic method. DFG showed obvious antioxidant capacity in cell, Caenorhabditis elegans (C. elegans) and in mouse. DFG decreased ROS and MDA content in 500 μM H<sub>2</sub> O<sub>2</sub> stimulated ARPE-19 cells to 48.6% and 32.2%, respectively. DFG decreased ROS content in C. elegans to 49.1% and MDA content in acute ethanol (50%, 12 ml/kg) stimulated mouse to 30.4%. DFG also increased SOD protein content significantly in cell, C. elegans and mouse to 175.5%, 120.1%, and 126.2%, respectively. DFG significantly extended the lifespan of C. elegans both under heat stress and natural situation. The median survival time was prolonged to 133.3% and 116.7%, respectively. This capacity relied on the SIR-2.1 activity. SIR-2.1 is an ortholog of human Sirtuin-1 (SIRT-1). DFG also upregulated SIRT-1 and PCG-1α expression level obviously in H<sub>2</sub> O<sub>2</sub> -stimulated ARPE-19 cells (to 134.4% and 127.1%, respectively) and in acute ethanol stimulated mouse eyes (to 135.1% and 111.5%, respectively) and liver (to 123.3% and 113.6%, respectively). These results indicate that DFG has multiple bioactivities. Our research provides a new application prospect of corn bran. And to our best knowledge, this is the first time, the sirtuins-relied lifespan extension activity of the 5,5'-diferulic acid extracted from corn bran was reported. PRACTICAL APPLICATIONS: The traditional method for extracting diferulic acid from corn bran is to use the strong alkali. Obviously, this is not welcomed by the food industry. We employed the biological enzyme method in a relatively mild pH range during the extraction process. It is more environmentally friendly and more economical. DFG can be added as a raw material for functional foods like yogurt, fruit juice, and cereals. As well, the solid precipitate obtained after extraction can also be used as high-quality dietary fiber to produce functional food. Meanwhile, concerning for the 5,5'-diferulic acid derived from corn bran, the relevant research is still not abundant. And to our best knowledge, we have reported for the first time about the effect of this kinds of diferulic acid on prolonging life span and its SIRT-1-dependent activity. It also provides a new perspective for the study of diferulic acid.",Caenorhabditis elegans,temperature,,
33065011,10.1016/j.cub.2020.09.050,PMC9191688,pmc_not_oa,2020,Current biology : CB,Elevated Temperatures Cause Transposon-Associated DNA Damage in C. elegans Spermatocytes.,"Sexually reproducing organisms use meiosis to generate haploid gametes and faithfully transmit their genome to the next generation. In comparison to oogenesis in many organisms, spermatogenesis is particularly sensitive to small temperature fluctuations, and spermatocytes must develop within a very narrow isotherm [1-4]. Although failure to thermoregulate spermatogenetic tissue and prolonged exposure to elevated temperatures are linked to male infertility in several organisms, the mechanisms of temperature-induced male infertility have not been fully elucidated [5]. Here, we show that upon exposure to a brief 2°C temperature increase, Caenorhabditis elegans spermatocytes exhibit up to a 25-fold increase in double-strand DNA breaks (DSBs) throughout meiotic prophase I and a concurrent reduction in male fertility. We demonstrate that these heat-induced DSBs in spermatocytes are independent of the endonuclease SPO-11. Further, we find that the production of these heat-induced DSBs in spermatocytes correlate with heat-induced mobilization of Tc1/mariner transposable elements, which are known to cause DSBs and alter genome integrity [6, 7]. Moreover, we define the specific sequences and regions of the male genome that preferentially experience these heat-induced de novo Tc1 insertions. In contrast, oocytes do not exhibit changes in DSB formation or Tc1 transposon mobility upon temperature increases. Taken together, our data suggest spermatocytes are less tolerant of higher temperatures because of an inability to effectively repress the movement of specific mobile DNA elements that cause excessive DNA damage and genome alterations, which can impair fertility.",Caenorhabditis elegans,temperature,,
33037039,10.1242/dev.190082,PMC10666919,pmc_not_oa,2020,"Development (Cambridge, England)","ENPL-1, the <i>Caenorhabditis elegans</i> homolog of GRP94, promotes insulin secretion via regulation of proinsulin processing and maturation.","Insulin/IGF signaling in <i>Caenorhabditis elegans</i> is crucial for proper development of the dauer larva and growth control. Mutants disturbing insulin processing, secretion and downstream signaling perturb this process and have helped identify genes that affect progression of type 2 diabetes. Insulin maturation is required for its proper secretion by pancreatic β cells. The role of the endoplasmic reticulum (ER) chaperones in insulin processing and secretion needs further study. We show that the <i>C. elegans</i> ER chaperone ENPL-1/GRP94 (HSP90B1), acts in dauer development by promoting insulin secretion and signaling. Processing of a proinsulin likely involves binding between the two proteins via a specific domain. We show that, in <i>enpl-1</i> mutants, an unprocessed insulin exits the ER lumen and is found in dense core vesicles, but is not secreted. The high ER stress in <i>enpl-1</i> mutants does not cause the secretion defect. Importantly, increased ENPL-1 levels result in increased secretion. Taken together, our work indicates that ENPL-1 operates at the level of insulin availability and is an essential modulator of insulin processing and secretion.",Caenorhabditis elegans,temperature,,
33035268,10.1371/journal.pone.0240255,PMC7546469,oa,2020,PloS one,A novel assay for drug screening that utilizes the heat shock response of Caenorhabditis elegans nematodes.,"Biological organisms respond to environmental stressors by recruiting multiple cellular cascades that act to mitigate damage and ultimately enhance survival. This implies that compounds that interact with any of those pathways might improve organism's survival. Here, we report on an initial attempt to develop a drug screening assay based on the heat shock (HS) response of Caenorhabditis elegans nematodes. The protocol works by subjecting the worms to two HS conditions in the absence/presence of the test compounds. Post-heat shock survival is quantified manually or in semi-automatic manner by analyzing z-stack pictures. We blindly screened a cassette of 72 compounds in different developmental stages provided by Eli Lilly through their Open Innovation Drug Discovery program. The analysis indicated that, on average, therapeutically useful drugs increase survival to HS compared to compounds used in non-clinical settings. We developed a formalism that estimates the probability of a compound to enhance survival based on a comparison with a set of parameters calculated from a pool of 35 FDA-approved drugs. The method correctly identified the developmental stages of the Lilly compounds based on their relative abilities to enhance survival to the HS. Taken together these data provide proof of principle that an assay that measures the HS response of C. elegans can offer physiological and pharmacological insight in a cost- and time-efficient manner.",Caenorhabditis elegans,temperature,,
32941999,10.1016/j.etap.2020.103492,,no_pmc,2020,Environmental toxicology and pharmacology,Toxicological implications of amplifying the antibacterial activity of gallic acid by immobilisation on silica particles: A study on C. elegans.,"Immobilisation of natural compounds on solid supports to amplify antimicrobial properties has reported successful results, but modifications to physico-chemical properties can also imply modifications from a toxicological viewpoint. This work aimed to study the immobilising process of gallic acid in the antibacterial activity of L. innocua and its toxicological properties in vivo using Caenorhabditis elegans. The experiment was based on obtaining the minimum bactericidal concentration for free and immobilised gallic acid by comparing lethality, locomotion behaviour, chemotaxis and thermal stress resistance on C.elegans at those concentrations. The results showed a lowering minimum bactericidal concentration and modifications to nematode responses. Increased lethality and velocity of movements was observed. Immobilisation increased the repellent effect of gallic acid with a negative chemotaxis index. Thermal stress resistance was also affected, with higher mortality for immobilised gallic acid compared to bare particles and free gallic acid. Thus despite evidencing a generalised increase in the toxicity of gallic acid in vivo, lowering the minimum bactericidal concentration allowed a bacterial reduction of 99 % with less than one third of mortality for the nematodes exposed to free gallic acid.",Caenorhabditis elegans,temperature,,
32941928,10.1016/j.ejphar.2020.173558,,no_pmc,2020,European journal of pharmacology,Beneficial effects of sappanone A on lifespan and thermotolerance in Caenorhabditis elegans.,"Sappanone A (SA) is a homoisoflavonoid compound isolated from Caesalpinia sappan L. that selectively binds to inosine monophosphate dehydrogenase 2, a protein involved in aging. It is unknown if SA has an anti-aging effect and what is it mechanism. This study aimed to investigate the lifespan-extending and health-enhancing effects of SA, and the potential pharmacological mechanism in Caenorhabditis elegans (C. elegans). The worms were exposed to 0-50 μM SA. The effect on the lifespan was observed, and health status was evaluated by detecting motility, feeding, reproduction, thermotolerance, lipofuscin and ROS accumulation. To explore a possible mechanism, the transcription of the genes of the insulin/insulin-like growth factor-1 signalling pathway and heat stress response was detected by RT-qPCR. Moreover, subcellular distribution of green ﬂuorescent protein-labeled DAF-16 was determined, and the interaction between SA and HSP-90 protein was simulated by molecular docking. We found that SA prolonged lifespan in C. elegans and enhanced motility and thermotolerance. The feeding and reproduction were not impacted. The ROS and lipofuscin accumulation was declined. Mechanistic study revealed that the gene expression levels of daf-16 and hsp-90 were up-regulated. Moreover, DAF-16 was translocated into the nucleus. SA was docked into the active pocket of HSP-90 in the simulation. SA (50 μM) can extend lifespan in C. elegans and decelerate aging by regulating the IIS pathway, and daf-16 is specifically important for the regulation of longevity. HSP-90 was involved in the enhancement of thermotolerance. Thus, SA may act as a promising candidate for the development of an anti-aging agent.",Caenorhabditis elegans,temperature,,
32903270,10.1371/journal.pone.0238637,PMC7480852,oa,2020,PloS one,"Neonicotinoid-containing insecticide disruption of growth, locomotion, and fertility in Caenorhabditis elegans.","Neonicotinoids, a class of insecticides structurally similar to nicotine that target biting and sucking insects, are the most widely used insecticides today, in part due to their supposed low toxicity in other organisms. However, a growing body of research has found that even low doses of neonicotinoids can induce unexpected negative effects on the physiology and survival of a wide range of non-target organisms. Importantly, no work has been done on the commercial formulations of pesticides that include imidacloprid as the active ingredient, but that also contain many other components. The present study examines the sublethal effects of ""Tree and Shrub""™ (""T+S""), a commercial insecticide containing the neonicotinoid imidacloprid as its active ingredient, on Caenorhabditis elegans. We discovered that ""T+S"" significantly stunted the overall growth in wildtype nematodes, an effect that was exacerbated by concurrent exposure to heat stress. ""T+S"" also negatively impacted fecundity as measured by increased germline apoptosis, a decrease in egg-laying, and fewer viable offspring. Lastly, exposure to ""T+S"" resulted in degenerative changes in nicotinic cholinergic neurons in wildtype nematodes. As a whole, these findings demonstrate widespread toxic effects of neonicotinoids to critical functions in nematodes.",Caenorhabditis elegans,temperature,,
32899194,10.3390/ijms21176409,PMC7504583,oa,2020,International journal of molecular sciences,Short-Term Mild Temperature-Stress-Induced Alterations in the <i>C. elegans</i> Phosphoproteome.,"Exposure to mild early-life stresses can slow down aging, and protein phosphorylation might be an essential regulator in this process. However, the mechanisms of phosphorylation-based signaling networks during mild early-life stress remain elusive. Herein, we systematically analyzed the phosphoproteomes of <i>Caenorhabditis elegans</i>, which were treated with three mild temperatures (15 °C, 20 °C, and 25 °C) in two different short-term groups (10 min and 60 min). By utilizing an iTRAQ-based quantitative phosphoproteomic approach, 18,187 phosphosites from 3330 phosphoproteins were detected in this study. Volcano plots illustrated that the phosphorylation abundance of 374 proteins and 347 proteins, were significantly changed at 15 °C and 25 °C, respectively. Gene ontology, KEGG pathway and protein-protein interaction network analyses revealed that these phosphoproteins were primarily associated with metabolism, translation, development, and lifespan determination. A motif analysis of kinase substrates suggested that MAPK, CK, and CAMK were most likely involved in the adaption processes. Moreover, 16 and 14 aging-regulated proteins were found to undergo phosphorylation modifications under the mild stresses of 15 °C and 25 °C, respectively, indicating that these proteins might be important for maintaining long-term health. Further lifespan experiments confirmed that the candidate phosphoproteins, e.g., EGL-27 and XNP-1 modulated longevity at 15 °C, 20 °C, and 25 °C, and they showed increased tolerance to thermal and oxidative stresses. In conclusion, our findings offered data that supports understanding of the phosphorylation mechanisms involved in mild early-life stresses in <i>C. elegans</i>. Data are available via ProteomeXchange with identifier PXD021081.",Caenorhabditis elegans,temperature,,
32881908,10.1371/journal.pone.0238528,PMC7470330,oa,2020,PloS one,"Quercetin enhances motility in aged and heat-stressed Caenorhabditis elegans nematodes by modulating both HSF-1 activity, and insulin-like and p38-MAPK signalling.","Quercetin is a yellow pigment that is found in many common dietary plants, and that protects against oxidative stress, inflammation, and arteriosclerosis. It has also been suggested to prolong the lifespan of, and enhance heat-stress tolerance in nematodes; thus, the present study investigated its effects on both the nematode life- and health span by assessing its capacity to promote nematode motility after aging and/or heat stress, as well as the mechanisms underlying these effects. The results of the conducted analyses showed that quercetin feeding prolonged lifespan, suppressed age-related motility retardation, improved motility recovery after heat stress, and decreased the production of both intercellular and mitochondrial reactive oxygen species in the analysed Caenorhabditis elegans strains, likely by modulating the insulin-like signalling (ILS) pathway and p38-mitogen-activated protein kinase (MAPK) pathway. In particular, the transcription factors DAF-16 and SKN-1 were found to mediate the observed quercetin-induced effects, consistent with their previously demonstrated roles as regulators of aging. Furthermore, we demonstrated, for the first time, that quercetin induced heat-stress tolerance in C. elegans by modulating HSF-1 expression and/or activity. Thus, the present study provides valuable insights into the mechanisms by which quercetin inhibit aging and enhance heat-stress tolerance via ILS and MAPK pathway in C. elegans.",Caenorhabditis elegans,temperature,,
32768194,10.1016/j.bbrc.2020.07.121,,no_pmc,2020,Biochemical and biophysical research communications,G protein coupled receptor kinases modulate Caenorhabditis elegans reactions to heat stresses.,"In this report, we explored if G protein coupled receptor kinases (GRKs) can help modulate the heat stress responses of Caenorhabditis (C.) elegans. Loss of function grk-2 C. elegans mutants were more tolerant to increases in heat and display an ability for heat stress-associated hormesis at a longer exposure time unlike the wild type N2 animals and the loss of function grk-1 C. elegans mutants. The loss of function grk-1 mutants recovered more from acute heat stress compared to the wild type N2 animals. Animals with low Ce-GRK2 protein expression showed increased DAF-16 nuclear localization during the early stages of heat stress exposure compared to the other RNAi-treated animals, demonstrating altered insulin/insulin-like growth factor signaling (IIS) pathway activity in response to the stress. pdk-1 and akt-1 may play key roles in conjunction with Ce-GRK2 in the heat stress response. Collectively, these findings demonstrate that GRKs influence C. elegans heat stress behaviors.",Caenorhabditis elegans,temperature,,
32759342,10.1534/genetics.120.301283,PMC7404231,oa,2020,Genetics,Organismal Protein Homeostasis Mechanisms.,"Sustaining a healthy proteome is a lifelong challenge for each individual cell of an organism. However, protein homeostasis or proteostasis is constantly jeopardized since damaged proteins accumulate under proteotoxic stress that originates from ever-changing metabolic, environmental, and pathological conditions. Proteostasis is achieved via a conserved network of quality control pathways that orchestrate the biogenesis of correctly folded proteins, prevent proteins from misfolding, and remove potentially harmful proteins by selective degradation. Nevertheless, the proteostasis network has a limited capacity and its collapse deteriorates cellular functionality and organismal viability, causing metabolic, oncological, or neurodegenerative disorders. While cell-autonomous quality control mechanisms have been described intensely, recent work on <i>Caenorhabditis elegans</i> has demonstrated the systemic coordination of proteostasis between distinct tissues of an organism. These findings indicate the existence of intricately balanced proteostasis networks important for integration and maintenance of the organismal proteome, opening a new door to define novel therapeutic targets for protein aggregation diseases. Here, we provide an overview of individual protein quality control pathways and the systemic coordination between central proteostatic nodes. We further provide insights into the dynamic regulation of cellular and organismal proteostasis mechanisms that integrate environmental and metabolic changes. The use of <i>C. elegans</i> as a model has pioneered our understanding of conserved quality control mechanisms important to safeguard the organismal proteome in health and disease.",Caenorhabditis elegans,temperature,,
32741299,10.1089/rej.2020.2312,,no_pmc,2021,Rejuvenation research,Astragaloside IV Extends Lifespan of <i>Caenorhabditis elegans</i> by Improving Age-Related Functional Declines and Triggering Antioxidant Responses.,"Astragaloside IV (AS-IV) is a representative component of astragaloside saponins in dried roots of Astragali Radix. Astragaloside possesses a broad spectrum of pharmacological activities, including antibacterial, anti-fibrosis, antioxidant, anti-inflammatory, and neuroprotective effects. However, the role of AS-IV in antiaging remains unclear. In this article, we studied the function of AS-IV in antiaging by using the <i>Caenorhabditis elegans</i> (<i>C. elegans</i>) model. We showed that AS-IV can prolong the lifespan of <i>C. elegans</i> in a natural aging model, a paraquat injury model, and a heat stress model and improve the movement capacity of nematodes. <sup>1</sup>H-NMR data indicate an improvement of glutamate content and a decrease in glucose in the AS-IV treatment group compared with the control. Further investigation revealed that AS-IV can induce the mRNA expression of superoxide dismutase (SOD) and catalase (CAT) genes and increase the activities of SOD and CAT in the nematode. Interestingly, AS-IV could not extend the lifespan of <i>sod-1</i>, <i>sod-2</i>, <i>sod-3</i>, <i>sod-4</i>, <i>sod-5</i>, <i>ctl-1</i>, <i>ctl-2</i>, <i>ctl-3</i>, and <i>daf-16</i> mutants. These data indicate that AS-IV prevents aging via mainly improving age-related functional declines, the antioxidant capacity of nematodes and partially modulating the insulin/insulin growth factor 1 signaling pathway activity. Our results provide new insights into how AS-IV prevents and treats aging.",Caenorhabditis elegans,temperature,,
32531930,10.3390/antiox9060509,PMC7346225,oa,2020,"Antioxidants (Basel, Switzerland)",Assessment of the In Vivo Antioxidant Activity of an Anthocyanin-Rich Bilberry Extract Using the <i>Caenorhabditis elegans</i> Model.,"Anthocyanins have been associated with several health benefits, although the responsible mechanisms are not well established yet. In the present study, an anthocyanin-rich extract from bilberry (<i>Vaccinium myrtillus</i> L.) was tested in order to evaluate its capacity to modulate reactive oxygen species (ROS) production and resistance to thermally induced oxidative stress, using the nematode <i>Caenorhabditis elegans</i> as an in vivo model. The assays were carried out with the wild-type N2 strain and the mutant strains <i>daf-16(mu86)</i> I and <i>hsf-1(sy441)</i>, which were grown in the presence of two anthocyanin extract concentrations (5 and 10 μg/mL in the culture medium) and further subjected to thermal stress. The treatment with the anthocyanin extract at 5 μg/mL showed protective effects on the accumulation of ROS and increased thermal resistance in <i>C. elegans</i>, both in stressed and non-stressed young and aged worms. However, detrimental effects were observed in nematodes treated with 10 μg/mL, leading to a higher worm mortality rate compared to controls, which was interpreted as a hormetic response. These findings suggested that the effects of the bilberry extract on <i>C. elegans</i> might not rely on its direct antioxidant capacity, but other mechanisms could also be involved. Additional assays were performed in two mutant strains with loss-of-function for DAF-16 (abnormal DAuer Formation factor 16) and HSF-1 (Heat Shock Factor 1) transcription factors, which act downstream of the insulin/insulin like growth factor-1 (IGF-1) signaling pathway. The results indicated that the modulation of these factors could be behind the improvement in the resistance against thermal stress produced by bilberry anthocyanins in young individuals, whereas they do not totally explain the effects produced in worms in the post-reproductive development stage. Further experiments are needed to continue uncovering the mechanisms behind the biological effects of anthocyanins in living organisms, as well as to establish whether they fall within the hormesis concept.",Caenorhabditis elegans,temperature,,
32518061,10.1534/genetics.120.302923,PMC7404228,pmc_not_oa,2020,Genetics,<i>Caenorhabditis elegans</i> AF4/FMR2 Family Homolog <i>affl-2</i> Regulates Heat-Shock-Induced Gene Expression.,"To mitigate the deleterious effects of temperature increases on cellular organization and proteotoxicity, organisms have developed mechanisms to respond to heat stress. In eukaryotes, HSF1 is the master regulator of the heat shock transcriptional response, but the heat shock response pathway is not yet fully understood. From a forward genetic screen for suppressors of heat-shock-induced gene expression in <i>Caenorhabditis elegans</i>, we found a new allele of <i>hsf-1</i> that alters its DNA-binding domain, and we found three additional alleles of <i>sup-45</i>, a previously molecularly uncharacterized genetic locus. We identified <i>sup-45</i> as one of the two hitherto unknown <i>C. elegans</i> orthologs of the human AF4/FMR2 family proteins, which are involved in regulation of transcriptional elongation rate. We thus renamed <i>sup-45</i> as <i>affl-2</i> (AF4/FMR2-Like). Through RNA-seq, we demonstrated that <i>affl-2</i> mutants are deficient in heat-shock-induced transcription. Additionally, <i>affl-2</i> mutants have herniated intestines, while worms lacking its sole paralog (<i>affl-1</i>) appear wild type. AFFL-2 is a broadly expressed nuclear protein, and nuclear localization of AFFL-2 is necessary for its role in heat shock response. <i>affl-2</i> and its paralog are not essential for proper HSF-1 expression and localization after heat shock, which suggests that <i>affl-2</i> may function downstream of, or parallel to, <i>hsf-1</i> Our characterization of <i>affl-2</i> provides insights into the regulation of heat-shock-induced gene expression to protect against heat stress.",Caenorhabditis elegans,temperature,,
32517869,10.1016/j.bbrc.2020.05.134,,no_pmc,2020,Biochemical and biophysical research communications,α-Pinene odor exposure enhances heat stress tolerance through Daf-16 in Caenorhabditis elegans.,"Aromatherapy has been widely used as complementary and alternative medicine to reduce pain and induce sleep. However, the scientific evidence regarding the biological effects of odor is scarce and the underlying molecular mechanisms have not been clarified. We treated worms with contactless S-(-)- and R-(+)-α-pinene and analyzed heat stress tolerance. Odor stimulation induced motility recovery after incubation at 35 °C for 4 h. This increase in heat stress tolerance was not present in odr-3 mutants and daf-16 mutants. S-(-)- and R-(+)-α-pinene expanded health span and increased fat accumulation. Moreover, S-(-)- and R-(+)-α-pinene modulated the expression of 84 and 54 genes, respectively. These results show that α-pinene odor stimulation is related to stress tolerance, lipid metabolism, and health span via some specific signaling pathways. This study may provide a potential target for antiaging and disease prevention.",Caenorhabditis elegans,temperature,,
32467239,10.1242/dev.189886,PMC7328132,pmc_not_oa,2020,"Development (Cambridge, England)",Opposing effects of an F-box protein and the HSP90 chaperone network on microtubule stability and neurite growth in <i>Caenorhabditis elegans</i>.,"Molecular chaperones often work collaboratively with the ubiquitylation-proteasome system (UPS) to facilitate the degradation of misfolded proteins, which typically safeguards cellular differentiation and protects cells from stress. In this study, however, we report that the Hsp70/Hsp90 chaperone machinery and an F-box protein, MEC-15, have opposing effects on neuronal differentiation, and that the chaperones negatively regulate neuronal morphogenesis and functions. Using the touch receptor neurons (TRNs) of <i>Caenorhabditis elegans</i>, we find that <i>mec-15(-)</i> mutants display defects in microtubule formation, neurite growth, synaptic development and neuronal functions, and that these defects can be rescued by the loss of Hsp70/Hsp90 chaperones and co-chaperones. MEC-15 probably functions in a Skp-, Cullin- and F-box- containing complex to degrade DLK-1, which is an Hsp90 client protein stabilized by the chaperones. The abundance of DLK-1, and likely other Hsp90 substrates, is fine-tuned by the antagonism between MEC-15 and the chaperones; this antagonism regulates TRN development, as well as synaptic functions of GABAergic motor neurons. Therefore, a balance between the UPS and the chaperones tightly controls neuronal differentiation.",Caenorhabditis elegans,temperature,,
32449331,10.21307/jofnem-2020-047,PMC7266049,oa,2020,Journal of nematology,Detoxification-related gene expression accompanies anhydrobiosis in the foliar nematode (<i>Aphelenchoides fragariae</i>).,"The foliar nematode (<i>Aphelenchoides fragariae</i>) is a quarantined pest that infects a broad range of herbaceous and woody plants. Previous work has demonstrated its remarkable ability to survive rapid and extreme desiccation, although the specific molecular mechanisms underlying its anhydrobiotic response have not been characterized. The authors used RNA sequencing and <i>de novo</i> transcriptome assembly to compare patterns of gene expression between hydrated and 24-hr desiccated nematodes. In total, 2,083 and 953 genes were significantly up- and downregulated, respectively, in desiccated nematodes. Of the 100 annotated genes with the largest positive fold-changes, more than one third encoded putative detoxification-related proteins. Genes encoding enzymes of Phase I and Phase II detoxification systems were among the most strongly upregulated in the transcriptome, including 35 cytochrome p450s, 23 short chain dehydrogenase/reductases, 5 glutathione-S-transferases, and 22 UDP-glucuronosyltransferases. Genes encoding heat shock proteins, unfolded protein response enzymes, and intrinsically disordered proteins were also upregulated. Anhydrobiosis in <i>A. fragariae</i> appears to involve both strategies to minimize protein misfolding and aggregation, and wholesale induction of the cellular detoxification machinery. These processes may be controlled in part through the activity of forkhead transcription factors similar to <i>Caenorhabditis elegans</i>' <i>daf-16</i>, a number of which were differentially expressed under desiccation. The foliar nematode (<i>Aphelenchoides fragariae</i>) is a quarantined pest that infects a broad range of herbaceous and woody plants. Previous work has demonstrated its remarkable ability to survive rapid and extreme desiccation, although the specific molecular mechanisms underlying its anhydrobiotic response have not been characterized. The authors used RNA sequencing and <i>de novo</i> transcriptome assembly to compare patterns of gene expression between hydrated and 24-hr desiccated nematodes. In total, 2,083 and 953 genes were significantly up- and downregulated, respectively, in desiccated nematodes. Of the 100 annotated genes with the largest positive fold-changes, more than one third encoded putative detoxification-related proteins. Genes encoding enzymes of Phase I and Phase II detoxification systems were among the most strongly upregulated in the transcriptome, including 35 cytochrome p450s, 23 short chain dehydrogenase/reductases, 5 glutathione-S-transferases, and 22 UDP-glucuronosyltransferases. Genes encoding heat shock proteins, unfolded protein response enzymes, and intrinsically disordered proteins were also upregulated. Anhydrobiosis in <i>A. fragariae</i> appears to involve both strategies to minimize protein misfolding and aggregation, and wholesale induction of the cellular detoxification machinery. These processes may be controlled in part through the activity of forkhead transcription factors similar to <i>Caenorhabditis elegans</i>’ <i>daf-16</i>, a number of which were differentially expressed under desiccation.",Caenorhabditis elegans,temperature,,
32432401,10.1111/acel.13157,PMC7294782,oa,2020,Aging cell,AMPK-mediated formation of stress granules is required for dietary restriction-induced longevity in Caenorhabditis elegans.,"Stress granules (SGs) are nonmembranous organelles that are dynamically assembled and disassembled in response to various stressors. Under stressed conditions, polyadenylated mRNAs and translation factors are sequestrated in SGs to promote global repression of protein synthesis. It has been previously demonstrated that SG formation enhances cell survival and stress resistance. However, the physiological role of SGs in organismal aging and longevity regulation remains unclear. In this study, we used TIAR-1::GFP and GTBP-1::GFP as markers to monitor the formation of SGs in Caenorhabditis elegans. We found that, in addition to acute heat stress, SG formation could also be triggered by dietary changes, such as starvation and dietary restriction (DR). We found that HSF-1 is required for the SG formation in response to acute heat shock and starvation but not DR, whereas the AMPK-eEF2K signaling is required for starvation and DR-induced SG formation but not heat shock. Moreover, our data suggest that this AMPK-eEF2K pathway-mediated SG formation is required for lifespan extension by DR, but dispensable for the longevity by reduced insulin/IGF-1 signaling. Collectively, our findings unveil a novel role of SG formation in DR-induced longevity.",Caenorhabditis elegans,temperature,,
32410195,10.1007/s12640-020-00207-y,,no_pmc,2020,Neurotoxicity research,GABAergic system's Injuries Induced by Sodium Sulfite in Caenorhabditis elegans Were Prevented by the Anti-Oxidative Properties of Dehydroepiandrosterone Sulfate.,"Several pathophysiological processes involve Hypoxia conditions, where the nervous system is affected as well. We postulate that the GABAergic system is especially sensitive. Furthermore, drugs improving the resistance to hypoxia have been investigated, such as the neurosteroid dehydroepiandrosterone sulfate (DHEAS) which has shown beneficial effects in hypoxic processes in mammals; however, at the cellular level, its exact mechanism of action has yet to be fully elucidated. Here, we used a chemical hypoxia model through sodium sulfite (SS) exposure in Caenorhabditis elegans (C. elegans), a nematode whose response to hypoxia involves pathways and cellular processes conserved in mammals, and that allows study the direct effect of DHEAS without its conversion to sex hormones. This work aimed to determine the effect of DHEAS on damage to the GABAergic system associated with SS exposure in C. elegans. Worms were subjected to nose touch response (Not Assay) and observed in epifluorescence microscopy. DHEAS decreased the shrinkage response of Not Assay and the level of damage in GABAergic neurons on SS-exposed worms. Also, the enhanced nuclear localization of DAF-16 and consequently the overexpression of chaperone HSP-16.2 by hypoxia were significantly reduced in SS + DHEAS exposed worms. As well, DHEAS increased the survival rate of worms exposed to hydrogen peroxide. These results suggest that hypoxia-caused damage over the GABAergic system was prevented at least partially by DHEAS, probably through non-genomic mechanisms that involve its antioxidant properties related to its chemical structure.",Caenorhabditis elegans,temperature,,
32324136,10.7554/eLife.55246,PMC7237211,oa,2020,eLife,Serotonin signaling by maternal neurons upon stress ensures progeny survival.,"Germ cells are vulnerable to stress. Therefore, how organisms protect their future progeny from damage in a fluctuating environment is a fundamental question in biology. We show that in <i>Caenorhabditis elegans</i>, serotonin released by maternal neurons during stress ensures the viability and stress resilience of future offspring. Serotonin acts through a signal transduction pathway conserved between <i>C. elegans</i> and mammalian cells to enable the transcription factor HSF1 to alter chromatin in soon-to-be fertilized germ cells by recruiting the histone chaperone FACT, displacing histones, and initiating protective gene expression. Without serotonin release by maternal neurons, FACT is not recruited by HSF1 in germ cells, transcription occurs but is delayed, and progeny of stressed <i>C. elegans</i> mothers fail to complete development. These studies uncover a novel mechanism by which stress sensing by neurons is coupled to transcription response times of germ cells to protect future offspring.",Caenorhabditis elegans,temperature,,
32306217,10.1007/s12192-020-01107-y,PMC7192876,oa,2020,Cell stress & chaperones,Tissue-specific effects of temperature on proteasome function.,"Variation in ambient growth temperature can cause changes in normal animal physiology and cellular functions such as control of protein homeostasis. A key mechanism for maintaining proteostasis is the selective degradation of polyubiquitinated proteins, mediated by the ubiquitin-proteasome system (UPS). It is still largely unsolved how temperature changes affect the UPS at the organismal level. Caenorhabditis elegans nematodes are normally bred at 20 °C, but for some experimental conditions, 25 °C is often used. We studied the effect of 25 °C on C. elegans UPS by measuring proteasome activity and polyubiquitinated proteins both in vitro in whole animal lysates and in vivo in tissue-specific transgenic reporter strains. Our results show that an ambient temperature shift from 20 to 25 °C increases the UPS activity in the intestine, but not in the body wall muscle tissue, where a concomitant accumulation of polyubiquitinated proteins occurs. These changes in the UPS activity and levels of polyubiquitinated proteins were not detectable in whole animal lysates. The exposure of transgenic animals to 25 °C also induced ER stress reporter fluorescence, but not the fluorescence of a heat shock responsive reporter, albeit detection of a mild induction in hsp-16.2 mRNA levels. In conclusion, C. elegans exhibits tissue-specific responses of the UPS as an organismal strategy to cope with a rise in ambient temperature.",Caenorhabditis elegans,temperature,,
32285078,10.1039/c9fo02845e,,no_pmc,2020,Food & function,Raspberry extract promoted longevity and stress tolerance via the insulin/IGF signaling pathway and DAF-16 in Caenorhabditis elegans.,"Increased consumption of fruits and vegetables is associated with a reduced risk of age-related functional decline and chronic diseases, which is primarily attributed to phytochemicals. Raspberries are rich in phytochemicals with a wide range of biological activities and health benefits. However, little is known about their effects on aging. The objective of this study was to determine whether raspberry extract (RE) could promote lifespan and stress resistance in Caenorhabditis elegans (C. elegans), and to explore the underlying mechanisms of action. The results showed that the mean lifespan of C. elegans treated with RE at 20, 40 and 80 mg mL-1 was significantly increased by 13.6%, 22.9% and 29.7%, respectively, in a dose-dependent manner. Supplementation with RE decreased the accumulation of lipofuscin and extended the healthspan of animals by improving motility and enhancing resistance to heat stress and UV-B radiation in C. elegans. Meanwhile, treatment with RE could regulate the expression of anti-aging related genes, including daf-2, age-1, akt-2, sir-2.1, daf-16, skn-1, jnk-1 and hsp-16.2, and promote the migration of DAF-16 into the nucleus. In addition, administration with RE abolished the extension of the lifespan of daf-2(e1370) mutants and RNAi (daf-16) C. elegans, and inhibited the expression of daf-16 downstream genes, including sod-3, ctl-2, dod17 and clk-1. In conclusion, RE could prolong the lifespan, improve the healthspan and enhance stress resistance in C. elegans by the insulin/IGF signaling pathway and DAF-16, providing a theoretical basis to fully exploit raspberry in the prevention of aging and healthcare.",Caenorhabditis elegans,temperature,,
32276415,10.3390/ijms21072588,PMC7178172,oa,2020,International journal of molecular sciences,Healthspan Maintenance and Prevention of Parkinson's-like Phenotypes with Hydroxytyrosol and Oleuropein Aglycone in <i>C. elegans</i>.,"Numerous studies highlighted the beneficial effects of the Mediterranean diet (MD) in maintaining health, especially during ageing. Even neurodegeneration, which is part of the natural ageing process, as well as the foundation of ageing-related neurodegenerative disorders like Alzheimer's and Parkinson's disease (PD), was successfully targeted by MD. In this regard, olive oil and its polyphenolic constituents have received increasing attention in the last years. Thus, this study focuses on two main olive oil polyphenols, hydroxytyrosol (HT) and oleuropein aglycone (OLE), and their effects on ageing symptoms with special attention to PD. In order to avoid long-lasting, expensive, and ethically controversial experiments, the established invertebrate model organism <i>Caenorhabditis elegans</i> was used to test HT and OLE treatments. Interestingly, both polyphenols were able to increase the survival after heat stress, but only HT could prolong the lifespan in unstressed conditions. Furthermore, in aged worms, HT and OLE caused improvements of locomotive behavior and the attenuation of autofluorescence as a marker for ageing. In addition, by using three different <i>C. elegans</i> PD models, HT and OLE were shown i) to enhance locomotion in worms suffering from α-synuclein-expression in muscles or rotenone exposure, ii) to reduce α-synuclein accumulation in muscles cells, and iii) to prevent neurodegeneration in α-synuclein-containing dopaminergic neurons. Hormesis, antioxidative capacities and an activity-boost of the proteasome & phase II detoxifying enzymes are discussed as potential underlying causes for these beneficial effects. Further biological and medical trials are indicated to assess the full potential of HT and OLE and to uncover their mode of action.",Caenorhabditis elegans,temperature,,
32075045,10.3390/molecules25040835,PMC7070719,oa,2020,"Molecules (Basel, Switzerland)","Ginseng Extract Ameliorates the Negative Physiological Effects of Heat Stress by Supporting Heat Shock Response and Improving Intestinal Barrier Integrity: Evidence from Studies with Heat-Stressed Caco-2 Cells, <i>C. elegans</i> and Growing Broilers.","Climatic changes and heat stress have become a great challenge in the livestock industry, negatively affecting, in particular, poultry feed intake and intestinal barrier malfunction. Recently, phytogenic feed additives were applied to reduce heat stress effects on animal farming. Here, we investigated the effects of ginseng extract using various in vitro and in vivo experiments. Quantitative real-time PCR, transepithelial electrical resistance measurements and survival assays under heat stress conditions were carried out in various model systems, including Caco-2 cells, <i>Caenorhabditis</i> <i>elegans</i> and <i>jejunum</i> samples of broilers. Under heat stress conditions, ginseng treatment lowered the expression of <i>HSPA1A</i> (Caco-2) and the heat shock protein genes <i>hsp-1</i> and <i>hsp-16.2</i> (both in <i>C. elegans</i>), while all three of the tested genes encoding tight junction proteins, <i>CLDN3</i>, <i>OCLN</i> and <i>CLDN1</i> (Caco-2), were upregulated. In addition, we observed prolonged survival under heat stress in <i>Caenorhabditis</i> <i>elegan</i><i>s</i>, and a better performance of growing ginseng-fed broilers by the increased gene expression of selected heat shock and tight junction proteins. The presence of ginseng extract resulted in a reduced decrease in transepithelial resistance under heat shock conditions. Finally, LC-MS analysis was performed to quantitate the most prominent ginsenosides in the extract used for this study, being Re, Rg1, Rc, Rb2 and Rd. In conclusion, ginseng extract was found to be a suitable feed additive in animal nutrition to reduce the negative physiological effects caused by heat stress.",Caenorhabditis elegans,temperature,,
32001616,10.1074/jbc.RA119.011185,PMC7062175,pmc_not_oa,2020,The Journal of biological chemistry,The noncanonical small heat shock protein HSP-17 from <i>Caenorhabditis elegans</i> is a selective protein aggregase.,"Small heat shock proteins (sHsps) are conserved, ubiquitous members of the proteostasis network. Canonically, they act as ""holdases"" and buffer unfolded or misfolded proteins against aggregation in an ATP-independent manner. Whereas bacteria and yeast each have only two sHsps in their genomes, this number is higher in metazoan genomes, suggesting a spatiotemporal and functional specialization in higher eukaryotes. Here, using recombinantly expressed and purified proteins, static light-scattering analysis, and disaggregation assays, we report that the noncanonical sHsp HSP-17 of <i>Caenorhabditis elegans</i> facilitates aggregation of model substrates, such as malate dehydrogenase (MDH), and inhibits disaggregation of luciferase <i>in vitro</i> Experiments with fluorescently tagged HSP-17 under the control of its endogenous promoter revealed that HSP-17 is expressed in the digestive and excretory organs, where its overexpression promotes the aggregation of polyQ proteins and of the endogenous kinase KIN-19. Systemic depletion of <i>hsp-17</i> shortens <i>C. elegans</i> lifespan and severely reduces fecundity and survival upon prolonged heat stress. HSP-17 is an abundant protein exhibiting opposing chaperone activities on different substrates, indicating that it is a selective protein aggregase with physiological roles in development, digestion, and osmoregulation.",Caenorhabditis elegans,temperature,,
31988193,10.1534/genetics.119.302896,PMC7153939,oa,2020,Genetics,A Cell Fate Switch in the <i>Caenorhabditis elegans</i> Seam Cell Lineage Occurs Through Modulation of the Wnt Asymmetry Pathway in Response to Temperature Increase.,"Populations often display consistent developmental phenotypes across individuals despite inevitable biological stochasticity. Nevertheless, developmental robustness has limits, and systems can fail upon change in the environment or the genetic background. We use here the seam cells, a population of epidermal stem cells in <i>Caenorhabditis elegans</i>, to study the influence of temperature change and genetic variation on cell fate. Seam cell development has mostly been studied so far in the laboratory reference strain (N2), grown at 20° temperature. We demonstrate that an increase in culture temperature to 25° introduces variability in the wild-type seam cell lineage, with a proportion of animals showing an increase in seam cell number. We map this increase to lineage-specific symmetrization events of normally asymmetric cell divisions at the fourth larval stage, leading to the retention of seam cell fate in both daughter cells. Using genetics and single-molecule imaging, we demonstrate that this symmetrization occurs via changes in the Wnt asymmetry pathway, leading to aberrant Wnt target activation in anterior cell daughters. We find that intrinsic differences in the Wnt asymmetry pathway already exist between seam cells at 20° and this may sensitize cells toward a cell fate switch at increased temperature. Finally, we demonstrate that wild isolates of <i>C. elegans</i> display variation in seam cell sensitivity to increased culture temperature, although their average seam cell number is comparable at 20°. Our results highlight how temperature can modulate cell fate decisions in an invertebrate model of stem cell patterning.",Caenorhabditis elegans,temperature,,
