pmid,doi,pmcid,oa_status,year,journal,title,abstract,organism,condition,screened,screen_reason
38112445,10.1128/aem.01329-23,PMC10807416,pmc_not_oa,2024,Applied and environmental microbiology,Multifactorial resistance of <i>Bacillus subtilis</i> spores to low-pressure plasma sterilization.,"Common sterilization techniques for labile and sensitive materials have far-reaching applications in medical, pharmaceutical, and industrial fields. Heat inactivation, chemical treatment, and radiation are established methods to inactivate microorganisms, but pose a threat to humans and the environment and can damage susceptible materials or products. Recent studies have demonstrated that cold low-pressure plasma (LPP) treatment is an efficient alternative to common sterilization methods, as LPP's levels of radicals, ions, (V)UV-radiation, and exposure to an electromagnetic field can be modulated using different process gases, such as oxygen, nitrogen, argon, or synthetic (ambient) air. To further investigate the effects of LPP, spores of the Gram-positive model organism <i>Bacillus subtilis</i> were tested for their LPP susceptibility including wild-type spores and isogenic spores lacking DNA-repair mechanisms such as non-homologous end-joining (NHEJ) or abasic endonucleases, and protective proteins like α/β-type small acid-soluble spore proteins (SASP), coat proteins, and catalase. These studies aimed to learn how spores resist LPP damage by examining the roles of key spore proteins and DNA-repair mechanisms. As expected, LPP treatment decreased spore survival, and survival after potential DNA damage generated by LPP involved efficient DNA repair following spore germination, spore DNA protection by α/β-type SASP, and catalase breakdown of hydrogen peroxide that can generate oxygen radicals. Depending on the LPP composition and treatment time, LPP treatment offers another method to efficiently inactivate spore-forming bacteria.IMPORTANCESurface-associated contamination by endospore-forming bacteria poses a major challenge in sterilization, since the omnipresence of these highly resistant spores throughout nature makes contamination unavoidable, especially in unprocessed foods. Common bactericidal agents such as heat, UV and γ radiation, and toxic chemicals such as strong oxidizers: (i) are often not sufficient to completely inactivate spores; (ii) can pose risks to the applicant; or (iii) can cause unintended damage to the materials to be sterilized. Cold low-pressure plasma (LPP) has been proposed as an additional method for spore eradication. However, efficient use of LPP in decontamination requires understanding of spores' mechanisms of resistance to and protection against LPP.",Bacillus subtilis,uv,,
40462102,10.1186/s12934-025-02750-9,PMC12135571,oa,2025,Microbial cell factories,Synergistic photocatalytic and biomedical applications of Ag₂O-immobilized Bacillus subtilis-hyaluronic acid.,"This study reports the synthesis of hyaluronic acid-coated silver oxide (Ag<sub>2</sub>O) nano-adsorbents using Bacillus subtilis PV154141.1 for dual environmental and biomedical applications. Multiple parameters were optimized for the formation and constancy of HA-Ag<sub>2</sub>O nano-adsorbents, including silver nitrate (AgNO<sub>3</sub>) concentration and reaction time. Several characterization techniques including X-ray diffraction (XRD) analysis, scanning electron microscopy (SEM), and energy dispersive X-ray (EDX) spectroscopy were employed to determine the structural properties, morphology, and elemental composition of the synthesized HA-Ag<sub>2</sub>O nano-adsorbents. XRD pattern confirmed the presence of Ag<sub>2</sub>O nano-adsorbents by showing peaks having hkl values of 110, 111, 200, 220, 311, and 222, located at 2θ values of roughly 26.46°, 32.55°, 37.76°, 54.48°, 64.92° and 68.19°, respectively. SEM analysis indicated a mean particle size of 193.93 ± 0.23 nm for the nano-adsorbents, while EDX confirmed their elemental composition. The optimized nano-adsorbents were subjected to various applications, including the antibacterial activity, antioxidant activity, and photocatalytic dye degradation efficiency. The antibacterial activity of HA-Ag<sub>2</sub>O nano-adsorbents was evaluated against gram-negative (E. coli) and gram-positive (S. aureus, Lactobacillus spp.) pathogens, demonstrating broad-spectrum efficacy. The highest activity was observed against S. aureus (8 ± 0.4 mm inhibition zone), underscoring their potential to treat drug-resistent infections. Additionally, the antioxidant capacity, evaluated using the 2,2-diphenyl-1-picrylhydrazyl (DPPH) assay, exhibited a radical scavenging activity of 84.36 ± 0.44%. Under UV irradiation (λ = 365 nm), the HA-Ag<sub>2</sub>O nano-adsorbents achieved 82.28% degradation of methylene blue (MB) dye within 120 min, demonstrating robust photocatalytic activity. Unlike conventional Ag<sub>2</sub>O systems, these biohybrid nano-adsorbents combine the photocatalytic efficiency of Ag<sub>2</sub>O with the biocompatibility and biofilm-inhibiting properties of microbially-derived HA, enabling dual functionality not achieved in single-component systems.",Bacillus subtilis,uv,,
34744204,10.1007/s12088-021-00973-z,PMC8542018,pmc_not_oa,2021,Indian journal of microbiology,Photocatalytic TiO<sub>2</sub>/CdS/ZnS nanocomposite induces <i>Bacillus subtilis</i> cell death by disrupting its metabolism and membrane integrity.,"Titanium dioxide (TiO<sub>2</sub>) is widely characterized for its application in clinical diagnostics, therapeutics, cosmetics, nutrition, and environment management. Despite enormous potential, its dependence on ultraviolet (UV) light for photocatalytic activity limits its commercialization. Accordingly in the present study, a photo catalytically superior ternary complex of TiO<sub>2</sub> with Cadmium sulfide/Zinc sulfide (CdS/ZnS) has been synthesized, as well as, characterized for photo-induced antimicrobial activity. The band gap of crystalline TiO<sub>2</sub>/CdS/ZnS nanocomposite has been reduced (2.26 eV) and nanocomposite has shown the optimal photo-activation at 590 nm. TiO<sub>2</sub> nanocomposite has significant bactericidal activity in visible light (<i>P</i> < 0.01). Exposure of the TiO<sub>2</sub> nanocomposite affected the cellular metabolism by altering the 1681 metabolic features (<i>P</i> < 0.001) culminating in poor cellular survivability. Additionally, photo-induced reactive oxygen species generation through nanocomposite disrupts the microbial cellular structure. The present study synthesized photocatalytic nanocomposite as well as unveiled the holistic cellular effect of theTiO<sub>2</sub>/CdS/ZnS nanocomposite. Additionally, the present study also indicated the potential application of TiO<sub>2</sub>/CdS/ZnS nanocomposite for sustainable environment management, therapeutics, and various industries. The online version contains supplementary material available at 10.1007/s12088-021-00973-z.",Bacillus subtilis,uv,,
30863384,10.3389/fmicb.2019.00333,PMC6399134,oa,2019,Frontiers in microbiology,<i>Bacillus subtilis</i> Spore Resistance to Simulated Mars Surface Conditions.,"In a Mars exploration scenario, knowing if and how highly resistant <i>Bacillus subtilis</i> spores would survive on the Martian surface is crucial to design planetary protection measures and avoid false positives in life-detection experiments. Therefore, in this study a systematic screening was performed to determine whether <i>B. subtilis</i> spores could survive an average day on Mars. For that, spores from two comprehensive sets of isogenic <i>B. subtilis</i> mutant strains, defective in DNA protection or repair genes, were exposed to 24 h of simulated Martian atmospheric environment with or without 8 h of Martian UV radiation [M(+)UV and M(-)UV, respectively]. When exposed to M(+)UV, spore survival was dependent on: (1) core dehydration maintenance, (2) protection of DNA by α/β-type small acid soluble proteins (SASP), and (3) removal and repair of the major UV photoproduct (SP) in spore DNA. In turn, when exposed to M(-)UV, spore survival was mainly dependent on protection by the multilayered spore coat, and DNA double-strand breaks represent the main lesion accumulated. <i>Bacillus subtilis</i> spores were able to survive for at least a limited time in a simulated Martian environment, both with or without solar UV radiation. Moreover, M(-)UV-treated spores exhibited survival rates significantly higher than the M(+)UV-treated spores. This suggests that on a real Martian surface, radiation shielding of spores (e.g., by dust, rocks, or spacecraft surface irregularities) might significantly extend survival rates. Mutagenesis were strongly dependent on the functionality of all structural components with small acid-soluble spore proteins, coat layers and dipicolinic acid as key protectants and efficiency DNA damage removal by AP endonucleases (ExoA and Nfo), non-homologous end joining (NHEJ), mismatch repair (MMR) and error-prone translesion synthesis (TLS). Thus, future efforts should focus on: (1) determining the DNA damage in wild-type spores exposed to M(+/-)UV and (2) assessing spore survival and viability with shielding of spores via Mars regolith and other relevant materials.",Bacillus subtilis,uv,,
6780532,10.1128/jb.145.2.832-839.1981,PMC217186,pmc_not_oa,1981,Journal of bacteriology,"Inactivation of transforming Bacillus subtilis deoxyribonucleic acid by monoadducts of 4,5',8-trimethylpsoralen.","4,5',8-Trimethylpsoralen (TMP) monoadducts inactive transforming deoxyribonucleic acid (DNA) in Bacillus subtilis. Contrary to TMP diadducts (TMP cross-links), which severely inhibit entry of donor DNA (G. Venema and U. Canosi, Mol. Gen. Genet. 179:1--11), TMP monoadducts have only a slight effect on entry. Since reextracted TMP-monoadduct-containing transforming DNA is a differentially repaired by Uvr- and Uvr+ recipients and cross-linkable to the recipient strand in the heteroduplex recombinant DNA molecules, the monoadducts can be integrated along with the donor DNA into the recipient chromosome.",Bacillus subtilis,uv,,
36772027,10.3390/polym15030726,PMC9920405,oa,2023,Polymers,Polymer Membrane Modified with Photocatalytic and Plasmonic Nanoparticles for Self-Cleaning Filters.,"In this study, we developed a filtering material for facial masks, which is capable of trapping and subsequent inactivation of bacteria under white light emitting diodes (LED) or sunlight irradiation. Such a functionality is achieved via the modification of the composite membrane based on porous polymer with photocatalytic (TiO<sub>2</sub>) and plasmonic (Ag) nanoparticles. The porous polymer is produced by means of a computer numerical control machine, which rolls a photoresist/thermoplastic mixture into a ~20-µm-thick membrane followed by its thermal/ultraviolet (UV) hardening and porosification. TiO<sub>2</sub> nanoparticles are prepared by hydrothermal and sol-gel techniques. Colloidal synthesis is utilized to fabricate Ag nanoparticles. The TiO<sub>2</sub> photocatalytic activity under UV excitation as well as a photothermal effect generated by plasmonic Ag nanoparticles subjected to LED irradiation are studied by the assessment of methylene blue (MB) decomposition. We demonstrate that, in contrast to the filter of the standard facial medical mask, the polymer membrane modified with spray-coated TiO<sub>2</sub> and Ag nanoparticles prevents the penetration of <i>bacillus subtilis</i> from its top to bottom side and significantly inhibits bacterial growth when exposed to LED or sunlight.",Bacillus subtilis,uv,,
37081768,10.1093/jambio/lxad082,,no_pmc,2023,Journal of applied microbiology,Impacts of Bacillus subtilis var. natto on the lifespan and stress resistance of Caenorhabditis elegans.,"Bacillus subtilis var. natto is used in the production of natto, a typical Japanese fermented soybean food. Although the probiotic attributes and health-related effects of B. subtilis var. natto have been reported, the effect on longevity remains unknown. In the present study, the effects of B. subtilis var. natto strains on lifespan extension and the molecular mechanisms governing the prolongevity were examined using Caenorhabditis elegans as a model animal. Synchronized 3-day-old (young adult) worms were fed Escherichia coli OP50 (control) or a subcloned isolate of B. subtilis var. natto Miyagino strain (MI-OMU01) and subjected to lifespan, survival against pathogens and abiotic stress resistance assays. Notably, the lifespan of worms fed MI-OMU01 was significantly longer than that of the animals fed OP50. Moreover, MI-OMU01 increased the resistance of C. elegans to several stressors, including UV irradiation, H2O2, and Cu2+. Genetic and gene expression analyses using mutant animals suggested that MI-OMU01 extended the lifespan of worms in TIR-1/SARM, p38 MAPK, and insulin/IGF-1 signaling pathway-dependent manners.",Bacillus subtilis,uv,,
37631055,10.3390/ph16081139,PMC10459916,oa,2023,"Pharmaceuticals (Basel, Switzerland)",Unraveling the Radioprotective Mechanisms of UV-Resistant <i>Bacillus subtilis</i> ASM-1 Extracted Compounds through Molecular Docking.,"Radioresistant microorganisms possess inimitable capabilities enabling them to thrive under extreme radiation. However, the existence of radiosensitive microorganisms inhabiting such an inhospitable environment is still a mystery. The current study examines the potential of radioresistant microorganisms to protect radiosensitive microorganisms in harsh environments. <i>Bacillus subtilis</i> strain ASM-1 was isolated from the Thal desert in Pakistan and evaluated for antioxidative and radioprotective potential after being exposed to UV radiation. The strain exhibited 54.91% survivability under UVB radiation (5.424 × 10<sup>3</sup> J/m<sup>2</sup> for 8 min) and 50.94% to mitomycin-C (4 µg/mL). Extracellular fractions collected from ASM-1 extracts showed significant antioxidant potential, and chemical profiling revealed a pool of bioactive compounds, including pyrrolopyrazines, amides, alcoholics, and phenolics. The E-2 fraction showed the maximum antioxidant potential via DPPH assay (75%), and H<sub>2</sub>O<sub>2</sub> scavenging assay (68%). A combination of ASM-1 supernatant with E-2 fraction (50 µL in a ratio of 2:1) provided substantial protection to radiosensitive cell types, <i>Bacillus altitudinis</i> ASM-9 (MT722073) and <i>E. coli</i> (ATCC 10536), under UVB radiation. Docking studies reveal that the compound supported by literature against the target proteins have strong binding affinities which further inferred its medical uses in health care treatment. This is followed by molecular dynamic simulations where it was observed among trajectories that there were no significant changes in major secondary structure elements, despite the presence of naturally flexible loops. This behavior can be interpreted as a strategy to enhance intermolecular conformational stability as the simulation progresses. Thus, our study concludes that <i>Bacillus subtilis</i> ASM-1 protects radiosensitive strains from radiation-induced injuries via biofilm formation and secretion of antioxidative and radioprotective compounds in the environment.",Bacillus subtilis,uv,,
41910340,10.1128/msphere.00741-25,PMC13123705,oa,2026,mSphere,Two new factors modulating <i>Bacillus subtilis</i> spore resistance and germination.,"New effectors of spore properties have been identified in two <i>Bacillus subtilis</i> strains-bacillithiol, the major low-molecular-weight thiol in <i>B. subtilis</i>, and sporulene, a multi-ring compound synthesized from curcumene in spores' outer layers. The absence of either bacillithiol or sporulene caused faster germination of spores of one wild-type <i>B. subtilis</i> strain, PS832, with two germinant receptors (GR)-dependent germinants, L-valine for the GerA GR, and the AGFK mixture for the cooperative action of the GerB and GerK GRs, as well as the GR-independent germinant dodecylamine. However, these effects on PS832 spore germination were due to the presence of the antibiotic marker used to replace the genes for bacillithiol or sporulene synthesis. The absence of bacillithiol also caused reduced spore resistance to wet heat but not to hydrogen peroxide or UV radiation, while sporulenes' absence had no effect on spore wet heat resistance, but reduced spore resistance to hydrogen peroxide as found previously (T. Bosak, R. M. Losick, and A. Pearson, Proc Natl Acad Sci USA 105:6725-6729, 2008, https://doi.org/10.1073/pnas.0800199105) and to UV radiation, but the presence of the antibiotic markers in these mutant strains was not responsible for these effects. Notably, spores lacking sporulene were much whiter than wild-type (wt) spores, suggesting that sporulene and its precursor curcumene contribute to spore pigmentation that can absorb UV, thus reducing spores' UV resistance. Analyses of reasons for the effects of bacillithiol's or sporulene's absence on spore resistance, specifically core water content and/or altered spore inner membrane (IM) permeability, found no major differences from values in wt spores. However, other analyses showed that sporulene's absence led to slight changes in spore IM fluidity. The work in this paper has identified two new factors, bacillithiol and sporulene, as modulators of the resistance and germination of spores of two <i>Bacillus subtilis</i> strains, and by extension, probably spores of other Bacillota. Since spores of some species can give rise to cells that can cause food spoilage and/or disease, new knowledge about spore resistance and germination could have applied utility.",Bacillus subtilis,uv,,
2990336,10.1128/aem.49.6.1361-1365.1985,PMC241729,pmc_not_oa,1985,Applied and environmental microbiology,UV inactivation of pathogenic and indicator microorganisms.,"Survival was measured as a function of the dose of germicidal UV light for the bacteria Escherichia coli, Salmonella typhi, Shigella sonnei, Streptococcus faecalis, Staphylococcus aureus, and Bacillus subtilis spores, the enteric viruses poliovirus type 1 and simian rotavirus SA11, the cysts of the protozoan Acanthamoeba castellanii, as well as for total coliforms and standard plate count microorganisms from secondary effluent. The doses of UV light necessary for a 99.9% inactivation of the cultured vegetative bacteria, total coliforms, and standard plate count microorganisms were comparable. However, the viruses, the bacterial spores, and the amoebic cysts required about 3 to 4 times, 9 times, and 15 times, respectively, the dose required for E. coli. These ratios covered a narrower relative dose range than that previously reported for chlorine disinfection of E. coli, viruses, spores, and cysts.",Bacillus subtilis,uv,,
26372011,10.1371/journal.pone.0138083,PMC4570822,oa,2015,PloS one,Environmental Persistence of Bacillus anthracis and Bacillus subtilis Spores.,"There is a lack of data for how the viability of biological agents may degrade over time in different environments. In this study, experiments were conducted to determine the persistence of Bacillus anthracis and Bacillus subtilis spores on outdoor materials with and without exposure to simulated sunlight, using ultraviolet (UV)-A/B radiation. Spores were inoculated onto glass, wood, concrete, and topsoil and recovered after periods of 2, 14, 28, and 56 days. Recovery and inactivation kinetics for the two species were assessed for each surface material and UV exposure condition. Results suggest that with exposure to UV, decay of spore viability for both Bacillus species occurs in two phases, with an initial rapid decay, followed by a slower inactivation period. The exception was with topsoil, in which there was minimal loss of spore viability in soil over 56 days, with or without UV exposure. The greatest loss in viable spore recovery occurred on glass with UV exposure, with nearly a four log10 reduction after just two days. In most cases, B. subtilis had a slower rate of decay than B. anthracis, although less B. subtilis was recovered initially.",Bacillus subtilis,uv,,
38878811,10.1016/j.envpol.2024.124364,,no_pmc,2024,"Environmental pollution (Barking, Essex : 1987)",Study on the inactivation effect and mechanism of EGCG disinfectant on Bacillus subtilis.,"The widespread use of chlorine-based disinfectants in drinking water treatment has led to the proliferation of chlorine-resistant bacteria and the risk of disinfection byproducts (DBPs), posing a serious threat to public health. This study aims to explore the effectiveness and potential applications of epigallocatechin gallate (EGCG) against chlorine-resistant Bacillus and its spores in water, providing new insights for the control of chlorine-resistant bacteria and improving the biological stability of distribution systems. The inactivation effects of EGCG on Bacillus subtilis (B. subtilis) and its spores were investigated using transmission electron microscopy, ATP measurement, and transcriptome sequencing analysis to determine changes in surface structure, energy metabolism, and gene expression levels, thereby elucidating the inactivation mechanism. The results demonstrate the potential application of EGCG in continuously inhibiting chlorine-resistant B. subtilis in water, effectively improving the biological stability of the distribution system. However, EGCG is not suitable for treating raw water with high spore content and is more suitable as a supplementary disinfectant for processes with strong spore removal capabilities, such as ozone, ultraviolet, or ultrafiltration. EGCG exhibits a disruptive effect on the morphological structure and energy metabolism of B. subtilis and suppresses the synthesis of substances, energy metabolism, and normal operation of the antioxidant system by inhibiting the expression of multiple genes, thereby achieving the inactivation of B. subtilis.",Bacillus subtilis,uv,,
32033948,10.1128/AEM.03039-19,PMC7117916,pmc_not_oa,2020,Applied and environmental microbiology,DNA Damage Kills Bacterial Spores and Cells Exposed to 222-Nanometer UV Radiation.,"This study examined the microbicidal activity of 222-nm UV radiation (UV<sub>222</sub>), which is potentially a safer alternative to the 254-nm UV radiation (UV<sub>254</sub>) that is often used for surface decontamination. Spores and/or growing and stationary-phase cells of <i>Bacillus cereus</i>, <i>Bacillus subtilis</i>, <i>Bacillus thuringiensis</i>, <i>Staphylococcus aureus</i>, and <i>Clostridioides difficile</i> and a herpesvirus were all killed or inactivated by UV<sub>222</sub> and at lower fluences than with UV<sub>254</sub><i>B. subtilis</i> spores and cells lacking the major DNA repair protein RecA were more sensitive to UV<sub>222</sub>, as were spores lacking their DNA-protective proteins, the α/β-type small, acid-soluble spore proteins. The spore cores' large amount of Ca<sup>2+</sup>-dipicolinic acid (∼25% of the core dry weight) also protected <i>B. subtilis</i> and <i>C. difficile</i> spores against UV<sub>222</sub>, while spores' proteinaceous coat may have given some slight protection against UV<sub>222</sub> Survivors among <i>B. subtilis</i> spores treated with UV<sub>222</sub> acquired a large number of mutations, and this radiation generated known mutagenic photoproducts in spore and cell DNA, primarily cyclobutane-type pyrimidine dimers in growing cells and an α-thyminyl-thymine adduct termed the spore photoproduct (SP) in spores. Notably, the loss of a key SP repair protein markedly decreased spore UV<sub>222</sub> resistance. UV<sub>222</sub>-treated <i>B. subtilis</i> spores germinated relatively normally, and the generation of colonies from these germinated spores was not salt sensitive. The latter two findings suggest that UV<sub>222</sub> does not kill spores by general protein damage, and thus, the new results are consistent with the notion that DNA damage is responsible for the killing of spores and cells by UV<sub>222</sub><b>IMPORTANCE</b> Spores of a variety of bacteria are resistant to common decontamination agents, and many of them are major causes of food spoilage and some serious human diseases, including anthrax caused by spores of <i>Bacillus anthracis</i> Consequently, there is an ongoing need for efficient methods for spore eradication, in particular methods that have minimal deleterious effects on people or the environment. UV radiation at 254 nm (UV<sub>254</sub>) is sporicidal and commonly used for surface decontamination but can cause deleterious effects in humans. Recent work, however, suggests that 222-nm UV (UV<sub>222</sub>) may be less harmful to people than UV<sub>254</sub> yet may still kill bacteria and at lower fluences than UV<sub>254</sub> The present work has identified the damage by UV<sub>222</sub> that leads to the killing of growing cells and spores of some bacteria, many of which are human pathogens, and UV<sub>222</sub> also inactivates a herpesvirus.",Bacillus subtilis,uv,,
39116420,10.1080/10962247.2024.2388101,,no_pmc,2024,Journal of the Air & Waste Management Association (1995),Effective methods for the decontamination of healthcare waste: Ozone and UV-C radiation process.,"Human-generated waste, including infectious healthcare waste, poses significant risks to public health and the environment. The COVID-19 pandemic has increased the global production of infectious waste, emphasizing the need for safe and sustainable waste management practices. While autoclaves are commonly used for on-site disposal, alternative methods like ozone gas and UV-C radiation offer environmentally friendly options that effectively eliminate pathogens without leaving toxic residues. Inadequate waste management can contribute to disease transmission, while open burning releases harmful pollutants. This study investigated the effectiveness of different disinfection agents - ozone gas and UV-C radiation - on infectious solid waste contaminated with bacteria. The bacterial indicators examined were <i>Staphylococcus aureus</i>, <i>Bacillus subtilis</i>, and <i>Pseudomonas aeruginosa</i>. The experimental methods included operating each ozone and UV-C radiation individually and simultaneously using ozone gas and UV-C radiation. The study also investigated exposure times and various concentrations of ozone gas. The findings demonstrated that the simultaneous application of ozone gas and UV-C radiation was the most effective method for decontaminating infectious solid waste and targeting the selected bacteria. The concentration of ozone gas ranged from 165 to 5000 ppm, depending on generation time and treatment chamber volume, while exposure times varied from 1 to 180 minutes. In applying UV-C rays, complete elimination of <i>S. aureus</i> was observed after 60 minutes up to 6-log, while the reduction of <i>B. subtilis</i> and <i>P. aeruginosa</i> were 2-log and 3-log, respectively. Ozone gas had the ability to inactivate all strains, but when ozone gas and UV-C rays were used simultaneously, this process was accelerated and improved. The total reduction in the bacterial load was 8-log. Considering the increase in population and the subsequent increase in waste generation, adopting an environmentally friendly waste management method can be very advantageous.<i>Implications</i>: This study highlights the effectiveness of simultaneously applying ozone gas and UV-C radiation for decontaminating infectious solid waste, offering an environmentally friendly alternative to traditional thermal treatments like autoclave and incineration. By optimizing ozone concentrations and exposure times, this method reduces disease transmission risks and minimizes environmental impact. These findings are crucial, especially during outbreaks such as the COVID-19 pandemic, providing scalable, sustainable waste management solutions for healthcare facilities. Implementing these techniques can protect public health and the environment, setting a new standard for safe infectious waste disposal worldwide, mitigating hazardous pollutants, and reduce the exposure risk of bio-hazardous residues.",Bacillus subtilis,uv,,
24503289,10.1017/S1431927613013949,,no_pmc,2014,"Microscopy and microanalysis : the official journal of Microscopy Society of America, Microbeam Analysis Society, Microscopical Society of Canada",Inactivation and ultrastructure analysis of Bacillus spp. and Clostridium perfringens spores.,"Bacterial endospores are resistant to many environmental factors from temperature extremes to ultraviolet irradiation and are generally more difficult to inactivate or kill than vegetative bacterial cells. It is often considered necessary to treat spores or samples containing spores with chemical fixative solutions for prolonged periods of time (e.g., 1-21 days) to achieve fixation/inactivation to enable electron microscopy (EM) examination outside of containment laboratories. Prolonged exposure to chemical fixatives, however, can alter the ultrastructure of spores for EM analyses. This study was undertaken to determine the minimum amount of time required to inactivate/sterilize and fix spore preparations from several bacterial species using a universal fixative solution for EM that maintains the ultrastructural integrity of the spores. We show that a solution of 4% paraformaldehyde with 1% glutaraldehyde inactivated spore preparations of Bacillus anthracis, Bacillus cereus, Bacillus megaterium, Bacillus thuringiensis, and Clostridium perfringens in 30 min, and Bacillus subtilis in 240 min. These results suggest that this fixative solution can be used to inactivate and fix spores from several major groups of bacterial spore formers after 240 min, enabling the fixed preparations to be removed from biocontainment and safely analyzed by EM outside of biocontainment.",Bacillus subtilis,uv,,
41588031,10.1038/s41598-025-32548-z,PMC12852774,oa,2026,Scientific reports,UV-C irradiation enhances the antimicrobial and Anti-Inflammatory bioactivity of ginseng oil.,"The use of medicinal plants as an effective source of therapeutic compounds has become increasingly urgent due to the spread of serious diseases, particularly those caused by resistant pathogenic bacteria. In this study, the bioactivity of ginseng oil extract exposed to ultraviolet (UV-C) radiation for 0, 30, and 60 min was evaluated. Ginseng oil extract exhibited potent antimicrobial activity against Bacillus subtilis, Staphylococcus aureus, Klebsiella pneumoniae, Salmonella typhi, and Candida albicans, but not Aspergillus niger at 0, 30, and 60 min. The MICs of the ginseng oil extract after UV-C exposure at 0, 30, and 60 min were 125, 62.5, and 31.25 µg/ml for B. subtilis; 125, 125, and 62.5 µg/ml for S. aureus; 250, 125, and 31.25 µg/ml for K. pneumoniae; 125, 62.5, and 15.62 µg/ml for S. typhi; 62.5, 15.62 and 15.62 µg/ml for C. albicans, respectively. Ginseng oil extract exposed to UV-C for 60 min showed the lowest MBC values compared to exposure at 0 and 30 min. Different concentrations of ginseng oil extract showed anti-inflammatory activity compared to sodium dodecyl sulfate as a standard, in addition to anti-biofilm activity compared to blank and control at different time intervals of UV-C exposure. Based on GC-MS analysis, ginseng oil extract contains 24 components for 0 and 30 min, while it contains 29 components for 60 min. The dominant components are hexadecanoic acid methyl ester; 9,12-octadecadienoyl chloride; n-hexadecanoic acid; 9,12-octadecadienoic acid (Z, Z) methyl ester; 9-octadecenoic acid ethyl ester; 9,12-octadecadienoic acid; 9-octadecenoic acid; oleic acid; 9,12-octadecadienoic acid (Z, Z)-; 2-hydroxy-1-(hydroxymethyl) ethyl ester; and (+)-Sesamin. Different concentrations of ginseng oil extract exhibited anti-inflammatory activity compared with sodium dodecyl sulfate (standard), as well as anti-biofilm activity relative to blank and untreated controls across the various UV-C exposure times.",Bacillus subtilis,uv,,
26790838,10.1111/php.12568,,no_pmc,2016,Photochemistry and photobiology,Inactivation by Pulsed Light of Bacillus subtilis Spores with Impaired Protection Factors.,"The resistance to pulsed light (PL) of spores of Bacillus subtilis strain 168 and of strains with mutations increasing sensitivity to UV-C or affecting spore structure was evaluated and compared to resistance to continuous UV-C and moist heat, in order to reveal original mechanisms of inactivation by PL. Spores of B. subtilis strain 168 (1A1) and eight mutant strains (sspA, sspB, sspAB, cotA, gerE, cotE, uvrA and recA) were exposed to PL (up to 1.77 J cm<sup>-2</sup> ), continuous UV-C (up to 147 mJ cm<sup>-2</sup> ) and moist heat at 90°C. Spores of the strains lacking proteins linked to coat formation or structure (cotA, gerE and cotE) were markedly more sensitive to PL than 1A1, while their sensitivity to continuous UV-C or to moist heat was similar to the one of strain 1A1. Coat proteins had a major contribution to the resistance of B. subtilis spores to PL irradiation characterized by short-time and high-energy pulses of white light in the wavelengths 200-1100 nm. In contrast the role of coat proteins to UV-C or to moist heat resistance was marginal or null.",Bacillus subtilis,uv,,
36760504,10.3389/fmicb.2023.1102789,PMC9904387,oa,2023,Frontiers in microbiology,Evaluation of the efficacy of the antimicrobial peptide HJH-3 in chickens infected with <i>Salmonella</i> Pullorum.,"As a promising substitute for antibiotics, increasing attention has been given to the clinical application of antimicrobial peptides (AMPs). In this study, the mode of action of the HJH-3 against <i>Salmonella</i> Pullorum was investigated. The structure and properties of HJH-3 were examined <i>in silico</i>, and minimum inhibitory concentrations (MICs) were determined to evaluate its antimicrobial spectrum. The time-kill kinetics of HJH-3 was determined. The hemolytic activity of HJH-3 was determined by measuring the hemoglobin ultraviolet absorption value, and the cytotoxicity was determined using a CCK-8 kit. The protective effect of HJH-3 on chickens infected with <i>S</i>. Pullorum was evaluated <i>in vivo</i>. The results demonstrated that HJH-3 exhibited strong antibacterial activity against Gram-negative pathogens at MIC values of 1.5625-25 μg/mL and against Gram-positive pathogens at MIC values of 25-50 μg/mL. HJH-3 also showed activity against the <i>Candida albicans</i> (100 μg/mL) and <i>Bacillus subtilis</i> (6.25-12.5 μg/mL). HJH-3 at 100 μg/mL completely killed <i>S.</i> Pullorum after co-incubation for 6 h. Likewise, the hemolysis rate of CRBCs treated with 100 μg/mL HJH-3 (7.31%) was lower than that of CRBCs treated with 100 μg/mL pexiganan (40.43%). Although the hemolysis rate of CRBCs treated with 400 μg/mL HJH-3 was increased to 13.37%, it was much lower than that of 400 μg/mL pexiganan (57.27%). In regards to cytotoxicity, HJH-3 had almost no-effect on the CEF proliferation, pexiganan decreased CEFs proliferation from 56.93 to 31.00% when increasing the concentration from 50 to 200 μg/mL. In a chicken infection model, the results showed that the antibiotic prevention and HJH-3 prevention groups exhibited the best treatment effect, with the chickens being protected from the lethal dose of <i>S.</i> Pullorum, a decreased number of bacteria in the blood and spleen, and less pathological changes in intestinal segments. The prevention of infection by HJH-3 was similar to that by Ampicillin; the effect of treatment after infection was lower than that of treatment before infection, and the survival rate of infected chicks treated with HJH-3 was 70%, which was still higher than that of the infected chickens. These results suggest that HJH-3 has good clinical application potential and can be used as a substitute for antibiotics for the prevention and treatment of <i>S</i>. Pullorum infection.",Bacillus subtilis,uv,,
37026990,10.1111/php.13808,,no_pmc,2024,Photochemistry and photobiology,An alternative interpretation for tailing in survival curves for bacteria exposed to germicidal radiation.,"It has been proposed that transient and reversible phenotypic changes could modify the response of bacteria to germicidal radiation, eventually leading to tailing in the survival curves. If this were the case, changes in susceptibility to radiation would reflect variations in gene expression and should only occur in cells in which gene expression is active. To obtain experimental evidence supporting the involvement of phenotypic changes in the origin of tailing, we studied changes in the susceptibility to radiation of cells able to survive high fluences, using split irradiations. Stationary phase cells of Enterobacter cloacae and Deinococcus radiodurans, in which gene expression is active, and spores of Bacillus subtilis, which are dormant cells without active gene expression, were used as microbial models. While cells of E. cloacae and D. radiodurans became susceptible after surviving exposures to high fluences, tolerant spores exhibited unchanged response to radiation. The results can be interpreted assuming that noise in gene expression modifies bacterial susceptibility to radiation, and tailing is the result of intrinsic phenomena of bacterial physiology rather than a technical artifact. For either theoretical or practical purposes, deviations from simple exponential decay kinetics should be considered in estimations of the effects of germicidal radiation at high fluences.",Bacillus subtilis,uv,,
36618490,10.1016/j.reth.2022.12.003,PMC9800260,oa,2023,Regenerative therapy,Cross-contamination risk and decontamination during changeover after cell-product processing.,"During changeover in cell-product processing, it is essential to minimize cross-contamination risks. These risks differ depending on the patient from whom the cells were derived. Human error during manual cell-product processing increases the contamination risk in biosafety cabinets. Here, we evaluate the risk of cross-contamination during manual cell-processing to develop an evidence-based changeover method for biosafety cabinets. Contaminant coverage was analyzed during simulated medium preparation, cell seeding, and waste liquid decanting by seven operators, classified by skill. Environmental bacteria were surveyed at four participating facilities. Finally, we assessed the effect of conventional UV irradiation in biosafety cabinets on bacteria and fungi that pose a cross-contamination risk. Under simulated conditions, scattered contamination occurred via droplets falling onto the surface from heights of 30 cm, and from bubbles rupturing at this height. Visible traces of contaminants were distributed up to 50 cm from the point of droplet impact, or from the location of the pipette tip when the bubble ruptured. In several facilities, we detected <i>Bacillus subtilis</i>, of which the associated endospores are highly resistant to disinfection. Irradiation at 50 mJ/cm<sup>2</sup> effectively eliminated <i>Bacillus subtilis</i> vegetative cells and <i>Aspergillus brasiliensis</i>, which is highly resistant to UV. <i>Bacillus subtilis</i> endospores were eliminated at 100 mJ/cm<sup>2</sup>. Under these simulated optimal conditions, UV irradiation successfully prevents cross-contamination. Therefore, following cell-product processing, monitoring the UV dose in the biosafety cabinet during cell changeover represents a promising method for reducing cross-contamination.",Bacillus subtilis,uv,,
813136,,,no_pmc,1975,Mutation research,Repair of UV-induced DNA damage in recombination-deficient strains of Bacillus subtilis.,"To clarify the role of gene products for genetic recombination which might be concerned in excision repair, the repair of DNA lesions induced by ultraviolet (UV) irradiation was examined under non-growing conditions with a variety of recombination deficient (Rec-) mutants of Bacillus subtilis. The extent of repair was estimated by the recovery of transforming activity of DNA extracted from the cells during the post-irradiation incubation period (the assay method was termed as marker-repair experiment). The marker repair seemed to be accomplished by the excision repair as assumed from the effects of inhibitors. Among Rec- mutants tested, a mutant strain UVS80TH (rec-80) exhibited a normal level of marker repair activity, whereas strains GSY1025 (recA1), GSY1028 (recB2) and GSY908 (rec-4) exhibited reduced marker repair activities. These results and the data on UV sensitivity of the mutants indicate that (1) the products of all these Rec genes are related to UV resistance of the cell viability and are factors functioning through mechanisms other than excision repair, (2) the products of recA, recB and rec-4 genes display some roles in maintenance of a level of excision repair activity, and (3) the product of the rec-80 gene does not participate at all in excision repair.",Bacillus subtilis,uv,,
31539174,10.1002/bab.1824,,no_pmc,2019,Biotechnology and applied biochemistry,"Production and characterization of multifacet exopolysaccharide from an agricultural isolate, Bacillus subtilis.","This study aims to explore the fermentative production and physicochemical properties of an exopolysaccharide (EPS) produced from agricultural isolate, Bacillus subtilis S1 in submerged culture. The structural characterization (Ultraviolet-visible spectroscopy, Fourier transform infrared spectroscopy, and <sup>13</sup> C Nuclear magnetic resonance spectrometry) revealed that the EPS is an acidic heteropolymer consisting of glucose, glucuronic acid, pyruvic acid, and succinic acid. The non-Newtonian shear thickening nature of EPS with a 1.55 × 10<sup>7</sup>  Da molecular weight is confirmed by rheology analysis. The extracted EPS was 61.3% amorphous with partial crystallinity (38.7%) as confirmed by X-ray diffraction analysis. The EPS shows two-step decomposition and thermal stability up to 300 °C as confirmed by thermogravimetric analysis and differential scanning calorimetry analysis. The EPS has a small Z-average particle size (74.29 nm), high porosity (92.99%), high water holding (92.39%), and absorption capacity (1,198%). The biocompatible nature is confirmed by cytotoxic testing on the human keratinocytes cell line. The demonstrated unique characteristics of Bacillus EPS presents it as a choice of biomaterial for diverse applications.",Bacillus subtilis,uv,,
9141693,10.1099/00221287-143-4-1309,,no_pmc,1997,"Microbiology (Reading, England)",The Bacillus subtilis clpC operon encodes DNA repair and competence proteins.,"ClpC of Bacillus subtilis, controlling competence gene expression and survival under stress conditions, is encoded by the fourth gene of a six-gene operon. The product of orf1 contains a potential helix-turn-helix motif, but shows no significant similarities with known protein sequences. The second and third genes encode proteins with similarities to zinc-finger proteins (orf2) and arginine kinases (orf3), respectively. The product of orf5 contains a zinc-finger motif and an ATP-binding domain, and is highly similar to the product of the Escherichia coli sms gene. A strain bearing a disruption of orf5 showed increased sensitivity to the alkylating agent methyl methanesulfonate. Furthermore, this mutant strain displayed decreased capacity for genetic recombination as measured by transformation experiments. The last open reading frame, orf6, encodes a protein with limited similarity in its C-terminal part to the B. subtilis comEA gene product and to the UvrC DNA repair excinuclease. Inactivation of orf5 resulted in strongly diminished transformation with all types of DNA. Mutations affecting either orf5 or orf6 resulted in strains with decreased resistance to UV-irradiation in the stationary phase, indicating that these proteins play a role in the development of a non-specific stationary-phase resistance to UV-irradiation. Moreover, these results suggest an involvement of both proteins in transformation and presumably in DNA repair.",Bacillus subtilis,uv,,
38869294,10.1128/spectrum.03982-23,PMC11302731,oa,2024,Microbiology spectrum,Flying microbes-survival in the extreme conditions of the stratosphere during a stratospheric balloon flight experiment.,"Earth's stratosphere is characterized by hypobaric conditions, low temperatures, and high intensities of ultraviolet (UV) and cosmic radiation as well as low water and nutrient availability. While it is not considered a permanent habitat for microorganisms, they can be transported to the stratosphere by storms, volcanic action, or human activity. The impact of those extreme conditions on microorganisms and their survival were tested by sending a sample gondola to the stratosphere. The sample gondola was built to allow exposure of <i>Bacillus subtilis</i> endospores at different angles to the sun. It moreover had holders for three environmental samples to test the effect of stratospheric conditions on complex microbial communities. The gondola attached to a stratospheric balloon was launched near Kiruna, Sweden, ascended to ~25 km, and drifted eastward for ~200 km. Samples were exposed to pressures as low as 2 kPa and temperatures as low as -50°C as well as high UV radiation. Survival rates of <i>B. subtilis</i> were determined by comparing the numbers of colony-forming units (CFUs) for the different exposure angles. Survival was negatively correlated with exposure angle, indicating the significant impact of UV radiation. The effect of stratospheric conditions on environmental samples was assessed by comparing most probable numbers, microbial community composition, and substrate-use profiles to controls that had stayed on the ground. Cultivation was possible from all samples with survival rates of at least 1%, and differences in community composition were observed. Survival of environmental microorganisms might have been supported by the sample matrix, which provided protection from radiation and desiccation. Earth's stratosphere is a hostile environment that has challenged microbial survival. We set out to test the effect of stratosphere exposure on survival of single species (<i>Bacillus subtilis</i>) and complex microbial communities from soils and sediment. <i>B. subtilis</i> survival was strongly impacted by sun exposure, i.e., ultraviolet (UV) radiation, with only 1% survival at full sun exposure. Complex microbial communities had high survival rates, and the soil or sediment matrix may have provided protection against radiation and desiccation, supporting the survival of environmental microorganisms.",Bacillus subtilis,uv,,
16267290,10.1128/JB.187.22.7655-7666.2005,PMC1280312,pmc_not_oa,2005,Journal of bacteriology,Genetic composition of the Bacillus subtilis SOS system.,"The SOS response in bacteria includes a global transcriptional response to DNA damage. DNA damage is sensed by the highly conserved recombination protein RecA, which facilitates inactivation of the transcriptional repressor LexA. Inactivation of LexA causes induction (derepression) of genes of the LexA regulon, many of which are involved in DNA repair and survival after DNA damage. To identify potential RecA-LexA-regulated genes in Bacillus subtilis, we searched the genome for putative LexA binding sites within 300 bp upstream of the start codons of all annotated open reading frames. We found 62 genes that could be regulated by putative LexA binding sites. Using mobility shift assays, we found that LexA binds specifically to DNA in the regulatory regions of 54 of these genes, which are organized in 34 putative operons. Using DNA microarray analyses, we found that 33 of the genes with LexA binding sites exhibit RecA-dependent induction by both mitomycin C and UV radiation. Among these 33 SOS genes, there are 22 distinct LexA binding sites preceding 18 putative operons. Alignment of the distinct LexA binding sites reveals an expanded consensus sequence for the B. subtilis operator: 5'-CGAACATATGTTCG-3'. Although the number of genes controlled by RecA and LexA in B. subtilis is similar to that of Escherichia coli, only eight B. subtilis RecA-dependent SOS genes have homologous counterparts in E. coli.",Bacillus subtilis,uv,,
29195159,10.1016/j.watres.2017.11.047,,no_pmc,2018,Water research,"Inactivation kinetics and efficiencies of UV-LEDs against Pseudomonas aeruginosa, Legionella pneumophila, and surrogate microorganisms.","To demonstrate the effectiveness of UV light-emitting diodes (UV-LEDs) to disinfect water, UV-LEDs at peak emission wavelengths of 265, 280, and 300 nm were adopted to inactivate pathogenic species, including Pseudomonas aeruginosa and Legionella pneumophila, and surrogate species, including Escherichia coli, Bacillus subtilis spores, and bacteriophage Qβ in water, compared to conventional low-pressure UV lamp emitting at 254 nm. The inactivation profiles of each species showed either a linear or sigmoidal survival curve, which both fit well with the Geeraerd's model. Based on the inactivation rate constant, the 265-nm UV-LED showed most effective fluence, except for with E. coli which showed similar inactivation rates at 265 and 254 nm. Electrical energy consumption required for 3-log<sub>10</sub> inactivation (E<sub>E,3</sub>) was lowest for the 280-nm UV-LED for all microbial species tested. Taken together, the findings of this study determined the inactivation profiles and kinetics of both pathogenic bacteria and surrogate species under UV-LED exposure at different wavelengths. We also demonstrated that not only inactivation rate constants, but also energy efficiency should be considered when selecting an emission wavelength for UV-LEDs.",Bacillus subtilis,uv,,
16332797,10.1128/AEM.71.12.8147-8156.2005,PMC1317311,pmc_not_oa,2005,Applied and environmental microbiology,Survival of spacecraft-associated microorganisms under simulated martian UV irradiation.,"Spore-forming microbes recovered from spacecraft surfaces and assembly facilities were exposed to simulated Martian UV irradiation. The effects of UVA (315 to 400 nm), UVA+B (280 to 400 nm), and the full UV spectrum (200 to 400 nm) on the survival of microorganisms were studied at UV intensities expected to strike the surfaces of Mars. Microbial species isolated from the surfaces of several spacecraft, including Mars Odyssey, X-2000 (avionics), and the International Space Station, and their assembly facilities were identified using 16S rRNA gene sequencing. Forty-three Bacillus spore lines were screened, and 19 isolates showed resistance to UVC irradiation (200 to 280 nm) after exposure to 1,000 J m(-2) of UVC irradiation at 254 nm using a low-pressure mercury lamp. Spores of Bacillus species isolated from spacecraft-associated surfaces were more resistant than a standard dosimetric strain, Bacillus subtilis 168. In addition, the exposure time required for UVA+B irradiation to reduce the viable spore numbers by 90% was 35-fold longer than the exposure time required for the full UV spectrum to do this, confirming that UVC is the primary biocidal bandwidth. Among the Bacillus species tested, spores of a Bacillus pumilus strain showed the greatest resistance to all three UV bandwidths, as well as the total spectrum. The resistance to simulated Mars UV irradiation was strain specific; B. pumilus SAFR-032 exhibited greater resistance than all other strains tested. The isolation of organisms like B. pumilus SAFR-032 and the greater survival of this organism (sixfold) than of the standard dosimetric strains should be considered when the sanitation capabilities of UV irradiation are determined.",Bacillus subtilis,uv,,
32580565,10.1089/ast.2019.2214,,no_pmc,2020,Astrobiology,Viability of <i>Bacillus subtilis</i> Spores Exposed to Ultraviolet Light at Ocean World Surface Temperatures.,"This work investigated microorganism survival under temperature and ultraviolet (UV) radiation conditions found at the surface of ice-covered ocean worlds. These studies were motivated by a desire to understand the ability of resilient forms of life to survive under such conditions as a proxy for potential endogenic life and to inform planetary protection protocols for future missions. To accomplish this, we irradiated <i>Bacillus subtilis</i> spores with solar-like UV photons at temperatures ranging from room temperature down to 11 K and reported survival fractions with respect to fluence. We observed an increase in survival at low temperatures and found that the inactivation rate follows an Arrhenius-type behavior above 60 K. For solar-photon fluxes and surface temperatures at Europa and Enceladus, we found that <i>Bacillus subtilis</i> spores would be inactivated in less than an hour when in direct sunlight.",Bacillus subtilis,uv,,
31236005,10.1089/ees.2018.0404,PMC6588126,oa,2019,Environmental engineering science,Predicting Inactivation of <i>Bacillus subtilis</i> Spores Exposed to Broadband and Solar Ultraviolet Light.,"This study develops general predictive models for the ultraviolet (UV) radiation dose-response behavior of <i>Bacillus subtilis</i> spores to solar UV irradiation that occurs in the environment and broadband UV irradiation used in water disinfection systems. The approach is demonstrated using previously obtained experimental survival rates for <i>B. subtilis</i> spores deposited on dry surfaces as well as in water and exposed to both narrow band UV radiation as well as broadband UV irradiation from solar exposure and disinfectant lamps. Results are modeled to derive predicted survival rates for spores as a function of irradiance intensity and wavelength, capability for repair, and depletion of available sites for UV damage. The essential features of the approach are expression of the inactivation action spectrum in terms of the probability of an incident photon being absorbed and forming a dimer lesion, and expression of the spore survival as a cumulative binomial distribution for damage. The results provide increased accuracy in estimating dispersed biological hazards, and evaluating the effectiveness of UV air and water disinfectant systems. In addition, the approach for the first time explains the observed reduced inactivation rate in a repair-capable strain compared with a sensitive, repair-deficient strain by accounting for the depletion of available lesion-forming sites due to increasing DNA damage.",Bacillus subtilis,uv,,
17078540,10.1007/s11767-004-0226-8,,no_pmc,2006,Journal of environmental sciences (China),Effects of UV intensity and water turbidity on microbial indicator inactivation.,"The effects of UV intensity and turbidity on selected microbial indicator inactivation were investigated. Results showed that UV disinfection was effective in killing all the selected microbial indicators, the resistance order of the microorganisms was as follows: MS-2 coliphage > Bacillus subtilis > E. coli > Staphylococcus aureus and Candida albicans. UV intensity had influence on the inactivation of all the microorganisms, high UV disinfection efficency was obtained with higher UV intensity. Turbidity had impact on the bacteria inactivation rate, but there was no evidence that turbidity had any negative contribution to MS-2 coliphage. Under the same UV dosage, higher UV intensity could overcome the negative influence of turbidity on UV performance, enhanced microorganism inactivation effect in turbidity water.",Bacillus subtilis,uv,,
31061168,10.1128/JB.00231-19,PMC6597383,pmc_not_oa,2019,Journal of bacteriology,Properties of Aged Spores of Bacillus subtilis.,"<i>Bacillus</i> spores incubated on plates for 2 to 98 days at 37°C had identical Ca-dipicolinic acid contents, exhibited identical viability on rich- or poor-medium plates, germinated identically in liquid with all germinants tested, identically returned to vegetative growth in rich or minimal medium, and exhibited essentially identical resistance to dry heat and similar resistance to UV radiation. However, the oldest spores had a lower core water content and significantly higher wet heat and NaOCl resistance. In addition, 47- and 98-day spores had lost >98% of intact 16S and 23S rRNA and 97 to 99% of almost all mRNAs, although minimal amounts of mononucleotides were generated in 91 days. Levels of 3-phosphoglyceric acid (3PGA) also fell 30 to 60% in the oldest spores, but how the 3PGA was lost is not clear. These results indicate that (i) translation of dormant spore mRNA is not essential for completion of spore germination, nor is protein synthesis from any mRNA; (ii) in sporulation for up to 91 days at 37°C, the RNA broken down generates minimal levels of mononucleotides; and (iii) the lengths of time that spores are incubated in sporulation medium should be considered when determining conditions for spore inactivation by wet heat, in particular, in using spores to test for the efficacy of sterilization regimens.<b>IMPORTANCE</b> We show that spores incubated at 37°C on sporulation plates for up to 98 days have lost almost all mRNAs and rRNAs, yet the aged spores germinated and outgrew as well as 2-day spores, and all these spores had identical viability. Thus, it is unlikely that spore mRNA, rRNA, or protein synthesis is important in spore germination. Spores incubated for 47 to 98 days also had much higher wet heat resistance than 2-day spores, suggesting that spore ""age"" should be considered in generating spores for tests of sterilization assurance. These data are the first to show complete survival of hydrated spores for ∼100 days, complementing published data showing dry-spore survival for years.",Bacillus subtilis,uv,,
4213680,10.1128/jb.120.1.59-65.1974,PMC245730,pmc_not_oa,1974,Journal of bacteriology,Ultraviolet sensitivity of Bacillus subtilis spores upon germination and outgrowth.,"A strain of Bacillus subtilis, UVSSP-42-1, which produces ultraviolet (UV)-sensitive spores and vegetative cells, was found to possess germinated spores 25 times more UV resistant than the resting spores. This relative resistance achieved upon germination was associated with the transition of the heat-resistant refractile spores to the heat-sensitive phase-dark forms. Several generations of outgrowth were required before the cells attained the level of UV sensitivity characteristic of the vegetative cell. The UV sensitivity of germinated spores was compared with other strains with various combinations of mutations affecting deoxyribonucleic acid repair capabilities. The presence of hcr and ssp mutations which are known to abolish the removal of photoproducts from deoxyribonucleic acid did not alter significantly the sensitivity of the germinated forms. However, the addition of the recA mutation and, to some extent, the pol mutation increased the UV sensitivity of the germinated spores. These results indicate that deoxyribonucleic acid repair mechanisms dependent on the recA gene are active in the germinated spores. The chemical nature of the damage repaired by the recA gene product is not known. This study indicates that the life cycle of sporulating bacilli consists of at least three photobiologically distinct forms: spore, germinated spore, and vegetative cell.",Bacillus subtilis,uv,,
33237800,10.1089/ast.2020.2285,,no_pmc,2021,Astrobiology,Salt Tolerance and UV Protection of <i>Bacillus subtilis</i> and <i>Enterococcus faecalis</i> under Simulated Martian Conditions.,"Ultraviolet (UV) irradiation on the surface of Mars is an important factor that affects the survivability of microorganisms on Mars. The possibility of martian brines made from Fe<sub>2</sub>(SO<sub>4</sub>)<sub>3</sub>, MnSO<sub>4</sub>, and MgSO<sub>4</sub> salts providing a habitable niche on Mars via attenuation of UV radiation was investigated on the bacteria <i>Bacillus subtilis</i> and <i>Enterococcus faecalis</i>. Results demonstrate that it is possible for brines containing Fe<sub>2</sub>(SO<sub>4</sub>)<sub>3</sub> on Mars to provide protection from harmful UV irradiation, even at concentrations as low as 0.5%. Brines made from MnSO<sub>4</sub> and MgSO<sub>4</sub> did not provide significant UV protection, and most spores/cells died over the course of short-term experiments. However, Fe<sub>2</sub>(SO<sub>4</sub>)<sub>3</sub> brines are strongly acidic and thus were lethal to <i>E. faecalis,</i> when cells were exposed for 7 days. In contrast, <i>B. subtilis,</i> a spore-forming bacterium resistant to pH extremes, was unaffected by the acidic conditions of the brines and did not experience any significant lethal effects in Fe<sub>2</sub>(SO<sub>4</sub>)<sub>3</sub>. Any extant microbial life in martian Fe<sub>2</sub>(SO<sub>4</sub>)<sub>3</sub> brines (if present) would need to be capable of surviving acidic environments, if these brines are to be considered a possible habitable niche. The results from this work are important to the search for life on planets with atmospheres that do not significantly attenuate UV radiation (<i>i.e.,</i> like Mars) and to planetary protection, since it is possible that terrestrial bacteria in the genus <i>Bacillus</i> are likely to survive in Fe-sulfate brines on Mars.",Bacillus subtilis,uv,,
38255936,10.3390/ijms25020861,PMC10815654,oa,2024,International journal of molecular sciences,Macrofungal Mediated Biosynthesis of Silver Nanoparticles and Evaluation of Its Antibacterial and Wound-Healing Efficacy.,"Recently, the utilization of biological agents in the green synthesis of nanoparticles has been given interest. In this study, silver nanoparticles were synthesized from an aqueous extract of macrofungus (mushroom), namely <i>Phellinus adamantinus</i>, in a dark room using 20 µL of silver nitrate. Biosynthesized silver nanoparticles were confirmed by analyzing them using a UV-Vis (ultraviolet-visible) spectrophotometer. The synthesized silver nanoparticles were optimized at different pH and temperatures with various dosages of AgNO<sub>3</sub> (silver nitrate) and fungal extracts. The synthesized AgNPs (silver nanoparticles) were characterized using TEM (transmission electron microscopy) and EDX (energy-dispersive X-ray) analyses, which confirmed the presence of silver nanoparticles. The size of the nanosilver particles was found to be 50 nm with higher stability. The mycosynthesized AgNPs showed effective antibacterial activity against strains of Gram-positive (<i>Staphylococcus aureus</i> and <i>Bacillus subtilis</i>) and Gram-negative (<i>E. coli</i> and <i>Pseudomonas aeruginosa</i>) bacteria. The minimum inhibitory concentration (MIC) was found to be 3.125 μg/mL by MIC assay. The MTT assay (3-[4,5-dimethylthiazol-2-yl] 2,5-diphenyl-2H-tetrazolium bromide) was performed to study cytotoxicity, and reduced cell viability was recorded at 100 μg/mL. Silver-Polygalacturonic acid-Polyvinyl alcohol ((Ag-PGA)-PVA) nanofiber was prepared using the electrospinning method. The in vitro wound scratch assay was demonstrated to study the wound-healing efficacy of the prepared nanofiber. The wound-healing efficacy of the AgNP-incorporated nanofiber was found to be 20% after 24 h. This study will lay a platform to establish a unique route to the development of a novel nanobiomaterial and its application in antibacterial and wound-healing therapy.",Bacillus subtilis,uv,,
4958213,10.1016/s0022-2836(66)80120-1,,no_pmc,1966,Journal of molecular biology,Impaired transformability of Bacillus subtilis mutant sensitive to mitomycin C and ultraviolet radiation.,,Bacillus subtilis,uv,,
42056743,10.1016/j.lssr.2026.01.008,,no_pmc,2026,Life sciences in space research,Bacillus subtilis endospore integrity and viability on simulated Martian regolith in rotational UVC radiation exposures.,"Current understanding of Martian regolith has advanced due to various rover explorations. Due to this, there are now several variants of Martian regolith that are chemically known and commercially available. These simulants are vital for panspermia models that suggest a transfer of simple life throughout the solar system via ejecta containing life from Mars when its surface was more favourable to host life. Bacteria that produce endospores are suitable candidates for these models as they have adequate protection from the harsh conditions of space. To assess this, the simple endospore former, Bacillus subtilis, was assessed for growth on several Martian regolith that represented different locations and epochs of Mars. This consisted of a conventional Martian regolith, a sulphur rich regolith, and a simulant of the Jezero crater which was thought to have once been flooded with water. We found that the sulphur rich regolith inhibited endospore formation, while the other two variants favoured endospore production. Interestingly, we also identified that pulsing of UVC in a simulation of endospores on rotational ejecta show that endospores break down faster with lower rotational frequency despite receiving the same UVC dose. Moreover, and most strikingly is that viable endospores after surviving UVC dosage displayed elevated expression of the DNA damage SOS response gene, RecA. Importantly, this study suggests that astrobiological approaches that utilise endospore viability as a benchmark for survival require reassessment as genomic integrity may be compromised.",Bacillus subtilis,uv,,
14097380,10.1016/0006-3002(63)90037-4,,no_pmc,1963,Biochimica et biophysica acta,THE RELATIONSHIP BETWEEN GENE-CONTROLLED RADIATION RESISTANCE AND FILAMENT FORMATION IN ESCHERICHIA COLI.,,Bacillus subtilis,uv,,
40779941,10.1016/j.watres.2025.124329,,no_pmc,2025,Water research,Action spectrum of Bacillus subtilis spores for validation of polychromatic ultraviolet (UV) systems.,"In Germany, UV treatment systems for municipal drinking water must be validated and certified prior to implementation. This applies to systems using both low- and medium-pressure mercury discharge lamps (LP and MP lamps). To evaluate germicidal efficacy of the systems and define operational ranges, full-scale biodosimetry is carried out by an accredited laboratory using a non-pathogenic surrogate microbes. In Germany, Bacillus subtilis spores are currently the standard surrogate. Due to the introduction of new DIN (Deutsches Institut für Normung - German Institute for Standardization) standards for medium-pressure and LED-based UV systems, and the obsolescence of the current action spectrum for Bacillus subtilis spores, a reassessment using state-of-the-art techniques was carried out. This study determined the action spectrum of Bacillus subtilis spores at 19 monochromatic wavelengths ranging from 220 nm to 320 nm using a tunable laser-based system. The data revealed high-resolution sensitivity variation between 260 nm and 285 nm (≈2.5 nm intervals). Compared to existing data, spores exhibited significantly higher sensitivity in the 260-280 nm range, with negligible inactivation observed at 290 nm and above.",Bacillus subtilis,uv,,
37988868,10.1016/j.jhazmat.2023.133011,,no_pmc,2024,Journal of hazardous materials,Efficient wastewater disinfection using a novel microwave discharge electrodeless ultraviolet system with ozone at an ultra-low dose.,"Microwave discharge electrodeless lamp (MDEL) is a novel ultraviolet (UV) light source. Synergistic disinfection using UV light emitted by MDEL (MWUV) coupled with ozone (O<sub>3</sub>) at an ultra-low dose was investigated. Escherichia coli and Bacillus subtilis were deactivated more effectively by MWUV/O<sub>3</sub> than by either MWUV or O<sub>3</sub> alone. MWUV/O<sub>3</sub> treatment using an O<sub>3</sub> concentration of 0.4 mg/L gave an E. coli inactivation rate of 5.52 log. The photoreactivation degree and rate of E. coli were lower after inactivation by MWUV/O<sub>3</sub> treatment than after MWUV treatment alone. The maximum photoreactivation rates after the MWUV/O<sub>3</sub> and MWUV treatments were 2.90% and 16.08%, respectively. MWUV/O<sub>3</sub> disinfection also inhibited dark resurrection of E. coli and gave a maximum dark resurrection rate of 0.0036%. Electron paramagnetic resonance spectroscopy indicated that more hydroxyl radicals were generated during MWUV/O<sub>3</sub> treatment. Scanning electron microscopy and laser confocal scanning microscopy observations indicated that O<sub>3</sub> played a key role in breaking down the cell structure. MWUV/O<sub>3</sub> treatment gave a good disinfection effect on fecal coliform bacteria in actual domestic wastewater. The results indicated that inactivation of bacteria can be more effectively achieved by MWUV treatment with O<sub>3</sub>.",Bacillus subtilis,uv,,
29855107,10.1111/ina.12475,PMC7165566,pmc_not_oa,2018,Indoor air,Relative survival of Bacillus subtilis spores loaded on filtering facepiece respirators after five decontamination methods.,"This study determines the relative survival (RS) of Bacillus subtilis spores loaded on an N95 filtering facepiece respirator (FFR) after decontamination by five methods under worst-case conditions. Relative survival was obtained by testing after decontamination and after storing the FFRs at 37°C and 95% relative humidity for 24 hours. The decontamination methods involved ethanol, bleach, ultraviolet irradiation (UVA 365 nm, UVC 254 nm), an autoclave, and a traditional electric rice cooker (TERC) that was made in Taiwan. Without decontamination, 59 ± 8% of the loaded spores survived for 24 hours. When 70% ethanol was added to the N95 FFR at a packing density of 0.23, the RS was 73 ± 5% initially and decayed to 22 ± 8% in 24 hours. Relative survival remained above 20% after 20 minutes of UVA irradiation. The other four decontamination measures achieved 99%-100% biocidal efficacy, as measured immediately after the methods were applied to the test FFRs. Relative survival is a useful parameter for measuring sterilization or degree of disinfection. Bleach, UVC, an autoclave, and a TERC provide better biocidal efficacy than ethanol and UVA. Not only a higher filter quality but also a lower value of RS produced the most decontaminated FFR.",Bacillus subtilis,uv,,
33467428,10.3390/microorganisms9010172,PMC7830970,oa,2021,Microorganisms,Microbiological Evaluation of the Disinfecting Potential of UV-C and UV-C Plus Ozone Generating Robots.,"This study examined the microbicidal activity of ultraviolet (UV)-C<sub>185-256-nm</sub> irradiance (robot 1) and ozone generated at UV-C<sub>185-nm</sub> by low-pressure mercury vapor lamps (robot 2) adapted to mobile robotic devices for surface decontamination, which was achieved in less than 1 h. Depending on their wall structure and outer envelopes, many microorganisms display different levels of resistance to decontaminating agents. Thus, the need for novel disinfection approaches is further exacerbated by the increased prevalence of multidrug-resistant bacteria, as well as the potential of novel microorganisms, with the ability to cause disease outbreaks. To set up a rapid and effective approach for microorganisms propagation prevention, we focused on the effects of UV-C and ozone on a distinct microorganism survival ratio. A set of microorganisms, including <i>Escherichia coli</i>, <i>Micrococcus luteus</i>, <i>Saccharomyces cerevisiae</i>, <i>Trichoderma harzianum</i>, and <i>Bacillus subtilis,</i> were used to evaluate the disinfection power of UV-C and UV-C plus ozone generating robots. UV-C disinfection can be suited to ad hoc tasks, is easy to operate, requires low maintenance, does not have the need for the storage of dangerous chemicals, and does not produce by-products that may affect human health and the environment. The robotic cumulative irradiation technology developed (fluence accumulated values of 2.28 and 3.62 mJ cm<sup>-2</sup>, for robot 1 and 2, respectively), together with the production of ozone (with a maximum peak of 0.43 ppm) capable of reaching UV-C shaded surfaces, and analyzed in the current study, despite being designed for the need to reduce the risk of epidemic outbreaks in real-life scenarios, represents a versatile tool that could be employed for air and surface disinfection within many circumstances that are faced daily.",Bacillus subtilis,uv,,
25590531,10.1089/ast.2014.1169,,no_pmc,2015,Astrobiology,Spectroscopy and viability of Bacillus subtilis spores after ultraviolet irradiation: implications for the detection of potential bacterial life on Europa.,"One of the most habitable environments in the Solar System outside of Earth may exist underneath the ice on Europa. In the near future, our best chance to look for chemical signatures of a habitable environment (or life itself) will likely be at the inhospitable icy surface. Therefore, it is important to understand the ability of organic signatures of life and life itself to persist under simulated europan surface conditions. Toward that end, this work examined the UV photolysis of Bacillus subtilis spores and their chemical marker dipicolinic acid (DPA) at temperatures and pressures relevant to Europa. In addition, inactivation curves for the spores at 100 K, 100 K covered in one micron of ice, and 298 K were measured to determine the probability for spore survival at the surface. Fourier transform infrared spectra of irradiated DPA showed a loss of carboxyl groups to CO2 as expected but unexpectedly showed significant opening of the heterocyclic ring, even for wavelengths>200 nm. Both DPA and B. subtilis spores showed identical unknown spectral bands of photoproducts after irradiation, further highlighting the importance of DPA in the photochemistry of spores. Spore survival was enhanced at 100 K by ∼5× relative to 298 K, but 99.9% of spores were still inactivated after the equivalent of ∼25 h of exposure on the europan surface.",Bacillus subtilis,uv,,
16562003,10.1128/jb.90.1.108-115.1965,PMC315600,pmc_not_oa,1965,Journal of bacteriology,Genetic Factors in Radiation Resistance of Bacillus subtilis.,"Zamenhof, Stephen (University of California, Los Angeles), Hela Bursztyn, T. K. Ramachandra Reddy, and Patrice J. Zamenhof. Genetic factors in radiation resistance of Bacillus subtilis. J. Bacteriol. 90:108-115. 1965.-A study of several wild cross-transformable strains of Bacillus subtilis revealed differences in the resistance of their spores to X rays. Closer study of two such strains revealed differences of the same type when vegetative cells were exposed to X rays or to ultraviolet light (UV). Cell cultures repeatedly exposed to sublethal doses of UV (with cultivation between exposures) became more resistant to UV, presumably by enrichment in a more UV-resistant mutant. A sulfanilamide-resistant mutant of one strain (vegetative cells and spores) was less resistant to ionizing radiation; this sensitivity was transferable by transformation. No difference in radiation-induced mutability could be demonstrated in any of the strains studied. It is concluded that, at least in the cases studied, (i) the differences in radiation resistance of spores of different strains are not just a result of a superimposition of a common spore resistance mechanism(s) but rather are an amplification of genetically determined resistance differences in vegetative cells of these strains; (ii) sulfanilamide-resistance locus (p-aminobenzoic acid overproduction locus) is one of the loci of radiation sensitivity; (iii) no evidence was obtained that the differences in radiation resistance of cells or spores can be ascribed to differences in radiation resistance of their deoxyribonucleic acid.",Bacillus subtilis,uv,,
4628747,10.1128/jb.112.2.870-876.1972,PMC251498,pmc_not_oa,1972,Journal of bacteriology,5-Bromouracil-tolerant mutants of Bacillus subtilis.,"5-Bromouracil (BU)-tolerant mutants of Bacillus subtilis 23 (thy his) have been isolated. Several classes of tolerant mutants were obtained by a sequential selection procedure. The classes can be distinguished by their relative BU tolerance as well as several other phenotypic characteristics. The mutants can grow for an extended period of time in minimal medium supplemented with amino acids and BU, in which the sensitive parental strain (Bu(+)) undergoes rapid cell death. Both mutants But-1 and But-1310 have a greater rate of deoxyribonucleic acid (DNA) synthesis by a factor of two in the presence of BU than Bu(+), But-1 being somewhat faster than But-1310. The preferential incorporation of thymine to BU of But-1 is about half that of the Bu(+) strain during DNA replication in minimal medium supplemented with 10 mug of BU/ml and 1 mug of thymine/ml. It is not known at what step or steps this reduction in selectivity occurs.",Bacillus subtilis,uv,,
37302789,10.1016/j.envpol.2023.122007,,no_pmc,2023,"Environmental pollution (Barking, Essex : 1987)",Comparison of inactivation characteristics between Gram-positive and Gram-negative bacteria in water by synergistic UV and chlorine disinfection.,"Disinfection is essential in water and wastewater treatment process as a guarantee for microbial safety. This study systematically investigated: (i) the inactivation characteristics of bacteria widely existed in water, including Gram-negative bacteria (Escherichiacoli) and Gram-positive bacteria (Staphylococcus aureus and Bacillus subtilis spores), by sequential UV and chlorine disinfection processes (UV-Cl and Cl-UV), simultaneous UV and chlorine disinfection process (UV/Cl); and (ii) the disinfection mechanisms on different bacteria. The combination of UV and chlorine disinfection could inactive bacteria at lower doses, but showed no synergistic effect on E. coli. Contrarily, disinfection results indicated that UV/Cl performed an obvious synergistic effect on highly disinfectant-resistant bacteria (e.g. S. aureus and B. subtilis spores). Specifically, UV/Cl at the UV dose of 9 mJ/cm<sup>2</sup> and chlorine dose of 2 mg-Cl/L could inactivate S. aureus completely. Moreover, the effectiveness of UV/Cl on the removal of indigenous bacteria in actual water conditions was also confirmed. In short, the study provides significant theoretical and practical implications for ensuring microbial safety during water treatment and use.",Bacillus subtilis,uv,,
8787396,10.1128/aem.62.6.1977-1983.1996,PMC167976,pmc_not_oa,1996,Applied and environmental microbiology,Increased inactivation of Saccharomyces cerevisiae by protraction of UV irradiation.,"The principle of equi-effectivity of the product of intensity and exposure time (principle of Bunsen-Roscoe) of UV irradiation has been assumed to be valid for the inactivation of microorganisms in general. Earlier studies claimed higher survival of Escherichia coli B/r with fractionated irradiation compared with single-exposure survival. However, data on the inactivation effect of protraction of UV irradiation are not available. By means of a specially designed UV irradiation apparatus which secured absolute UV dose measurements throughout the experiments, the effects of variation of UV irradiation intensities (253.7 nm) and exposure times were tested on the inactivation of a bacterial virus (Staphylococcus aureus phage A994), a vegetative bacterial strain (E. coli ATCC 25922), and bacterial spores (Bacillus subtilis ATCC 6633) as well as three haploid laboratory strains (RC43a, YNN281, and YNN282) and two diploid strains (commercial bakery yeast strain and laboratory strain YNN281 x YNN282) or yeast (Saccharomyces cerevisiae) and spores of the latter diploid yeast strain. Each test organism was exposed to three UV intensities (0.02, 0.2, and 2 W/m2), with corresponding exposure times resulting in three dose levels for each intensity. Differences in inactivation rates were tested by analyses of variance and Newman-Keuls tests. Virus and bacteria showed no differences in inactivation rates by variation of intensities and exposure times within selected UV doses; hence, the principle of Bunsen-Roscoe could not be rejected for these strains. However, in the eukaryotic test strains of S. cerevisiae longer exposure times with lower intensities led to enhanced inactivation in both haploid and diploid strains, with a more pronounced effect in the diploid yeast strains, whereas in yeast spores in this dose rate effect could not be observed.",Bacillus subtilis,uv,,
41223292,10.1021/acs.langmuir.5c04826,PMC12659422,oa,2025,Langmuir : the ACS journal of surfaces and colloids,"Poly(1-naphthylamine)-Reinforced Chitosan Films for Smart Packaging: Enhanced Mechanical, Morphological, and Antibacterial Properties.","The development of sustainable smart packaging materials has driven interest in chitosan (CS) films, reinforced with conducting polymers. In the present work, poly(1-naphthylamine) (PNA) was incorporated into CS matrix at low weight fractions (0.15-1.0 wt %) of PNA to produce composite films with enhanced mechanical and antibacterial performance. Characterizations using Fourier transform infrared, X-ray photoelectron, ultraviolet-visible, and fluorescence spectroscopy revealed significant interfacial interactions, as evidenced by distinct shifts in characteristic absorption peaks and the appearance of polaronic signatures. SEM and confocal imaging confirmed homogeneous PNA dispersion up to 0.5 wt %. The morphological transition from uniform network domains to the formation of agglomerates causes phase separation, which was noticed in composite films with higher PNA content (0.75 and 1 wt %). Mechanical testing indicated a substantial increase in tensile strength to 40 MPa for 0.15-PNA/CS compared to ∼5 MPa for pristine CS. The hybrid films exhibited reduced moisture uptake <20% and improved antibacterial activity against <i><i>Bacillus subtilis</i></i>, with zones of inhibition increasing from ∼0.9 cm for CS to 1.5-2.0 cm for PNA/CS composites. Molecular docking studies supported these findings, showing PNA bound strongly to bacterial target proteins, with the highest affinity (-10.0 kcal mol<sup>-1</sup>) at cavity 3 involving residues HIS353, GLU352, ASP339, and ARG364. Additional binding at cavities 1 and 2 (-7.9 and -7.0 kcal mol<sup>-1</sup>) suggests multisite inhibition of bacterial function. Collectively, these results demonstrate that PNA/CS hybrid films combine structural integrity, moisture resistance, and antimicrobial efficacy, making them promising candidates for active food packaging applications.",Bacillus subtilis,uv,,
4210681,10.1007/BF00268802,,no_pmc,1974,Molecular & general genetics : MGG,"Dark repair of DNA containing ""spore photoproduct"" in Bacillus subtilis.",,Bacillus subtilis,uv,,
4973570,10.21236/ad0686354,PMC375694,pmc_not_oa,1968,Journal of virology,"Productive infection of Bacillus subtilis 168, with bacteriophage SP-10, dependent upon inducing treatments.","Strains of Bacillus that harbor defective phage PBSX were found to be insensitive to SP-10(C), although the phage adsorbed to these insensitive strains. Strains that did not carry the phage were sensitive to SP-10(C). B. subtilis 168 ind(-), which can be tranduced by SP-10(C) but is nonpermissive for the phage, was rendered phage-sensitive after treatment with ultraviolet (UV) light or mitomycin C. After induction with UV light, maximal sensitivity to SP-10(C) was obtained at a multiplicity of infection (MOI) of approximately 14; with mitomycin C induction, an MOI of approximately 1.0 was required. Phage maturation in sensitized cells was followed by plating infected streptomycin-sensitive cells in the presence of streptomycin at various stages during phase development. The latent period was estimated at 60 to 75 min. We suggest that the resistance of B. subtilis 168 to SP-10 is controlled, at least in part, by the presence of a defective prophage.",Bacillus subtilis,uv,,
24206360,10.1139/cjm-2013-0266,,no_pmc,2013,Canadian journal of microbiology,Stress resistance of Escherichia coli and Bacillus subtilis is modulated by auxins.,"Two bacterial species, Gram-negative Escherichia coli and Gram-positive Bacillus subtilis, were exposed to different auxins to examine possible effects of these substances on bacterial stress tolerance. Bacterial resistance to UV irradiation, heat shock, and streptomycin was assessed with and without previous exposure to the following auxins: indole-3-acetic acid (IAA), indole-3-butyric acid (IBA), and 1-naphthalene acetic acid (NAA). Escherichia coli and B. subtilis cultures pretreated with any of the 3 auxins survived UV irradiation better than the untreated cultures. Also, B. subtilis cultures pretreated with IBA or NAA survived prolonged heat exposure better than the untreated cultures, while IAA pretreatment had no effect on heat shock survival. In contrast, auxin pretreatment rendered E. coli more sensitive to heat shock. Escherichia coli cultures pretreated with auxins were also more sensitive to streptomycin, while auxin pretreatment had no effect on sensitivity of B. subtilis to streptomycin. These results show that auxins may either enhance or reduce bacterial tolerance to different stressors, depending on the bacterial species and the type and level of the stress. Auxins usually had similar effects on the same bacterial species in cases when the same type and level of stress were applied.",Bacillus subtilis,uv,,
4977832,10.1007/BF02869399,,no_pmc,1969,Folia microbiologica,The inactivation of Bacillus subtilis transforming DNA by mutagenic agents.,,Bacillus subtilis,uv,,
39229976,10.1002/bio.4891,,no_pmc,2024,Luminescence : the journal of biological and chemical luminescence,Biogenic synthesis and characterization of silver nanoparticles (AgNPs) from aqueous extract of Lepidagathis cristata along with their antibacterial and antineoplastic activity to combat breast cancer cells (MCF-7).,"Lepidagathis cristata (L. cristata) plant produces reducing and capping agents; this study utilized microwave-assisted biogenic synthesis to manufacture silver nanoparticles (AgNPs) using this plant. The structure, morphology, and crystallinity phases of prepared nanoparticles (NPs) were characterized by ultraviolet-visible spectroscopy (UV-viz), powder X-ray diffraction (XRD), Fourier-transform infrared (FTIR) spectroscopy, and scanning electron microscopy (SEM). Biologically synthesized AgNPs were treated against pathogenic bacteria species including Escherichia coli (E. coli), Bacillus subtilis (B. subtilis), and Staphylococcus aureus (S. aureus) and its highest zone of inhibition 10 ± 1.45 mm, 10 ± 0.74 mm, and 6 ± 0.43 mm, respectively, at the concentration of 100 μg/mL. The cytotoxic activity of AgNPs against MCF-7 breast cancer cells revealed significant growth inhibition by inhibiting cell viability, inhibitory concentration of 50% (IC<sub>50</sub>) of NPs observed at 55.76 μg/mL concentration. Finally, our findings concluded that the L. cristata-mediated biosynthesized AgNPs proved its potential antibacterial and neoplastic properties against MCF cells by endorsing the inhibition of cell proliferation especially with low concentration.",Bacillus subtilis,uv,,
4630059,10.1016/0027-5107(73)90262-5,,no_pmc,1973,Mutation research,Radiation inactivation and recombination repair in Bacillus subtilis spores.,,Bacillus subtilis,uv,,
31481620,10.1073/pnas.1909722116,PMC6754553,pmc_not_oa,2019,Proceedings of the National Academy of Sciences of the United States of America,A tryptophan synchronous and normal fluorescence study on bacteria inactivation mechanism.,"The UV photodissociation kinetics of tryptophan amino acid, Trp, attached to the membrane of bacteria, <i>Escherichia coli</i> and <i>Bacillus subtilis</i>, have been studied by means of normal and synchronous fluorescence. Our experimental data suggest that the fluorescence intensity of Trp increases during the first minute of irradiation with 250 nm to ∼ 280 nm, 7 mW/cm<sup>2</sup> UV light, and subsequently decreases with continuous irradiation. During this short, less than a minute, period of time, 70% of the 10<sup>7</sup> cell per milliliter bacteria are inactivated. This increase in fluorescence intensity is not observed when tryptophan is in the free state, namely, not attached to a protein, but dissolved in water or saline solution. This increase in fluorescence is attributed to the additional fluorescence of tryptophan molecules formed by protein unfolding, the breakage of the bond that attaches Trp to the bacterial protein membrane, or possibly caused by the irradiation of 2 types of tryptophan residues that photolyze with different quantum yields.",Bacillus subtilis,uv,,
36152351,10.1016/j.jphotobiol.2022.112569,,no_pmc,2022,"Journal of photochemistry and photobiology. B, Biology",Uptake of UVc induced photoproducts of dipicolinic acid by Bacillus subtilis spores - Effects on the germination and UVc resistance of the spores.,"Dipicolinic acid (DPA) is a specific molecule of bacterial spores which is essential to their resistance to various stresses such as ultraviolet (UV) exposure and to their germination. DPA has a particular photochemistry that remains imperfectly understood. In particular, due to its ability to absorb UVc radiation, it is likely to form in vitro a wide variety of photoproducts (DPAp) of which only about ten have been recently identified. The photochemical reactions resulting in DPAp, especially those inside the spores, are still poorly understood. Only one of these DPAp, which probably acts as a photosensitizer of DNA upon exposure to UVc, has been identified as having an impact on spores. However, as UVc is required to form DPAp, it is difficult to decouple the overall effect of UVc exposure from the possible effects of DPAp alone. In this study, DPAp were artificially introduced into the spores of the FB122 mutant strain of Bacillus subtilis, one that does not produce DPA. These experiments revealed that some DPAp may play a positive role for the spore. These benefits are visible in an improvement in spore germination rate and kinetics, as well as in an increase in their resistance to UVc exposure.",Bacillus subtilis,uv,,
11474342,10.1097/00005768-200108000-00021,,no_pmc,2001,Medicine and science in sports and exercise,Ultraviolet exposure in the Ironman triathlon.,"Skin cancer is increasing worldwide and exposure to ultraviolet (UV) radiation is thought to be the most important environmental risk factor. People practicing outdoor sports are exposed to considerable amounts of UV radiation from the sun. Three triathletes participated in the Ironman Triathlon World Championships 1999 in Hawaii (3.9-km swim, 180.2-km bike, 42.4-km run). They attached Bacillus subtilis spore film dosimeters (VioSpor) on the back between their shoulders. The dosimeter system measured cumulative biologically weighted erythemal UV exposure. UV exposure is given in minimal erythema doses (1 MED corresponds to 250 J x m(-2) at 298 nm). The mean personal UV exposure was 8.3 MED (6.9--9.7 MED) after 8:43 to 9:44 h of competition corresponding to 0.8 to 1.3 MED x h(-1) (bike and run). The athletes were sunburned despite the use of water-resistant sunscreen (SPF 25+) on sun exposed skin. The International Radiation Protection Agency has issued guidelines for professional UV exposure. Ironman triathletes considerably exceeded these limits of exposure similar to other outdoor sports. Professional and amateur athletes should be aware of hazards caused by UV radiation. Adequate protection by water-resistant sunscreens and clothing as well as training and competition schedules with low sun exposure seem to be a reasonable recommendation.",Bacillus subtilis,uv,,
8920170,10.1007/BF01808159,,no_pmc,1996,Origins of life and evolution of the biosphere : the journal of the International Society for the Study of the Origin of Life,Response of Bacillus subtilis spores to dehydration and UV irradiation at extremely low temperatures.,"Spores of Bacillus subtilis have been exposed to the conditions of extreme dehydration (argon/silica gel; simulated space vacuum) for up to 12 weeks at 298 K and 80 K in the dark. The inactivation has been correlated with the production of DNA-double strand-breaks. The temperature-dependence of the rate constants for inactivation or production of DNA-double strand-breaks is surprisingly low. Controls kept in the frozen state at 250 K for the same period of time showed no sign of deterioration. In another series of experiments the spores have been UV irradiated (253.7 nm) at 298 K, 200 K and 80 K after exposure to dehydrating conditions for 3 days. Fluence-effect relationships for inactivation, production of DNA-double strand-breaks and DNA-protein cross-links are presented. The corresponding F37-values for inactivation and production of DNA lesions are significantly increased only at 80 K (factor of 4 to 5). The data indicate that the low temperatures that prevail in the outer parts of the Solar System or at the nightside of Mars or the Moon are not sufficiently low to crucially inhibit inactivation by dehydration. Our data place further constraints on the panspermia hypothesis.",Bacillus subtilis,uv,,
35492492,10.1039/d1ra07852f,PMC9044478,oa,2021,RSC advances,"Hybrid levan-Ag/AgCl nanoparticles produced by UV-irradiation: properties, antibacterial efficiency and application in bioactive poly(vinyl alcohol) films.","Foodborne diseases caused by resistance of microorganisms to multiple antimicrobial agents have emerged as a major public health concern around the world. The search for potential antimicrobials has resulted in the emergence of metal nanoparticles for protection against these infections. In this study an eco-friendly and green approach was used to biosynthesize hybrid Ag/AgCl nanoparticles (NPs), using levan from <i>Bacillus mojavensis</i> as a stabilizing/reducing agent, with a high efficiency against a broad spectrum of foodborne bacteria as well as biofilm formations. The morphology and physicochemical characteristics of levan-Ag/AgCl NPs were investigated by transmission electron microscopy (TEM), X-ray diffraction (XRD), UV-vis spectroscopy (UV), dynamic light scattering (DLS) and thermogravimetric analysis (TGA). The hybrid levan-Ag/AgCl was evaluated for antibacterial activity against foodborne pathogenic bacteria (<i>Escherichia coli</i>, <i>Klebsiella pneumoniae</i>, <i>Salmonella enterica</i>, <i>Pseudomonas aeruginosa</i>, <i>Staphylococcus aureus</i>, <i>Micrococcus luteus</i>, <i>Listeria monocytogenes</i>, <i>Enterococcus faecalis</i>, <i>Bacillus subtilis</i> and <i>Bacillus thuringiensis</i>). The study demonstrated the strong efficiency of hybrid levan-Ag/AgCl NPs as a potent inhibitor against all tested strains, with much higher activity against Gram-negative than Gram-positive bacteria. Furthermore, bacterial strains were found to be highly sensitive to hybrid levan-Ag/AgCl NPs in comparison to the tested antibiotics. As a possible application of levan-Ag/AgCl NPs as an additive in packaging, PVA films with different amounts of hybrid levan-Ag/AgCl NPs were prepared by casting and their antibacterial, mechanical, and optical properties and ability to expand the shelf life of beef meat were explored. Interestingly, the amount of Ag leached out from films was below the permissible limit. This work demonstrates the strong antibacterial action of hybrid levan-Ag/AgCl NPs and their potential use in bioactive packaging material.",Bacillus subtilis,uv,,
36234470,10.3390/nano12193341,PMC9565893,oa,2022,"Nanomaterials (Basel, Switzerland)",Silver Nanoparticles Functionalized Nanosilica Grown over Graphene Oxide for Enhancing Antibacterial Effect.,"The continuous growth of multidrug-resistant bacteria due to the overuse of antibiotics and antibacterial agents poses a threat to human health. Silver nanoparticles, silica-based materials, and graphene-based materials have become potential antibacterial candidates. In this study, we developed an effective method of enhancing the antibacterial property of graphene oxide (GO) by growing nanosilica (NS) of approximately 50 nm on the graphene oxide (GO) surface. The structures and compositions of the materials were characterized through powdered X-ray diffraction (P-XRD), transmission electron microscopy (TEM), scanning electron microscopy coupled with energy dispersive X-ray spectroscopy (SEM-EDS), ultraviolet-visible spectroscopy (UV-VIS), dynamic light scattering (DLS), Raman spectroscopy (RM), Fourier-transform infrared spectroscopy (FTIR), Brunauer-Emmet-Teller (BET) surface area, and pore size determination. The silver nanoparticles (AgNPs) with an average diameter of 26 nm were functionalized on the nanosilica (NS) surface. The composite contained approximately 3% of silver nanoparticles. The silver nanoparticles on nanosilica supported over graphene oxide (GO/NS/AgNPs) exhibited a 7-log reduction of <i>Escherichia coli</i> and a 5.2-log reduction of <i>Bacillus subtilis</i> within one hour of exposure. Both GO/NS and GO/NS/AgNPs exhibited substantial antimicrobial effects against <i>E. coli</i> and <i>B. subtilis</i>.",Bacillus subtilis,uv,,
38293702,10.1155/2024/2626006,PMC10827364,oa,2024,International journal of biomaterials,"Graphene Quantum Dots: Green Synthesis, Characterization, and Antioxidant and Antimicrobial Potential.","Antibiotic resistance is becoming more common, emphasising the demand for novel antibacterial treatments. The current investigation describes the green synthesis of graphene quantum dots (GQDs) using <i>M. indica</i> leaves and characterization via Fourier-transform infrared spectra (FTIR), X-ray diffraction (XRD), scanning electron microscope (SEM), transmission electron microscope (TEM), and ultraviolet-visible (UV-Vis) spectrophotometer. The results showed that GQDs are spherical in shape. <i>In vitro</i> antioxidant and antimicrobial studies indicate that the biological efficacy of synthesized GQDs was higher than the ethanolic leaf extract. GQDs exhibited the highest scavenging efficacy with lowest IC<sub>50</sub> (half-maximal inhibitory concentration) value. However, antimicrobial study showed more inhibitory activity of GQDs against all screened microorganisms, i.e., <i>Staphylococcus aureus</i>, <i>Escherichia coli</i>, <i>Bacillus subtilis</i>, and <i>Pseudomonas aeruginosa</i>, and fungi, i.e., <i>Aspergillus niger</i> and <i>Aspergillus flavus</i>. Graphene quantum dots facilitate reactive oxygen species (ROS) which ultimately lead to antioxidant and antibacterial activity. This approach would provide an efficient alternate method for tackling microorganisms.",Bacillus subtilis,uv,,
34595717,10.1007/s11356-021-16537-z,PMC8483804,oa,2021,Environmental science and pollution research international,Kinetics and Monte Carlo simulation of UV disinfection of B. subtilis spores and SARS-CoV-2 in dried saliva droplets.,"Surfaces can be contaminated by droplets produced through coughing or sneezing. In this exploratory work, the UV disinfection results of Bacillus subtilis spores in dried saliva droplets were fitted to a three-parameter kinetic model (R<sup>2</sup> ≥ 0.97). This model has a disinfection rate constant for single organisms and a smaller one for aggregates found in droplets. The fraction of organisms found in aggregates (β) could account for the effects of different-sized droplets in the experimental work. Since a wide spectrum of droplet sizes can be produced, and some of the rate constants were uncertain, Monte Carlo simulation was used to estimate the UV inactivation performance in dried saliva droplets in a variety of conditions. Using conservative distribution for β, the model was applied to the UV disinfection of SARS-CoV-2 in dried saliva droplets. It was shown that a one-log reduction of SARS-CoV-2 was very likely (p>99.9%) and a two-log reduction was probable (p=75%) at a dose of 60 mJ/cm<sup>2</sup>. Aggregates tend to be variable and limit the log reductions that can be achieved at high UV doses.",Bacillus subtilis,uv,,
38925118,10.1016/j.cub.2024.05.067,,no_pmc,2024,Current biology : CB,Rapid evolutionary tuning of endospore quantity versus quality trade-off via a phase-variable contingency locus.,"The UV resistance of bacterial endospores is an important quality supporting their survival in inhospitable environments and therefore constitutes an essential driver of the ecological success of spore-forming bacteria. Nevertheless, the variability and evolvability of this trait are poorly understood. In this study, directed evolution and genetics approaches revealed that the Bacillus cereus pdaA gene (encoding the endospore-specific peptidoglycan-N-acetylmuramic acid deacetylase) serves as a contingency locus in which the expansion and contraction of short tandem repeats can readily compromise (PdaA<sup>OFF</sup>) or restore (PdaA<sup>ON</sup>) the pdaA open reading frame. Compared with B. cereus populations in the PdaA<sup>ON</sup> state, populations in the PdaA<sup>OFF</sup> state produced a lower yield of viable endospores but endowed them with vastly increased UV resistance. Moreover, selection pressures based on either quantity (i.e., yield of viable endospores) or quality (i.e., UV resistance of viable endospores) aspects could readily shift populations between PdaA<sup>ON</sup> and PdaA<sup>OFF</sup> states, respectively. Bioinformatic analysis also revealed that pdaA homologs within the Bacillus and Clostridium genera are often equipped with several short tandem repeat regions, suggesting a wider implementation of the pdaA-mediated phase variability in other sporeformers as well. These results for the first time reveal (1) pdaA as a phase-variable contingency locus in the adaptive evolution of endospore properties and (2) bet-hedging between what appears to be a quantity versus quality trade-off in endospore crops.",Bacillus subtilis,uv,,
19272704,10.1016/j.jhazmat.2009.01.107,,no_pmc,2009,Journal of hazardous materials,Immobilization of cadmium in soils by UV-mutated Bacillus subtilis 38 bioaugmentation and NovoGro amendment.,"Immobilization of cadmium (10 mg Cd per kilogram soil) in soil by bioaugmentation of a UV-mutated microorganism, Bacillus subtilis 38 accompanied with amendment of a bio-fertilizer, NovoGro was investigated using extractable cadmium (E-Cd) by DTPA. B. subtilis 38, the mutant with the strongest resistance against Cd, could bioaccumulate Cd four times greater than the original wild type. Single bioaugmentation of B. subtilis 38 (SB treatment) to soil however did not reduce E-Cd significantly, while the amendment of NovoGro (SN treatment) reduced E-Cd remarkably. Simultaneous application of B. subtilis 38 and NovoGro (SNB treatment) exhibited a synergetic effect compared to the single SB and SN treatment. The immobilization effect was significantly affected by temperature, soil moisture, and pH. It seems that the immobilization on Cd reached the maximum when environmental conditions favored the activity of microorganisms. Under the optimum conditions, after 90 days incubation, E-Cd was 3.34, 3.39, 2.25 and 0.87 mg kg(-1) in the control soil, SB, SN and SNB soils, respectively. NovoGro not only showed a great capacity for Cd adsorption, but also promoted the growth of B. subtilis 38. This study provides a potential cost-effective technique for in situ remediation of Cd contaminated soils with bioaugmentation.",Bacillus subtilis,uv,,
4967756,10.1128/am.16.3.463-467.1968,PMC547440,pmc_not_oa,1968,Applied microbiology,Ultraviolet bactericidal irradiation of ice.,"We investigated the germicidal activity of 2,537 A ultraviolet (UV) radiation on bacteria in ice cubes of varying thickness and in aqueous suspensions beneath an ice layer. The test bacteria used were Escherichia coli, Serratia marcescens, Bacillus subtilis, and Sarcina lutea; aqueous suspensions of the selected organisms were frozen into ice cubes, 2 mm to 30 mm thick, at -20 C. The cubes were irradiated for 1 min, whereas the suspensions of bacteria were placed beneath an ice block (19 cm thick) and were irradiated for 0.5 to 15 min. In both groups of experiments, the standard plate count method was used to compare the number of bacteria surviving the UV treatment with the number of bacteria in the untreated controls. The results showed that 1 min of UV treatment killed as many as 97% of the gram-negative and at least 60% of the gram-positive test bacteria (freezing survivors) frozen in ice cubes 30-mm thick. Within 15 min, UV light transmitted through a 19-cm thick ice block inactivated 98% of the bacteria suspended in the buffer solution. We concluded that the UV rays were able to penetrate at least 19 cm of ice and still retain enough energy to kill bacteria. However, the UV penetration depended greatly on the optical quality of the ice. Although it was not the purpose of these experiments to find a practical method for sanitizing ice, the results of this study and of our other unpublished experiments indicate that UV light has adequate penetrating power to be considered practical in certain selected applications.",Bacillus subtilis,uv,,
27689341,10.1016/j.jgar.2016.07.013,,no_pmc,2016,Journal of global antimicrobial resistance,Extracellular mycosynthesis of silver nanoparticles and their microbicidal activity.,"Myconanotechnology, a combination of mycology and nanotechnology that deals with the synthesis of nanoparticles using fungi or their metabolites, has great potential in the area of agriculture owing to the high surface-to-volume ratio and excellent biomedical, electronic, mechanical and physicochemical properties of these myconanoparticles. Extracellular mycosynthesis of Aspergillus flavus (KF934407) silver nanoparticles (AgNPs) was performed, which were produced by redox reaction. Furthermore, the extracellular synthesised AgNPs were characterised by ultraviolet/visible spectrophotometry, differential light scattering (DLS) and transmission electron microscopy. The bactericidal and fungicidal actions of synthesised silver myconanoparticles (myco-AgNPs) were studied against pathogenic bacteria and fungi. The formulated myco-AgNPs were spherical in shape, with a size in the range of 50nm and DLS at an intensity of 107.8nm. The myco-AgNPs showed effective antimicrobial properties against Staphylococcus aureus, Bacillus subtilis, Escherichia coli and Trichoderma spp. at high concentrations. In conclusion, AgNPs have a prolonged microbicidal effect as a result of continuous release of Ag<sup>+</sup> at sufficient concentrations. Thus, A. flavus-based myco-AgNPs have the potential to be used as a non-toxic and cheap antimicrobial agent against various pathogenic bacteria and fungi.",Bacillus subtilis,uv,,
36098629,10.1021/acs.est.2c00567,,no_pmc,2022,Environmental science & technology,Application of Nucleotide-Based Kinetic Modeling Approaches to Predict Antibiotic Resistance Gene Degradation during UV- and Chlorine-Based Wastewater Disinfection Processes: From Bench- to Full-Scale.,"This study investigated antibiotic resistance gene (ARG) degradation kinetics in wastewaters during bench- and full-scale treatment with UV light and chlorine─with the latter maintained as free available chlorine (FAC) in low-ammonia wastewater and converted into monochloramine (NH<sub>2</sub>Cl) in high-ammonia wastewater. Twenty-three 142-1509 bp segments (i.e., amplicons) of seven ARGs (<i>blt</i>, <i>mecA</i>, <i>van</i>A, <i>tet</i>(A), <i>amp</i>C, <i>bla</i><sub>NDM</sub>, <i>bla</i><sub>KPC</sub>) and the 16S rRNA gene from antibiotic resistant bacteria (ARB) strains <i>Bacillus subtilis</i>, <i>Staphylococcus aureus</i>, <i>Enterococcus faecium</i>, <i>Escherichia coli</i>, <i>Pseudomonas aeruginosa</i>, and <i>Klebsiella pneumoniae</i> were monitored as disinfection targets by qPCR. Rate constants for ARG and 16S rRNA gene amplicon degradation by UV, FAC, and NH<sub>2</sub>Cl were measured in phosphate buffer and used to expand and validate several recently developed approaches to predict DNA segment degradation rate constants based solely on their nucleotide contents, which were then applied to model ARG degradation during bench-scale treatment in buffer and wastewater matrixes. Kinetics of extracellular and intracellular ARG degradation by UV and FAC were well predicted up to ∼1-2-log<sub>10</sub> elimination, although with decreasing accuracy at higher levels for intracellular genes, while NH<sub>2</sub>Cl yielded minimal degradation under all conditions (agreeing with predictions). ARB inactivation kinetics varied substantially across strains, with intracellular gene degradation lagging cell inactivation in each case. ARG degradation levels observed during full-scale disinfection at two wastewater treatment facilities were consistent with bench-scale measurements and predictions, where UV provided ∼1-log<sub>10</sub> ARG degradation, and chlorination of high-ammonia wastewater (dominated by NH<sub>2</sub>Cl) yielded minimal ARG degradation.",Bacillus subtilis,uv,,
37633559,10.1016/j.ijbiomac.2023.126486,,no_pmc,2023,International journal of biological macromolecules,"Layer-by-layer assembly induced strong, hydrophobic and anti-bacterial TEMPO oxidized cellulose nanofibrils films for highly efficient UV-shielding and oil-water separation.","Anti-ultraviolet material with cost-effectiveness, environmental friendliness, and multifunction is urgently needed to address the serious problem of ultraviolet radiation. However, traditional anti-ultraviolet products based on plastics are unsustainable and harmful to the environment. Herein, the cellulose films with a sandwich structure using a surface assembly technique were reported. Natural L-phenylalanine was grafted onto cellulose nanofibrils via amidation to enhance their UV-shielding property. To address the hydrophilic nature and limited mechanical strength of cellulose films, we employed octadecyltrichlorosilane and 4ARM-PEG-NH<sub>2</sub> for hydrophobic coating and mechanical reinforcement, respectively. In addition to providing complete UV resistance in the wavelength range of 200-320 nm, sample OPT5 exhibited significantly improved tensile stress, Young's modulus, and toughness, measuring 174.09 MPa, 71.11 MPa, and 295.33 MJ/m<sup>3</sup>, respectively. Furthermore, due to the presence of antibacterial amine groups, the modified film demonstrated a satisfactory inhibitory effect on the growth of Escherichia coli and Bacillus subtilis. Compared to natural cellulose films, the hydrophobically modified material achieved a contact angle of up to 121.1°, which enabled efficient separation of oil-water mixtures with a maximum separation efficiency of 93.87 %. In summary, the proposed TOCNF-based UV-shielding film with multifunctionality holds great potential for replacing petrochemical-derived plastics and serving as an applicable and sustainable membrane material.",Bacillus subtilis,uv,,
38457942,10.1016/j.watres.2024.121386,,no_pmc,2024,Water research,Dielectric barrier discharge plasma promotes disinfection-residual-bacteria inactivation via electric field and reactive species.,"Traditional disinfection processes face significant challenges such as health and ecological risks associated with disinfection-residual-bacteria due to their single mechanism of action. Development of new disinfection processes with composite mechanisms is therefore urgently needed. In this study, we employed liquid ground-electrode dielectric barrier discharge (lgDBD) to achieve synergistic sterilization through electric field electroporation and reactive species oxidation. At a voltage of 12 kV, Pseudomonas fluorescens (ultraviolet and ozone-resistant) and Bacillus subtilis (chlorine-resistant) were completely inactivated within 8 and 6 min, respectively, surpassing a 7.0-log reduction. The lgDBD process showed good disinfection performance across a wide range of pH values and different practical water samples. Staining experiments suggest that cellular membrane damage contributes to this inactivation. In addition, we used a two-dimensional parallel streamer solver with kinetics code to fashion a representative model of the basic discharge unit, and discovered the presence of a persistent electric field during the discharge process with a peak value of 2.86 × 10<sup>6</sup> V/m. Plasma discharge generates excited state species such as O(<sup>1</sup>D) and N<sub>2</sub>(C<sup>3</sup>Π<sub>u</sub>), and further forms reactive oxygen and nitrogen species at the gas-liquid interface. The physical process, which is driven by electric field-induced cell membrane electroporation, synergizes with the bactericidal effects of reactive oxygen and nitrogen species to provide effective disinfection. Adopting the lgDBD process enhances sterilization efficiency and adaptability, underscoring its potential to revolutionize physicochemical synergistic disinfection practices.",Bacillus subtilis,uv,,
10792527,10.1046/j.1365-2672.2000.01015.x,,no_pmc,2000,Journal of applied microbiology,Inactivation of Bacillus subtilis spores on packaging surfaces by u. v. excimer laser irradiation.,"Ultraviolet (u.v.) laser irradiation has been used to inactivate Bacillus subtilis spores deposited on to planar aluminium- and polyethylene-coated packaging surfaces. Kill kinetics were found to be diphasic, with an initial rapid inactivation phase followed by tailing. Although no definitive evidence was obtained, it is thought that spores located within packaging crevices/pores were primarily responsible for the observed tailing. Surviving spores were also found on the unexposed underside of cards and, to a lesser extent, within clumps. The log count reduction in B. subtilis was dependent on spore loading and total u.v. dose. In comparison, packaging surface composition, fluence (2-18 Jm-2) and frequency (40-150 Hz) had only a negligible effect. By irradiating boards carrying 106 spores, with a dose of 11.5 J cm-2, a log count reduction >5 was obtained. The mode of spore inactivation was primarily through DNA disruption. This was confirmed by the high sensitivity of spores lacking protective, small, acid-soluble proteins, in addition to the high frequency of auxotrophic and asporogenous mutations found amongst survivors.",Bacillus subtilis,uv,,
37893706,10.3390/foods12203813,PMC10606246,oa,2023,"Foods (Basel, Switzerland)",Drastic Microbial Count Reduction in Soy Milk Using Continuous Short-Wave Ultraviolet Treatments in a Tubular Annular Thin Film UV-C Reactor.,"Vegetative cells of <i>Listeria monocytogenes</i> and <i>Escherichia coli</i> and spores of <i>Bacillus subtilis</i> and <i>Aspergillus niger</i> were inoculated in soy milk at an initial concentration of ≈5 log CFU/mL. Inoculated and control (non-inoculated) soy milk samples were submitted to three types of treatments using a tubular annular thin film short-wave ultraviolet (UV-C) reactor with 1 mm of layer thickness. Treatments applied depended on the flow rate and the number of entries to the reactor, with UV-C doses ranging from 20 to 160 J/mL. The number of entries into the reactor tube (NET) was established as the most determining parameter for the efficiency of the UV-C treatments. Conidiospores of <i>A. niger</i> were reported as the most resistant, followed by <i>B. subtilis</i> spores, while vegetative cells were the most sensible to UV-C, with <i>Listeria monocytogenes</i> being more sensible than <i>Escherichia coli.</i> Treatments of just 80 J/mL were needed to achieve a 5 log CFU/mL reduction of <i>L. monocytogenes</i> while 160 J/mL was necessary to achieve a similar reduction for <i>A. niger</i> spores.",Bacillus subtilis,uv,,
3011766,10.1093/oxfordjournals.jbchem.a135573,,no_pmc,1986,Journal of biochemistry,Glutamate synthase from Bacillus subtilis PCI 219.,"Reduced pyridine nucleotide dependent glutamate synthase [L-glutamate: NADP+ oxidoreductase (transaminating); EC 1.4.1.13] was purified to homogeneity from Bacillus subtilis PCI 219. The molecular weight of the enzyme was 210,000, and the enzyme was composed of two nonidentical subunits with molecular weights of 160,000 and 56,000. The absorption and CD spectra of the enzyme indicated that the enzyme is an iron-sulfur flavoprotein. The enzyme was found to contain 1:1:7.4:8.7 mol of FMN, FAD, iron atoms, and acid-labile sulfur atoms per mol (MW 210,000). EPR measurements of the NADPH-reduced enzyme at 77K revealed the formation of a stable flavin semiquinone intermediate; however, none of the signals originating from the iron-sulfur cluster was observed. Still at 4.2K the EPR signals in the region of g = 2, which may originate from the paramagnetic iron-sulfur cluster, were clearly observed for both the isolated and dithionite-reduced states of the enzyme. The enzyme exhibited a wide coenzyme specificity, and either NADPH or NADH could be used as electron donor, although the latter was less effective. The enzyme activity was also expressed when ammonium chloride was substituted for L-glutamine. The optimum pHs for NADPH-Gln-, NADH-Gln-, and NADPH-NH3-dependent reactions were 7.8, 6.9, and 9.4, respectively. The apoenzyme exhibited substantial inactivation of the Gln-dependent activities but still retained the NH3-dependent activities. Enzyme reduction-oxidation experiments, initial velocity experiments, and product inhibition patterns revealed that both the NADPH-Gln- and NADH-Gln-dependent reactions coincided with the two-site ping-pong uni-uni bi-bi kinetic mechanism, while the NADPH-NH3-dependent reaction deviated from Michaelis-Menten kinetics. The Gln-dependent activities were inhibited by several TCA cycle members, especially L-malate and fumarate, as well as L-methionine-SR-sulfoximine, pyridoxal-5'-phosphate, and pCMB. The regulation of the glutamate synthase, glutamine synthetase [EC 6.3.1.2], and glutamate dehydrogenase [EC 1.4.1.3] activities was examined with cultures of cells grown with various nitrogen and carbon sources.",Bacillus subtilis,uv,,
35289640,10.1128/aem.02148-21,PMC9004376,pmc_not_oa,2022,Applied and environmental microbiology,Mathematical Modeling for Evaluating Inherent Parameters Affecting UVC Decontamination of Indicator Bacteria.,"UV light is a tool associated with the denaturation of cellular components, DNA damage, and cell disruption. UV treatment is widely used in the decontamination process; however, predicting a sufficient UV dose by using traditional methods is doubtful. In this study, an in-house UVC apparatus was designed to investigate the process of the inactivation of five indicator bacteria when the initial cell concentrations and irradiation intensities varied. Both linear and nonlinear mathematical models were applied to predict the inactivation kinetics. In comparison with the Weibull and modified Chick-Watson models, the Chick-Watson model provided a good fit of the experimental data for five bacteria, Escherichia coli, Klebsiella pneumoniae, Staphylococcus aureus, Streptococcus faecalis, and Bacillus subtilis. The specific death rate (<i>k<sub>d</sub></i>) significantly increased when the irradiation intensity (<i>I</i>) increased from 1.41 W/m<sup>2</sup> to 3.02 W/m<sup>2</sup> and 4.83 W/m<sup>2</sup> (<i>P</i> < 0.05). Statistical analysis revealed no significant difference in the <i>k<sub>d</sub></i> values among the groups of tested Gram-positive bacteria, Gram-negative bacteria, and B. subtilis spores, but the <i>k<sub>d</sub></i> values differed among groups (<i>P</i> < 0.05). The death rate coefficient (<i>k</i>) varied from species to species. The <i>k</i> values of the tested Gram-positive bacteria were higher than those of the Gram-negative bacteria. The thick peptidoglycan layer in the Gram-positive membrane was responsible for UVC resistance. The high guanine-cytosine (GC) content in bacteria also contributed to UV resistance due to the less photoreactive sites on the nucleotides. This investigation provides a good understanding of bacterial inactivation induced by UVC treatment. <b>IMPORTANCE</b> Prevention and control measures for microbial pathogens have attracted worldwide attention due to the recent coronavirus disease 2019 pandemic. UV treatments are used as a commercial control to prevent microbial contamination in diverse applications. Microorganisms exhibit different UV sensitivities, which are often measured by the UV doses required for decreasing the number of microbial contaminants in the logarithmic order. The maximum efficacy of UV is usually observed at 254 nm (residing in the UVC range of the light spectrum). UV technology is a nonthermal physical decontamination measure that does not require any chemicals and consumes low levels of energy while leaving insignificant amounts of chemical residues or toxic compounds. Therefore, obtaining the microbial death kinetics and their intrinsic parameters provided in this study together with the UV photoreaction rate enables advancement in the design of UV treatment systems.",Bacillus subtilis,uv,,
824459,10.1128/JVI.20.1.188-195.1976,PMC354979,pmc_not_oa,1976,Journal of virology,Restriction and modification in Bacillus subtilis: inducibility of a DNA methylating activity in nonmodifying cells.,"The nonrestricting/nonmodifying strain Bacillus subtilis 222 (r-m-) can be induced to synthesize a DNA-modifying activity upon treatment with either mitomycin C (MC) or UV light. This is shown by the following facts. (i) Infection of MC-pretreated 222 cells with unmodified SPP1 phage yields about 3% modified phage that are resistant to restriction in B. subtilis R (r+m+). The induced modifying activity causes the production of a small fraction of fully modified phage in a minority class of MC-treated host cells. (ii) The MC-pretreated host cells contain a DNA cytosine methylating activity: both bacterial and phage DNAs have elevated levels of 5-methylcytosine. (iii) The MC-induced methylation of SPP1 DNA takes place at the recognition nucleotide sequences of restriction endonuclease R from B. subtilis R. (iv) Crude extracts of MC-pretreated 222 cells have enhanced DNA methyltransferase activities, with a substrate specificity similar to that found in modification enzymes present in (constitutively) modifying strains.",Bacillus subtilis,uv,,
4625593,10.1016/0027-5107(72)90004-8,,no_pmc,1972,Mutation research,Ultraviolet inactivation and excision-repair in Bacillus subtilis. IV. Integration and repair of ultraviolet-inactivated transforming DNA.,,Bacillus subtilis,uv,,
4623569,10.1016/0027-5107(72)90086-3,,no_pmc,1972,Mutation research,Ultraviolet inactivation and excision-repair in Bacillus subtilis. I. Construction and characterization of a transformable eightfold auxotrophic strain and two ultraviolet-sensitive derivatives.,,Bacillus subtilis,uv,,
34022614,10.1016/j.ijfoodmicro.2021.109231,,no_pmc,2021,International journal of food microbiology,Ultraviolet-C inactivation and hydrophobicity of Bacillus subtilis and Bacillus velezensis spores isolated from extended shelf-life milk.,"Bacterial spores are important in food processing due to their ubiquity, resistance to high temperature and chemical inactivation. This work aims to study the effect of ultraviolet C (UVC) on the spores of Bacillus subtilis and Bacillus velezensis at a molecular and individual level to guide in deciding on the right parameters that must be applied during the processing of liquid foods. The spores were treated with UVC using phosphate buffer saline (PBS) as a suspension medium and their lethality rate was determined for each sample. Purified spore samples of B. velezensis and B. subtilis were treated under one pass in a UVC reactor to inactivate the spores. The resistance pattern of the spores to UVC treatment was determined using dipicolinic acid (Ca-DPA) band of spectral analysis obtained from Raman spectroscopy. Flow cytometry analysis was also done to determine the effect of the UVC treatment on the spore samples at the molecular level. Samples were processed for SEM and the percentage spore surface hydrophobicity was also determined using the Microbial Adhesion to Hydrocarbon (MATH) assay to predict the adhesion strength to a stainless-steel surface. The result shows the maximum lethality rate to be 6.5 for B. subtilis strain SRCM103689 (B47) and highest percentage hydrophobicity was 54.9% from the sample B. velezensis strain LPL-K103 (B44). The difference in surface hydrophobicity for all isolates was statistically significant (P < 0.05). Flow cytometry analysis of UVC treated spore suspensions clarifies them further into sub-populations unaccounted for by plate counting on growth media. The Raman spectroscopy identified B4002 as the isolate possessing the highest concentration of Ca-DPA. The study justifies the critical role of Ca-DPA in spore resistance and the possible sub-populations after UVC treatment that may affect product shelf-life and safety. UVC shows a promising application in the inactivation of resistant spores though there is a need to understand the effects at the molecular level to design the best parameters during processing.",Bacillus subtilis,uv,,
37523138,10.1007/s10895-023-03322-z,,no_pmc,2024,Journal of fluorescence,"Evaluating the Effect of pH, Temperature and Concentration on Antioxidant and Antibacterial Potential of Spectroscopically, Spectrophotometrically and Microscopically Characterized Mentha Spicata Capped Silver Nanoparticles.","The use of traditional plants has been tremendously increased due to their higher biological impact, minimal side effects, and comparatively low cost. Moreover, the emergence of antibacterial resistance is also shifting the scientific community to reconsider herbal remedies which provide relatively safer, cheap and biologically tolerable solutions. The present research was designed to fabricate the Mentha spicata conjugated silver nanoparticles (Me-AgNPs). Furthermore, the assessment of the bactericidal potential of Me-AgNPs against various bacterial strains was another motive behind this study. Fabricated NPs were characterized with the help of the UV-Visible spectrophotometric analysis, Fourier transform infrared spectroscopy (FTIR) and Scanning electron microscopy (SEM). Me-AgNPs showed a significant zone of inhibition (23 ± 0.2 mm) at 8 mg/mL against Staphylococcus aureus and a 4.0 ± 0.2 mm zone of growth inhibition at 2 mg/mL against Aeromonas veronii. The stability of Me-AgNPs was assessed at various pH (4, 7 and 11) and temperatures (25 °C, 4 °C, 37 °C, 75 °C). The significant zones of inhibition (11.3 ± 0.3 mm, 8.3 ± 0.3mm, 14.3 ± 0.3 mm, and 7.6 ± 0.2 mm) were observed at pH 11 against Escherichia coli, Staphylococcus aureus, Bacillus subtilis, and Klebsiella pneumoniae, respectively. Growth inhibition zones (14.0 ± 0.5 mm and 13.0 ± 0.5 mm) were also determined against B. subtilis and S. aureus at 25 °C. DPPH bioassay was conducted to find the antioxidant properties of Me-AgNPs. The highest (38.66 ± 0.2%) free radical scavenging activity was shown by Me-AgNPs at 4 mg/mL. Present study results concluded that biogenic Me-AgNPs have bactericidal as well as anti-oxidative potential. Moreover, these green synthesized Me-AgNPs could maintain their potency and stability at a wide range of pH and temperature.",Bacillus subtilis,uv,,
818709,10.1126/science.818709,,no_pmc,1976,"Science (New York, N.Y.)",Chloramine mutagenesis in Bacillus subtilis.,"Chloramine (which occurs widely as a by-product of sanitary chlorination of water supplies) is shown to be a weak mutagen, when reversion of trpC to trpC in Bacillus subtilis is used as an assay. Some DNA-repair mutants appear to be more sensitive to chloramine, suggesting the involvement of DNA targets in bactericide. The influence of plating media on survival of cells treated with chloramine suggests a bacterial repair system acting upon potentially lethal lesions induced by chloramine.",Bacillus subtilis,uv,,
39402571,10.1186/s12934-024-02535-6,PMC11475717,oa,2024,Microbial cell factories,Antimicrobial activity and nanoremediation of heavy metals using biosynthesized CS/GO/ZnO nanocomposite by Bacillus subtilis ATCC 6633 alone or immobilized in a macroporous cryogel.,"The world society is still suffering greatly from waterborne infections, with developing countries bearing most of the morbidity and death burden, especially concerning young children. Moreover, microbial resistance is one of the most prevalent global problems that extends the need for self-medication and the healing period, or it may be linked to treatment failure that results in further hospitalization, higher healthcare expenses, and higher mortality rates. Thus, innovative synthesis of new antimicrobial materials is required to preserve the environment and enhance human health. The present study highlighted a simple and cost-effective approach to biosynthesize a chitosan/graphene oxide/zinc oxide nanocomposite (CS/GO/ZnO) alone and immobilized in a macroporous cryogel as a new antimicrobial agent. Bacillus subtilis ATCC 6633 was used as a safe and efficient bio-nano-factory during biosynthesis. The formation of CS/GO/ZnO was confirmed and characterized using different analyses including ultraviolet-visible spectroscopy (UV-Vis), X-ray diffraction (XRD), Fourier transform infrared spectroscopy (FTIR), selective area diffraction pattern (SADP), Zeta analyses, scanning electron microscope (SEM) and transmission electron microscopy (TEM). GO combined with ZnO NPs successfully and displayed an adsorption peak at 358 nm. The XRD results showed the crystalline composition of the loaded ZnO NPs on GO sheets. FTIR spectrum confirmed the presence of proteins during the synthesis which act as stabilizing and capping agents. The nanocomposite has a high negative surface charge (-32.8 ± 5.7 mV) which increases its stability. SEM and TEM showing the size of biosynthesized ZnO-NPs was in the range of 40-50 nm. The CS/GO/ZnO alone or immobilized in cryogel revealed good antimicrobial activities against B. cereus ATCC 14,579, Escherichia coli ATCC 25,922, and Candida albicans ATCC 10,231 in a dose-dependent manner. The CS/GO/ZnO cryogel revealed higher antimicrobial activity than GO/ZnO nanocomposite and standard antibiotics (amoxicillin and miconazole) with inhibition zones averages of 24.33 ± 0.12, 15.67 ± 0.03, and 17.5 ± 0.49 mm, respectively. The MIC values of the prepared nanocomposite against B. cereus, E. coli, and C. albicans were 80, 80, and 90 µg/ml compared to standard drugs (90, 120 and 150 µg/ml, respectively). According to the TEM ultrastructure studies of nanocomposite-treated microbes, treated cells had severe deformities and morphological alterations compared to the untreated cells including cell wall distortion, the separation between the cell wall and plasma membrane, vacuoles formation moreover complete cell lyses were also noted. In the cytotoxicity test of CS/GO/ZnO alone and its cryogel, there was a significant reduction (p˂0.05) in cell viability of WI-38 normal lung cell line after the concentration of 209 and 164 µg/ml, respectively. It showed the low toxic effect of the nanocomposite and its cryogel on the WI-38 line which implies its safety. In addition, water treatment with the CS/GO/ZnO cryogel decreased turbidity (0.58 NTU), total coliform (2 CFU/100 ml), fecal coliform (1 CFU/100 ml), fecal Streptococcus (2 CFU/100 ml), and heterotrophic plate counts (53 CFU/1 ml) not only in comparison with the chlorine-treated samples (1.69 NTU, 4 CFU/100 ml, 6 CFU/100 ml, 57 CFU/100 ml, and 140 CFU/1 ml, respectively) but also with the raw water samples (6.9 NTU, 10800 CFU/100 ml, 660 CFU/100 ml, 800 CFU/100 ml, and 4400 CFU/1 ml, respectively). Moreover, cryogel significantly decreased the concentration of different heavy metals, especially cobalt compared to chlorine (0.004 ppm, 0.002 ppm, and 0.001 ppm for raw water, chlorine-treated, and cryogel-treated groups, respectively) which helped in the reduction of their toxic effects. This study provides an effective, promising, safe, and alternative nanocomposite to treat different human and animal pathogenic microbes that might be used in different environmental, industrial, and medical applications.",Bacillus subtilis,uv,,
100373,,,no_pmc,1978,Genetika,"[UV-mutagenesis in Bacillus subtilis. VII. Mutability of recA, recB and recF strains].","UV-light induces reversions to threonine-independence in BD170 Rec+ cells, and does not induce them in isogenic strain BD241 recF. Reversions to methionine-independence are induced in cells GSY1028 recB, and are not in isogenic strain GSY1025 recA. It is possible to construct, with the use of transformation, a viable strain carrying mutations recF and su, the latter imparts threinine-independence to cells. Hence, the absence of UV-induced reversions in recF (and probably in recA) cells can not be explained by the lethal effect of joining, in one genome, two mutations each of which decreases a viability of bacteria. Formation of UV-induced forward mutations which provide additional growth requirements to bacteria is not disturbed in strains recA and recF. Experimental data allow to conclude that UV-induced mutagenesis is not a function of any of two known mechanisms of recombination which function in Bacillus subtilis cells.",Bacillus subtilis,uv,,
11542696,,,no_pmc,1995,Advances in space research : the official journal of the Committee on Space Research (COSPAR),"ERA-experiment ""Space Biochemistry"".","The general goal of the experiment was to study the response of anhydrobiotic (metabolically dormant) microorganisms (spores of Bacillus subtilis, cells of Deinococcus radiodurans, conidia of Aspergillus species) and cellular constituents (plasmid DNA, proteins, purple membranes, amino acids, urea) to the extremely dehydrating conditions of open space, in some cases in combination with irradiation by solar UV-light. Methods of investigation included viability tests, analysis of DNA damages (strand breaks, DNA-protein cross-links) and analysis of chemical effects by spectroscopic, electrophoretic and chromatographic methods. The decrease in viability of the microorganisms was as expected from simulation experiments in the laboratory. Accordingly, it could be correlated with the increase in DNA damages. The purple membranes, amino acids and urea were not measurably effected by the dehydrating condition of open space (in the dark). Plasmid DNA, however, suffered a significant amount of strand breaks under these conditions. The response of these biomolecules to high fluences of short wavelength solar UV-light is very complex. Only a brief survey can be given in this paper. The data on the relatively good survival of some of the microorganisms call for strict observance of COSPAR Planetary Protection Regulations during interplanetary space missions.",Bacillus subtilis,uv,,
38644344,10.1002/pmic.202300494,,no_pmc,2024,Proteomics,Proteomic profiling of antibiotic-resistant Escherichia coli GW-AmxH19 isolated from hospital wastewater treated with physical plasma.,"Microorganisms which are resistant to antibiotics are a global threat to the health of humans and animals. Wastewater treatment plants are known hotspots for the dissemination of antibiotic resistances. Therefore, novel methods for the inactivation of pathogens, and in particular antibiotic-resistant microorganisms (ARM), are of increasing interest. An especially promising method could be a water treatment by physical plasma which provides charged particles, electric fields, UV-radiation, and reactive species. The latter are foremost responsible for the antimicrobial properties of plasma. Thus, with plasma it might be possible to reduce the amount of ARM and to establish this technology as additional treatment stage for wastewater remediation. However, the impact of plasma on microorganisms beyond a mere inactivation was analyzed in more detail by a proteomic approach. Therefore, Escherichia coli GW-AmxH19, isolated from hospital wastewater in Germany, was used. The bacterial solution was treated by a plasma discharge ignited between each of four pins and the liquid surface. The growth of E. coli and the pH-value decreased during plasma treatment in comparison with the untreated control. Proteome and antibiotic resistance profile were analyzed. Concentrations of nitrite and nitrate were determined as long-lived indicative products of a transient chemistry associated with reactive nitrogen species (RNS). Conversely, hydrogen peroxide served as indicator for reactive oxygen species (ROS). Proteome analyses revealed an oxidative stress response as a result of plasma-generated RNS and ROS as well as a pH-balancing reaction as key responses to plasma treatment. Both, the generation of reactive species and a decreased pH-value is characteristic for plasma-treated solutions. The plasma-mediated changes of the proteome are discussed also in comparison with the Gram-positive bacterium Bacillus subtilis. Furthermore, no effect of the plasma treatment, on the antibiotic resistance of E. coli, was determined under the chosen conditions. The knowledge about the physiological changes of ARM in response to plasma is of fundamental interest to understand the molecular basis for the inactivation. This will be important for the further development and implementation of plasma in wastewater remediation.",Bacillus subtilis,uv,,
4966691,10.1016/S0006-3495(68)86471-9,PMC1367355,pmc_not_oa,1968,Biophysical journal,The ultraviolet photochemistry and photobiology of vegetative cells and spores of Bacillus megaterium.,"The ultraviolet (UV) photochemistry and photobiology of spores and vegetative cells of Bacillus megaterium have been studied. The response of vegetative cells of B. megaterium appears qualitatively similar to those of Escherichia coli, Micrococcus radiodurans, and Bacillus subtilis with respect to photoproduct formation and repair mechanisms. UV irradiation, however, does not produce cyclobutane-type thymine dimers in the DNA of spores, although other thymine photo-products are produced. The photoproducts do not disappear after photoreactivation, but they are eliminated from the DNA by a dark-repair mechanism different from that found for dimers in vegetative cells. Irradiations performed at three wavelengths produce the same amounts of spore photoproduct and give the same survival curves. Variation of the sporulation medium before irradiation results in comparable alterations in the rate of spore photoproduct production and in survival.",Bacillus subtilis,uv,,
32361377,10.1016/j.colsurfb.2020.111061,,no_pmc,2020,"Colloids and surfaces. B, Biointerfaces",Colloidal stability and biological activity evaluation of microbial exopolysaccharide levan-capped gold nanoparticles.,"The main objectives of this study were to explore the suitability of the exopolysaccharide levan, biosynthesized by Bacillus subtilis, to aid in the formation of gold nanoparticles (AuNPs) and to investigate the colloidal stability and in vitro biological activity of this biopolymer-AuNPs complex. AuNPs (mainly spherical, 8-10 nm-sized, and monodispersed) were successfully synthesized in levan concentrations up to 0.5% w/v (L-AuNP0.5) while exposed to ultraviolet C (UVC) irradiation. The increase of levan quantity decreased the size of AuNPs according to Transmission Electron Microscopy (TEM) images and enhanced the colloidal stability significantly. The presence of L-AuNP0.5 at the highest treatment dose (1000 μg/mL) exhibited substantial cytotoxicity towards L-929 mouse fibroblasts for all incubation periods. Dose-dependent toxicity was observed for the first day while, after this threshold value, medium (100 μg/mL) and the lowest (10 μg/mL) treatment doses were non-cytotoxic during 7 days of incubation, implying dose and time-independent cell viabilities (> 95%) compared to the negative control (complete cell culture medium). There occurred a special surface interaction with cells and L-AuNP0.5, especially when the cells were subjected to deliberate starvation periods to increase L-AuNP0.5 internalization via passive and active endocytosis. Scanning Electron Microscopy (SEM) images showed high accumulation of L-AuNP0.5 around or inside the cell membrane after 7 days. Overall, this attribute (high uptake of L-AuNP0.5) could make them promising candidates for prospective cancer therapeutics or drug delivery systems by enabling the cell internalization of anticancer drugs.",Bacillus subtilis,uv,,
40314679,,,no_pmc,2025,The new microbiologica,Green synthesis of silver nanoparticles using Mung bean and the probiotic Bacillus clausii and their evaluation as single or synergistic antibacterial agents.,"Biological green synthesis of silver nanoparticles (AgNPs) offers potent antimicrobial properties and provides a promising approach against drug-resistant microbes. The present study aims to synthesize AgNPs using Mung bean (Vigna radiate) aqueous extract and the probiotic Bacillus clausii, and to evaluate their antibacterial activity individually and in combination against several bacterial strains. Synthesized AgNPs were characterized by ultraviolet-visible spectroscopy (UV-vis) and scanning electron microscopy (SEM). V. radiata AgNPs were revealed at 450 nm, with spherical to oval shapes ranging in size from 15.9 to 23.0 nm; probiotic AgNPs were observed at 425 nm, also with a spherical shape ranging in size from 16.4 to 23.7 nm. The antibacterial assay was performed using the agar well diffusion method against Staphylococcus aureus, Bacillus subtilis, Pseudomonas aeruginosa, and Escherichia coli. Results indicated that V. radiata aqueous extract and the probiotic solution did not exhibit any effect, whereas synthesized V. radiata and probiotic AgNPs showed antibacterial activity against all tested bacteria. AgNPs possessed higher antibacterial activity than individual AgNPs when used in combination against almost all bacteria studied. Therefore, it is suggested that using natural antimicrobial agents to synthesize NPs could serve as an eco-friendly alternative to antibiotics.",Bacillus subtilis,uv,,
21667166,10.1007/s00203-011-0722-9,,no_pmc,2011,Archives of microbiology,Growth phase-dependent UV-C resistance of Bacillus subtilis: data from a short-term evolution experiment.,"After 700 generations of a short-term evolution experiment with Bacillus subtilis 168, two strains were isolated, the UV-adapted strain MW01 and the UV-unexposed control strain DE69, and chosen for UV-C radiation resistance studies with respect to growth phase. The ancestral strain from the evolution experiment was used as reference for comparative purposes. Cells of the UV-adapted strain showed significant differences in their physiology (growth behavior, doubling time, cell density, and sporulation capacity) and were more resistant to UV in all monitored stages. These findings implicate the evolution to an increased UV radioresistance was not limited to a specific growth phase and led to reduced growth dynamics, compared with those obtained from the ancestral and the control strain.",Bacillus subtilis,uv,,
8806230,10.1111/j.1751-1097.1996.tb03103.x,,no_pmc,1996,Photochemistry and photobiology,Damage to UV-sensitive cells by short UV in photographic flashes.,"Light emitted by electronic photographic flash units is shown to damage bacteria and human skin fibroblasts deficient in repair systems, with survival curves very similar to those produced by 254 nm short UV. The lesions induced by these flashes are as photorepairable by the photolyase enzyme as those induced by 254 nm UV and result in equivalent survival rates. Biological dosimetry performed with microorganisms highly sensitive to UV (Escherichia coli K12 AB2480, deficient in excision and recombinational-dependent repair systems and Bacillus subtilis UVSSP spores, deficient in excision and in a specific spore repair process) revealed that each 1 ms flash of light from the photographic unit used in this work contained the equivalent of 0.25 J m-2 of 254 nm UV, when measured at a distance of 7.0 cm. This dose of UV was found to be lethal to both repair-deficient E. coli bacteria and repair-deficient human skin fibroblasts obtained from xeroderma pigmentosum donors, as well as mutagenic in B/r wild-type and HCR-mutant bacteria.",Bacillus subtilis,uv,,
26435315,10.1021/acs.jpcb.5b07437,,no_pmc,2015,The journal of physical chemistry. B,Sterilization Resistance of Bacterial Spores Explained with Water Chemistry.,"Bacterial spores can survive for long periods without nutrients and in harsh environmental conditions. This survival is influenced by the structure of the spore, the presence of protective compounds, and water retention. These compounds, and the physical state of water in particular, allow some species of bacterial spores to survive sterilization schemes with hydrogen peroxide and UV light. The chemical nature of the spore core and its water has been a subject of some contention and the chemical environment of the water impacts resistance paradigms. Either the spore has a glassy core, where water is immobilized along with other core components, or the core is gel-like with mobile water diffusion. These properties affect the movement of peroxide and radical species, and hence resistance. Deuterium solid-state NMR experiments are useful for examining the nature of the water inside the spore. Previous work in our lab with spores of Bacillus subtilis indicate that, for spores, the core water is in a more immobilized state than expected for the gel-like core theory, suggesting a glassy core environment. Here, we report deuterium solid-state NMR observations of the water within UV- and peroxide-resistant spores from Bacillus pumilus SAFR-032. Variable-temperature NMR experiments indicate no change in the line shape after heating to 50 °C, but an overall decrease in signal after heating to 100 °C. These results show glass-like core dynamics within B. pumilus SAFR-032 that may be the potential source of its known UV-resistance properties. The observed NMR traits can be attributed to the presence of an exosporium containing additional labile deuterons that can aid in the deactivation of sterilizing agents.",Bacillus subtilis,uv,,
4984211,10.1016/0005-2736(70)90008-8,,no_pmc,1970,Biochimica et biophysica acta,A novel protoplast-bursting factor (surfactin) obtained from bacillus subtilis IAM 1213. II. The interaction of surfactin with bacterial membranes and lipids.,,Bacillus subtilis,uv,,
3097682,10.1111/j.1751-1097.1986.tb04680.x,,no_pmc,1986,Photochemistry and photobiology,Action spectra in ultraviolet wavelengths (150-250 nm) for inactivation and mutagenesis of Bacillus subtilis spores obtained with synchrotron radiation.,,Bacillus subtilis,uv,,
19659696,10.1111/j.1365-2672.2009.04453.x,,no_pmc,2010,Journal of applied microbiology,"Characterization of Bacillus subtilis spore inactivation in low-pressure, low-temperature gas plasma sterilization processes.","To identify structural components of Bacillus subtilis spores serving as targets for sterilization with microwave induced low-pressure, low-temperature nitrogen-oxygen plasma. The inactivation of spores followed a biphasic kinetics consisting of a log-linear phase with rapid inactivation followed by a slow inactivation phase. In the course of plasma treatment, damage to DNA, proteins and spore membranes were observed by monitoring the occurrence of auxotrophic mutants, inactivation of catalase (KatX) activity and the leakage of dipicolinic acid, respectively. Spores of the wild-type strain showed the highest resistance to plasma treatment. Spores of mutants defective in nucleotide excision repair (uvrA) and small acid-soluble proteins (Delta sspA Delta sspB) were more sensitive than those defective in the coat protein CotE or spore photoproduct repair (splB). Exclusion of reactive particles and spectral fractions of UV radiation from access to the spores revealed that UV-C radiation is the most effective inactivation agent in the plasma, whereby the splB and Delta cotE mutant spores were equally and slightly less sensitive, respectively, than the wild-type spores. Finally, the extent of damages in the spore DNA determined by quantitative PCR correlated with the spore inactivation. Spore inactivation was efficiently mediated by a combination of DNA damage and protein inactivation. DNA was identified to be the primary target for spore inactivation by UV radiation emitted by the plasma. Coat proteins were found to constitute a protective layer against the action of the plasma. The results provide new evidence to the understanding of plasma sterilization processes. This knowledge supports the identification of useful parameters for novel plasma sterilization equipment to control process safety.",Bacillus subtilis,uv,,
30266724,10.1128/AEM.01942-18,PMC6238051,oa,2018,Applied and environmental microbiology,Survival of Extremophilic Yeasts in the Stratospheric Environment during Balloon Flights and in Laboratory Simulations.,"The high-altitude atmosphere is a harsh environment with extremely low temperatures, low pressure, and high UV irradiation. For this reason, it has been proposed as an analogue for Mars, presenting deleterious factors similar to those on the surface of that planet. We evaluated the survival of extremophilic UV-resistant yeasts isolated from a high-elevation area in the Atacama Desert under stratospheric conditions. As biological controls, intrinsically resistant <i>Bacillus subtilis</i> spores were used. Experiments were performed in two independent stratospheric balloon flights and with an environmental simulation chamber. The three following different conditions were evaluated: (i) desiccation, (ii) desiccation plus exposure to stratospheric low pressure and temperature, and (3) desiccation plus exposure to the full stratospheric environment (UV, low pressure, and temperature). Two strains, <i>Naganishia</i> (<i>Cryptococcus</i>) <i>friedmannii</i> 16LV2 and <i>Exophiala</i> sp. strain 15LV1, survived full exposures to the stratosphere in larger numbers than did <i>B. subtilis</i> spores. <i>Holtermanniella watticus</i> (also known as <i>Holtermanniella wattica</i>) 16LV1, however, suffered a substantial loss in viability upon desiccation and did not survive the stratospheric UV exposure. The remarkable resilience of <i>N. friedmannii</i> and <i>Exophiala</i> sp. 15LV1 under the extreme Mars-like conditions of the stratosphere confirms its potential as a eukaryotic model for astrobiology. Additionally, our results with <i>N. friedmannii</i> strengthen the recent hypothesis that yeasts belonging to the <i>Naganishia</i> genus are fit for aerial dispersion, which might account for the observed abundance of this species in high-elevation soils.<b>IMPORTANCE</b> Studies of eukaryotic microorganisms under conditions of astrobiological relevance, as well as the aerial dispersion potential of extremophilic yeasts, are still lacking in the literature compared to works with bacteria. Using stratospheric balloon flights and a simulation chamber, we demonstrate that yeasts isolated from an extreme environment are capable of surviving all stressors found in the stratosphere, including intense UV irradiation, scoring an even higher survival than <i>B. subtilis</i> spores. Notably, the yeast <i>N. friedmannii</i>, which displayed one of the highest tolerances to the stratospheric environment in the experiments, was recently proposed to be adapted to airborne transportation, although such a hypothesis had not yet been tested. Our results strengthen such an assumption and can help explain the observed distribution and ecology of this particular yeast species.",Bacillus subtilis,uv,,
16884760,10.1016/j.watres.2006.05.042,,no_pmc,2006,Water research,Investigating synergism during sequential inactivation of Bacillus subtilis spores with several disinfectants.,"The sequential application of ozone, chlorine dioxide, or UV followed by free chlorine was performed to investigate the synergistic inactivation of Bacillus subtilis spores. The greatest synergism was observed when chlorine dioxide was used as a primary disinfectant followed by secondary disinfection with free chlorine. A lesser synergistic effect was observed when ozone was used as the primary disinfectant, but no synergism was observed when UV was used as the primary disinfectant. When free chlorine was used as the primary disinfectant (i.e., sequential application in the reverse order), the synergistic effect was shown only when chlorine dioxide was applied as the secondary disinfectant. The synergistic effect observed could be related to damage to the spore coat during primary disinfection, suggested by the loss of proteins from spores during disinfectant treatment. The greatest synergism observed by the chlorine dioxide/free chlorine pair suggested that common reaction sites might exist for these disinfectants. The concept of percent synergistic effect was introduced to quantitatively compare the extent of synergistic effects in the sequential disinfection processes.",Bacillus subtilis,uv,,
36946872,10.1089/ast.2022.0072,,no_pmc,2023,Astrobiology,Microbial Protocols for Spacecraft: 3. Spore Monolayer Preparation Methods for Ultraviolet Irradiation Exposures.,"Developing robust microbial survival models for interplanetary and planetary spacecraft requires precise inactivation kinetics for vehicle bioburdens. To generate such data, reliable protocols are required for preparing, testing, and assaying microbial cells or spores on simulated spacecraft materials. New data are presented on the utility of the liquid droplet protocol for applying <i>Bacillus subtilis</i> spores to aluminum coupons. Results indicate that low-density spore monolayers should be created between 2 and 5 × 10<sup>6</sup> spores per cm<sup>2</sup> on individual coupons to prevent the formation of aggregates or multilayers of spores. Such aggregation or multilayers will interfere with the precision of characterizing the effects of UV irradiation on spore survival. Optimum spore monolayers are defined as spore monolayers without overlapping or clustered cells and in which all spores will receive UV photons during assays. The best spore monolayers were created with sterile deionized water (SDIW) on uncoated aluminum coupons, or with SDIW + Triton X-100 (at 0.5 × of the <i>critical micellar concentration</i>) on either uncoated Al-coupons or on Chemfilm Class 1A-coated coupons. The Triton X-100 surfactant improved the uniformity of the monolayers without affecting the sensitivity of the spores to UV irradiation. Furthermore, spore layers created at either 2 × 10<sup>7</sup> or 2 × 10<sup>8</sup> spores/cm<sup>2</sup> created multi-stacking effects that clearly reduced the precision of the UV irradiation assays. A set of standardized protocols is suggested for spacecraft processing and planetary protection communities to permit directly comparing results from divergent labs.",Bacillus subtilis,uv,,
3926753,10.1128/jb.163.2.774-777.1985,PMC219189,pmc_not_oa,1985,Journal of bacteriology,Heat and UV light resistance of vegetative cells and spores of Bacillus subtilis Rec-mutants.,The heat and UV light resistance of spores and vegetative cells of Bacillus subtilis BD170 (rec+) were greater than those of B. subtilis BD224 (recE4). Strain BD170 can repair DNA whereas BD224 is repair deficient due to the presence of the recE4 allele. Spores of a GSY Rec+ strain were more heat resistant than spores of GSY Rec- and Uvr- mutants. The overall level of heat and UV light resistance attained by spores may in part be determined by their ability to repair deoxyribonucleic acid after exposure to these two physical mutagens.,Bacillus subtilis,uv,,
11332042,10.1562/0031-8655(2001)073<0447:thotur>2.0.co;2,,no_pmc,2001,Photochemistry and photobiology,The history of the UV radiation climate of the earth--theoretical and space-based observations.,"In the Archean era (3.8-2.5 Ga ago) the Earth probably lacked a protective ozone column. Using data obtained in the Earth's orbit on the inactivation of Bacillus subtilis spores we quantitatively estimate the potential biological effects of such an environment. We combine this practical data with theoretical calculations to propose a history of the potential UV stress on the surface of the Earth over time. The data suggest that an effective ozone column was established at a pO2 of approximately 5 x 10(-3) present atmospheric level. The improvement in the UV environment on the early Proterozoic Earth might have been a much more rapid event than has previously been supposed, with DNA damage rates dropping by two orders of magnitude in the space of just a few tens of millions of years. We postulate that a coupling between reduced UV stress and increased pO2 production could have contributed toward a positive feedback in the production of ozone in the early Proterozoic atmosphere. This would contribute to the apparent rapidity of the oxidation event. The data provide an evolutionary perspective on present-day Antarctic ozone depletion.",Bacillus subtilis,uv,,
10986255,10.1128/JB.182.19.5505-5512.2000,PMC110995,pmc_not_oa,2000,Journal of bacteriology,Characterization of spores of Bacillus subtilis which lack dipicolinic acid.,"Spores of Bacillus subtilis with a mutation in spoVF cannot synthesize dipicolinic acid (DPA) and are too unstable to be purified and studied in detail. However, the spores of a strain lacking the three major germinant receptors (termed Deltager3), as well as spoVF, can be isolated, although they spontaneously germinate much more readily than Deltager3 spores. The Deltager3 spoVF spores lack DPA and have higher levels of core water than Deltager3 spores, although sporulation with DPA restores close to normal levels of DPA and core water to Deltager3 spoVF spores. The DPA-less spores have normal cortical and coat layers, as observed with an electron microscope, but their core region appears to be more hydrated than that of spores with DPA. The Deltager3 spoVF spores also contain minimal levels of the processed active form (termed P(41)) of the germination protease, GPR, a finding consistent with the known requirement for DPA and dehydration for GPR autoprocessing. However, any P(41) formed in Deltager3 spoVF spores may be at least transiently active on one of this protease's small acid-soluble spore protein (SASP) substrates, SASP-gamma. Analysis of the resistance of wild-type, Deltager3, and Deltager3 spoVF spores to various agents led to the following conclusions: (i) DPA and core water content play no role in spore resistance to dry heat, dessication, or glutaraldehyde; (ii) an elevated core water content is associated with decreased spore resistance to wet heat, hydrogen peroxide, formaldehyde, and the iodine-based disinfectant Betadine; (iii) the absence of DPA increases spore resistance to UV radiation; and (iv) wild-type spores are more resistant than Deltager3 spores to Betadine and glutaraldehyde. These results are discussed in view of current models of spore resistance and spore germination.",Bacillus subtilis,uv,,
21115187,10.1016/j.watres.2010.11.015,,no_pmc,2011,Water research,Application of GaN-based ultraviolet-C light emitting diodes--UV LEDs--for water disinfection.,"GaN-based ultraviolet-C (UV-C) light emitting diodes (LEDs) are of great interest for water disinfection. They offer significant advantages compared to conventional mercury lamps due to their compact form factor, low power requirements, high efficiency, non-toxicity, and overall robustness. However, despite the significant progress in the performance of semiconductor based UV LEDs that has been achieved in recent years, these devices still suffer from low emission power and relatively short lifetimes. Even the best UV LEDs exhibit external quantum efficiencies of only 1-2%. The objective of this study was to investigate the suitability of GaN-based UV LEDs for water disinfection. The investigation included the evaluation of the performance characteristics of UV LEDs at different operating conditions as well as the design of a UV LED module in view of the requirements for water treatment applications. Bioanalytical testing was conducted using Bacillus subtilis spores as test organism and UV LED modules with emission wavelengths of 269 nm and 282 nm. The results demonstrate the functionality of the developed UV LED disinfection modules. GaN-based UV LEDs effectively inactivated B. subtilis spores during static and flow-through tests applying varying water qualities. The 269 nm LEDs reached a higher level of inactivation than the 282 nm LEDs for the same applied fluence. The lower inactivation achieved by the 282 nm LEDs was compensated by their higher photon flux. First flow-through tests indicate a linear correlation between inactivation and fluence, demonstrating a well designed flow-through reactor. With improved light output and reduced costs, GaN-based UV LEDs can provide a promising alternative for decentralised and mobile water disinfection systems.",Bacillus subtilis,uv,,
18028363,10.1111/j.1365-2672.2007.03645.x,,no_pmc,2008,Journal of applied microbiology,Phenotypic persistence and external shielding ultraviolet radiation inactivation kinetic model.,"To develop an inactivation kinetic model to describe ultraviolet (UV) dose-response behaviour for micro-organisms that exhibit tailing using two commonly referenced causes for tailing: physical shielding of micro-organisms and phenotypic persistence. Dose-response data for Escherichia coli, Mycobacterium terrae and Bacillus subtilis spores exposed to UV radiation were fit to the phenotypic persistence and external shielding (PPES) model. The fraction of persistent micro-organisms in the original population (N(persistent)/N(total)) that exhibited reduced sensitivity to UV radiation was estimated by the PPES model as approx. 10(-7), 10(-5) and 10(-4) for E. coli, B. subtilis spores and Myco. terrae, respectively. Particle shielding effects were evaluated for Myco. terrae and resulted in additional reduction in UV sensitivity. Tailing occurred in laboratory experiments even when clumping and shielding were eliminated as major factors in UV resistance, suggesting that phenotypic persistence in addition to shielding may be important to consider when evaluating dose-response curves for disinfection applications. The PPES model provides a mechanistically plausible tool for estimating the dose-response behaviour for micro-organisms that exhibit tailing in dispersed and aggregated settings. Accurate dose-response behaviour (including the tailing region) is critical to the analysis and validation of all UV disinfection systems.",Bacillus subtilis,uv,,
4623568,10.1016/0027-5107(72)90087-5,,no_pmc,1972,Mutation research,Ultraviolet inactivation and excision-repair in Bacillus subtilis. II. Differential inactivation and differential repair of transforming markers.,,Bacillus subtilis,uv,,
21216427,10.1016/j.watres.2010.12.017,,no_pmc,2011,Water research,Inactivation and surface interactions of MS-2 bacteriophage in a TiO2 photoelectrocatalytic reactor.,"Inactivation of MS-2 bacteriophage in a TiO(2) photoelectrocatalytic system was evaluated, wherein TiO(2) particles were coated onto an indium tin oxide (ITO) electrode and an electrical potential was applied under black light blue (BLB) irradiation. MS-2 phage inactivation was greatly enhanced by anodic potential, whereas cathodic potential completely inhibited inactivation. Experiments performed with radical scavengers showed that inactivation was primarily caused by hydroxyl radicals, both in the bulk phase and on the TiO(2) surface. Application of positive potential to the electrode was found to result in two distinct beneficial effects: (i) electrostatic attraction between the negatively charged viral capsid and catalyst surface, causing improved usage of surface-bound hydroxyl radical, in comparison to conventional TiO(2) photocatalytic disinfection; and (ii) higher reactive oxygen species production. Results also suggest that inactivation of various microorganisms including Escherichia coli, Staphylococcus aureus, Klebsiella pneumoniae, Bacillus subtilis spores and Cryptosporidium parvum oocyst was enhanced via positive potential induction to TiO(2).",Bacillus subtilis,uv,,
8608929,10.1093/genetics/118.1.31,PMC1203263,pmc_not_oa,1988,Genetics,DNA repair and the evolution of transformation in the bacterium Bacillus subtilis.,"The purpose of the work reported here is to test the hypothesis that natural genetic transformation in the bacterium Bacillus subtilis has evolved as a DNA repair system. Specifically, tests were made to determine whether transformation functions to provide DNA template for the bacteria] cell to use in recombinational repair. The survivorship and the homologous transformation rate as a function of dose of ultraviolet irradiation (UV) was studied in two experimental treatments, in which cells were either transformed before (DNA-UV), or after (UV-DNA), treatment with UV. The results show that there is a qualitative difference in the relationship between the survival of transformed cells (sexual cells) and total cells (primarily asexual cells) in the two treatments. As predicted by the repair hypothesis, in the UV-DNA treatment, transformed cells had greater average survivorship than total cells, while in the DNA-UV treatment this relationship was reversed. There was also a consistent and qualitative difference between the UV-DNA and DNA-UV treatments in the relationship between the homologous transformation rate (transformed cells/total cells) and UV dosage. As predicted by the repair hypothesis, the homologous transformation rate increases with UV dose in the UV-DNA experiments but decreases with UV dose in the DNA-UV treatments. However, the transformation rate for plasmid DNA does not increase in a UV-DNA treatment. These results support the DNA repair hypothesis for the evolution of transformation in particular, and sex generally.",Bacillus subtilis,uv,,
4971403,10.1016/0005-2787(68)90248-7,,no_pmc,1968,Biochimica et biophysica acta,Ultraviolet resistance of DNA in spore spheroplasts of Bacillus subtilis as measured by the transforming activity.,,Bacillus subtilis,uv,,
27898345,10.1016/j.jinorgbio.2016.11.023,,no_pmc,2017,Journal of inorganic biochemistry,Quercetin loading CdSe/ZnS nanoparticles as efficient antibacterial and anticancer materials.,"Quercetin (Qe) plays an important role in inflammation, antibacterial, anticancer, and aging. However, Qe has extremely low water solubility, which is a major challenge in drug absorption. In this study, we described a simple method for synthesis of Qe/CdSe/ZnS nanoparticles (QCZ NPs). The QCZ NPs had an average diameter of 10nm and prominent yellow emission under UV irradiation. We investigated the antibacterial activity of QCZ NPs against drug-resistant Escherichia coli (E. coli) and Bacillus subtilis (B. subtilis) in vitro. Results showed that QCZ NPs had considerably more effective antibacterial activities than Qe or CdSe nanoparticles (CdSe NPs). Antibacterial experiment results showed that QCZ NPs acted against E. coli and B. subtilis by disrupting the bacterial cell wall and membrane. In vivo study, the QCZ NPs could cure inflammation and lesion which caused by E. coli. In anticancer assays, the MTT [3-(4,5-dimethylthiazol-2-yl)-2,5-diphenyltetrazolium bromide] cell proliferation assays exhibited the cytotoxicity of QCZ NPs increased approximately 2-6 fold compared to raw Qe and CdSe NPs. Moreover, by using RT-CES (real-time cell electronic sensing) studies, we had demonstrated QCZ NPs have also an effect on migration and proliferation of BGC-823 cells. CdSe NPs loaded with Qe, these QCZ NPs exhibited excellent antibacterial (E. coli and B. subtilis) and anticancer (BGC-823) activities.",Bacillus subtilis,uv,,
35111139,10.3389/fmicb.2021.782815,PMC8801598,oa,2021,Frontiers in microbiology,N<sup>ε</sup>-Lysine Acetylation of the Histone-Like Protein HBsu Regulates the Process of Sporulation and Affects the Resistance Properties of <i>Bacillus subtilis</i> Spores.,"<i>Bacillus subtilis</i> produces dormant, highly resistant endospores in response to extreme environmental stresses or starvation. These spores are capable of persisting in harsh environments for many years, even decades, without essential nutrients. Part of the reason that these spores can survive such extreme conditions is because their chromosomal DNA is well protected from environmental insults. The α/β-type small acid-soluble proteins (SASPs) coat the spore chromosome, which leads to condensation and protection from such insults. The histone-like protein HBsu has been implicated in the packaging of the spore chromosome and is believed to be important in modulating SASP-mediated alterations to the DNA, including supercoiling and stiffness. Previously, we demonstrated that HBsu is acetylated at seven lysine residues, and one physiological function of acetylation is to regulate chromosomal compaction. Here, we investigate if the process of sporulation or the resistance properties of mature spores are influenced by the acetylation state of HBsu. Using our collection of point mutations that mimic the acetylated and unacetylated forms of HBsu, we first determined if acetylation affects the process of sporulation, by determining the overall sporulation frequencies. We found that specific mutations led to decreases in sporulation frequency, suggesting that acetylation of HBsu at some sites, but not all, is required to regulate the process of sporulation. Next, we determined if the spores produced from the mutant strains were more susceptible to heat, ultraviolet (UV) radiation and formaldehyde exposure. We again found that altering acetylation at specific sites led to less resistance to these stresses, suggesting that proper HBsu acetylation is important for chromosomal packaging and protection in the mature spore. Interestingly, the specific acetylation patterns were different for the sporulation process and resistance properties of spores, which is consistent with the notion that a histone-like code exists in bacteria. We propose that specific acetylation patterns of HBsu are required to ensure proper chromosomal arrangement, packaging, and protection during the process of sporulation.",Bacillus subtilis,uv,,
34496003,10.1371/journal.ppat.1009516,PMC8452069,oa,2021,PLoS pathogens,The small acid-soluble proteins of Clostridioides difficile are important for UV resistance and serve as a check point for sporulation.,"Clostridioides difficile is a nosocomial pathogen which causes severe diarrhea and colonic inflammation. C. difficile causes disease in susceptible patients when endospores germinate into the toxin-producing vegetative form. The action of these toxins results in diarrhea and the spread of spores into the hospital and healthcare environments. Thus, the destruction of spores is imperative to prevent disease transmission between patients. However, spores are resilient and survive extreme temperatures, chemical exposure, and UV treatment. This makes their elimination from the environment difficult and perpetuates their spread between patients. In the model spore-forming organism, Bacillus subtilis, the small acid-soluble proteins (SASPs) contribute to these resistances. The SASPs are a family of small proteins found in all endospore-forming organisms, C. difficile included. Although these proteins have high sequence similarity between organisms, the role(s) of the proteins differ. Here, we investigated the role of the main α/β SASPs, SspA and SspB, and two annotated putative SASPs, CDR20291_1130 and CDR20291_3080, in protecting C. difficile spores from environmental insults. We found that SspA is necessary for conferring spore UV resistance, SspB minorly contributes, and the annotated putative SASPs do not contribute to UV resistance. In addition, the SASPs minorly contribute to the resistance of nitrous acid. Surprisingly, the combined deletion of sspA and sspB prevented spore formation. Overall, our data indicate that UV resistance of C. difficile spores is dependent on SspA and that SspA and SspB regulate/serve as a checkpoint for spore formation, a previously unreported function of SASPs.",Bacillus subtilis,uv,,
25193846,10.1016/j.jes.2014.07.007,,no_pmc,2014,Journal of environmental sciences (China),Investigation of UV-TiO2 photocatalysis and its mechanism in Bacillus subtilis spore inactivation.,"The inactivation levels of Bacillus subtilis spores for various disinfection processes (ultraviolet (UV), TiO2 and UV-TiO2) were compared. The results showed that the inactivation effect of B. subtilis spores by UV treatment alone was far below that for bacteria without endospores. TiO2 alone in the dark, as a control experiment, exhibited almost no inactivation effect. Compared with UV treatment alone, the inactivation effect increased significantly with the addition of TiO2. Increases of the UV irradiance and TiO2 concentration both contributed to the increase of the inactivation effect. Lipid peroxidation was found to be the underlying mechanism of inactivation. Malondialdehyde (MDA), the degradation product of lipid peroxidation, was used as an index to determine the extent of the reaction. The MDA concentration surged surprisingly to 3.24nmol/mg dry cell with the combination disinfection for 600sec (0.10mW/cm(2) irradiance and 10mg/L TiO2). In contrast, for UV alone or TiO2 in the dark, the MDA concentration was 0.38 and 0.25nmol/mg dry cell, respectively, under the same conditions. This indicated that both UV and TiO2 were essential for lipid peroxidation. Changes in cell ultrastructure were observed by transmission electron microscopy. The cell membrane was heavily damaged and cellular contents were completely lysed with the UV-TiO2 process, suggesting that lipid peroxidation was the root of the enhancement in inactivation efficiency.",Bacillus subtilis,uv,,
29929290,10.1016/j.scitotenv.2018.05.240,,no_pmc,2018,The Science of the total environment,Synergistic effect of combined UV-LED and chlorine treatment on Bacillus subtilis spore inactivation.,"An ultraviolet (UV)-based advanced oxidation process (AOP) for disinfecting water is introduced in this paper. This study aimed to evaluate the potential of UV light-emitting diodes (UV-LEDs)/chlorine AOP (UV/Cl<sub>2</sub>) for Bacillus subtilis spore inactivation. Chlorine was combined with 265 and 280 nm LEDs (UV<sub>265</sub>/Cl<sub>2</sub>, UV<sub>280</sub>/Cl<sub>2</sub>) and investigated. The addition of 4.0 mg/L of free chlorine at pH 7.0 in the presence of 125 mJ/cm<sup>2</sup> of UV irradiation resulted in an additional 1.8-log reduction in UV<sub>265</sub>/Cl<sub>2</sub> and 1.5-log reduction in UV<sub>280</sub>/Cl<sub>2</sub>. There was no observed enhancement in spore inactivation with the addition of a radical scavenger, t-BuOH, which indicated the role of <sup>•</sup>OH in the synergistic effect. To quantitatively evaluate the synergism, the primary treatment with UV/Cl<sub>2</sub> was followed by further UV or Cl<sub>2</sub> treatment. After UV/Cl<sub>2</sub> pretreatment at different pH levels, the 265 and 280 nm LEDs treatment enhanced an approximate 0.4-0.5-log reduction compared to UV only, and Cl<sub>2</sub> treatment enhanced an approximate 0.7-1.1-log reduction compared to Cl<sub>2</sub> only. In addition, at pH 7.0, in UV<sub>265</sub>/Cl<sub>2</sub>-Cl<sub>2</sub> and UV<sub>280</sub>/Cl<sub>2</sub>-Cl<sub>2</sub>, the inactivation rate constant k increased by approximately 2 and 1.5 times, respectively. The CT for the lag phases (CT<sub>lag</sub>) reduced to approximately 67 and 58%, respectively. Similar results were obtained at pH 7.5 and 8.0, and in the secondary effluent. The synergistic effect on spore inactivation suggested that the pathogen inactivation efficiency of sequential UV and chlorine disinfection processes, which are commonly applied, can be significantly enhanced by adding chlorine prior to UV treatment.",Bacillus subtilis,uv,,
4955056,10.1128/jb.90.6.1655-1663.1965,PMC315874,pmc_not_oa,1965,Journal of bacteriology,Characterization of Bacillus subtilis bacteriophages.,"Brodetsky, Anna M. (University of California, Los Angeles), and W. R. Romig. Characterization of Bacillus subtilis bacteriophages. J. Bacteriol. 90:1655-1663. 1965.-A group of six phages, SP5, SP6, SP7, SP8, SP9, and SP13, which use the Marburg strain of Bacillus subtilis as host was characterized. These phages, referred to as group 1, were examined for the following properties: host range, plaque morphology, stability, adsorption kinetics, one-step growth characteristics, calcium requirements, serum neutralization, thermal inactivation, and inactivation by ultraviolet irradiation. Five unrelated B. subtilis phages, SP3, SP10, PBS1, SP alpha, and SP beta, were included in the studies. When first isolated, none of the group 1 phages was able to replicate efficiently on B. subtilis SB19, a mutant of the ""transforming"" B. subtilis 168. Host range mutants capable of growth in SB19 were isolated for all of the group 1 phages except SP13, and are designated the ""star"" phages (SP5* through SP9*). For characterization, SB19 was used as host for the star phages, and another B. subtilis mutant, 168B, was host for SP13.",Bacillus subtilis,uv,,
6790980,10.1016/0027-5107(81)90155-x,,no_pmc,1981,Mutation research,Killing and mutagenic action of sunlight upon Bacillus subtilis spores: a dosimetric system.,"A method to monitor killing and mutagenic activity of sunlight was established by using wild-type spores (UVR) of Bacillus subtilis and mutant spores (UVS) sensitive to UV radiation. Samples exposed to radiations consisted of the spores spotted and dried on membrane filter. After the exposure, they were recovered as suspensions in water and assayed for colony-forming survival and frequency of reversion of an auxotrophic marker (hisB101). In this system, the UVS spores were inactivated exponentially, and the 37% survival was attained with 2.0 Jm-2 of 254 nm or 2.5 X 10(3) Jm-2 of 313 nm radiation, and with 7 min (August) or 63 min (December) exposure to noon-time sunlight under a clear sky at Tsukiji (latitude 35 degrees 40' N) at sea level in Tokyo. The doubling of the spontaneous mutation frequency of the UVR spores was attained with 3.0 Jm-2 of 254 nm or 2.2 X 10(3) Jm-2 of 313 nm radiation, and with 32 min (August) or 136 min (December) of solar exposure. The results encourage the use of this B. subtilis spore system to determine the gene-damaging activity of the solar-UV radiation under a variety of environmental conditions.",Bacillus subtilis,uv,,
22522895,10.1128/JB.00504-12,PMC3434735,pmc_not_oa,2012,Journal of bacteriology,Effects of the SpoVT regulatory protein on the germination and germination protein levels of spores of Bacillus subtilis.,"Bacillus subtilis isolates lacking the SpoVT protein, which regulates gene expression in developing forespores, gave spores that released their dipicolinic acid (DPA) via germinant receptor (GR)-dependent germination more rapidly than wild-type spores. Non-GR-dependent germination via dodecylamine was more rapid with spoVT spores, but germination via Ca-DPA was slower. The effects of a spoVT mutation on spore germination were seen with spores made in rich and poor media, and levels of SpoVT-LacZ were elevated 2-fold in poor-medium spores; however, elevated SpoVT levels were not the only cause of the slower GR-dependent germination of poor-medium spores. The spoVT spores had ≥5-fold higher GerA GR levels, ∼2-fold elevated GerB GR levels, wild-type levels of a GerK GR subunit and the GerD protein required for normal GR-dependent germination, ∼2.5-fold lower levels of the SpoVAD protein involved in DPA release in spore germination, and 30% lower levels of DNA protective α/β-type small, acid-soluble spore proteins. With one exception, the effects on protein levels in spoVT spores are consistent with the effects of SpoVT on forespore transcription. The spoVT spores were also more sensitive to UV radiation and outgrew slowly. While spoVT spores' elevated GR levels were consistent with their more rapid GR-dependent germination, detailed analysis of the results suggested that there is another gene product crucial for GR-dependent spore germination that is upregulated in the absence of SpoVT. Overall, these results indicate that SpoVT levels during spore formation have a major impact on the germination and the resistance of the resultant spores.",Bacillus subtilis,uv,,
10852569,10.4315/0362-028x-63.6.753,,no_pmc,2000,Journal of food protection,Inactivation of Bacillus subtilis spores on aluminum and polyethylene preformed cartons by UV-excimer laser irradiation.,"The efficacy of UV KrF-excimer laser light (at 248 nm) to inactivate Bacillus subtilis spores loaded onto preformed cartons was found to be dependent on the interior carton coating and scheme by which the irradiation was applied. When the carton was held static during UV laser treatment, the majority of the dose was delivered to the base of the carton and to a lesser extent to the upper part of the pack. In this arrangement no irradiation of the interior sides of the carton was observed. A more even distribution of dose was achieved, however, by moving the carton within the laser beam during irradiation treatment. The distribution of UV was also found to be dependent on the type of carton interior coating. With aluminum cartons the dose measured was found to be significantly greater (P < 0.01) and more evenly distributed across the interior compared to when polyethylene packs were tested. Under optimized conditions no spore survivors were detected on aluminum cartons preloaded with 9.5 x l0 B. subtilis spores by applying a UV laser output dose of 160 J. In comparison, the same conditions only achieved a significantly lower (P < 0.01) reduction in spore numbers (log count reduction 4.2) when polyethylene cartons were used. This difference in lethality and UV distribution of laser light was associated with the higher internal reflection of photons with aluminum cartons. The suitability of UV-excimer lasers for sterilizing preformed cartons over traditional germicidal lamp-based methods is discussed.",Bacillus subtilis,uv,,
33418661,10.1021/acsbiomaterials.7b00687,,no_pmc,2018,ACS biomaterials science & engineering,Mining and Expression of a Metagenome-Derived Keratinase Responsible for Biosynthesis of Silver Nanoparticles.,"A keratinase gene <i>kerBv</i> was mined from soil metagenomes. The open reading frame consisted of 1149 bp and potentially encoded a protein of 382 amino acid residues. It shared the same active site with several reported typical keratinases via analysis of the amino acid sequence. The keratinase was successfully expressed in <i>B. subtilis</i> WB600 with pMA5 expression vector. The maximum activity of 164.8 U/mL in the fermentation supernatant was observed after incubating for 30 h in Terrifc Broth (TB) medium. The keratinase exhibited outstanding resistance to metal ions and was surfactant-stable. Additionally, the enzyme displayed broad substrate specificity especially toward insoluble substrate feather meal because of its disulfide bond-reducing activity. Furthermore, the reducing power of the recombinant keratinase was investigated. It showed that the protein exhibited a relatively high reducing power, which was subsequently used in the biosynthesis of silver nanoparticles (AgNPs). The biosynthesized AgNPs were characterized by ultraviolet-visible (UV-vis) spectroscopy, dynamic light scattering (DLS), transmission electron microscope (TEM), as well as Fourier transform infrared spectroscopy (FTIR) and displayed obvious antibacterial activities toward <i>Escherichia coli</i>.",Bacillus subtilis,uv,,
29125984,10.1016/j.jphotobiol.2017.10.027,,no_pmc,2018,"Journal of photochemistry and photobiology. B, Biology",Ultraviolet germicidal efficacy as a function of pulsed radiation parameters studied by spore film dosimetry.,"Disinfection by pulsed ultraviolet (UV) radiation is a commonly used method, e.g. in industry or medicine and can be carried out either with lasers or broadband UV radiation sources. Detrimental effects to biological materials depending on parameters such as pulse duration τ or pulse repetition frequency f<sub>p</sub> are well-understood for pulsed coherent UV radiation, however, relatively little is known for its incoherent variant. Therefore, within this work, it is the first time that disinfection rates of pulsed and continuous (cw) incoherent UV radiation studied by means of spore film dosimetry are presented, compared with each other, and in a second step further investigated regarding two pulse parameters. After analyzing the dynamic range of the Bacillus subtilis spore films with variable cw radiant exposures H=5-100Jm<sup>-2</sup> a validation of the Bunsen-Roscoe law revealed its restricted applicability and a 28% enhanced detrimental effect of pulsed compared to cw incoherent UV radiation. A radiant exposure H=50Jm<sup>-2</sup> and an irradiance E=0.5Wm<sup>-2</sup> were found to be suitable parameters for an analysis of the disinfection rate as a function of τ=0.5-10ms and f<sub>p</sub>=25-500Hz unveiling that shorter pulses and lower frequencies inactivate more spores. Finally, the number of applied pulses as well as the experiment time were considered with regard to spore film disinfection.",Bacillus subtilis,uv,,
1732215,10.1128/jb.174.3.807-814.1992,PMC206157,pmc_not_oa,1992,Journal of bacteriology,"Properties of Bacillus megaterium and Bacillus subtilis mutants which lack the protease that degrades small, acid-soluble proteins during spore germination.","During germination of spores of Bacillus species the degradation of the spore's pool of small, acid-soluble proteins (SASP) is initiated by a protease termed GPR, the product of the gpr gene. Bacillus megaterium and B. subtilis mutants with an inactivated gpr gene grew, sporulated, and triggered spore germination as did gpr+ strains. However, SASP degradation was very slow during germination of gpr mutant spores, and in rich media the time taken for spores to return to vegetative growth (defined as outgrowth) was much longer in gpr than in gpr+ spores. Not surprisingly, gpr spores had much lower rates of RNA and protein synthesis during outgrowth than did gpr+ spores, although both types of spores had similar levels of ATP. The rapid decrease in the number of negative supertwists in plasmid DNA seen during germination of gpr+ spores was also much slower in gpr spores. Additionally, UV irradiation of gpr B. subtilis spores early in germination generated significant amounts of spore photoproduct and only small amounts of thymine dimers (TT); in contrast UV irradiation of germinated gpr+ spores generated almost no spore photoproduct and three to four times more TT. Consequently, germinated gpr spores were more UV resistant than germinated gpr+ spores. Strikingly, the slow outgrowth phenotype of B. subtilis gpr spores was suppressed by the absence of major alpha/beta-type SASP. These data suggest that (i) alpha/beta-type SASP remain bound to much, although not all, of the chromosome in germinated gpr spores; (ii) the alpha/beta-type SASP bound to the chromosome in gpr spores alter this DNA's topology and UV photochemistry; and (iii) the presence of alpha/beta-type SASP on the chromosome is detrimental to normal spore outgrowth.",Bacillus subtilis,uv,,
4204834,,,no_pmc,1973,Soviet genetics,Repair of UV-damaged DNA by competent and incompetent Bacillus subtilis cells.,,Bacillus subtilis,uv,,
22322961,10.1099/mic.0.056309-0,,no_pmc,2012,"Microbiology (Reading, England)",Involvement of pnp in survival of UV radiation in Escherichia coli K-12.,"Polynucleotide phosphorylase (PNPase), a multifunctional protein, is a 3'→5' exoribonuclease or exoDNase in the presence of inorganic phosphate (P(i)), and extends a 3'-OH of RNA or ssDNA in the presence of ADP or dADP. In Escherichia coli, PNPase is known to protect against H(2)O(2)- and mitomycin C-induced damage. Recent reports show that Bacillus subtilis PNPase is required for repair of H(2)O(2)-induced double-strand breaks. Here we show that absence of PNPase makes E. coli cells sensitive to UV, indicating that PNPase has a role in survival of UV radiation damage. Analyses of various DNA repair pathways show that in the absence of nucleotide excision repair, survival of UV radiation depends critically on PNPase function. Consequently, uvrA pnp, uvrB pnp and uvrC pnp strains show hypersensitivity to UV radiation. Whereas the pnp mutation is non-epistatic to recJ, recQ and recG mutations with respect to the UV-sensitivity phenotype, it is epistatic to uvrD, recB and ruvA mutations, implicating it in the recombinational repair process.",Bacillus subtilis,uv,,
41472593,10.26444/aaem/203625,,no_pmc,2025,Annals of agricultural and environmental medicine : AAEM,Photo-reactivation of micro-organisms suspended in the air and deposited on surfaces after exposure to UV-C radiation.,"Many environmental microorganisms live in constant balance between UV damage and repair. The simplest repair process called photoreactivation starts immediately when microbial cells face sunlight irradiation. The aim of the study is to assess the ability of bacteria, virus, and mould suspended in the air and deposited on different surfaces to photoreactivation after their exposure to UV-C radiation produced by two disinfection devices, i.e. low-pressure mercury lamp (LPML) and light-emitting diodes (LEDs). Five microbial strains (<i>Staphylococcus aureus</i> ATCC 6538, <i>Bacillus subtilis</i> ATCC 6633, <i>Pseudomonas aeruginosa</i> ATCC 260, <i>Aspergillus versicolor</i> ATCC 9577, and bacteriophage PhiX174 ATCC 13706-B1) deposited on metal, plastic, and glass surfaces, as well as dispersed in the air as bioaerosols, were irradiated with high UV-C doses (762 J/m<sup>2</sup> and 832 J/m<sup>2</sup>), and subsequently exposed for 24 h to visible light with a wide (380-780 nm) spectral range to check their ability to photorecovery. UV-C radiation emitted by LPML and LEDs effectively inactivated the tested microorganisms deposited on metal, plastic and glass surfaces, as well as dispersed in the air. However, this type of inactivation is not an irreversible process and subsequent exposure of microbiologically contaminated elements of the environment with visible light may partially rebuild the population of pathogenic microorganisms in photoreactivation process. Effective cleaning of both the surfaces and air cannot be limited to their exposure to UV-C radiation, but should be supplemented with other techniques for neutralizing microorganisms, which need be subsequently applied after such exposure.",Bacillus subtilis,uv,,
38029495,10.1016/j.jenvman.2023.119597,,no_pmc,2024,Journal of environmental management,"Inactivation of pathogenic microorganisms in water by electron beam excitation multi-wavelength ultraviolet irradiation: Efficiency, influence factors and mechanism.","Due to the limitations of traditional ultraviolet (UV) in microbial inactivation in water, it is necessary to explore a more suitable and efficient UV disinfection method. In this study, an electron beam excitation multi-wavelength ultraviolet (EBE-MW-UV) system was established and aims to analyze its differential microbial inactivation capabilities in comparison to single-wavelength UV-LEDs in waterborne applications. Furthermore, the inactivation mechanisms of this system on microorganisms were explored. The results showed that EBE-MW-UV had significantly higher inactivation effects on the Escherichia coli, Pseudomonas aeruginosa, Bacillus subtilis and Candida albicans in water compared to UV-LEDs (p＜0.05), and the inactivation effect of EBE-MW-UV on Escherichia coli and Pseudomonas aeruginosa at the same UV dose was 3.8 and 1.9 log higher than that of UV-LEDs, respectively, EBE-MW-UV exhibited better inactivation effects on Gram-negative bacteria. Further research found that, under the majority of irradiation doses, neither EBE-MW-UV nor UV-LEDs were significantly affected by the concentration of suspended solids (5 and 20 mg/L) or humic acids (2 and 5 mg/L) in the water. Mechanism analysis revealed that during the disinfection process of EBE-MW-UV, microbial DNA and proteins were initially damaged, which prevented the occurrence of dark repair and led to bacterial inactivation. In addition, UV irradiation led to the production of additional reactive oxygen species (ROS) inside the cells, increasing cell membrane permeability and exacerbating membrane damage. This was accompanied by a decrease in energy metabolism and depletion of ATP, ultimately resulting in microbial inactivation. Therefore, EBE-MW-UV demonstrated more effective disinfection than single-wavelength UV-LEDs, showing great potential. Our research gives new insights into the characteristics of multiple wavelength ultraviolet, and provides scientific basis for the selection of new light sources in the field of ultraviolet disinfection.",Bacillus subtilis,uv,,
12644484,10.1128/JB.185.7.2153-2160.2003,PMC151490,pmc_not_oa,2003,Journal of bacteriology,"Roles of YqjH and YqjW, homologs of the Escherichia coli UmuC/DinB or Y superfamily of DNA polymerases, in stationary-phase mutagenesis and UV-induced mutagenesis of Bacillus subtilis.","YqjH and YqjW are Bacillus subtilis homologs of the UmuC/DinB or Y superfamily of DNA polymerases that are involved in SOS-induced mutagenesis in Escherichia coli. While the functions of YqjH and YqjW in B. subtilis are still unclear, the comparisons of protein structures demonstrate that YqjH has 36% identity to E. coli DNA polymerase IV (DinB protein), and YqjW has 26% identity to E. coli DNA polymerase V (UmuC protein). In this report, we demonstrate that both YqjH and the products of the yqjW operon are involved in UV-induced mutagenesis in this bacterium. Furthermore, resistance to UV-induced damage is significantly reduced in cells lacking a functional YqjH protein. Analysis of stationary-phase mutagenesis indicates that absences of YqjH, but not that of YqjW, decreases the ability of B. subtilis to generate revertants at the hisC952 allele via this system. These data suggest a role for YqjH in the generation of at least some types of stationary-phase-induced mutagenesis.",Bacillus subtilis,uv,,
40257592,10.1021/acs.est.4c10223,,no_pmc,2025,Environmental science & technology,Degradation and Deactivation of Intracellular Bacterial Antibiotic Resistance Genes by Commonly Used Healthcare and Personal Care Disinfectants.,"This work investigated efficacies of commonly used healthcare and personal care disinfectants, including glutaraldehyde, chlorhexidine, ethanol, povidone-iodine, benzalkonium chloride, phenol, free chlorine, hydrogen peroxide (H<sub>2</sub>O<sub>2</sub>), and 254 nm UV light, in degrading (as measured by qPCR analyses of ∼1000 bp amplicon loss) and deactivating (as measured by transforming activity loss) bacterial antibiotic resistance genes (ARGs) during inactivation of antibiotic-resistant bacteria (ARB) on inanimate surfaces or in aqueous suspension. Intracellular ARGs (iARGs) <i>blt</i>, <i>mecA</i>, and <i>amp</i>C, within vegetative cells of <i>Bacillus subtilis</i>, <i>Staphylococcus aureus</i>, and <i>Pseudomonas aeruginosa</i>, respectively, were treated on PTFE and/or stainless-steel surfaces or in aqueous phosphate buffer (PB; H<sub>2</sub>O<sub>2</sub> only), to simulate potential healthcare and personal care cleaning applications under representative disinfectant exposure conditions. No chemical disinfectant yielded more than limited (≤1.9log<sub>10</sub>) iARG degradation/deactivation under the conditions investigated, even when ARB cells were extensively inactivated (at levels from 3.1log<sub>10</sub> to ≥6log<sub>10</sub>). In contrast, UV irradiation yielded up to ∼2.8-3.2log<sub>10</sub> iARG degradation/deactivation at corresponding ARB inactivation levels up to ∼4log<sub>10</sub> in the case of the <i>blt</i> gene within <i>B. subtilis</i> cells on PTFE surfaces, though levels of iARG degradation/deactivation and ARB inactivation were generally lower than expected based on prior aqueous-phase results, likely due to light-shielding effects at the typical ∼10<sup>8</sup>-10<sup>9</sup> CFU/mL cell inoculum densities used for surface disinfection tests. During exposure to H<sub>2</sub>O<sub>2</sub> in PB, iARG deactivation and ARB inactivation reached up to 1.7log<sub>10</sub> and >3.5log<sub>10</sub>, respectively, while iARG degradation was minimal (≤0.2log<sub>10</sub>); this appears to be driven by DNA-strand fragmentation (as observed by pulsed-field gel electrophoresis analysis) likely resulting from reaction with endogenous HO<sup>•</sup> (or Fe(IV)) generated via intracellular iron-catalyzed H<sub>2</sub>O<sub>2</sub> decomposition. While all investigated disinfectants were able to effectively inactivate ARB cells themselves, these results demonstrate that most are ineffective in simultaneously degrading and deactivating iARGs, highlighting the potential benefits of employing disinfectants such as 254 nm UV light, that selectively target bacterial DNA, to improve mitigation of antibiotic resistance dissemination.",Bacillus subtilis,uv,,
41956677,10.1016/j.foodres.2026.119023,,no_pmc,2026,"Food research international (Ottawa, Ont.)",UV-C processing of bovine milk: Dosage requirements for 5-log bacterial reductions and impact on the bioactive proteins.,"Thermal treatments are typically applied to milk to ensure microbial safety but can cause degradation of some bioactive proteins. Ultraviolet-C (UV-C) irradiation is an alternative treatment that can increase microbial safety and may better preserve some bioactive proteins. However, the effect of UV-C doses validated to provide ≥5-log reduction of bacteria in bovine milk on the preservation of bioactive milk proteins remains unknown. We determined the UV-C dose (fluence) required for ≥5-log inactivation of vegetative bacteria (E. coli O157: H7, Listeria monocytogenes, Salmonella Typhimurium and Staphylococcus aureus) and bacterial spores (Bacillus cereus, Bacillus subtilis) inoculated into raw bovine milk. We compared the retention of bioactive proteins (lactoferrin (Lf), immunoglobulin (Ig) G, IgM, IgA) after exposure to UV-C doses required for ≥5-log inactivation of vegetative bacteria and spores with commercially used high-temperature short-time (HTST) and ultra-high temperature (UHT) processing via ELISA. Achieving ≥5-log reductions of all four vegetative bacteria required 14 kJ/L (termed UV-1), whereas 40 kJ/L were required for ≥5-log reductions of all bacterial spores (termed UV-2). 14 kJ/L retained IgG at higher levels than HTST (p < 0.05) and preserved Lf and IgM at similar levels to HTST (p > 0.05), while IgA preservation was lower than HTST (50.6% vs. 62.0%; p < 0.05). 40 kJ/L resulted in improved preservation of all bioactive proteins tested compared with UHT. The findings establish that UV-C may be a promising approach for processing whole bovine milk, particularly for enhancing bioactive protein preservation after spore-reduction treatment compared with the current industry standard (UHT).",Bacillus subtilis,uv,,
25473288,10.2147/IJN.S70087,PMC4251533,oa,2014,International journal of nanomedicine,Cytotoxicity and antibacterial activity of gold-supported cerium oxide nanoparticles.,"Cerium oxide nanoparticles (CeO2) have been shown to be a novel therapeutic in many biomedical applications. Gold (Au) nanoparticles have also attracted widespread interest due to their chemical stability and unique optical properties. Thus, decorating Au on CeO2 nanoparticles would have potential for exploitation in the biomedical field. In the present work, CeO2 nanoparticles synthesized by a chemical combustion method were supported with 3.5% Au (Au/CeO2) by a deposition-precipitation method. The as-synthesized Au, CeO2, and Au/CeO2 nanoparticles were evaluated for antibacterial activity and cytotoxicity in RAW 264.7 normal cells and A549 lung cancer cells. The as-synthesized nanoparticles were characterized by X-ray diffraction, scanning and transmission electron microscopy, and ultraviolet-visible measurements. The X-ray diffraction study confirmed the formation of cubic fluorite-structured CeO2 nanoparticles with a size of 10 nm. All synthesized nanoparticles were nontoxic towards RAW 264.7 cells at doses of 0-1,000 μM except for Au at >100 μM. For A549 cancer cells, Au/CeO2 had the highest inhibitory effect, followed by both Au and CeO2 which showed a similar effect at 500 and 1,000 μM. Initial binding of nanoparticles occurred through localized positively charged sites in A549 cells as shown by a shift in zeta potential from positive to negative after 24 hours of incubation. A dose-dependent elevation in reactive oxygen species indicated that the pro-oxidant activity of the nanoparticles was responsible for their cytotoxicity towards A549 cells. In addition, cellular uptake seen on transmission electron microscopic images indicated predominant localization of nanoparticles in the cytoplasmic matrix and mitochondrial damage due to oxidative stress. With regard to antibacterial activity, both types of nanoparticles had the strongest inhibitory effect on Bacillus subtilis in monoculture systems, followed by Salmonella enteritidis, Escherichia coli, and Staphylococcus aureus, while, in coculture tests with Lactobacillus plantarum, S. aureus was inhibited to a greater extent than the other bacteria. Gold-supported CeO2 nanoparticles may be a potential nanomaterial for in vivo application owing to their biocompatible and antibacterial properties.",Bacillus subtilis,uv,,
20573124,10.1111/j.1600-0668.2010.00651.x,,no_pmc,2010,Indoor air,Efficacy of photocatalytic HEPA filter on microorganism removal.,"This study assessed the application of photocatalytic oxidation (PCO) to the high efficiency particulate air (HEPA) filter for disinfection of airborne microorganisms. Experiments were conducted at two TiO2 loadings (1870 +/- 169 and 3140 +/- 67 mg/m(2)) on the HEPA filter irradiated with UV-A at the intensity of 0.85 +/- 0.18 or 4.85 +/- 0.09 mW/cm(2) under two relative humidity conditions (45 +/- 5% and 75 +/- 5%). Inactivation and penetration of four microorganisms were tested, including Aspergillus niger, Penicillium citrinum, Staphylococcus epidermidis, and Bacillus subtilis. It was found that microorganisms retained on a photocatalytic filter were inactivated around 60-80% and even 100% for S. epidermidis when the PCO reactions occurred. Lower penetration was also found from the photocatalytic filter for all airborne microorganisms. High humidity decreased photocatalysis efficacy. Increasing TiO2 loading or irradiance intensity did not substantially affect its disinfection capability. The high efficiency particulate air filter is used widely to remove particulates and microorganisms from the air stream. However, the filter may become a source of microbes if those retained microorganisms proliferate and re-entrain back into the filtered air. This study demonstrates that such a problem can be handled effectively by using photocatalytic reactions to inactivate those confined microorganisms. A 60-100% microbe reduction can be achieved for a wide variety of microorganisms to provide better indoor air quality for hospitals, offices, and domestic applications.",Bacillus subtilis,uv,,
14188705,10.1128/jb.87.6.1295-1303.1964,PMC277202,pmc_not_oa,1964,Journal of bacteriology,CORRELATION BETWEEN GENETIC TRANSFORMABILITY AND NON-PHOTOREACTIVABILITY IN BACILLUS SUBTILIS.,"Kelner, Albert (Brandeis University, Waltham, Mass.). Correlation between genetic transformability and nonphotoreactivability in Bacillus subtilis. J. Bacteriol. 87:1295-1303. 1964.-Photoreactivation after ultraviolet irradiation was studied in the transformable Bacillus subtilis SB-1. Moderate photoreactivability (maximal increase in survival due to photoreactivating light, five- to tenfold) was found in (i) noncompetent vegatative cells produced in Brain Heart Infusion broth, and in (ii) the total viable cells of a competent culture grown in special competency-producing medium and tested either just before or after transformation with deoxyribonucleic acid. However, no, or only trace, photoreactivation (maximal increase in survival, 1.5- to 2-fold) was found in that fraction of a competent culture actually able to be transformed. This nonphotoreactivability was a temporary property of transformable cells, since clones derived from them were normally photoreactivable. Nonphotoreactivability is not explained by injury to transformants caused by photoreactivating light, although transformants are killed by very large doses of light. The findings in B. subtilis strengthen the idea that transformability is generally correlated with nonphotoreactivability.",Bacillus subtilis,uv,,
20454780,10.1007/s00203-010-0579-3,,no_pmc,2010,Archives of microbiology,Genomic bipyrimidine nucleotide frequency and microbial reactions to germicidal UV radiation.,"The role of the genomic bipyrimidine nucleotide frequency in pyrimidine dimer formation caused by germicidal UV radiation was studied in three microbial reference organisms (Escherichia coli K12, Deinococcus radiodurans R1, spores and cells of Bacillus subtilis 168). The sensitive HPLC tandem mass spectrometry assay was used to identify and quantify the different bipyrimidine photoproducts induced in the DNA of microorganisms by germicidal UV radiation. The yields of photoproducts per applied fluence were very similar among vegetative cells but twofold reduced in spores. This similarity in DNA photoreactivity greatly contrasted with the 11-fold range determined in the fluence causing a decimal reduction of survival. It was also found that the spectrum of UV-induced bipyrimidine lesions was species-specific and the formation rates of bi-thymine and bi-cytosine photoproducts correlated with the genomic frequencies of thymine and cytosine dinucleotides in the bacterial model systems.",Bacillus subtilis,uv,,
29589975,10.1089/ast.2017.1721,,no_pmc,2018,Astrobiology,"The Photochemistry of Unprotected DNA and DNA inside Bacillus subtilis Spores Exposed to Simulated Martian Surface Conditions of Atmospheric Composition, Temperature, Pressure, and Solar Radiation.","DNA is considered a potential biomarker for life-detection experiments destined for Mars. Experiments were conducted to examine the photochemistry of bacterial DNA, either unprotected or within Bacillus subtilis spores, in response to exposure to simulated martian surface conditions consisting of the following: temperature (-10°C), pressure (0.7 kPa), atmospheric composition [CO<sub>2</sub> (95.54%), N<sub>2</sub> (2.7%), Ar (1.6%), O<sub>2</sub> (0.13%), and H<sub>2</sub>O (0.03%)], and UV-visible-near IR solar radiation spectrum (200-1100 nm) calibrated to 4 W/m<sup>2</sup> of UVC (200-280 nm). While the majority (99.9%) of viable spores deposited in multiple layers on spacecraft-qualified aluminum coupons were inactivated within 5 min, a detectable fraction survived for up to the equivalent of ∼115 martian sols. Spore photoproduct (SP) was the major lesion detected in spore DNA, with minor amounts of cyclobutane pyrimidine dimers (CPD), in the order TT CPD > TC CPD >> CT CPD. In addition, the (6-4)TC, but not the (6-4)TT, photoproduct was detected in spore DNA. When unprotected DNA was exposed to simulated martian conditions, all photoproducts were detected. Surprisingly, the (6-4)TC photoproduct was the major photoproduct, followed by SP ∼ TT CPD > TC CPD > (6-4)TT > CT CPD > CC CPD. Differences in the photochemistry of unprotected DNA and spore DNA in response to simulated martian surface conditions versus laboratory conditions are reviewed and discussed. The results have implications for the planning of future life-detection experiments that use DNA as the target, and for the long-term persistence on Mars of forward contaminants or their DNA. Key Words: Bacillus subtilis-DNA-Mars-Photochemistry-Spore-Ultraviolet. Astrobiology 18, 393-402.",Bacillus subtilis,uv,,
10715001,10.1128/JB.182.7.1942-1948.2000,PMC101886,pmc_not_oa,2000,Journal of bacteriology,"The Bacillus subtilis HBsu protein modifies the effects of alpha/beta-type, small acid-soluble spore proteins on DNA.","HBsu, the Bacillus subtilis homolog of the Escherichia coli HU proteins and the major chromosomal protein in vegetative cells of B. subtilis, is present at similar levels in vegetative cells and spores ( approximately 5 x 10(4) monomers/genome). The level of HBsu in spores was unaffected by the presence or absence of the alpha/beta-type, small acid-soluble proteins (SASP), which are the major chromosomal proteins in spores. In developing forespores, HBsu colocalized with alpha/beta-type SASP on the nucleoid, suggesting that HBsu could modulate alpha/beta-type SASP-mediated properties of spore DNA. Indeed, in vitro studies showed that HBsu altered alpha/beta-type SASP protection of pUC19 from DNase digestion, induced negative DNA supercoiling opposing alpha/beta-type SASP-mediated positive supercoiling, and greatly ameliorated the alpha/beta-type SASP-mediated increase in DNA persistence length. However, HBsu did not significantly interfere with the alpha/beta-type SASP-mediated changes in the UV photochemistry of DNA that explain the heightened resistance of spores to UV radiation. These data strongly support a role for HBsu in modulating the effects of alpha/beta-type SASP on the properties of DNA in the developing and dormant spore.",Bacillus subtilis,uv,,
8982008,10.1128/jb.179.1.272-275.1997,PMC178689,pmc_not_oa,1997,Journal of bacteriology,Effects of inactivation or overexpression of the sspF gene on properties of Bacillus subtilis spores.,"Inactivation of the Bacillus subtilis sspF gene had no effect on sporulation, spore resistance, or germination in a wild-type strain or one lacking DNA protective alpha/beta-type small, acid-soluble proteins (SASP). Overexpression of SspF in wild-type spores or in spores lacking major alpha/beta-type SASP (alpha- beta- spores) had no effect on sporulation but slowed spore outgrowth and restored a small amount of UV and heat resistance to alpha- beta- spores. In vitro analyses showed that SspF is a DNA binding protein and is cleaved by the SASP-specific protease (GPR) at a site similar to that cleaved in alpha/beta-type SASP. SspF was also degraded during spore germination and outgrowth, and this degradation was initiated by GPR.",Bacillus subtilis,uv,,
2560633,,,no_pmc,1989,Zentralblatt fur Hygiene und Umweltmedizin = International journal of hygiene and environmental medicine,[UV-inactivation of microorganisms in water].,"UV-Inactivation of Escherichia coli, Bacillus subtilis spores, Staphylococcus-Phage A 994, Poliovirus type Mahoney and Rotavirus SA 11 was tested under controlled physical conditions. B. subtilis-spores were found to be the most resistant of these microorganisms, followed by Rotavirus, Bacteriophage and Poliovirus. E. coli required the lowest irradiation dose for inactivation. Causes and meaning of these dose-survival-reactions are discussed.",Bacillus subtilis,uv,,
17031569,10.1007/s10895-006-0129-1,,no_pmc,2006,Journal of fluorescence,Flow cytometry sorting protocol of Bacillus spore using ultraviolet laser and autofluorescence as main sorting criterion.,"The ultraviolet (UV) Fluorescent Aerodynamic Particle Sizer (FLAPS), a flow cytometer-like apparatus was developed by the Canadian Department of National Defence for real-time detection of autofluorescence of biological aerosol particles such as bacterial spores. The direct relation between autofluorescence intensity and viability has recently been reported and viable spore are more autofluorescent in UV (Laflamme, Frontiers in Bioscience). The goal of this manuscript is to describe a flow cytometry sorting protocol based on UV-induced autofluorescence. An EPICS ELITE ESP flow cytometer equipped with a UV laser and cell sorter was used to mimic the optical properties of FLAPS and to study the two extremes of a spore population according to its autofluorescence (lower level of autofluorescence (LLA) and higher level of autofluorescence (HLA) spores). Bacillus subtilis var niger was used as a surrogate for Bacillus anthracis spores and sorted using autofluorescence intensity as the main criterion. The protocol developed in our laboratory to sort Bacillus spores according to their autofluorescence properties is described. Purity of each sorted population was greater than 95%. Using autofluorescence as the main criterion, we demonstrate that it is possible to separate two distinct spore populations.",Bacillus subtilis,uv,,
35955018,10.3390/ijerph19159659,PMC9368635,oa,2022,International journal of environmental research and public health,The Wavelength-Based Inactivation Effects of a Light-Emitting Diode Module on Indoor Microorganisms.,"With the increased incidence of infectious disease outbreaks in recent years such as the COVID-19 pandemic, related research is being conducted on the need to prevent their spread; it is also necessary to develop more general physical-chemical control methods to manage them. Consequently, research has been carried out on light-emitting diodes (LEDs) as an effective means of light sterilization. In this study, the sterilization effects on four types of representative bacteria and mold that occur indoors, <i>Bacillus subtilis</i>, <i>Escherichia coli</i>, <i>Penicillium chrysogenum</i>, and <i>Cladosporium cladosporidides</i>, were confirmed using LED modules (with wavelengths of 275, 370, 385, and 405 nm). Additionally, power consumption was compared by calculating the time required for 99.9% sterilization of each microorganism. The results showed that the sterilization effect was high, in the order 275, 370, 385, and 405 nm. The sterilization effects at 385 and 405 nm were observed to be similar. Furthermore, when comparing the power consumption required for 99.9% sterilization of each microorganism, the 275 nm LED module required significantly less power than those of other wavelengths. However, at 405 nm, the power consumption required for 99.9% sterilization was less than that at 370 nm; that is, it was more efficient and similar to or less than that at 385 nm. Additionally, because 405 nm can be applied as general lighting, it was considered to have wider applicability and utility compared with UV wavelengths. Consequently, it should be possible to respond to infectious diseases in the environment using LEDs with visible light wavelengths.",Bacillus subtilis,uv,,
4197207,10.1016/0027-5107(73)90206-6,,no_pmc,1973,Mutation research,Correlation between lethality and DNA single-strand breaks in Bacillus subtilis cells treated with N-methyl-N'-nitro-N-nitrosoguanidine.,,Bacillus subtilis,uv,,
4955427,10.1016/0006-291x(65)90588-7,,no_pmc,1965,Biochemical and biophysical research communications,Temporary increase in UV-resistance in the course of spore germination of Bacillus subtilis.,,Bacillus subtilis,uv,,
21465787,,,no_pmc,2011,Wei sheng wu xue bao = Acta microbiologica Sinica,[Synergistic inactivation of Bacillus subtilis by high hydrostatic pressure and Nisin at neutral pH].,"High hydrostatic pressure (HHP) could be synergized with Nisin in neutral food system to achieve commercial sterilization. The mechanism of synergistic inactivation by HHP treatment and Nisin was investigated at molecular level alongside ultramicroscopic structure. Bacillus subtilis strain was subjected to HHP (100 -500 MPa for 15 min) alone and in combination with Nisin (200 IU/mL) in PBS (pH 7.0). Membrane permeability was studied by fluorescent dye and ultraviolet absorption. Membrane lipid, protein and DNA changes were detected by Fourier Transform Infrared. Transmission Electron Microscope (TEM) was used to detect the morphological changes. In neutral food system, the combined effect of HHP and Nisin reduced the population of the bacteria by 2.5 log, while at the same time increasing the membrane permeability by 10% - 60%. The physical state of membrane phospholipid molecules changed from liquid crystalline to gel state with a decrease in membrane fluidity. Treatments at elevated pressures were observed to cause protein denaturalization. Results from TEM demonstrate that cell content leaked owing to the synergistic effect. This confirms that Nisin is an effective bactericide when combined with HHP in neutral food and that the two inactivation methods have a synergistic effect.",Bacillus subtilis,uv,,
28476971,10.1049/iet-nbt.2016.0072,PMC8676112,pmc_not_oa,2017,IET nanobiotechnology,Synthesis and characterization of MWCNT/TiO<sub>2</sub>/Au nanocomposite for photocatalytic and antimicrobial activity.,"A novel combination of titanium oxide (TiO<sub>2</sub>)/gold (Au)/multiwalled carbon nanotubes (MWCNTs) nanocomposite (NC) was synthesised by sol- gel method. MWCNT functionalisation by modified Hummers method. TiO<sub>2</sub>/Au nanoparticles (NPs) were synthesised by biological method using <i>Terminalia chebula</i> bark extract. MWCNT/TiO<sub>2</sub>/Au NC samples were characterised by X-ray diffraction, ultraviolet-visible-diffuse reflectance spectra, microRaman, scanning electron microscopy and high-resolution-transmission electron microscopy analyses. The photocatalytic performance of the obtained for NC toward the decomposition of congo-red and the antimicrobial activity for inhibition of Gram positive (<i>Bacillus subtilis, Streptococcus pneumonia</i> and <i>Staphylococcus aureus</i>), Gram negative (<i>Shigella dysenderiae, Proteus vulgaris</i> and <i>Klebsiella pneumonia</i>) and fungal strains have been evaluated and the results are compared with positive control ampicillin. The metal and metal-oxide NPs have a lower sorption capacity. The herbicidal bond to the tested CNTs by the combination of electron donor-acceptor interactions and hydrogen bonds. In particular, the dispersion of NC and control of sodium borohydride, it has more efficient effect on the photodegradation and antibacterial activity of positive control of ampicillin. The NC material has exhibited maximum photodegradation and antibacterial activity results of zone of inhibition when compared with control samples.",Bacillus subtilis,uv,,
10572298,10.1016/s0300-9084(99)00211-4,,no_pmc,1999,Biochimie,Escherichia coli and Bacillus subtilis PriA proteins essential for recombination-dependent DNA replication: involvement of ATPase/helicase activity of PriA for inducible stable DNA replication.,"The E. coli PriA protein, a DEXH-type DNA helicase with unique zinc finger-like motifs interrupting the helicase domains, is an essential component of the phiX174-type primosome and plays critical roles in RecA-dependent inducible and constitutive stable DNA replication (iSDR and cSDR, respectively) as well as in recombination-dependent repair of double-stranded DNA breaks. B. subtilis PriA (BsPriA) protein contains the conserved helicase domains as well as zinc finger-like motifs with 34% overall identity with the E. coli counterpart. We overexpressed and purified BsPriA and examined its biochemical properties. BsPriA binds specifically to both n'-pas (primosome assembly site) and D-loop and hydrolyzes ATP in the presence of n'-pas albeit with a specific activity about 30% of that of E. coli PriA. However, it is not capable of supporting n'-pas-dependent replication in vitro, nor is it able to support ColE1-type plasmid replication in vivo which requires the function of the phiX174-type primosome. We also show that a zinc finger mutant is not able to support recombination-dependent DNA replication, as measured by the level of iSDR after a period of thymine starvation, nor wild-type level of growth, cell morphology and UV resistance. Unexpectedly, we discovered that an ATPase-deficient mutant (K230D) is not able to support iSDR to a full extent, although it can restore normal growth rate and UV resistance as well as non-filamentous morphology in priA1::kan mutant. K230D was previously reported to be fully functional in assembly of the phiX174-type primosome at a single-stranded n'-pas. Our results indicate that ATP hydrolysis/ helicase activity of PriA may be specifically required for DNA replication from recombination intermediates in vivo.",Bacillus subtilis,uv,,
9393713,10.1128/jb.179.23.7468-7475.1997,PMC179699,pmc_not_oa,1997,Journal of bacteriology,Cloning and genetic analysis of the UV resistance determinant (uvr) encoded on the Enterococcus faecalis pheromone-responsive conjugative plasmid pAD1.,"The conjugative pheromone-responsive plasmid pAD1 (59.6 kb) of Enterococcus faecalis encodes a UV resistance determinant (uvr) in addition to the hemolysin-bacteriocin determinant. pAD1 enhances the UV resistance of wild-type E. faecalis FA2-2 and E. faecalis UV202, which is a UV-sensitive derivative of E. faecalis JH2-2. A 2.972-kb fragment cloned from between 27.7 and 30.6 kb of the pAD1 map conferred UV resistance function on UV202. Sequence analysis showed that the cloned fragment contained three open reading frames designated uvrA, uvrB, and uvrC. The uvrA gene is located on the pAD1 map between 28.1 and 29.4 kb. uvrB is located between 30.1 and 30.3 kb, and uvrC is located between 30.4 and 30.6 kb on the pAD1 map. The uvrA, uvrB, and uvrC genes encode sequences of 442, 60, and 74 amino acids, respectively. The deduced amino acid sequence of the uvrA-encoded protein showed 20% homology of the identical residues with the E. coli UmuC protein. Tn917 insertion mutagenesis and deletion mutant analysis of the cloned fragment showed that uvrA conferred UV resistance. A palindromic sequence, 5'-GAACNGTTC-3', which is identical to the consensus sequence found within the putative promoter region of the Bacillus subtilis DNA damage-inducible genes, was located within the promoter region of uvrA. Two uvrA transcripts of different lengths (i.e., 1.54 and 2.14 kb) which terminate at different points downstream of uvrA were detected in UV202 carrying the deletion mutant containing uvrA. The longer transcript, 2.14 kb, was not detected in UV202 carrying the deletion mutant containing both uvrA and uvrB, which suggests that uvrB encodes a terminator for the uvrA transcript. The uvrA transcript was not detected in any significant quantity in UV202 carrying the cloned fragment containing uvrA, uvrB, and uvrC; on the other hand, the 1.54-kb uvrA transcript was detected in the strain exposed to mitomycin C, which suggests that the UvrC protein functions as a regulator of uvrA.",Bacillus subtilis,uv,,
36515191,10.2166/wst.2022.391,,no_pmc,2022,Water science and technology : a journal of the International Association on Water Pollution Research,UV Disinfection sensitivity index of spores or protozoa: A model to predict the required fluence of spores or protozoa.,"During UV disinfection, the required UV dose in terms of fluence depends upon the species of bacteria spore and protozoa. To rank their UV disinfection sensitivity, spore sensitivity index (SPSI) and protozoan sensitivity index (PSI) are defined. For spores, shoulder effect exists, therefore, SPSI is defined as the ratio between the k<sub>i</sub> of any spores for the linear portion of the dose response curve to the k<sub>ir</sub> of Bacillus subtilis as the reference spore. After statistical analysis, the fluence of any spore can be predicted by SPSI through equation, H = (0.8358 ± 0.126)*LogI*SPSI + H<sub>0</sub>. PSI is defined as the ratio between the inactivation rate constants of a protozoa in reference to that of Cryptosporidium parvum. The equation predicting the fluence of any protozoa in reference to Cryptosporidium parvum is: H = 107.45*(3.86 ± 2.68)*LogI/PSI. Two regression equations suggest that protozoa require significantly higher UV dose than bacteria spores.",Bacillus subtilis,uv,,
4978738,10.1016/0027-5107(69)90025-6,,no_pmc,1969,Mutation research,Inactivation of transforming DNA by ultraviolet irradiation: a study with ultraviot-sensitive mutants of Bacillus subtilis.,,Bacillus subtilis,uv,,
8779559,10.1128/aem.62.7.2221-2227.1996,PMC168002,pmc_not_oa,1996,Applied and environmental microbiology,"The two major spore DNA repair pathways, nucleotide excision repair and spore photoproduct lyase, are sufficient for the resistance of Bacillus subtilis spores to artificial UV-C and UV-B but not to solar radiation.","Bacterial endospores are 1 to 2 orders of magnitude more resistant to 254-nm UV (UV-C) radiation than are exponentially growing cells of the same strain. This high UV resistance is due to two related phenomena: (i) DNA of dormant spores irradiated with 254-nm UV accumulates mainly a unique thymine dimer called the spore photoproduct (SP), and (ii) SP is corrected during spore germination by two major DNA repair pathways, nucleotide excision repair (NER) and an SP-specific enzyme called SP lyase. To date, it has been assumed that these two factors also account for resistance of bacterial spores to solar UV in the environment, despite the fact that sunlight at the Earth's surface consists of UV-B, UV-A, visible, and infrared wavelengths of approximately 290 nm and longer. To test this assumption, isogenic strains of Bacillus subtilis lacking either the NER or SP lyase DNA repair pathway were assayed for their relative resistance to radiation at a number of UV wavelengths, including UV-C (254 nm), UV-B (290 to 320 nm), full-spectrum sunlight, and sunlight from which the UV-B portion had been removed. For purposes of direct comparison, spore UV resistance levels were determined with respect to a calibrated biological dosimeter consisting of a mixture of wild-type spores and spores lacking both DNA repair systems. It was observed that the relative contributions of the two pathways to spore UV resistance change depending on the UV wavelengths used in a manner suggesting that spores irradiated with light at environmentally relevant UV wavelengths may accumulate significant amounts of one or more DNA photoproducts in addition to SP. Furthermore, it was noted that upon exposure to increasing wavelengths, wild-type spores decreased in their UV resistance from 33-fold (UV-C) to 12-fold (UV-B plus UV-A sunlight) to 6-fold (UV-A sunlight alone) more resistant than mutants lacking both DNA repair systems, suggesting that at increasing solar UV wavelengths, spores are inactivated either by DNA damage not reparable by the NER or SP lyase system, damage caused to photosensitive molecules other than DNA, or both.",Bacillus subtilis,uv,,
4349761,10.1016/0022-2836(72)90186-6,,no_pmc,1972,Journal of molecular biology,Isolation and some distinctive properties of a new type of recombination-deficient mutant of Bacillus subtilis.,,Bacillus subtilis,uv,,
24447294,10.1111/php.12210,,no_pmc,2014,Photochemistry and photobiology,Inactivation of Bacillus subtilis spores using various combinations of ultraviolet treatment with addition of hydrogen peroxide.,"This study aims at comparing the inactivation of Bacillus subtilis spores by various combinations of UV treatment and hydrogen peroxide (H2O2) addition. The combinations included sequential (UV-H2O2, H2O2-UV) and simultaneous (UV/H2O2) processes. Results showed that B. subtilis spores achieved a certain inactivation effect through UV treatment. However, hardly any inactivation effect by H2O2 alone was observed. H2O2 had a significant synergetic effect when combined with UV treatment, while high irradiance and H2O2 concentration both favored the reaction. When treated with 0.60 mm H2O2 and 113.0 μW/cm(2) UV irradiance for 6 min, the simultaneous UV/H2O2 treatment showed significantly improved disinfection effect (4.13 log) compared to that of UV-H2O2 (3.03 log) and H2O2-UV (2.88 log). The relationship between the inactivation effect and the exposure time followed a typical pseudo-first-order kinetics model. The pseudo-first-order rate constants were 0.478, 0.447 and 0.634 min(-1), for the UV-H2O2, H2O2-UV and UV/H2O2 processes, respectively, further confirming the optimal disinfection effect of the UV/H2O2 process. The disinfection could be ascribed to the OH radicals, as verified by the level of para-chlorobenzoic acid (pCBA).",Bacillus subtilis,uv,,
18452587,10.1111/j.1365-2958.2008.06262.x,PMC2453687,pmc_not_oa,2008,Molecular microbiology,Large-scale transposon mutagenesis of Mycoplasma pulmonis.,"To obtain mutants for the study of the basic biology and pathogenic mechanisms of mycoplasmas, the insertion site of transposon Tn4001T was determined for 1700 members of a library of Mycoplasma pulmonis mutants. After evaluating several criteria for gene disruption, we concluded that 321 of the 782 protein coding regions were inactivated. The dispensable and essential genes of M. pulmonis were compared with those reported for Mycoplasma genitalium and Bacillus subtilis. Perhaps the most surprising result of the current study was that unlike other bacteria, ribosomal proteins S18 and L28 were dispensable. Carbohydrate transport and the susceptibility of selected mutants to UV irradiation were examined to assess whether active transposition of Tn4001T within the genome would confound phenotypic analysis. In contrast to earlier reports suggesting that mycoplasmas were limited in their DNA repair machinery, mutations in recA, uvrA, uvrB and uvrC resulted in a DNA-repair deficient phenotype. A mutant with a defect in transport of N-acetylglucosamine was identified.",Bacillus subtilis,uv,,
31684085,10.3390/foods8110539,PMC6915690,oa,2019,"Foods (Basel, Switzerland)",Evaluation of Continuous UVC Treatments and its Combination with UHPH on Spores of <i>Bacillus subtilis</i> in Whole and Skim Milk.,"The aim of this study was to evaluate the effectiveness of different UVC treatments, alone or in combination with ultra-high pressure homogenization (UHPH) on <i>Bacillus subtilis</i> spores in milk. Spores of <i>B. subtilis</i> (CECT4002) were inoculated in whole and skim milk to an initial concentration about 6 log CFU/mL. Milk was subjected to different ultraviolet radiation treatments at 254 nm (UVC) using a concentric tubular reactor in a dose ranging from 10 to 160 J/mL. Different number of passes were used to adjust the final dose received by the matrix. In general, increasing the number of passes (defined as number of entries to the tunnel-NET) increased the inactivation of spores of <i>B. subtilis</i>. The best lethality results (above 4 Log CFU/mL) were obtained by applying doses from 100 J/mL with several NET. When the same doses were achieved with a single pass lethality in most cases did not exceed 1 log CFU/mL. Increasing the NET also increased the likelihood for the spores to remain longer in the effective distance from the UVC source, estimated as 0.02 mm for whole milk and 0.06 mm for skim milk. Combination of UHPH and UVC did not clearly increase the efficiency of a single UVC treatment, and a lower lethality was even observed in some cases. UHPH treatments increased the turbidity and absorption coefficient (254 nm) of both whole and skim milk.",Bacillus subtilis,uv,,
3079746,10.1128/jb.165.1.155-160.1986,PMC214383,pmc_not_oa,1986,Journal of bacteriology,Isolation of recombination-defective and UV-sensitive mutants of Bacillus megaterium.,"Mutants of Bacillus megaterium QMB1551 sensitive to mitomycin C or methyl methanesulfonate were isolated and characterized phenotypically. Cell survival after UV-light and gamma-ray exposure was determined, as was transductional recombination. Of the mutants tested, three were sensitive to UV but remained recombination proficient. The UV-sensitive mutants were also reduced in host cell reactivation. At least three mutants had undetectable transduction frequencies, i.e., less than 0.3 to 1.3% of the parental strain frequencies, and so appear to be recombination deficient. Sensitivities of these mutant strains to UV light and gamma radiation were compared with those of parental B. megaterium as well as parental, recE4, recA1, uvrA19, and uvrB109 strains of Bacillus subtilis. In each case, the strains of B. megaterium, including the parental strains, showed a higher percentage of cell survival than B. subtilis.",Bacillus subtilis,uv,,
14649627,10.1016/s0019-1035(03)00200-8,,no_pmc,2003,Icarus,Survival of endospores of Bacillus subtilis on spacecraft surfaces under simulated martian environments: implications for the forward contamination of Mars.,"Experiments were conducted in a Mars simulation chamber (MSC) to characterize the survival of endospores of Bacillus subtilis under high UV irradiation and simulated martian conditions. The MSC was used to create Mars surface environments in which pressure (8.5 mb), temperature (-80, -40, -10, or +23 degrees C), gas composition (Earth-normal N2/O2 mix, pure N2, pure CO2, or a Mars gas mix), and UV-VIS-NIR fluence rates (200-1200 nm) were maintained within tight limits. The Mars gas mix was composed of CO2 (95.3%), N2 (2.7%), Ar (1.7%), O2 (0.2%), and water vapor (0.03%). Experiments were conducted to measure the effects of pressure, gas composition, and temperature alone or in combination with Mars-normal UV-VIS-NIR light environments. Endospores of B. subtilis, were deposited on aluminum coupons as monolayers in which the average density applied to coupons was 2.47 x 10(6) bacteria per sample. Populations of B. subtilis placed on aluminum coupons and subjected to an Earth-normal temperature (23 degrees C), pressure (1013 mb), and gas mix (normal N2/O2 ratio) but illuminated with a Mars-normal UV-VIS-NIR spectrum were reduced by over 99.9% after 30 sec exposure to Mars-normal UV fluence rates. However, it required at least 15 min of Mars-normal UV exposure to reduce bacterial populations on aluminum coupons to non-recoverable levels. These results were duplicated when bacteria were exposed to Mars-normal environments of temperature (-10 degrees C), pressure (8.5 mb), gas composition (pure CO2), and UV fluence rates. In other experiments, results indicated that the gas composition of the atmosphere and the temperature of the bacterial monolayers at the time of Mars UV exposure had no effects on the survival of bacterial endospores. But Mars-normal pressures (8.5 mb) were found to reduce survival by approximately 20-35% compared to Earth-normal pressures (1013 mb). The primary implications of these results are (a) that greater than 99.9% of bacterial populations on sun-exposed surfaces of spacecraft are likely to be inactivated within a few tens of seconds to a few minutes on the surface of Mars, and (b) that within a single Mars day under clear-sky conditions bacterial populations on sun-exposed surfaces of spacecraft will be sterilized. Furthermore, these results suggest that the high UV fluence rates on the martian surface can be an important resource in minimizing the forward contamination of Mars.",Bacillus subtilis,uv,,
8577868,10.1111/j.1751-1097.1996.tb02994.x,,no_pmc,1996,Photochemistry and photobiology,Experimental correspondence between spore dosimetry and spectral photometry of solar ultraviolet radiation.,"The biologically effective dose of solar UV radiation was estimated from the inactivation of UV-sensitive Bacillus subtilis spores. Two types of independent measurements were carried out concurrently at the Aerological Observatory in Tsukuba: one was the direct measurement of colony-forming survival that provided the inactivation dose per minute (ID/min) and the other was the measurement of the spectral irradiance by a Brewer spectrophotometer. To obtain the effective spectrum, the irradiance for each 1 nm wavelenght interval from 290 to 400 nm was multiplied with the efficiency for inactivation derived from the inactivation action spectrum of identically prepared spore samples. Integration of the effective spectrum provided the estimate for ID/min. The observed values of ID/min were closely concordant with the calculated values for the data obtained in four afternoons in 1993. The average ratio (+/- SD) between them was 1.24 (+/- 0.16) for 14 data points showing high inactivation rates (> 0.05 ID/min). Considering difficulties in the absolute dosimetry of UV radiation, the concordance was satisfactory and improved credibility of the two types of monitoring systems of biologically effective dose of solar UV radiation.",Bacillus subtilis,uv,,
29165230,10.1099/mic.0.000577,,no_pmc,2018,"Microbiology (Reading, England)",ParA-like protein influences the distribution of multi-copy chromosomes in cyanobacterium Synechococcus elongatus PCC 7942.,"While many bacteria, such as Escherichia coli and Bacillus subtilis, harbour a single-copy chromosome, freshwater cyanobacteria have multiple copies of each chromosome per cell. Although it has been reported that multi-copy chromosomes are evenly distributed along the major axis of the cell in cyanobacterium Synechococcus elongatus PCC 7942, the distribution mechanism of these chromosomes remains unclear. In S. elongatus, the carboxysome, a metabolic microcompartment for carbon fixation that is distributed in a similar manner to the multi-copy chromosomes, is regulated by ParA-like protein (hereafter ParA). To elucidate the role of ParA in the distribution of multi-copy chromosomes, we constructed and analysed ParA disruptant and overexpressing strains of S. elongatus. Our fluorescence in situ hybridization assay revealed that the parA disruptants displayed an aberrant distribution of their multi-copy chromosomes. In the parA disruptant the multiple origin and terminus foci, corresponding to the intracellular position of each chromosomal region, were aggregated, which was compensated by the expression of exogenous ParA from other genomic loci. The parA disruptant is sensitive to UV-C compared to the WT strain. Additionally, giant cells appeared under ParA overexpression at the late stage of growth indicating that excess ParA indirectly inhibits cell division. Screening of the ParA-interacting proteins by yeast two-hybrid analysis revealed four candidates that are involved in DNA repair and cell membrane biogenesis. These results suggest that ParA is involved in the pleiotropic cellular functions with these proteins, while parA is dispensable for cell viability in S. elongatus.",Bacillus subtilis,uv,,
31917987,10.1016/j.ijbiomac.2020.01.041,,no_pmc,2020,International journal of biological macromolecules,"Synthesis, characterization, and evaluation of antimicrobial activity of novel Chitosan/Tigecycline composite.","With the increase of antibiotic resistance currently available at an alarming rate, new improved films of Chitosan (CS) have been achieved with different levels of Tigecycline (TIGE) using traditional casting technology. The structural, optical, and morphological characterizations of the prepared (CS/TIGE) composites were investigated using XRD, FT-IR, UV-visible, and FE-SEM. Also, the antibacterial characterization was investigated. XRD pattern shows a semi-crystalline peak at 2θ = 21° begins to appear at Cs/TIGE2 concentration and its intensity increase with increasing TIGE concentration which indicate the interaction between TIGE and Cs. FT-IR reveals conservation of the distinctive bands with change in both intensity and position that attributed to increase the ratios of TIGE in Chitosan. UV-vis spectra confirmed the interaction of the CS and the drug TIGE. FE-SEM photos confirm the increasing of TIGE particles on the surface of CS/TIGE films by increasing the ratios of TIGE. The antimicrobial effect of Chitosan and five different ratios of Chitosan with TIGE have been identified against four different bacterial species, two gram-negative (Escherichia coli, Bacillus subtilis) and two gram-positive bacteria (Staphylococcus aureus, Pseudomonas aeruginosa). The obtained results indicated that the composite Cs/TIGE can be used in many antimicrobial applications because of its greatly antimicrobial activity.",Bacillus subtilis,uv,,
24118570,10.1111/mmi.12417,,no_pmc,2013,Molecular microbiology,Transcriptional coupling of DNA repair in sporulating Bacillus subtilis cells.,"In conditions of halted or limited genome replication, like those experienced in sporulating cells of Bacillus subtilis, a more immediate detriment caused by DNA damage is altering the transcriptional programme that drives this developmental process. Here, we report that mfd, which encodes a conserved bacterial protein that mediates transcription-coupled DNA repair (TCR), is expressed together with uvrA in both compartments of B. subtilis sporangia. The function of Mfd was found to be important for processing the genetic damage during B. subtilis sporulation. Disruption of mfd sensitized developing spores to mitomycin-C (M-C) treatment and UV-C irradiation. Interestingly, in non-growing sporulating cells, Mfd played an anti-mutagenic role as its absence promoted UV-induced mutagenesis through a pathway involving YqjH/YqjW-mediated translesion synthesis (TLS). Two observations supported the participation of Mfd-dependent TCR in spore morphogenesis: (i) disruption of mfd notoriously affected the efficiency of B. subtilis sporulation and (ii) in comparison with the wild-type strain, a significant proportion of Mfd-deficient sporangia that survived UV-C treatment developed an asporogenous phenotype. We propose that the Mfd-dependent repair pathway operates during B. subtilis sporulation and that its function is required to eliminate genetic damage from transcriptionally active genes.",Bacillus subtilis,uv,,
36749057,10.1615/IntJMedMushrooms.2022046706,,no_pmc,2023,International journal of medicinal mushrooms,"Antimicrobial, Antioxidant, Cytotoxicity and DNA Protective Properties of the Pink Oyster Mushroom, Pleurotus djamor (Agaricomycetes).","In this study, pink oyster mushroom Pleurotus djamor was cultivated using wheat straw (WS), quinoa stalk (QS), and their mixtures (WS-QS (1:1)) as substrate and evaluated in terms of antimicrobial, antioxidant, cytotoxicity, and DNA protective effects. Gram-positive and Gram-negative pathogen bacteria (Bacillus subtilis, Proteus vulgaris, Streptococcus mutans, Salmonella typhi, Pseudomonas aeruginosa, Staphylococcus aureus, and Escherichia coli), dermatophyte (Trichophyton sp.) and yeast (Candida tropicalis) were used in the study. It was found to be very active against all bacteria (except S. mutans and S. typhi), and dermatophyte when compared to the control groups (8.7-33.3 mm), but low against C. tropicalis. It was seen that the best total antioxidant assay (TAS) value was 2.05 mmol/L on WS-QS (1:1). Depend on, it was determined that the total oxidant assay (TOS) value (5.26 μmol/L) in the same compost was lower than the others, and also the scavenging effect of 2,2-diphenyl-1-picrylhydrazyl radical (DPPH) was higher on WS at 25 mg/mL (84.20%). The methanol extract on WS at a concentration of 400 μg/mL, significantly reduced the percentage of viability in the human breast cancer (MDA-MB-231) cell line (2.2%). The methanol extracts on WS and QS medium were found to inhibit DNA damage induced by UV radiation and H2O2 at a concentration of 25 mg/mL. These results showed that pink oyster mushroom has benefits such as antimicrobial, antioxidant, cytotoxic, and DNA protective effects.",Bacillus subtilis,uv,,
39221495,10.1039/d4em00158c,,no_pmc,2024,Environmental science. Processes & impacts,Experimental assessment of low temperature plasma devices for bacterial aerosol inactivation in the air duct of HVAC systems.,"In light of growing concerns about indoor air quality and the transmission of pathogens, this study aims to evaluate the effectiveness of low temperature plasma (LTP) devices in inactivating bacterial aerosols in the air duct of HVAC systems, exploring methods to enhance air purification efficiency. This research employed experimental methods to explore the deactivation effects of LTP on common bacteria such as <i>E. coli</i> and <i>Bacillus subtilis</i>, focusing on the role of air parameters such as the airflow rate, relative humidity, and temperature in influencing the device's performance. Notably, the study determined that an operational voltage of 3000 V for the LTP device, combined with conditions of low airflow, low humidity, and high temperature, significantly enhances the inactivation of bacterial aerosols, achieving an 82% inactivation rate at a negative ion concentration of 2.4 × 10<sup>11</sup> ions per m<sup>3</sup> and a wind speed of 3 m s<sup>-1</sup>. Despite the generation of ozone and ultraviolet light as by-products, their concentrations were found to be within safe limits for human exposure. In addition, this study identified an effective inactivation range, alongside an optimal arrangement for the airflow direction within ducts, to maximize the sterilization efficiency of the LTP device. Given these promising results, the study advocates for the integration of LTP technology into the air duct of HVAC systems of public buildings to improve air quality and reduce the risk of airborne disease transmission.",Bacillus subtilis,uv,,
21707388,10.1089/ast.2011.0615,,no_pmc,2011,Astrobiology,Survival of Bacillus subtilis endospores on ultraviolet-irradiated rover wheels and Mars regolith under simulated Martian conditions.,"Endospores of Bacillus subtilis HA101 were applied to a simulated Mars Exploration Rover (MER) wheel and exposed to Mars-normal UV irradiation for 1, 3, or 6 h. The experiment was designed to simulate a contaminated rover wheel sitting on its landing platform before rolling off onto the martian terrain, as was encountered during the Spirit and Opportunity missions. When exposed to 1 h of Mars UV, a reduction of 81% of viable endospores was observed compared to the non-UV irradiated controls. When exposed for 3 or 6 h, reductions of 94.6% and 96.6%, respectively, were observed compared to controls. In a second experiment, the contaminated rover wheel was rolled over a bed of heat-sterilized Mars analog soil; then the analog soil was exposed to full martian conditions of UV irradiation, low pressure (6.9 mbar), low temperature (-10°C), and an anaerobic CO(2) martian atmosphere for 24 h to determine whether endospores of B. subtilis on the contaminated rover wheel could be transferred to the surface of the analog soil and survive martian conditions. The experiment simulated conditions in which a rover wheel might come into contact with martian regolith immediately after landing, such as is designed for the upcoming Mars Science Laboratory (MSL) rover. The contaminated rover wheel transferred viable endospores of B. subtilis to the Mars analog soil, as demonstrated by 31.7% of samples showing positive growth. However, when contaminated soil samples were exposed to full martian conditions for 24 h, only 16.7% of samples exhibited positive growth-a 50% reduction in the number of soil samples positive for the transferred viable endospores.",Bacillus subtilis,uv,,
29480426,10.1007/s10482-018-1049-1,,no_pmc,2018,Antonie van Leeuwenhoek,Hunting for cultivable Micromonospora strains in soils of the Atacama Desert.,"Innovative procedures were used to selectively isolate small numbers of Micromonospora strains from extreme hyper-arid and high altitude Atacama Desert soils. Micromonosporae were recognised on isolation plates by their ability to produce filamentous microcolonies that were strongly attached to the agar. Most of the isolates formed characteristic orange colonies that lacked aerial hyphae and turned black on spore formation, whereas those from the high altitude soil were dry, blue-green and covered by white aerial hyphae. The isolates were assigned to seven multi- and eleven single-membered groups based on BOX-PCR profiles. Representatives of the groups were assigned to either multi-membered clades that also contained marker strains or formed distinct phyletic lines in the Micromonospora 16S rRNA gene tree; many of the isolates were considered to be putatively novel species of Micromonospora. Most of the isolates from the high altitude soils showed activity against wild type strains of Bacillus subtilis and Pseudomonas fluorescens while those from the rhizosphere of Parastrephia quadrangulares and from the Lomas Bayas hyper-arid soil showed resistance to UV radiation.",Bacillus subtilis,uv,,
14329465,10.1128/jb.90.2.495-503.1965,PMC315670,pmc_not_oa,1965,Journal of bacteriology,UNSTABLE GENETIC TRANSFORMATION IN BACILLUS SUBTILIS AND THE MODE OF INHERITANCE IN UNSTABLE CLONES.,"Iyer, V. N. (Canada Department of Agriculture, Ottawa, Ont., Canada). Unstable genetic transformation in Bacillus subtilis and the mode of inheritance in unstable clones. J. Bacteriol. 90:495-503. 1965.-An ultraviolet-induced mutant has been isolated from the double auxotroph of Bacillus subtilis (bearing the linked mutations try(2) and his(2)). This mutant has the property of yielding unstable transformants which, in the case of transformation to prototrophy, can be recognized by reduced colony size on minimal agar. Unstable transformant clones usually become stabilized early during the development of the clone (within 12 generations). Analyses of genotypes emerging from such clones on stabilization indicate that in some of these clones the exogenote is transmitted linearly; its integrity is sufficiently preserved that it can participate in two independent recombination events in two different cells. Genetic markers on the exogenote are expressed in situations where genetic integration has not occurred.",Bacillus subtilis,uv,,
32315871,10.1016/j.ijfoodmicro.2020.108592,,no_pmc,2020,International journal of food microbiology,"The spore coat is essential for Bacillus subtilis spore resistance to pulsed light, and pulsed light treatment eliminates some spore coat proteins.","Microbial surface contamination of equipment or of food contact material is a recurring problem in the food industry. Spore-forming bacteria are far more resistant to a wide variety of treatments than their vegetative forms. Understanding the mechanisms underlying decontamination processes is needed to improve surface decontamination strategies against endospores potentially at the source of foodborne diseases or food-spoilage. Pulsed light (PL) with xenon lamps delivers high-energy short-time pulses of light with wavelengths in the range 200 nm-1100 nm and a high UV-C fraction. Bacillus subtilis spores were exposed to either PL or to continuous UV-C. Gel electrophoresis and western blotting revealed elimination of various proteins of the spore coat, an essential outer structure that protects spores from a wide variety of environmental conditions and inactivation treatments. Proteomic analysis confirmed the elimination of some spore coat proteins after PL treatment. Transmission electron microscopy of PL treated spores revealed a gap between the lamellar inner spore coat and the outer spore coat. Overall, spores of mutant strains with defects in genes coding for spore coat proteins were more sensitive to PL than to continuous UV-C. This study demonstrates that radiations delivered by PL contribute to specific damage to the spore coat, and overall to spore inactivation.",Bacillus subtilis,uv,,
27014964,10.1021/acs.est.5b06097,,no_pmc,2016,Environmental science & technology,"Inactivation of Escherichia coli, Bacteriophage MS2, and Bacillus Spores under UV/H2O2 and UV/Peroxydisulfate Advanced Disinfection Conditions.","Ultraviolet light (UV) combined with peroxy chemicals, such as H2O2 and peroxydisulfate (PDS), have been considered potentially highly effective disinfection processes. This study investigated the inactivation of Escherichia coli, bacteriophage MS2, and Bacillus subtilis spores as surrogates for pathogens under UV/H2O2 and UV/PDS conditions, with the aim to provide further understanding of UV-based advanced disinfection processes (ADPs). Results showed that one additional log of inactivation of E. coli was achieved with 0.3 mM H2O2 or PDS at 5.2 × 10(-5) Einstein·L(-1) photo fluence (at 254 nm) compared with UV irradiation alone. Addition of H2O2 and PDS greatly enhanced the inactivation rate of MS2 by around 15 folds and 3 folds, respectively, whereas the inactivation of B. subtilis spores was slightly enhanced. Reactive species responsible for the inactivation were identified to be •OH, SO4(·-), and CO3(·-) based on manipulation of solution conditions. The CT value of each reactive species was calculated with respect to each microbial surrogate, which showed that the disinfection efficacy ranked as •OH > SO4(·-) > CO3(·-) ≫ O2(·-)/HO2(·). A comprehensive dynamic model was developed and successfully predicted the inactivation of the microbial surrogates in surface water and wastewater matrices. The concepts of UV-efficiency and EE/O were employed to provide a cost-effective evaluation for UV-based ADPs. Overall, the present study suggests that it will be beneficial to upgrade UV disinfection to UV/H2O2 ADP for the inactivation of viral pathogens.",Bacillus subtilis,uv,,
11913419,,,no_pmc,1975,Life sciences and space research,Effects of solar ultraviolet radiations on Bacillus subtilis spores and T7 bacteriophage.,"Spores of Bacillus subtilis HA 101 and the DNA polymerase I-defective mutant HA 101 (59) F were exposed to selected wavelengths of solar ultraviolet light and space vacuum during the return of Apollo 16. In addition, coliphage T7 suspensions were exposed to solar ultraviolet radiation as part of the Microbial Response to Space Environment Experiment. Optical filters were employed to provide different energy levels at wavelengths 254 nm and 280 nm. Dose-response curves for lethal and mutagenic effects were compared with ground-based data. A close parallel was observed between the results of solar radiation and ground tests with spores of the two strains. However, significantly greater inactivation of T7 bacteriophage was observed after exposure to solar ultraviolet radiation.",Bacillus subtilis,uv,,
6774966,10.1128/jb.144.1.473-475.1980,PMC294690,pmc_not_oa,1980,Journal of bacteriology,Involvement of deoxyribonucleic acid polymerase III in W-reactivation in Bacillus subtilis.,"6-(p-Hydroxyphenylazo)-uracil, a purine analog that is known to specifically inhibit deoxyribonucleic acid polymerase III in gram-positive organisms, inhibited W-reactivation in Bacillus subtilis. On the other hand, W-reactivation proceeded normally in the presence of 6-(p-hydroxyphenylazo)-uracil when a strain possessing a resistant deoxyribonucleic acid polymerase III was used as the host.",Bacillus subtilis,uv,,
30444232,10.1039/c8em00338f,,no_pmc,2019,Environmental science. Processes & impacts,Analysis of bacteria stress responses to contaminants derived from shale energy extraction.,"In order to survive environmental changes, bacteria have stress responses, which protect them from adverse and variable conditions. Contamination can be a source of stress and bacterial responses can serve as an indicator of environmental abnormality. In this work, the biochemical effects of toxic compounds that stem from hydraulic fracturing were measured on the whole cell-derived fatty acid and protein compositions of Escherichia coli, Klebsiella oxytoca, Pseudomonas aeruginosa, Pseudomonas putida, Pseudomonas stutzeri, Aeromonas hydrophila, Bacillus cereus, and Bacillus subtilis. These microorganisms were exposed to elevated levels of benzene, ethanol, propanol, toluene, and salt. These were chosen to represent significant subsurface contamination or a surface spill. The fatty acid and protein profiles for the bacteria were analyzed using gas chromatography - vacuum ultraviolet spectroscopy and matrix-assisted laser desorption ionization time-of-flight mass spectrometry, respectively. Overall, different fatty acid and protein profiles were observed when the microorganisms were grown in the presence of the toxic compounds. The cells exhibited an increase in the saturated/unsaturated ratio and displayed the presence of branched and cyclopropane fatty acids when in the presence of common fracture fluid constituents to decrease membrane permeability which was confirmed by the analysis of produced water. This approach provides a potentially useful tool for environmental diagnosis, since proteins and fatty acids can act as a harbinger of ecological health.",Bacillus subtilis,uv,,
1334020,10.1093/genetics/132.4.893,PMC1205246,pmc_not_oa,1992,Genetics,DNA repair and the evolution of transformation in Haemophilus influenzae.,"Under certain environmental conditions, naturally transforming bacteria are induced to pick up DNA released into the environment by other cells of the same or closely related species and, by homologous recombination, integrate that DNA into their chromosome. The selective pressures responsible for the evolution and maintenance of this form of genetic outcrossing, or sex, in bacteria are not known. A prominent hypothesis is that transformation, and sex in general, evolved as a means of obtaining DNA templates to repair damaged regions of the chromosome. Previous results obtained with Bacillus subtilis were consistent with the repair hypothesis. In an effort to explore the generality of those results, I have tested the repair hypothesis with Haemophilus influenzae, a naturally transforming, gram-negative species of bacteria. The results of UV damage-survivorship experiments with H. influenzae were also consistent with that hypothesis. However, additional experiments demonstrate that the higher survival of transformed cultures cannot be accounted for by use of the transforming DNA as templates for repair. I consider alternative hypotheses for the means by which transformation can increase cell survival following UV exposure and discuss the implications of these results with respect to the DNA repair hypothesis and the evolution of transformation.",Bacillus subtilis,uv,,
32156369,10.1016/j.foodres.2019.108921,,no_pmc,2020,"Food research international (Ottawa, Ont.)",Low-energy short-term cold atmospheric plasma: Controlling the inactivation efficacy of bacterial spores in powders.,"The present research work aims to elucidate kinetics and mechanisms of the inactivation of Bacillus subtilis spores by a surface micro-discharge (SMD) - cold atmospheric pressure plasma (CAPP). Regarding industrial applications, the inactivation of spores was also studied for a static layer of a biopolymer powder or film, with an air plasma and at ambient pressure. Close to 4 log<sub>10</sub> cycles of inactivation of Bacillus subtilis spores were achieved when exposing spores on flat glass to the SMD-CAPP. This effect can be reached at a very low plasma power density of 5 mW/cm<sup>2</sup> in 7 min exposure time. The maximum inactivation level of spores drops when treating corn-starch powder to 2.6 log<sub>10</sub> cycles at 7 mW/cm<sup>2</sup> plasma power density for 5 min and with a polymer load of 5 mg/cm<sup>2</sup>. Similar is true for films produced with hydroxymethyl cellulose (HMC). The inactivation efficacy can be tuned and is a function of applied surface energy (product of the plasma power density and the exposure time) and the polymer load. Plasma diagnostics reveal the fundamental importance of reactive nitrogen species (RNS) in the inactivation. Etching of spore hull is supposed to be triggered by the plasma density, while UV-C and UV-B radiation do not contribute directly and significantly to the inactivation effect at least in a biopolymer matrix. Fluidization of a fixed powder layer is supposed to overcome limitations of the inactivation efficacy by reducing the diffusion distance of active plasma species between the source and the sample. The combination of low plasma power density with short treatment time is supposed to reduce the risk of the formation of side-products from the matrix.",Bacillus subtilis,uv,,
41171028,10.1128/spectrum.02276-25,PMC12671110,oa,2025,Microbiology spectrum,Susceptibility of microbes to far-UVC light (222 nm) on spacecraft and cleanroom surfaces.,"Far-UVC light (222 nm) is an emerging decontamination tool with potential for spacecraft assembly applications due to its strong germicidal efficacy and minimal risk to human health. This study evaluated the susceptibility of three UV-resistant microbial species, <i>Deinococcus radiodurans</i> and <i>Bacillus subtilis</i> as vegetative cells and <i>Bacillus pumilus</i> as spores, across eight spacecraft and cleanroom-relevant materials with varying surface properties, including contact angle, reflectivity, and roughness. While <i>D. radiodurans</i> demonstrated the highest overall resistance to far-UVC, material properties significantly influenced its inactivation rate (k<sub>1</sub> [cm<sup>2</sup>/mJ]), and its susceptibility varied significantly by surface. No significant relationship between material properties influencing k<sub>1</sub> values was observed for <i>B. subtilis</i> and <i>B. pumilus</i>. Collectively, these findings highlight far-UVC as a robust and practical bioburden reduction tool capable of inactivating resistant microbes regardless of material surface characteristics.IMPORTANCEThis study builds upon previous research on the inactivation of hardy bacteria and spores using far-UVC light by evaluating the susceptibility of microbes to far-UVC light across a range of surface materials. By focusing on hardy organisms and diverse substrates, this work provides critical insights into the practical applications of far-UVC technology in complex environments. Microbial disinfection is a key component of planetary protection, ensuring that space exploration activities do not inadvertently transport terrestrial organisms to extraterrestrial environments. These findings demonstrate that far-UVC is effective across materials with varying properties and can serve as an effective alternative for bioburden reduction that can be safely operated in occupied spaces.",Bacillus subtilis,uv,,
14987476,10.1089/153110703322736033,,no_pmc,2003,Astrobiology,Spore UV and acceleration resistance of endolithic Bacillus pumilus and Bacillus subtilis isolates obtained from Sonoran desert basalt: implications for lithopanspermia.,"Bacterial spores have been used as model systems for studying the theory of interplanetary transport of life by natural processes such as asteroidal or cometary impacts (i.e., lithopanspermia). Because current spallation theory predicts that near-surface rocks are ideal candidates for planetary ejection and surface basalts are widely distributed throughout the rocky planets, we isolated spore-forming bacteria from the interior of near-subsurface basalt rocks collected in the Sonoran desert near Tucson, Arizona. Spores were found to inhabit basalt at very low concentrations (</=28 colony-forming units/g) in these samples. Six isolates identified as being most closely related to Bacillus pumilus and one Bacillus subtilis isolate were recovered from near-subsurface basalt samples. Populations of purified spores prepared from the isolated strains were subjected to 254-nm UV and ballistics tests in order to assess their resistance to UV radiation and to extreme acceleration shock, two proposed lethal factors for spores during interplanetary transfer. Specific natural isolates of B. pumilus were found to be substantially more resistant to UV and extreme acceleration than were reference laboratory strains of B. subtilis, the benchmark organism, suggesting that spores of environmental B. pumilus isolates may be more likely to survive the rigors of interplanetary transfer.",Bacillus subtilis,uv,,
3919289,10.1016/0167-8817(85)90035-5,,no_pmc,1985,Mutation research,Sensitivity of carcinogen-treated DNA to inactivation by ultraviolet radiation.,"The DNA of bacteriophage SPO2c12 was treated with methylmethane sulfonate (MMS), beta-propiolactone (BPL), 2-anthramine (AA) or benzo[a]pyrene (BP) and then exposed to 254-nm radiation. Competent Bacillus subtilis host cells were transfected with DNA subjected to the carcinogen-UV treatment or with DNA treated with carcinogen only. Survival curves were obtained for loss of plaque-forming ability as a function of UV dose. The UV sensitivity of DNA treated with MMS, BPL or AA was not significantly different from that of untreated DNA. The results indicate that in competent B. subtilis the pathways for repair of alkylating agent damage and for repair of UV damage are probably different.",Bacillus subtilis,uv,,
21897862,10.1371/journal.pone.0023909,PMC3163665,oa,2011,PloS one,A toxin-antitoxin module in Bacillus subtilis can both mitigate and amplify effects of lethal stress.,"Bacterial type-2 (protein-protein) toxin-antitoxin (TA) modules are two-gene operons that are thought to participate in the response to stress. Previous work with Escherichia coli has led to a debate in which some investigators conclude that the modules protect from stress, while others argue that they amplify lethal stress and lead to programmed cell death. To avoid ambiguity arising from the presence of multiple TA modules in E. coli, the effect of the sole type-2 toxin-antitoxin module of Bacillus subtilis was examined for several types of lethal stress. Genetic knockout of the toxin gene, ndoA (ydcE), conferred protection to lethal stressors that included kanamycin, moxifloxacin, hydrogen peroxide, and UV irradiation. However, at low doses of UV irradiation the ndoA deficiency increased lethality. Indeed, gradually increasing UV dose with the ndoA mutant revealed a crossover response--from the mutant being more sensitive than wild-type cells to being less sensitive. For high temperature and nutrient starvation, the toxin deficiency rendered cells hypersensitive. The ndoA deficiency also reduced sporulation frequency, indicating a role for toxin-antitoxin modules in this developmental process. In the case of lethal antimicrobial treatment, deletion of the toxin eliminated a surge in hydrogen peroxide accumulation observed in wild-type cells. A single toxin-antitoxin module can mediate two opposing effects of stress, one that lowers lethality and another that raises it. Protective effects are thought to arise from toxin-mediated inhibition of translation based on published work. The enhanced, stress-mediated killing probably involves toxin-dependent accumulation of reactive oxygen species, since a deficiency in the NdoA toxin suppressed peroxide accumulation following antimicrobial treatment. The type and perhaps the level of stress appear to be important for determining whether this toxin will have a protective or detrimental effect.",Bacillus subtilis,uv,,
4204907,10.1128/jb.111.1.192-198.1972,PMC251257,pmc_not_oa,1972,Journal of bacteriology,"Genetically controlled removal of ""spore photoproduct"" from deoxyribonucleic acid of ultraviolet-irradiated Bacillus subtilis spores.","Previous genetic analysis indicated that at least two genes determine the ultraviolet (UV) sensitivity of Bacillus subtilis spores. The present study shows that these genes independently control two distinguishable processes for removing UV-induced spore photoproduct (5-thyminyl-5,6-dihydrothymine, or TDHT) from spore deoxyribonucleic acid. The first, is a spore repair mechanism by which TDHT is removed rapidly without appearing in acid-soluble form. This mechanism, which is demonstrated in both UV-resistant and excision-deficient strains, operates to a certain extent during germination without requiring vegetative growth. The second, demonstrated in a mutant which lacks the first mechanism, removes TDHT relatively slowly and only if germinated spores are allowed to develop toward vegetative cells. The latter mechanism appears identical to excision-resynthesis repair, since the mutation abolishing it renders the irradiated vegetative cells incapable of removing cyclobutane-type pyrimidine dimers. Blocking either one of these mechanisms only slightly affects the UV sensitivity of spores, but blocking both prevents TDHT removal and gives high UV sensitivity.",Bacillus subtilis,uv,,
30289268,10.1089/ast.2017.1715,,no_pmc,2018,Astrobiology,Comparing Spore Resistance of Bacillus Strains Isolated from Hydrothermal Vents and Spacecraft Assembly Facilities to Environmental Stressors and Decontamination Treatments.,"Submarine hydrothermal vents are inhabited by a variety of microorganisms capable of tolerating environmental extremes, making them ideal candidates to further expand our knowledge of the limitations for terrestrial life, including their ability to survive the exposure of spaceflight-relevant conditions. The spore resistance of two Bacillus spp. strains, APA and SBP3, isolated from two shallow vents off Panarea Island (Aeolian Islands, Italy), to artificial and environmental stressors (i.e., UVC radiation, X-rays, heat, space vacuum, hydrogen peroxide [H<sub>2</sub>O<sub>2</sub>], and low-pressure plasma), was compared with that of two close phylogenetic relatives (Bacillus horneckiae and Bacillus oceanisediminis). Additional comparisons were made with Bacillus sp. isolated from spacecraft assembly facilities (B. horneckiae, Bacillus pumilus SAFR-032, and Bacillus nealsonii) and the biodosimetry strain and space microbiology model organism Bacillus subtilis. Overall, a high degree of spore resistance to stressors was observed for the strains isolated from spacecraft assembly facilities, with an exceptional level of resistance seen by B. pumilus SAFR-032. The environmental isolate SBP3 showed a more robust spore resistance to UVC, X-rays, H<sub>2</sub>O<sub>2</sub>, dry heat, and space vacuum than the closely related B. horneckiae. Both strains (SBP3 and APA) were more thermotolerant than their relatives, B. horneckiae and B. oceanisediminis, respectively. SBP3 may have a novel use as a bacterial model organism for future interrogations into the potential of forward contamination in extraterrestrial environments (e.g., icy moons of Jupiter or Saturn), spacecraft sterilization and, broadly, microbial responses to spaceflight-relevant environmental stressors.",Bacillus subtilis,uv,,
28477003,10.1049/iet-nbt.2015.0099,PMC8676460,pmc_not_oa,2017,IET nanobiotechnology,Green synthesis of silver nanoparticles from grape and tomato juices and evaluation of biological activities.,"The biosynthesis of silver nanoparticles (AgNPs) is substantial for its application in lots of fields. Tomato and grape fruit juices were used as a reducing and capping agents for the biosynthesis of AgNPs. Ultraviolet spectroscopic analysis offered peaks in the range of 396‒420 nm that indicate the production of AgNPs. Fourier transform infrared spectroscopy analysis revealed attachment of different functional groups with Ag ion in both tomato and grape fruit extracts NPs. The X‒ray diffraction analysis confirmed that the synthesised AgNPs have a face centred cubic confirmation. Scanning electron microscopy confirms the size of NPs that varies from 10 to 30 nm. The DPPH free radical scavenging assay, total antioxidant capacity, reducing power assay, total flavonoid contents and total phenolic contents determination confirmed that synthesised AgNPs are potent antioxidant agents; can be used as an effective scavenger of free radicals. Biosynthesised AgNPs also showed good antibacterial activity against <i>Pseudomonas septica</i>, <i>Staphylococcus aureus</i>, <i>Micrococcus luteus</i>, <i>Enterobacter aerogenes</i>, <i>Bacillus subtilis</i> and <i>Salmonella typhi</i>. Protein kinase inhibition activity showed a clear zone which indicates anticancerous potential of biosynthesised AgNPs. The efficacious bioactivities indicate that the tomato and grape derived AgNPs can be used efficiently in pharmaceutical and medical industries.",Bacillus subtilis,uv,,
40222222,10.1016/j.watres.2025.123602,,no_pmc,2025,Water research,"Removal of disinfection residual bacteria in UV<sub>222</sub>, UV<sub>222</sub>/H<sub>2</sub>O<sub>2</sub> and UV<sub>222</sub>/peroxymonosulfate systems: what is the safe usage for wastewater reclamation.","Disinfection residual bacteria (DRB) are widely present in the reclaimed treatment effluents and can regrow during the downstream distribution and storage, posing a threat to the biosafety of reuse applications. Recently, far ultraviolet (UV<sub>222</sub>) have garnered augmented attention due to the highly efficient and energy-intensive oxidation, making them a potential approach for the deep inactivation of DRB. However, there remains a lack of quantitative analyses on how to monitor the disinfection intensity to mitigate the health risks associated with DRB. In this study, we used the UV<sub>222</sub>, UV<sub>222</sub>/H₂O₂ and UV<sub>222</sub>/peroxymonosulfate (PMS) systems to treat model DRB including Escherichia coli, Pseudomonas aeruginosa, and Bacillus subtilis, and developed a multiparameter model to accurately present the dose-culturability relationship. On this basis, we conducted the simulated disinfection, and detected the viability status and regrowth potential of DRB during the post-disinfection processes. It turned out that UV<sub>222</sub> alone exhibited the superiority over UV<sub>254</sub>, especially for treating Pseudomonas aeruginosa. UV<sub>222</sub>/H<sub>2</sub>O<sub>2</sub> and UV<sub>222</sub>/PMS systems further improved the inactivation rates. The practical UV doses for full-scale reclaimed disinfection (10-200 mJ/cm²) were sufficient for the UV<sub>222</sub>-based systems to inactivate DRB (initial 10<sup>7</sup> CFU/mL) to the safe level in effluent measured by culture methods. But substantial DRB still persisted in VBNC state, which necessitated higher doses of 200-450 mJ/cm<sup>2</sup> to further inhibit the regrowth under accidental contamination and prolonged transport/storage culture. Fortunately, H<sub>2</sub>O<sub>2</sub> provided residual disinfection for Bacillus subtilis, and PMS performed promising sustained disinfection for all the three DRB. This study provided valuable insights for the expanded application of UV<sub>222</sub> disinfection and future updates of pathogen standards in reclaimed water treatment.",Bacillus subtilis,uv,,
22680693,10.1089/ast.2011.0748,,no_pmc,2012,Astrobiology,Transcriptomic responses of germinating Bacillus subtilis spores exposed to 1.5 years of space and simulated martian conditions on the EXPOSE-E experiment PROTECT.,"Because of their ubiquity and resistance to spacecraft decontamination, bacterial spores are considered likely potential forward contaminants on robotic missions to Mars. Thus, it is important to understand their global responses to long-term exposure to space or martian environments. As part of the PROTECT experiment, spores of B. subtilis 168 were exposed to real space conditions and to simulated martian conditions for 559 days in low-Earth orbit mounted on the EXPOSE-E exposure platform outside the European Columbus module on the International Space Station. Upon return, spores were germinated, total RNA extracted, fluorescently labeled, and used to probe a custom Bacillus subtilis microarray to identify genes preferentially activated or repressed relative to ground control spores. Increased transcript levels were detected for a number of stress-related regulons responding to DNA damage (SOS response, SPβ prophage induction), protein damage (CtsR/Clp system), oxidative stress (PerR regulon), and cell envelope stress (SigV regulon). Spores exposed to space demonstrated a much broader and more severe stress response than spores exposed to simulated martian conditions. The results are discussed in the context of planetary protection for a hypothetical journey of potential forward contaminant spores from Earth to Mars and their subsequent residence on Mars.",Bacillus subtilis,uv,,
9323362,10.1007/s004380050532,,no_pmc,1997,Molecular & general genetics : MGG,Analysis of spore photoproduct lyase operon (splAB) function using targeted deletion-insertion mutations spanning the Bacillus subtilis operons ptsHI and splAB.,"Germinating Bacillus subtilis spores repair UV-induced DNA damage in part using the enzyme spore photoproduct (SP) lyase. SP lyase is encoded by splB, the second cistron of the splAB operon. The splAB operon is transcribed during sporulation from the P1 promoter, which partially overlaps the transcriptional terminator of the upstream ptsHI operon, which in turn encodes the Hpr protein and Enzyme I components of the PEP:sugar phosphotransferase (PTS) system. In order to determine the physical and functional boundaries of these contiguous operons, null mutations were generated in the region by in vitro site-directed mutagenesis, in which parts of the cloned ptsI-splAB region were removed and replaced with an ermC antibiotic resistance cassette, then introduced by transformation into B. subtilis. A deletion-insertion spanning ptsI, splA, and splB abolished the ability of the resulting mutant to utilize the PTS sugar glucose. Deletions removing either splB alone or both splA and splB did not affect glucose utilization, thus indicating that splAB gene products are not involved in PTS function. A complementation system was developed using the deletion-insertion mutant lacking splAB which allows placement of alleles of the cloned splAB operon at the chromosomal amyE locus. The complementation system was used to explore the role of SP lyase in determining spore UV resistance.",Bacillus subtilis,uv,,
3125407,10.1007/BF00325685,,no_pmc,1987,Molecular & general genetics : MGG,Complementation of Bacillus subtilis polA mutants by DNA polymerase I from Streptococcus pneumoniae.,"The polA gene of Streptococcus pneumoniae cloned in the recombinant plasmid pSM22 is expressed in Bacillus subtilis. Extracts of B. subtilis polA mutants containing pSM22 showed 6 times more DNA polymerase activity than extracts of wild-type cells without the plasmid. Complete complementation of the B. subtilis polA5 and polA59 mutations with respect to in vivo resistance to UV irradiation and methyl methanesulfonate was observed when four copies of the pneumococcal polA gene were present in each cell. Ectopic integration of the polA gene together with a cat marker into the chromosome of B. subtilis gave chromosomal insertions containing single and double doses of the pneumococcal polA gene. Correlation with gene dosage was observed for both chloramphenicol acetyltransferase and DNA polymerase activities measured in vitro. Depending on the number of copies of the S. pneumoniae polA gene present, restoration of DNA repair functions in polA mutants of B. subtilis was either partial or complete.",Bacillus subtilis,uv,,
41235933,10.1128/jb.00389-25,PMC12713371,oa,2025,Journal of bacteriology,"Effects of sporulation times in liquid or on plates on <i>Bacillus subtilis</i> spore resistance, germination, inner membrane fluidity and permeability, and core contents.","This study aimed to determine reasons that longer sporulation times in liquid or on plates have large effects on <i>Bacillus subtilis</i> spore germination and resistance. <i>B. subtilis</i> spores were prepared for 3/30/60 days in liquid or on plates and their germination, resistance, levels of core water and Ca<sup>2+</sup>-dipicolinic acid (CaDPA), and inner membrane (IM) fluidity and permeability were measured. Liquid spores of 3/30/60 days had no differences in wet heat resistance, while plate spores of 30/60 days had higher wet heat resistance than 3-day plate spores. There were minimal increases in 3- to 60-day liquid spores' resistance to UV radiation and chemicals, while plate spores of 30/60 days had increased resistance to chemicals. Germinant receptor (GR) germination with L-valine was identical with 3- to 60-day liquid or plate spores, while plate spores of 30/60 days germinated faster than 3-day spores with the L-asparagine, D-glucose, D-fructose, and KCl mixture. Three-day liquid or plate spores germinated faster than 30- and 60-day spores with the GR-independent germinant, dodecylamine, and 30-day plate spores had lower IM permeability and higher IM rigidity than 3-day plate spores or 30-day liquid spores. However, levels of two spore core components' modulating spore wet heat resistance, water, and CaDPA were identical in spores of 3/30/60 days. Thus, increased IM rigidity and decreased IM permeability appear to be major factors in increased resistance of spores prepared on plates for long periods. However, precisely how these longer times cause increased IM rigidity and lower permeability, but not with spores prepared in liquid, is not clear.IMPORTANCECells of some Bacillota cause food spoilage and human diseases. These organisms' ability to do this is exacerbated by forming hard-to-kill dormant spores because of their resistance and ability to come ""back to life"" in germination. We examined two <i>Bacillus subtilis</i> sporulation parameters, liquid versus solid media and sporulation time, measuring effects on spore resistance and germination. We found (i) an effector of spore heat resistance, core water content, is not changed by different sporulation media or times; and (ii) spores' IM becomes more rigid and less permeable in spores made on solid media and for longer times. This knowledge may influence how spores are prepared as probiotics or as standards for analyses of autoclave function.",Bacillus subtilis,uv,,
30712343,10.1021/acs.est.8b04393,,no_pmc,2019,Environmental science & technology,"Degradation and Deactivation of Bacterial Antibiotic Resistance Genes during Exposure to Free Chlorine, Monochloramine, Chlorine Dioxide, Ozone, Ultraviolet Light, and Hydroxyl Radical.","This work investigated degradation (measured by qPCR) and biological deactivation (measured by culture-based natural transformation) of extra- and intracellular antibiotic resistance genes (eARGs and iARGs) by free available chlorine (FAC), NH<sub>2</sub>Cl, O<sub>3</sub>, ClO<sub>2</sub>, and UV light (254 nm), and of eARGs by <sup>•</sup>OH, using a chromosomal ARG ( blt) of multidrug-resistant Bacillus subtilis 1A189. Rate constants for degradation of four 266-1017 bp amplicons adjacent to or encompassing the acfA mutation enabling blt overexpression increased in proportion to #AT+GC bps/amplicon, or in proportion to #5'-GG-3' or 5'-TT-3' doublets/amplicon, with respective values ranging from 0.59 to 2.3 (×10<sup>11</sup> M<sup>-1</sup> s<sup>-1</sup>) for <sup>•</sup>OH, 1.8-6.9 (×10<sup>4</sup> M<sup>-1</sup> s<sup>-1</sup>) for O<sub>3</sub>, 3.9-9.2 (×10<sup>3</sup> M<sup>-1</sup> s<sup>-1</sup>) for FAC, 0.35-1.2(×10<sup>1</sup> M<sup>-1</sup> s<sup>-1</sup>) for ClO<sub>2</sub>, and 2.0-8.8 (×10<sup>-2</sup> cm<sup>2</sup>/mJ) for UV at pH 7, and from 1.7-4.4 M<sup>-1</sup> s<sup>-1</sup> for NH<sub>2</sub>Cl at pH 8. For FAC, NH<sub>2</sub>Cl, O<sub>3</sub>, ClO<sub>2</sub>, and UV, ARG deactivation paralleled degradation of amplicons approximating a ∼800-1000 bp acfA-flanking sequence required for natural transformation in B. subtilis, whereas deactivation outpaced degradation for <sup>•</sup>OH. At practical disinfectant exposures, eARGs and iARGs were ≥90% degraded/deactivated by FAC, O<sub>3</sub>, and UV, but recalcitrant to NH<sub>2</sub>Cl and ClO<sub>2</sub>. iARG degradation/ deactivation always lagged cell inactivation. These findings provide a quantitative framework for evaluating ARG fate during disinfection/oxidation, and support using qPCR as a proxy for tracking ARG deactivation under carefully selected circumstances.",Bacillus subtilis,uv,,
415232,10.1016/0027-5107(78)90155-0,,no_pmc,1978,Mutation research,Mutation induction with UV- and X-radiations in spores and vegetative cells of Bacillus subtilis.,"Spores and vegetative cells of Bacillus subtilis strains with various defects in DNA-repair capacities (hcr-, ssp-, hcr-ssp-) were irradiated with UV radiation or X-rays. Induced mutation frequency was determined from the observed frequency of prototrophic reversion of a suppressible auxotrophic mutation. At equal physical dose, after either UV- or X-irradiation, spores were more resistant to mutations as well as to killing than were vegetative cells. However, quantitative comparison revealed that, at equally lethal doses, spores and vegetative cells were almost equally mutable by X-rays whereas spores were considerably less mutable by UV than were vegetative cells. Thus, as judged from their mutagenic efficiency relative to the lethality, X-ray-induced damage in the spore DNA and the vegetative DNA were equally mutagenic, while UV-induced DNA photoproducts in the spore were less mutagenic than those in vegetative cells. Post-treatment of UV-irradiated cells with caffeine decreased the survival and the induced mutation frequency for either spores or vegetative cells for all the strains. In X-irradiated spores, however, a similar suppressing effect of caffeine was observed only for mutability of a strain lacking DNA polymerase I activity.",Bacillus subtilis,uv,,
3118204,10.1016/0167-8817(87)90016-2,,no_pmc,1987,Mutation research,"Effect of ultraviolet radiation on the Bacillus subtilis phages SPO2, SPP1 and phi 29 and their DNAs.","A comparative study of the effects of ultraviolet radiation on three Bacillus subtilis phages is presented. Phages phi 29, SPP1 and SPO2c12 or their DNAs were irradiated by UVC (254 nm) and quantum yields for inactivation were calculated. For each phage, the purified DNA was found to be more sensitive than the intact virus when assayed in a uvr+ host. The data imply that this is because transfecting DNA is repaired less efficiently than DNA of the intact phage; rather than because of differences in sensitivity to lesion production. Even though phi 29 has the smallest target size of the three phages, phi 29 and its DNA are the most sensitive. Phages SPO2 and SPP1 code for gene products which complement the repair system of the host. The transfecting DNA of phage SPP1 is extremely sensitive to UV damage when assayed in a uvr-host. This is attributed to the fact that in transfection SPP1 DNA must undergo recombination for productive infection to occur. The recombination process strongly interferes with the repair of damaged DNA.",Bacillus subtilis,uv,,
1791495,10.1016/1011-1344(91)80269-n,,no_pmc,1991,"Journal of photochemistry and photobiology. B, Biology",Action spectra for survival and spore photoproduct formation of Bacillus subtilis irradiated with short-wavelength (200-300 nm) UV at atmospheric pressure and in vacuo.,"Spores of Bacillus subtilis are approximately ten times less likely to survive UV light irradiation in a vacuum than under atmospheric conditions. Photoproduct formation was studied in spores irradiated under ultrahigh vacuum (UHV) conditions and in spores irradiated at atmospheric pressure. In addition to the ""spore photoproduct"" 5-thyminyl-5,6-dihydrothymine (TDHT), which is produced in response to irradiation at atmospheric pressure, two additional photoproducts, known as the cis-syn and trans-syn isomers of thymine dimer, are produced on irradiation in vacuo. The spectral efficiencies for photoproduct formation in spores are reduced under vacuum conditions compared with atmospheric conditions by a factor of 2-6, depending on the wavelength. Because formation of TDHT does not increase after irradiation in vacuo, TDHT cannot be responsible for the observed vacuum effect. Vacuum specific photoproducts may cause a synergistic response of spores to the simultaneous action of UV light and UHV. An increased quantum efficiency, destruction of repair systems and formation of irreparable lesions are postulated for the enhanced sensitivity of B. subtilis spores to UV radiation in vacuo.",Bacillus subtilis,uv,,
11911146,10.1016/b978-0-08-021783-3.50033-7,,no_pmc,1974,Life sciences and space research,Viability of Bacillus subtilis spores exposed to space environment in the M-191 experiment system aboard Apollo 16.,"During the Apollo 16 space flight, in the experiment system M-191, (microbial response to space environment) spores of Bacillus subtilis 168 were exposed to space vacuum or solar UV irradiation with a peak wavelength of 254 nm or both. The effects of these space factors on the colony-forming ability of the spores were studied. It was found (i) that space vacuum alone did not affect the survival of pre-dried spores; (ii) that space vacuum in combination with solar UV irradiation with a peak wavelength of 254 nm had a synergistic effect, which may by attributed to a UV supersensitivity of the spores during vacuum exposure. These results agreed with findings of simulation experiments on earth. It was concluded that air dried spores may survive exposure to space vacuum if shielded against solar UV irradiation.",Bacillus subtilis,uv,,
17407059,,,no_pmc,2007,International microbiology : the official journal of the Spanish Society for Microbiology,UV-radiation-induced formation of DNA bipyrimidine photoproducts in Bacillus subtilis endospores and their repair during germination.,"The spore photoproduct (SP) is the main DNA lesion after UV-C irradiation, and its repair is crucial for the resistance of spores to UV. The aims of the present study were to assess the formation and repair of bipyrimidine photoproducts in spore DNA of various Bacillus subtilis strains using a sensitive HPLC tandem mass spectrometry assay. Strains deficient in nucleotide excision repair, spore photoproduct lyase, homologous recombination (recA), and with wild-type repair capability were investigated. Additionally, one strain deficient in the formation of major small, acid-soluble spore proteins (SASPs) was tested. In all SASP wild-type strains, UV-C irradiation generated almost exclusively SP (>95 %) but also a few by-photoproducts. In the major SASP-deficient strain, SP and by-photoproducts were generated in equal quantities. The status time of 60 min, >75% of the SP was repaired in wild-type strains and in the SASP-deficient strain, while half of the photoinduced SP was removed in the recA-deficient strain. SP-lyase-deficient spores repaired 20% of the SP produced. Thus, SP lyase, with respect to nucleotide excision repair, has a remarkable impact on the removal of SP upon spore germination.",Bacillus subtilis,uv,,
19378562,10.1039/b810412c,,no_pmc,2009,"Dalton transactions (Cambridge, England : 2003)",The N-terminal soluble domains of Bacillus subtilis CopA exhibit a high affinity and capacity for Cu(I) ions.,"CopA from Bacillus subtilis is a Cu(I)-transporting P-type ATPase involved in resistance to high levels of environmental copper. At its N-terminus are two soluble domains, a and b, that, when generated in isolation from the membrane part, have previously been shown to exhibit unusual Cu(I)-binding behaviour: at >1 Cu(I) per CopAab the protein dimerises, resulting in the formation of a species with luminescence properties characteristic of a solvent-shielded Cu(I) cluster. Further insight into the Cu(I)-binding properties of CopAab are now reported. We demonstrate that the initial binding of Cu(I) occurs with very high affinity (K = -4 x 10(17) M(-1)) and that CopAab can accommodate up to 4 Cu(I) per protein and remains dimeric at higher Cu(I)-loadings. Fitting of UV-visible, near UV CD, fluorescence and luminescence spectroscopic titration data supports a model in which Cu(I) binds sequentially to CopAab, and also provides estimates of the association constants for Cu(I)-binding and dimerisation steps. Finally, low molecular weight thiols are shown not to affect the initial binding of Cu(I), but significantly influence binding at levels >1 Cu(I) per CopAab such that dimerisation is inhibited, though not abolished.",Bacillus subtilis,uv,,
410702,,,no_pmc,1977,Genetika,[UV-mutagenesis in Bacillus subtilis. VII. Induction of auxotrophic mutants].,"An experimental testing of material from thin-layered, transparent in passing light, colonies which appear with some frequency after plating Bacillus subtilis cells on agar medium with limited enrichment, has shown that such colonies are formed by auxotrophic mutants. The growth requirements for many of them has been identified. The most of mutants can be reversed to original phenotype by UV-irradiation. The frequency of auxotrophs increases after UV-irradiation of suspension of original cells. The sensitivity of auxotrophic mutants to inactivating action of UV-light is near to that of original cells, hence the increase of the frequency of mutants with dose is a result of induction, but not of selection of preexisting spontaneous auxotrophic mutants. The frequency of induced auxotrophs, in contrast to that of suppressor revertants, badly give way to declining in the time of temporary inhibition of postradiation growth. In the case of Bac, subtilis, the system of induced auxotrophic mutants on the medium with limited enrichment is rather comfortable in use and can be recommended for studying UV-induced mutagenesis in structural genes as well as for testing mutagenic activities.",Bacillus subtilis,uv,,
35695587,10.1615/IntJMedMushrooms.2022043513,,no_pmc,2022,International journal of medicinal mushrooms,"Medicinal Properties of the Golden Oyster Mushroom, Pleurotus citrinopileatus (Agaricomycetes), Grown on Local Agricultural Wastes in Turkey.","In this study, the antimicrobial, antioxidant, cytotoxicity, and DNA protective effects of Pleurotus citrinopileatus cultured on substrates were investigated. The methanol extract of P. citrinopileatus showed lower activity against Streptococcus mutans (17.0-21.7 mm), Salmonella thypii (12.3-17.7 mm), and Candida tropicalis (16.3-20.3 mm) but was observed to be very active against Trichopyton sp. (14.0-22.3 mm), Bacillus subtilis (17.3-20.3 mm), Pseudomonas aeruginosa (13.0-20.3 mm), Proteus vulgaris (18.3-23.7 mm), Staphylococcus aureus (16.3-23.0 mm), and Escherichia coli (16.0-24.0 mm) compared with the control group. P. citrinopileatus demonstrated significant antioxidant potential. The highest total antioxidant assay (2.76 mmol/L) and total oxidant assay (11.98 μmol/L) values were determined on wheat straw-quinoa stalk (WS-QS; 1:1) and QS medium, and their effectiveness at removing 2,2-diphenyl-1-picrylhydrazyl radicals was more efficient at groups to which samples of 25 mg (74.72-79.80%) were added. The methanol extracts of P. citrinopileatus grown on WS, QS, and WS-QS (1:1) substrates were found to prevent DNA damage induced by ultraviolet radiation and H2O2 at a concentration of 25 mg/mL. The methanol extract of P. citrinopileatus, which was obtained from WS (2.7%) at a 400-μg/mL concentration, remarkably decreased the percentage of viability in the A-549 cell line. These results suggest that P. citrinopileatus has potent antimicrobial, antioxidant, and DNA protective as well as cytotoxic effects on the A-549 cell line.",Bacillus subtilis,uv,,
37033866,10.1021/acsomega.2c07531,PMC10077534,oa,2023,ACS omega,"Biogenic Synthesis and Characterization of Silver Nanoparticles: Evaluation of Their Larvicidal, Antibacterial, and Cytotoxic Activities.","To explore the larvicidal activity of the silver nanoparticles (AgNPs) synthesized using the ethanolic <i>Catharanthus roseus</i> flower extract (CRE) against the larvae of <i>Aedes aegypti</i> (<i>A. aegypti</i>), AgNPs were synthesized by an eco-friendly method and characterized by Ultraviolet-Visible (UV-Vis) spectroscopy, Fourier Transform Infrared spectroscopy (FTIR), X-Ray Diffraction (XRD), Particle Size Analysis, Transmission Electron Microscopy (TEM), and Energy-Dispersive X-Ray spectrometry (EDX) analysis. The resultant AgNPs showed a spherically well-defined, highly stable, and monodispersed shape with an average particle size ranging from 15 to 25 nm. The absorbance of the AgNPs was measured by using a UV-Vis spectrophotometer at a wavelength of 416 nm. The presence and binding of the phenolic functional group with the AgNPs were confirmed using FTIR analysis. Particle size analysis revealed an average particle diameter of 90 nm with 80 % distribution. XRD analysis revealed the highly crystalline nature of the CRE-AgNPs. The LC<sub>50</sub> and LC<sub>90</sub> values of CRE-AgNPs and the extract were calculated. The mortality percentage of the extract and synthesized CRE-AgNPs was observed after 24 h. The maximum larvicidal activity with 100 % mortality of <i>A. aegypti</i> was observed in AgNPs synthesized using ethanolic CRE. The LC<sub>50</sub> and LC<sub>90</sub> values are 8.963 and 20.515 ppm for CRE-AgNPs against <i>A. aegypti</i> larvae, respectively. The CRE-AgNPs revealed superior antibacterial activity against human pathogenic bacteria; the zone of inhibition (ZOI) was measured for all of the pathogens, and the results revealed that different concentrations of CRE-AgNPs showed a remarkable ZOI of about (a) 10-14 mm for <i>Salmonella typhimurium</i>, (b) 6-11 mm for <i>Bacillus subtilis</i>, (c) 11-14 mm for <i>Enterococcus faecalis</i>, and (d) 9-10 mm for <i>Shigella boydii</i>. The maximum ZOI was observed in <i>E. faecalis</i>. Impeccably, the cytotoxicity of CRE-AgNPs at 250 μg/mL is 82% against the HaCaT cell lines. The synthesized CRE-AgNPs showed maximum effectiveness of paradoxical activity on mosquito larvae.",Bacillus subtilis,uv,,
30583210,10.1016/j.chemosphere.2018.12.126,,no_pmc,2019,Chemosphere,"Application of UVOX Redox<sup>®</sup> for swimming pool water treatment: Microbial inactivation, disinfection byproduct formation and micropollutant removal.","Alternative disinfection technologies may overcome some of the limitations of conventional treatment applied in swimming pools: chlorine-resistant pathogens (e.g. Cryptosporidium oocysts and Giardia cysts) and the formation of chlorinated disinfection byproducts. In this paper, results of full scale validation of an alternative disinfection technology UVOX Redox<sup>®</sup> (hereinafter referred to as UVOX) that combines ozonation and UV irradiation are presented. The performance was assessed in terms of microbial inactivation, disinfection byproduct formation and micropollutant removal. UVOX was able to achieve 1.4-2.7 log inactivation of Bacillus subtilis spores at water flows between 20 and 76 m³/h. Lower formation of trichloromethane and dichloroacetic acid was observed with UVOX followed by chlorination when compared to chlorination alone. However, due to the use of ozone and the presence of bromide in the pool water, the formation of trihalomethanes and haloacetic acids shifted to more brominated byproducts. Chlorine alone was able to remove the target micropollutants: acetaminophen, atenolol, caffeine, carbamazepine, estrone, estradiol, and venlafaxine (>97% removal) after 24 h, with the exception of ibuprofen (60% removal). The application of UVOX in chlorinated water enhanced the removal of ibuprofen. The application of UVOX could lower the usage of chlorine to the level that provides an adequate residual disinfection effect.",Bacillus subtilis,uv,,
15803617,10.1016/j.asr.2003.09.050,,no_pmc,2004,Advances in space research : the official journal of the Committee on Space Research (COSPAR),Biological space experiments for the simulation of Martian conditions: UV radiation and Martian soil analogues.,"The survivability of resistant terrestrial microbes, bacterial spores of Bacillus subtilis, was investigated in the BIOPAN facility of the European Space Agency onboard of Russian Earth-orbiting FOTON satellites (BIOPAN I -III missions). The spores were exposed to different subsets of the extreme environmental parameters in space (vacuum, extraterrestrial solar UV, shielding by protecting materials like artificial meteorites). The results of the three space experiments confirmed the deleterious effects of extraterrestrial solar UV radiation which, in contrast to the UV radiation reaching the surface of the Earth, also contains the very energy-rich, short wavelength UVB and UVC radiation. Thin layers of clay, rock or meteorite material were shown to be only successful in UV-shielding, if they are in direct contact with the spores. On Mars the UV radiation climate is similar to that of the early Earth before the development of a protective ozone layer in the atmosphere by the appearance of the first aerobic photosynthetic bacteria. The interference of Martian soil components and the intense and nearly unfiltered Martian solar UV radiation with spores of B. subtilis will be tested with a new BIOPAN experiment, MARSTOX. Different types of Mars soil analogues will be used to determine on one hand their potential toxicity alone or in combination with solar UV (phototoxicity) and on the other hand their UV protection capability. Two sets of samples will be placed under different cut-off filters used to simulate the UV radiation climate of Mars and Earth. After exposure in space the survival of and mutation induction in the spores will be analyzed at the DLR, together with parallel samples from the corresponding ground control experiment performed in the laboratory. This experiment will provide new insights into the principal limits of life and its adaptation to environmental extremes on Earth or other planets which and will also have implications for the potential for the evolution and distribution of life.",Bacillus subtilis,uv,,
3112127,10.1128/jb.169.8.3633-3637.1987,PMC212443,pmc_not_oa,1987,Journal of bacteriology,"Different small, acid-soluble proteins of the alpha/beta type have interchangeable roles in the heat and UV radiation resistance of Bacillus subtilis spores.","Spores of Bacillus subtilis strains which carry deletion mutations in one gene (sspA) or two genes (sspA and sspB) which code for major alpha/beta-type small, acid-soluble spore proteins (SASP) are known to be much more sensitive to heat and UV radiation than wild-type spores. This heat- and UV-sensitive phenotype was cured completely or in part by introduction into these mutant strains of one or more copies of the sspA or sspB genes themselves; multiple copies of the B. subtilis sspD gene, which codes for a minor alpha/beta-type SASP; or multiple copies of the SASP-C gene, which codes for a major alpha/beta-type SASP of Bacillus megaterium. These findings suggest that alpha/beta-type SASP play interchangeable roles in the heat and UV radiation resistance of bacterial spores.",Bacillus subtilis,uv,,
17085555,10.1128/JB.01464-06,PMC1797410,pmc_not_oa,2007,Journal of bacteriology,Complete and SOS-mediated response of Staphylococcus aureus to the antibiotic ciprofloxacin.,"Staphylococcus aureus infections can be difficult to treat due to both multidrug resistance and the organism's remarkable ability to persist in the host. Persistence and the evolution of resistance may be related to several complex regulatory networks, such as the SOS response, which modifies transcription in response to environmental stress. To understand how S. aureus persists during antibiotic therapy and eventually emerges resistant, we characterized its global transcriptional response to ciprofloxacin. We found that ciprofloxacin induces prophage mobilization as well as significant alterations in metabolism, most notably the up-regulation of the tricarboxylic acid cycle. In addition, we found that ciprofloxacin induces the SOS response, which we show, by comparison of a wild-type strain and a non-SOS-inducible lexA mutant strain, includes the derepression of 16 genes. While the SOS response of S. aureus is much more limited than those of Escherichia coli and Bacillus subtilis, it is similar to that of Pseudomonas aeruginosa and includes RecA, LexA, several hypothetical proteins, and a likely error-prone Y family polymerase whose homologs in other bacteria are required for induced mutation. We also examined induced mutation and found that either the inability to derepress the SOS response or the lack of the LexA-regulated polymerase renders S. aureus unable to evolve antibiotic resistance in vitro in response to UV damage. The data suggest that up-regulation of the tricarboxylic acid cycle and induced mutation facilitate S. aureus persistence and evolution of resistance during antibiotic therapy.",Bacillus subtilis,uv,,
11148055,10.1021/bi002265w,,no_pmc,2001,Biochemistry,"Identification of lysine 346 as a functionally important residue for pyridoxal 5'-phosphate binding and catalysis in lysine 2, 3-aminomutase from Bacillus subtilis.","Lysine 2,3-aminomutase (LAM) catalyzes the interconversion of L-lysine and L-beta-lysine. The enzyme contains pyridoxal 5'-phosphate (PLP) and a [4Fe-4S] center and requires S-adenosylmethionine (SAM) for activity. The hydrogen transfer is mediated by the 5'-deoxyadenosyl radical generated in a reaction of the iron-sulfur cluster with SAM. PLP facilitates the radical rearrangement by forming a lysine-PLP aldimine, in which the imine group participates in the isomerization mechanism. We here report the identification of lysine 346 as important for PLP binding and catalysis. Reduction of LAM with NaBH(4) rapidly inactivated the enzyme with concomitant UV/visible spectrum changes characteristic of reduction of an aldimine formed between PLP and lysine. Following reduction with NaBH(4) and proteolysis with trypsin, a single phosphopyridoxyl peptide of 36 amino acid residues was identified by reverse-phase liquid chromatography/mass spectrometry (LC/MS). The purified phosphopyridoxyl peptide exhibited an absorption band at 325 nm, and its identity was further confirmed by tandem mass spectrometry (MS/MS) sequencing. The bound PLP is linked to lysine 346 in a PGGGGK (PLP) structure. The sequence of this binding motif is conserved in LAMs from Bacillus and Clostridium and other homologous proteins but is distinct from the PLP-binding motifs found in other PLP enzymes. The function of lysine 346 was further studied by site-directed mutagenesis. The purified K346Q mutant was inactive, and its content of PLP was only approximately 15% of that of the wild-type enzyme. The data indicate that the formation of the aldimine linkage between lysine 346 and PLP is important for LAM catalysis. Sequences similar to the PLP-binding motifs in other enzymes were also present in LAM. However, lysine residues within these motifs neither are the PLP-binding sites in LAM nor are directly involved in LAM catalysis. This study represents the first comprehensive investigation of PLP binding in a SAM-dependent iron-sulfur enzyme.",Bacillus subtilis,uv,,
33119308,10.1021/acs.langmuir.0c02109,,no_pmc,2020,Langmuir : the ACS journal of surfaces and colloids,Novel Type of Water-Soluble Photosensitizer from <i>Trichoderma reesei</i> for Photodynamic Inactivation of Gram-Positive Bacteria.,"Antimicrobial photodynamic therapy (APDT) is a promising alternative to traditional antibiotics for the treatment of bacterial infections, which inactivates a broad spectrum of bacteria. However, many traditional photosensitizers (PSs) are hydrophobic with poor water solubility and easy aggregation. On the other hand, some light sources such as ultraviolet (UV) have poor penetration and high cytotoxicity. Both issues lead to undesired photodynamic therapy efficacy. To overcome these issues, we develop a novel water-soluble natural PS (sorbicillinoids) obtained by microbial fermentation using recombinant filamentous fungus <i>Trichoderma reesei</i>. Sorbicillinoids could effectively generate singlet oxygen (<sup>1</sup>O<sub>2</sub>) under UV light irradiation and ultimately display photoinactivation activity on Gram-positive bacteria including <i>Staphylococcus aureus</i>, <i>Bacillus subtilis,</i> and <i>Micrococcus luteus</i> but not Gram-negative ones such as <i>Escherichia coli</i> and <i>Proteus vulgaris</i>. Sorbicillinoids were found to enter <i>S. aureus</i> but not <i>E. coli</i>. <i>S. aureus</i> treated with sorbicillinoids and UV light displayed high levels of intracellular reactive oxygen species (ROS), notable DNA photocleavage, and compromised cell semipermeability without overt cell membrane disruption, none of which was found in the treated <i>E. coli</i>. All these contribute to the sorbicillinoid-based photoinactivation of Gram-positive bacteria. Moreover, the dark toxicity and phototoxicity on mammalian cells or hemolysis activity of sorbicillinoids is negligible, showing its excellent biocompatibility. This study expands the utilization of UV light for surface sterilization to disinfection in solution. Therefore, sorbicillinoids, a type of secondary metabolite from fungus, have a promising future as a new PS for APDT using a nontoxic dose of UV irradiation.",Bacillus subtilis,uv,,
16686199,,,no_pmc,2006,Huan jing ke xue= Huanjing kexue,[Synergistic disinfection of Bacillus subtilis spores by UV irradiation and chlorine].,"The inactivation effect of Bacillus subtilis spores was studied, both UV irradiation and chlorine disinfection individual and combined application process was examined with laboratory water samples. Results show that only 0.53 lg reduction was achieved by chlorine with CT value of 300 (mg x min)/L, UV irradiation is more effective than that of chlorination, at a UV dose of 40mJ/cm2 results in 3.3 lg reduction. Up to 6.2 lg reduction are achieved with a UV dose of 40mJ/cm2 following by chlorine with CT value of 300 (mg x min)/L. The calculation from the Berenbaum formula verified that the effect of the combined applications of UV irradiation and chlorine in inactivatiing Bacillus subtilis is a kind of synergistic effect.",Bacillus subtilis,uv,,
4625592,10.1016/0027-5107(72)90003-6,,no_pmc,1972,Mutation research,"Ultraviolet inactivation and excision-repair in Bacillus subtilis. 3. Sensitized photoinactivation of transforming DNA, and the effect of thymine dimers on differential marker inactivation and differential marker repair.",,Bacillus subtilis,uv,,
22680695,10.1089/ast.2011.0772,,no_pmc,2012,Astrobiology,Survival of spores of the UV-resistant Bacillus subtilis strain MW01 after exposure to low-earth orbit and simulated martian conditions: data from the space experiment ADAPT on EXPOSE-E.,"In the space experiment ""Molecular adaptation strategies of microorganisms to different space and planetary UV climate conditions"" (ADAPT), bacterial endospores of the highly UV-resistant Bacillus subtilis strain MW01 were exposed to low-Earth orbit (LEO) and simulated martian surface conditions for 559 days on board the European Space Agency's exposure facility EXPOSE-E, mounted outside the International Space Station. The survival of B. subtilis MW01 spores from both assays (LEO and simulated martian conditions) was determined by a colony-formation assay after retrieval. It was clearly shown that solar extraterrestrial UV radiation (λ≥110 nm) as well as the martian UV spectrum (λ≥200 nm) was the most deleterious factor applied; in some samples only a few spore survivors were recovered from B. subtilis MW01 spores exposed in monolayers. However, if shielded from solar irradiation, about 8% of MW01 spores survived in LEO conditions, and 100% survived in simulated martian conditions, compared to the laboratory controls. The results demonstrate the effect of shielding against the high inactivation potential of extraterrestrial solar UV radiation, which limits the chances of survival of even the highly UV-resistant strain of B. subtilis MW01 in the harsh environments of outer space and the martian surface.",Bacillus subtilis,uv,,
15104058,,,no_pmc,2004,"Mikrobiolohichnyi zhurnal (Kiev, Ukraine : 1993)",[Effect of UV-radiation and drying on bacterium diversity in soil].,"It has been shown that after DNA-injuring factors (UV irradiation or drying) action on soil one could observe the decrease of the total quantity of bacteria and the number of species, i.e., the decrease of microbe diversity. At the same time not numerous species were found in soils after their action. Thus the drying or UV-irradiation makes it possible to estimate more completely the microbe diversity in soils as well as to find resistant bacteria. It has been established that the strain Methylobacterium extorquens, M. mesophilicum, Bacillus subtilis, B. cereus, which were isolated after UV irradiation or drying of oil samples, were characterized by high resistance to gamma-irradiation (LD99.99--5-10 kGr). Bacteria (representatives of Pseudomonas genus) sensitive to drying or UV-irradiation were also sensitive to ionizing radiation (LD99.99--0.09 kGr). Nocardieforms and representatives of Myxococcus occupied intermediate position between representatives of genera Methylobacterium and Pseudomonas as to resistance to the above-mentioned stress agents.",Bacillus subtilis,uv,,
6809877,,,no_pmc,1981,Journal of molecular and applied genetics,Construction and characterization of the host component of the Bacillus subtilis HV2 cloning system.,"A strain of Bacillus subtilis has been developed and tested for use as the host component of the B. subtilis HV2 system. The strain was constructed incorporating the following mutations: thyA, thyB, uvr-1, dal, spoOA delta 677, citD delta 20 (uvrC), strd. The strain is unable to grow in the absence of thymine, D-alanine, or streptomycin; unable to sporulate; and sensitive to UV radiation. Survival of the attenuated strain was severely restricted in nonpermissive environments, and the organism suffered a five-log decrease in viability within 24 h when dried at room temperature. The strain could be transformed with plasmid DNA using the protoplast transformation system and was transducible with PBS1. The ability of the strain to serve as host for the temperate phages phi 3T and rho 11 and for the plasmid vectors pUB110 and pBD64 was unimpaired.",Bacillus subtilis,uv,,
3087950,10.1128/jb.167.1.174-178.1986,PMC212857,pmc_not_oa,1986,Journal of bacteriology,"Essential role of small, acid-soluble spore proteins in resistance of Bacillus subtilis spores to UV light.","Bacillus subtilis strains containing deletions in the genes coding for one or two of the major small, acid-soluble spore proteins (SASP; termed SASP-alpha and SASP-beta) were constructed. These mutants sporulated normally, but the spores lacked either SASP-alpha, SASP-beta, or both proteins. The level of minor SASP did not increase in these mutants, but the level of SASP-alpha increased about twofold in the SASP-beta- mutant, and the level of SASP-beta increased about twofold in the SASP-alpha- mutant. The growth rates of the deletion strains were identical to that of the wild-type strain in rich or poor growth media, as was the initiation of spore germination. However, outgrowth of spores of the SASP-alpha(-)-beta- strain was significantly slower than that of wild-type spores in all media tested. The heat resistance of SASP-beta- spores was identical to that of wild-type spores but slightly greater than that of SASP-alpha- and SASP-alpha(-)-beta- spores. However, the SASP-alpha- and SASP-alpha(-)-beta- spores were much more heat resistant than vegetative cells. The UV light resistances of SASP-beta- and wild-type spores were also identical. However, SASP-alpha(-)-beta- spores were slightly more sensitive to UV light than were log-phase cells of the wild-type or SASP-alpha(-)-beta- strain (the latter have identical UV light resistances); SASP-alpha- spores were slightly more UV light resistant than SASP-alpha(-)-beta- spores. These data strongly implicate SASP, in particular SASP-alpha, in the UV light resistance of B. subtilis spores.",Bacillus subtilis,uv,,
21241833,10.1016/j.actbio.2011.01.023,,no_pmc,2011,Acta biomaterialia,Biofabrication of discrete spherical gold nanoparticles using the metal-reducing bacterium Shewanella oneidensis.,"Nanocrystallites have garnered substantial interest due to their various applications, including catalysis and medical research. Consequently important aspects of synthesis related to control of shape and size through economical and non-hazardous means are desirable. Highly efficient bioreduction-based fabrication approaches that utilize microbes and/or plant extracts are poised to meet these needs. Here we show that the γ-proteobacterium Shewanella oneidensis can reduce tetrachloroaurate (III) ions to produce discrete extracellular spherical gold nanocrystallites. The particles were homogeneously shaped with multiple size distributions and produced under ambient conditions at high yield, 88% theoretical maximum. Further characterization revealed that the particles consist of spheres in the size range of ∼2-50 nm, with an average size of 12±5 nm. The nanoparticles were hydrophilic and resisted aggregation even after several months. Based on our experiments, the particles are likely fabricated by the aid of reducing agents present in the bacterial cell membrane and are capped by a detachable protein/peptide coat. Ultraviolet-visible and Fourier transform infrared spectroscopy, X-ray diffraction, energy dispersive X-ray spectra and transmission electron microscopy measurements confirmed the formation, surface characteristics and crystalline nature of the nanoparticles. The antibacterial activity of these gold nanoparticles was assessed using Gram-negative (Escherichia coli and S. oneidensis) and Gram-positive (Bacillus subtilis) bacterial species. Toxicity assessments showed that the particles were neither toxic nor inhibitory to any of these bacteria.",Bacillus subtilis,uv,,
10643771,10.4315/0362-028x-63.1.63,,no_pmc,2000,Journal of food protection,Modeling UV-induced inactivation of microorganisms on surfaces.,"A model is presented to account for inactivation by UV light of microorganisms on the surfaces of solid materials. In the model, the surface is divided into a discrete number of zones, each having a characteristic exposure factor (alpha). This is the ratio of UV intensity actually ""seen"" by the microorganism to that incident on the surface. Application of the model requires inactivation data obtained under conditions where the surface microorganisms are fully exposed to incident UV (alpha = 1) as well as kinetic inactivation data for the same microorganisms actually present on the surface of interest during UV irradiation. The kinetics in question may apply either to a single species or to the characteristic microflora associated with a particular material. Standard nonlinear programming techniques were used to determine the number of zones among which the microorganisms are distributed, the alpha for each zone, and the fraction of the microbial population present in each zone. The model was applied to data previously published by Gardner and Shama for UV inactivation of Bacillus subtilis spores on the surfaces of filter papers and also to the data of Stermer et al. for UV irradiation of beef. Good representation of the kinetics was obtained, and a maximum of three zones was required to adequately represent the experimental data. One direct application of the model is that it yields quantitative information about the UV fluences necessary to achieve specified reductions in microbial viability.",Bacillus subtilis,uv,,
21821751,10.1128/AEM.05031-11,PMC3187105,pmc_not_oa,2011,Applied and environmental microbiology,Maturation of released spores is necessary for acquisition of full spore heat resistance during Bacillus subtilis sporulation.,"The first ∼10% of spores released from sporangia (early spores) during Bacillus subtilis sporulation were isolated, and their properties were compared to those of the total spores produced from the same culture. The early spores had significantly lower resistance to wet heat and hypochlorite than the total spores but identical resistance to dry heat and UV radiation. Early and total spores also had the same levels of core water, dipicolinic acid, and Ca and germinated similarly with several nutrient germinants. The wet heat resistance of the early spores could be increased to that of total spores if early spores were incubated in conditioned sporulation medium for ∼24 h at 37°C (maturation), and some hypochlorite resistance was also restored. The maturation of early spores took place in pH 8 buffer with Ca(2+) but was blocked by EDTA; maturation was also seen with early spores of strains lacking the CotE protein or the coat-associated transglutaminase, both of which are needed for normal coat structure. Nonetheless, it appears to be most likely that it is changes in coat structure that are responsible for the increased resistance to wet heat and hypochlorite upon early spore maturation.",Bacillus subtilis,uv,,
