pmid,doi,pmcid,oa_status,year,journal,title,abstract,organism,condition,screened,screen_reason
42588998,10.3390/ani16152360,PMC13463564,oa,2026,Animals : an open access journal from MDPI,Environmental Benefits of Yeast Postbiotic <i>Saccharomyces cerevisiae</i> in Broiler Production: A Life Cycle Assessment Approach.,"With increasing meat demand and global warming, the sustainability of broiler chicken production has become a ""hot topic"" for the conventional industry. We conducted a life cycle assessment (LCA) to compare the environmental impact of supplementing broiler chicken diets with postbiotics derived from the yeast cell wall (YCW). Supplementation with <i>S. cerevisiae</i> reduced the carbon footprint of climate change (8.4%), land use (8.7%), water use (7.7%), resource use (7.9%), acidification (12.5%), marine eutrophication (9.5%), freshwater eutrophication (8.6%), terrestrial eutrophication (12.6%), and particulate matter (11.4%). The positive effects on the environmental impact were associated with improvement in the feed conversion ratio (FCR: -7.6%), body weight gain (BWG: +5.7%) and a reduction in mortality of around 44.1%. Overall, the environmental benefit was similar in chickens exposed to heat stress (-8.7%) or challenged with <i>Clostridium perfringens</i> (-8.2%), two stressful situations commonly encountered on poultry farms. This LCA study demonstrates that <i>S. cerevisiae</i> is a food additive that can help the poultry industry cope with stress caused by various factors and reduce its overall environmental impact.",Saccharomyces cerevisiae,temperature,,
42569553,10.1016/j.crmicr.2026.100649,PMC13450573,oa,2026,Current research in microbial sciences,Disentangling non-specific and condition-specific transcriptomic responses: A framework from heat stress in yeast.,"A central challenge in biology is to distinguish transcriptional responses that recur across heterogeneous stress conditions from those that are specific to particular experimental contexts. Here, using <i>Saccharomyces cerevisiae</i> as a model system, we present an integrative transcriptomic framework to address this issue from bulk population-level datasets. We combined 13 carefully curated public transcriptomes with two in-house datasets generated under controlled heat ramp and heat shock conditions. By integrating co-expression network analysis, functional enrichment, and promoter motif discovery, we identified gene modules associated either with recurrent non-specific stress responses or with condition-specific responses linked to gradual heating. Because bulk transcriptomic measurements capture an integrated signal across cells that may differ in physiological status, including viable, injured, and non-cultivable subpopulations, our conclusions are intentionally framed at the population level rather than at the level of individual cells. Within this framework, heat ramp, in contrast to sudden heat shock, was associated with a broader and more structured population-level transcriptional program enriched in stress-response genes and regulatory motifs linked to increased survival. Differential transcriptomic responses were associated with ribosome biogenesis, RNA processing, mitochondrial function, and proteostasis, while also showing that stress-responsive gene clusters displayed limited overlap with evolutionarily young genes. To summarize these findings, we propose conceptual models of the transcriptional organizations associated with heat ramp and heat shock and highlight their dependence on heating kinetics. Although developed in yeast, this framework provides a broadly applicable strategy for distinguishing recurrent from condition-specific transcriptomic patterns in heterogeneous stressed populations.",Saccharomyces cerevisiae,temperature,,
42521166,10.1016/j.biortech.2026.135490,,no_pmc,2026,Bioresource technology,Efficient high-temperature simultaneous saccharification and fermentation of lignocellulosic substrates enabled by engineering thermotolerance in an enzyme-secreting industrial Saccharomyces cerevisiae strain.,"The high cost of commercial enzyme cocktails remains a major barrier for lignocellulosic (second-generation) bioethanol production. Simultaneous saccharification and fermentation (SSF) at elevated temperatures using enzyme-secreting yeast can reduce enzyme demand, but is constrained by the limited thermotolerance of industrial strains. In this study, thermotolerant isolates of an inhibitor-tolerant, xylose-utilizing, enzyme-secreting industrial Saccharomyces cerevisiae strain were generated using whole-genome transformation (WGT). Screening in mixed-sugar fermentations at 41 °C identified several improved isolates, of which one isolate, designated Cellusec®4.0, achieved an ethanol titer of 5.45%(v/v), representing an 86% increase compared to the parental strain. This was driven by near-complete utilization of glucose, xylose, and cellobiose. In SSF at 40 °C with sorghum pulp, Cellusec®4.0 reached 5.83%(v/v) ethanol, 24% higher than the parental strain. Fed-batch SSF of pretreated softwood demonstrated the benefit of elevated temperature, with Cellusec®4.0 achieving 4.36%(v/v) ethanol at 40 °C, 29% higher than at 35 °C. In addition, fed-batch SSF of alkali-pretreated sugarcane bagasse at 39 °C using an in-house produced enzyme cocktail resulted in ethanol titers of up to 8.0% (v/v) within 48 h, corresponding to an 83% yield. These results demonstrate that WGT is an effective strategy to introduce thermotolerance into industrial yeast while maintaining key traits. The improved thermotolerance of Cellusec® 4.0 enabled high-temperature SSF, thereby increasing ethanol titers. Combined with retained inhibitor tolerance, enzyme secretion, and mixed-sugar utilization, this supported efficient ethanol production across multiple lignocellulosic substrates under industrially relevant conditions.",Saccharomyces cerevisiae,temperature,,
42439932,10.1007/s00203-026-05061-8,,no_pmc,2026,Archives of microbiology,Screening and characterization of indigenous yeast strains from spontaneously fermented strawberry (Fragaria × ananassa Duchesne) juice for potential wine production.,"This study aimed to identify and characterize indigenous yeast strains suitable for the fermentation of Fragaria × ananassa Duchesne (strawberry) wine. A total of 58 yeast isolates were obtained from spontaneously fermented strawberry juice. Preliminary screening based on colony morphology on Wallerstein Laboratory (WL) nutrient agar yielded 15 candidate strains. Subsequent evaluation of CO₂ production using Durham tube fermentation assays further narrowed the selection to 12 high-performing isolates. Lysine utilization testing indicated that strain Z-36 belonged to Saccharomyces cerevisiae, whereas the remaining 11 isolates were classified as non-Saccharomyces yeasts. Comprehensive physiological tolerance profiling revealed distinct functional characteristics among the selected strains: strain Z-36 exhibited robust tolerance to multiple stress conditions, including cold stress at 4 °C, ethanol concentrations up to 15% (v/v), sucrose levels of 400 g/L, SO₂ concentrations of 360 mg/L, and low pH, rendering it especially well-suited for demanding fermentation environments; strain Z-1 demonstrated superior thermotolerance at 40 °C; strain Z-50 displayed exceptional resistance to high glucose concentration (400 g/L), strong resistance to common microbial inhibitors, and notably high ester biosynthetic capacity; and both strains Z-25 and Z-36 achieved outstanding ethanol yields. Molecular identification, based on sequencing of the D1/D2 domain of the large subunit rRNA gene, classified the 12 strains as follows: five Pichia fermentans, four Pichia kudriavzevii, two Hanseniaspora spp., and one S. cerevisiae. Integrating morphological, biochemical, physiological, and molecular data, strains Z-36 (S. cerevisiae) and Z-50 (Hanseniaspora sp.) were selected as optimal candidates for strawberry wine fermentation. However, we emphasize that these conclusions are drawn from in vitro screening assays; validation through actual strawberry wine fermentations with chemical and sensory analyses is required to confirm their technological suitability. This work provides a scientifically grounded foundation for the targeted development of starter cultures and informs future studies on strain optimization and mixed-fermentation strategies.",Saccharomyces cerevisiae,temperature,,
42425659,10.1016/j.fm.2026.105187,,no_pmc,2026,Food microbiology,High glucose is associated with thermotolerance and better maintenance of mitochondrial polarization in Cyberlindnera fabianii under heat stress.,"Cyberlindnera fabianii is a Baijiu-associated non-Saccharomyces yeast that may encounter transient heat stress during fermentation, but the mechanisms underlying its thermotolerance remain poorly understood. Here, we evaluated heat survival, culture turbidity, culturability, JC-1-based relative mitochondrial polarization, and transcriptomic responses of C. fabianii at 45 °C under different glucose concentrations. C. fabianii showed higher CFU-based survival than Saccharomyces cerevisiae after 2 h of heat exposure. During prolonged incubation, 30% glucose improved culturability and was accompanied by higher relative mitochondrial membrane potential (MMP), less disrupted JC-1 staining patterns, weaker repression of glycolysis- and TCA-cycle-related transcripts, and increased PPP-related transcript levels together with upregulation of ROS-scavenging genes. These findings indicate a glucose-associated improvement in heat-stress tolerance, particularly involving early maintenance of mitochondrial polarization and metabolic/redox-related transcriptional responses; however, the current data do not determine whether this effect is transient or long-lasting. Under glucose-limited conditions, glycerol or xylose co-feeding increased turbidity and partially supported CFU retention, with substrate-dependent differences in extracellular glucose consumption. Overall, these findings suggest that glucose availability is closely associated with thermotolerance and mitochondrial polarization in C. fabianii, and that, in liquid culture, selected co-substrates may partially reproduce aspects of the high-glucose-associated phenotype without requiring comparable glucose supplementation.",Saccharomyces cerevisiae,temperature,,
42409103,10.1016/j.envpol.2026.128712,,no_pmc,2026,"Environmental pollution (Barking, Essex : 1987)",Time- and temperature-dependent molecular responses to UV-filter 2-ethylhexyl salicylate revealed by dose-dependent yeast functional genomics.,"2-Ethylhexyl salicylate (EHS) is a widely used UV filter detected in multiple environmental compartments, yet its toxicological mechanisms remain poorly understood, particularly under varying environmental conditions. Here, we applied a dose-dependent yeast functional genomics approach (DYFGA) using a library of approximately 6000 Saccharomyces cerevisiae knockout strains to assess EHS toxicity across seven concentrations (0.02-20,000 μg/L) at three temperatures (23°C, 30°C, 37°C, representing low, optimal, and high-temperature stress, respectively) and two exposure durations (8 h, 24 h). We derived gene-level and pathway-level points of departure (PODs) to identify early molecular responses. EHS showed the strongest biological potency at 24 h, 30°C, followed by 8 h, 37°C. DNA replication and repair pathways ranked among the most sensitive pathways across most conditions, while lipid metabolism predominated at 30°C. YKL045W (involved in DNA replication and repair) and YPL028W (involved in lipid metabolism) exhibited the lowest average EC<sub>50</sub> values among genes in corresponding pathways. Cytotoxicity validation in single-gene knockout strains confirmed that YKL045W deletion significantly increased EHS sensitivity compared to wild-type (WT) yeast, whereas YPL028W deletion showed modest effects only at 8 h, 30°C. No significant differences occurred at 8 h, 23°C, indicating that low temperature reduces EHS toxicity. These findings indicate that DNA replication and repair pathway represents the primary early response involved in EHS toxicity, whereas lipid metabolism acts as a secondary pathway under optimal growth conditions. These findings interpret the early molecular responses induced by EHS toxicity under varying conditions, informing risk assessment in the context of climate warming, and provide a reference strategy for studying other chemical contaminants. It should be noted, however, that this study primarily serves to elucidate temperature-dependent molecular responses in the yeast model, and caution is required when extrapolating these results to natural ecosystems.",Saccharomyces cerevisiae,temperature,,
42235151,10.1016/j.psj.2026.107199,PMC13265863,oa,2026,Poultry science,"Postbiotics in broiler nutrition: a critical review of mechanisms, efficacy, and applications in antibiotic-free production systems.","The global phase-out of antibiotic growth promoters (AGP) in broiler production has intensified the need for safe, effective alternatives that maintain bird health and performance without driving antimicrobial resistance. Postbiotics, defined as preparations of inanimate microorganisms and their components that confer a health benefit on the host, have emerged as a promising class of feed additive. Postbiotics are processing-stable, free of viable-cell biosafety concerns, and amenable to compositional standardization. This review synthesizes evidence from 58 peer-reviewed studies (2010 to 2025) identified through a Preferred Reporting Items for Systematic Reviews and Meta-Analyses (PRISMA)-guided search of Scopus, Web of Science, PubMed, and Google Scholar, covering postbiotics derived from lactic acid bacteria (LAB), Bacillus spp., and Saccharomyces cerevisiae. Postbiotic supplementation consistently improved intestinal morphology, increasing jejunal villus height to crypt depth ratios by 9 to 36%, enhancing tight junction protein expression (occludin, claudin-1, ZO-1), and promoting beneficial shifts in cecal microbiota. These effects translated into improved growth performance, with average daily gain (ADG) increasing by 2 to 12% and feed conversion ratio (FCR) reduced by 0.05 to 0.18, alongside carcass yield improvements of 1.2 to 3.5% and enhanced meat quality. Under stress conditions, including heat stress, necrotic enteritis (NE), Salmonella infection, and mycotoxin exposure, postbiotics reduced pro-inflammatory cytokines (IL-1β, IL-6, TNF-α) and oxidative damage, as indicated by lower malondialdehyde concentrations and increased antioxidant enzyme activity. Mechanistically, these effects involve microbial-associated molecular pattern signaling, short-chain fatty acid-mediated enterocyte proliferation, and pathogen exclusion via β-glucan and mannan. However, substantial heterogeneity in postbiotic characterization, dosage, and experimental design limits cross-study comparability. Future research should prioritize compositional standardization, dose-response evaluation, and large-scale commercial validation to support consistent field application.",Saccharomyces cerevisiae,temperature,,
42146592,10.64898/2026.05.06.723246,PMC13174685,oa,2026,bioRxiv : the preprint server for biology,Environmental Regulation and Gene-by-Environment Interaction Influence <i>RAP1</i> Activity and its Impact on Gene Expression.,"Gene-by-environment (GxE) interactions play a major role in shaping both phenotypic and molecular variation, with important implications for human health and disease. In this study, we used the Doxycycline (Dox) regulated, tetracycline-responsive (Tet-Off) promoter system to sequentially reduce or titrate gene expression levels of the essential yeast transcription factor <i>Repressor Activator Protein 1</i> (<i>RAP1</i>) similar to a hypomorph allele series, across three distinct environments: Yeast Peptone Dextrose (YPD) media, YPD media with Heat Shock (HS), and Yeast Peptone Acetate (YPAC) media. We then performed RNA sequencing (RNA Seq) to assess global transcriptional responses to <i>RAP1</i> reduction in these different growth environments. Our analysis first focused on the independent effects of varying <i>RAP1</i> expression levels within and across environments. We then explored GxE interactions, revealing a subset of genes with significant consequences of reduced levels of <i>RAP1</i> and environment-specific expression patterns. Notably, many genes exhibited opposite effects of <i>RAP1</i> titration on gene expression when yeast were grown in YPAC media compared to YPD media and/or HS, suggesting environment-dependent regulatory architecture. This design reveals how cells integrate internal transcriptional and regulatory changes with external environmental cues, providing a deeper view of GxE architecture. Using Weighted Gene Co-expression Network Analysis (WGCNA), we identified co-regulated gene modules, and by combining this with transcription factor motif enrichment tests, our study identified candidate regulators driving their dynamics. Our findings demonstrate that gene regulatory networks can vary dramatically depending on the environmental context an organism experiences, which can then influence the specific phenotypes produced by a particular genetic perturbation. This illustrates the complexity of genotype-environment interactions and the importance of studying gene function in multiple environments to gain a truly comprehensive understanding of a gene's sometimes numerous and diverse functions.",Saccharomyces cerevisiae,temperature,,
42100216,10.3389/fvets.2026.1776015,PMC13143784,oa,2026,Frontiers in veterinary science,"Synergistic effects of dietary RISCO-NUTRIFOUR probiotic on broiler performance, upregulation of intestinal immunoglobulin A and mucin-2 genes, enhancement of occludin expression, and downregulation of HSP70 under heat stress.","Heat stress (HS) remains a major challenge in poultry production, negatively impacting performance, gut health, and immune function. This study investigated the synergistic effects of a novel probiotic solution, RISCO-NUTRIFOUR (RNFS), on growth performance, immune modulation, and intestinal barrier integrity in heat-stressed broilers. A total of 288 Ross 308 broiler chicks were allocated to six dietary treatments, including RNFS at three inclusion levels [0.4, 0.2, and 0.1% ""(4, 2, and 1 L RNFS/ton feed)""], 0.1% <i>Bacillus subtilis</i>, 0.1% <i>Saccharomyces cerevisiae</i>, and a negative control. Over a 42-day trial, RNFS supplementation improved (<i>p</i> < 0.05) average daily weight gain (ADWG), feed conversion ratio (FCR), and intestinal gene expression of immunoglobulin A (IgA), occludin, and claudin-1, while downregulating the heat shock protein HSP70. These improvements exhibited dose-dependent patterns, with productive performance indices improving at lower RNFS doses, while intestinal gene expression was enhanced at higher inclusion levels. No adverse effects were observed on lymphoid organ development or core metabolic indicators. RNFS also modulated serum lipid profiles favorably and demonstrated a robust antioxidant and immunomodulatory phytochemical profile. These findings highlight RNFS as a promising probiotic feed additive to mitigate HS and enhance gut health and productive performance in broilers.",Saccharomyces cerevisiae,temperature,,
42033038,10.1111/acel.70513,PMC13109660,oa,2026,Aging cell,Long-Term Stress Adaptation as a Highly-Conserved Key Factor in Yeast Aging.,"Aging is commonly viewed as a passive consequence of accumulated damage; however, emerging evidence suggests that it may also represent an adaptive response to environmental stress. Here, we combined transcriptomic and metabolomic profiling of Saccharomyces cerevisiae to investigate how short-term, long-term, and recovery phases of stress exposure shape cellular physiology and lifespan. Short-term stress-induced protective pathways and longevity-associated metabolites, including trehalose and 5'-methylthioadenosine, consistent with enhanced stress resilience and proteostasis. In contrast, prolonged stress activated heat shock proteins and epigenetic regulators, coupled with metabolic signatures associated with loss of proteostasis, reduced energy homeostasis, and shortened chronological lifespan. Upon recovery, beneficial metabolites such as S-adenosylhomocysteine were restored, highlighting the reversibility of stress-induced aging trajectories. Phylogenetic analysis demonstrated conservation of these stress- and aging-related genes across eukaryotes and prokaryotes, suggesting an evolutionary basis for aging as a long-term stress adaptation. Together, these findings suggest that aging-associated molecular changes are closely linked to conserved stress response pathways, with implications for understanding the hallmarks of aging.",Saccharomyces cerevisiae,temperature,,
41982412,10.1016/j.engmic.2025.100212,PMC12967827,oa,2025,Engineering microbiology,Engineering thermotolerant microbial strains via <i>TrRCC1</i> overexpression for efficient bioethanol production.,"Efficient conversion of corn stover to bioethanol via simultaneous saccharification and fermentation (SSF) is a promising strategy for sustainable biofuel production. A major current barrier to this process is the limited thermotolerance of <i>Saccharomyces cerevisiae</i>, which hampers its performance under the high-temperature conditions required for efficient SSF. In this study, we identified <i>TrRCC1</i>, a gene from <i>Trichoderma reesei</i>, as a candidate for improving microbial stress resistance. Overexpression of <i>TrRCC1</i> in both <i>T. reesei</i> Rut C30 and <i>S. cerevisiae</i> BY4741 significantly enhanced thermotolerance. In <i>T. reesei</i> Rut C30, <i>TrRCC1</i> overexpression improved heat resistance and increased cellulase production by 2.5-fold compared to the wild-type strain. In <i>S. cerevisiae</i> BY4741, <i>TrRCC1</i> overexpression resulted in enhanced thermotolerance and a 21.8 % increase in ethanol production during SSF of corn stover. The ethanol concentration achieved in the SSF process with <i>TrRCC1</i>-overexpressing <i>S. cerevisiae</i> was 44.1 g/L, which was a notable improvement over control strain production. These findings highlight the potential of <i>TrRCC1</i> as a key gene for engineering microbial strains with improved stress resistance to enhance the efficiency of bioethanol production from lignocellulosic biomass.",Saccharomyces cerevisiae,temperature,,
41977279,10.3390/ijms27073094,PMC13072888,oa,2026,International journal of molecular sciences,Functional Characterization of <i>Solanum tuberosum</i> ER Lumen Binding Protein (<i>StBiP</i>) Genes Through Complementation in Yeast <i>kar2</i> Deletion Mutants.,"Yeast models are widely used to study molecular chaperones from diverse organisms, including plants, because of their well-characterized genetics and the conservation of the protein-folding machinery among eukaryotes. Cross-species complementation studies in yeast have yielded valuable insights into conserved biochemical activity and molecular functions that manage protein folding, assembly, and repair during stress. This study evaluated the functional capacity of three potato <i>StBiP</i> isoforms (<i>StBiP1</i>, <i>StBiP2</i>, and <i>StBiP3</i>) to complement the <i>kar2</i> deletion (<i>kar2Δ</i>) strain under a range of environmental and ER stress conditions. All three <i>StBiPs</i> partially restored colony growth under normal conditions, demonstrating that they are functional orthologs of yeast <i>KAR2</i> and can support core ER housekeeping functions. Under severe stress, however, the isoforms diverged: <i>StBiP3</i> most effectively complemented the <i>kar2Δ</i> strain during heat- and chemically induced ER stress, whereas <i>StBiP1</i> and <i>StBiP2</i> provided weaker protection. Unfolded protein response (UPR) activation, monitored via <i>HAC1</i> mRNA splicing, further highlighted isoform-specific differences in how the StBiPs support IRE1-HAC1 signaling under ER stress and oxidative stress. A conserved cysteine in the nucleotide-binding domain, previously implicated in Kar2 redox control, was also critical for StBiP3-mediated protection in yeast, although the same mutation led to different consequences in plant tissues. Together, these findings provide evidence of subfunctionalization among potato BiP isoforms, with StBiP3 emerging as a stress-specialized chaperone that is a promising target for improving ER stress resilience in solanaceous crops.",Saccharomyces cerevisiae,temperature,,
41936560,10.1134/S000629792560396X,,no_pmc,2026,Biochemistry. Biokhimiia,Disruption of Lam Family Sterol Transporters Results in Sporulation Defects in the Yeast <i>Saccharomyces cerevisiae</i>.,"The primary role of sterols in the cell is to support plasma membrane function, and for this reason their concentration in this compartment is the highest among all cell membranes. In the yeast <i>Saccharomyces cerevisiae</i>, sterol transport between membranes is mediated by proteins of Osh and Lam families. The Lam1-Lam4 proteins are reported to transport sterols passively from plasmalemma to endoplasmic reticulum. The Lam5-Lam6 proteins transport sterols at the ER interface with vacuoles and mitochondria. Deletion of the <i>LAM</i> family genes does not impair cell growth under standard conditions, which makes their biological role unclear. We hypothesized that the Lam family proteins may play a role in yeast sporulation, as the spore plasma membrane is formed <i>de novo</i> from the ER-derived vesicles, which contain less sterol than the plasma membrane, necessitating sterol transport into the newly forming spore plasma membrane. To test this hypothesis, we generated diploid strains with the <i>LAM1-LAM4</i> and <i>LAM5-LAM6</i> deletions. We demonstrated that double deletion of the <i>LAM5-LAM6</i> genes reduced both percentage of the sporulating cells and number of the spores per ascus. Conversely, deletion of the <i>LAM1-LAM4</i> genes reduced proportion of the full asci but did not inhibit sporulation initiation. We demonstrated that deletion of the <i>LAM1-LAM4</i> genes induces cell wall thickening and structural defects. Clusters of osmiophilic granules were detected at the cell wall surface of these spores. Spores with the deletions of the <i>LAM</i> family genes demonstrated reduced resistance to heat shock and alkali. Taken together, our data indirectly support our hypothesis and point out that sterol transport by the LAM family proteins is necessary for the sterol redistribution during sporulation.",Saccharomyces cerevisiae,temperature,,
41927651,10.1038/s41598-026-45172-2,PMC13272933,oa,2026,Scientific reports,Bioethanol production using sugar beet (Beta vulgaris) juice as substrate by stress-tolerant yeast strains isolated from Areke.,"Traditionally fermented beverages are potential sources of industrially relevant microorganisms. Among alternative energy sources, biofuels have gained increasing attention as replacements for fossil fuels. This study aimed to investigate the potential stress-tolerant yeast strains isolated from Areke for bioethanol production using sugar beet (Beta vulgaris) juice as substrate. In the current study, four wild yeast strains capable of withstanding multiple stresses were isolated from Areke. Fresh sugar beets were gathered from a local supplier in Debre Markos town, and the physicochemical characterization of the sugar beet juice was determined using standard methods. Ethanol production was optimized using four selected Saccharomyces cerevisiae strains, namely MUA1F (OR209275.1), MUA3F (OR209274.1), MUA11F (OR209277.1), and MUA15F (OR209276.1), using sugar beet juice as the substrate. Most Saccharomyces cerevisiae strains showed better fermentation performance under high osmotic pressure, ethanol concentration, and temperature stress than the Methera standard yeast in ethanol production. Fermentation optimization showed that these native Saccharomyces cerevisiae strains efficiently converted sugar beet juice to ethanol without requiring many pretreatments, indicating their potential for industrial applications. These findings suggest that the Saccharomyces cerevisiae isolates MUA3F and MUA15F should be further assessed, improved, and optimized for industrial bioethanol production because of their fermentation potential.",Saccharomyces cerevisiae,temperature,,
41880774,10.1016/j.jinorgbio.2026.113316,,no_pmc,2026,Journal of inorganic biochemistry,Antioxidant and anti-aging properties of a Zn-complex in Saccharomyces cerevisiae: A non-canonical protective mechanism.,"Zinc is essential for cellular homeostasis, but its role in oxidative stress resistance and aging remains incompletely understood. We evaluated the antioxidant and anti-aging effects of the zinc(II) coordination compound [Zn<sub>2</sub>(μ-Cl)<sub>2</sub>(HPClNOL)<sub>2</sub>](ClO<sub>4</sub>)<sub>2</sub>, (HPClNOL: 1-(bis-pyridin-2-ylmethylamino)-3-chloropropan-2-ol), in Saccharomyces cerevisiae. The crystal structure of this Zn-complex revealed a distorted octahedral geometry around both Zn(II) centers. The equatorial plane comprised one tertiary amine, one alcohol, in the protonated form, and two chloro, which bridge the two Zn(II) centers, resulting in the binuclear arrangement. Two pyridine nitrogen atoms occupy the axial sites. Pre-treatment with this Zn-complex increased yeast survival under oxidative stress and reduced lipid peroxidation, effects preserved in sod1Δ and ctt1Δ strains. Protection persisted in yap1Δ cells and did not induce thermotolerance or trehalose accumulation, suggesting Yap1/Hsf1/Msn2/4-independent action. The Zn-complex remained protective in the presence of cycloheximide, indicating no requirement for de novo protein synthesis. Chronological lifespan was extended in wild-type and antioxidant-deficient strains treated with the Zn-complex, with aged cells showing reduced lipid peroxidation and protein carbonylation. Together, these results demonstrate that the Zn-complex promotes redox balance and longevity via noncanonical, transcription-independent mechanisms despite lacking a redox-active metal center, highlighting its potential as a modulator of oxidative stress and aging in eukaryotic cells.",Saccharomyces cerevisiae,temperature,,
41870620,10.1007/s00253-026-13800-6,PMC13009034,oa,2026,Applied microbiology and biotechnology,Hanseniaspora uvarum and Hanseniaspora opuntiae differ in their growth and in the production of volatile organic compounds in wine.,"In recent years, Hanseniaspora uvarum has been partially replaced in Slovenian vineyards by the thermotolerant and invasive Hanseniaspora opuntiae. The fermentation capacity of both Hanseniaspora species was evaluated based on CO₂ release in synthetic and natural must. Additionally, co-inoculations of both strains with S. cerevisiae were carried out in Sauvignon Blanc must at different ratios (1:10 and 10:1). In all experiments, microbial populations were monitored, and the chemical and volatile profiles of the resulting wines were evaluated. During alcoholic fermentation (AF) with pure cultures, the fermentation kinetics of the two Hanseniaspora species were comparable, with CO<sub>2</sub> release in natural and synthetic must being two to five times lower compared to AF with the S. cerevisiae. In mixed AF with Hanseniaspora species and S. cerevisiae, there were no significant differences in fermentation capacity at the end of the fermentation compared to S. cerevisiae AF. However, the growth rate appears to be lower in H. opuntiae than in H. uvarum under oenological conditions. The results also showed that the formation of fermentation products differed between the two Hanseniaspora species in pure or mixed cultures, depending on the fermentation medium and inoculum ratio. H. opuntiae was a major producer of 2-phenylethyl acetate, and H. uvarum was a major producer of glycerol during alcoholic fermentation with natural must. The same tendency was observed for isoamyl acetate and ethyl acetate. We can conclude that H. opuntiae could become an important trigger for changes in wine composition if H. uvarum is further replaced on grape berries. KEY POINTS: • In mixed AF, there was no antagonism between Hanseniaspora and Saccharomyces strains • The concentrations of fermentation products differed between Hanseniaspora species. • H. opuntiae could influence changes in wine composition produced by non-inoculated AF.",Saccharomyces cerevisiae,temperature,,
41848580,10.1128/aem.01967-25,PMC13101504,oa,2026,Applied and environmental microbiology,Genome-wide identification of small GTPase gene family members in <i>Lentinula edodes</i> and the roles of <i>LeRho1</i> in biotic and abiotic stress responses.,"<i>Lentinula edodes</i> (<i>L. edodes</i>) is the largest proportion of edible mushrooms in China. However, the yield is highly susceptible to environmental stress. Factors such as high-temperature stress, low-temperature stress, <i>Trichoderma</i> infection, heavy metal stress, and light exposure all impact the growth status of <i>L. edodes</i> mycelium to varying degrees. Small GTPase is a small molecular switch involved in multiple biological processes of eukaryotes. The main functions of small GTPase in fungi include morphogenesis, secondary metabolism, vesicle trafficking, stress response, and virulence. However, the understanding of small GTPase in <i>L. edodes</i> is minimal. In this study, a total of 34 small GTPase genes in <i>L. edodes</i> were identified and clustered into five subfamilies, namely, <i>Rho</i>, <i>Ras</i>, <i>Arf</i>, <i>Rab</i>, and <i>Ran</i>. The 34 identified genes were phylogenetically analyzed and compared with those of various ascomycetes and basidiomycetes using the genome assembly and annotation databases of <i>L. edodes</i>. The results of expression patterns of 34 small GTPase genes under different biotic and abiotic stresses showed that most of these genes exhibited different degrees of responses to different stresses. The gene function analysis showed that the heat tolerance, resistance to <i>Trichoderma atroviride</i> (<i>T. atroviride</i>) infection, and light sensitivity of the <i>LeRho1</i> overexpression transformants were significantly higher than those of the control transformants. This study verified that <i>LeRho1</i> is an important stress-resistant gene in <i>L. edodes</i> and that this gene is distributed in edible fungi. This study verified that <i>LeRho1</i> is an important stress-resistant gene in <i>L. edodes</i> and that this gene is distributed in edible fungi. Our findings provide a theoretical basis for further research on the stress response mechanism of the small GTPases in large edible fungi.IMPORTANCEThis study verified that <i>LeRho1</i> is an important stress-resistant gene in <i>L. edodes</i> and that this gene is distributed in edible fungi. Clarifying the function of LeRho1 protein in the heat stress response of <i>L. edodes,</i> and analyzing the differentiation of the structure and function of small GTPase in fungi such as <i>L. edodes</i>, <i>Saccharomyces cerevisiae</i>, and <i>Aspergillus fumigatus</i>, is of great significance for elucidating the heat stress response mechanism of filamentous fungi of Agariales under heat stress and for conducting germplasm innovation for heat-tolerant edible fungi.",Saccharomyces cerevisiae,temperature,,
41762565,10.1016/j.foodchem.2026.148376,,no_pmc,2026,Food chemistry,Performance and viability of yeast (Saccharomyces cerevisiae) during baking: An integrative electrical resistance oven (ERO) approach.,"Baker's yeast (Saccharomyces cerevisiae) is well studied during fermentation, but its contribution during early baking remains poorly quantified. We used an Electric Resistance Oven (ERO) to minimize crust formation and to monitor dough expansion under controlled thermal profiles. Seventeen S. cerevisiae strains were screened using yeast performance indicators during proofing and baking. Under the Set Height approach, mean proofing speed correlated with oven spring (r = 0.75, p < 0.01), indicating continued CO₂-driven leavening after oven entry. Targeted metabolite profiling and flow-cytometry viability assays showed that yeast remained metabolically active until approximately 50-65 °C, with viability decreasing to ∼30% at 66 °C. These results demonstrate that yeast activity measurably contributes to oven spring in the initial baking stage and that strain-dependent thermotolerance should be considered when selecting yeasts for breadmaking.",Saccharomyces cerevisiae,temperature,,
41671236,10.1371/journal.pone.0333568,PMC12893587,oa,2026,PloS one,Proteomic profiling of a Sporobolomyces yeast reveals global responses to UV-B-induced oxidative stress.,"Ultraviolet-B (UV-B) radiation induces oxidative stress through the generation of reactive oxygen species, affecting organisms across all domains of life. While UV-stress responses have been extensively studied in the ascomycete yeast Saccharomyces cerevisiae and animal systems, little is known about the molecular mechanisms underlying UV tolerance in basidiomycete, UV-resistant yeasts. Carotenoid-producing yeasts of the genus Sporobolomyces represent an attractive model to investigate whether conserved oxidative stress pathways, including bZip transcription factor signalling analogous to the vertebrate Nrf2 pathway, contribute to UV tolerance. The UV-tolerant yeast Sporobolomyces sp. LEV-2 was exposed to UV-B irradiation for up to 24 hours. Quantitative multidimensional protein identification technology (MudPIT) mass spectrometry using tandem mass tag (TMT) labelling was applied to identify and quantify protein expression changes over time. Identified proteins were functionally annotated using InterProScan, KEGG tools and literature-based curation, and proteomic data were integrated with measurements of antioxidant activity and cell viability. A total of 751 proteins were identified, including 105 stress-response proteins. UV-B exposure induced a coordinated oxidative stress response involving conserved signalling pathways (bZip, MAPK, FoxO, Ras and calcium signalling), antioxidant enzymes, heat-shock proteins and DNA repair factors. A bZip protein (LEV-2_XP_007274754.1) displayed Nrf2/Yap1-like behaviour, suggesting a central regulatory role in UV-induced stress signalling. A four-step model of UV adaptation was proposed, encompassing signalling, metabolic stress, antioxidant-driven adaptation and establishment of a stress-resistant state. These responses closely parallel UV- and oxidant-induced stress responses described in other fungi and in animal cells. This study provides the first proteome-level analysis of UV-B stress adaptation in a Sporobolomyces yeast and demonstrate that UV tolerance relies on ancient, evolutionarily conserved oxidative stress mechanisms shared across eukaryotes, rather than yeast-specific pathways.",Saccharomyces cerevisiae,temperature,,
41516182,10.3390/ijms27010308,PMC12785861,oa,2025,International journal of molecular sciences,Detection and Characterization of the Eukaryotic Vacant Ribosome.,"Upon transcription, most mRNAs associate with the small ribosomal subunit, after which a fully translating ribosome assembles. Under starvation or stress, however, mRNA-ribosome associations are blocked and many mRNAs are instead sequestered with specific RNA-binding proteins into stress granules or other subcellular condensates, a process that has been extensively studied. In contrast, much less attention has been paid to the fate of ribosomes under these same conditions. Ribosomes can remain fully assembled but unbound to mRNA, entering an inactive, dormant state. Dormancy is often supported by specific protein factors which protect ribosomes from degradation and facilitate reactivation once growth conditions improve. In this review, we highlight that dormant ribosome states are well defined in prokaryotes, in part because they possess distinct and experimentally tractable features, such as stable vacant 100S dimers. In eukaryotes, by contrast, analogous disomes are largely absent, making their discovery more indirect and method-dependent. We therefore focus on how evidence for eukaryotic dormant ribosomes has been assembled through multiple independent findings and how their interpretation depends critically on the experimental approaches used to study them. Finally, we consider atypical ribosomal states, such as translationally inactive polysomes in neurons, which underscore the context-dependent nature of ribosome activity.",Saccharomyces cerevisiae,temperature,,
41506567,10.1016/j.nbt.2026.01.003,,no_pmc,2026,New biotechnology,Locus-specific quantification reveals dynamics of ribosomal ac4C modifications.,"Eukaryotic ribosomes carry two evolutionarily conserved N4-acetylcytidine (ac4C) modifications within critical functional regions. However, fundamental questions remain regarding their deposition kinetics, potential dynamics, and functional interplay with other rRNA modifications. Here, using ac4C-Sanger, we quantitatively profiled ribosomal ac4C modifications across various rRNA precursors and in mature rRNA under varied conditions in Saccharomyces cerevisiae. We show that ac4C accumulates progressively during 18S rRNA maturation, with distinct kinetics at each site. Moreover, ribosomal ac4C levels are dynamic and respond to growth phase and thermal stress in a site-specific manner. Changes in modifications under heat stress are accompanied by alterations in translation fidelity and efficiency, although evidence is still lacking to establish a causal relationship. Genetic perturbation of the box C/D snoRNA snR40, which guides 2'-O-methylation Gm1271, revealed a differential effect on both ac4C sites, despite the spatial proximity of Gm1271 to only one of them. Beyond ac4C-Sanger, we also demonstrate that High-Resolution Melting (HRM) and SELECT (a single-base elongation- and ligation-based qPCR amplification method) can serve as orthogonal approaches to effectively detect and quantitatively measure ac4C at known sites. Collectively, our work establishes ribosomal ac4C as a dynamic epitranscriptomic mark, suggests intricate interdependencies governing its biogenesis, and provides accessible tools for its investigation, thereby underscoring the integrated and adaptive nature of the ribosomal modification landscape.",Saccharomyces cerevisiae,temperature,,
41457021,10.1093/genetics/iyaf279,,no_pmc,2026,Genetics,Cellular proteostasis during mitochondrial protein import clogging requires the mitochondrial F-box protein 1 and DJ-1 homolog HSP31 in Saccharomyces cerevisiae.,"Mitochondrial biogenesis requires the import of ∼1,000 to 1,500 nuclear-encoded proteins across the translocase of outer membrane (TOM) and the translocase of inner membrane (TIM) 22 or 23 complexes. Protein import defects cannot only impair mitochondrial respiration but also cause mitochondrial precursor overaccumulation stress (mPOS) in the cytosol. Recent studies have shown that specific mutations in the nuclear-encoded adenine nucleotide translocase 1 (ANT1) cause musculoskeletal and neurologic diseases by clogging TOM and TIM22 and inducing mPOS. Here, we found that overexpression of MFB1, encoding the mitochondrial F-box protein 1, suppresses cell growth defect caused by a clogger allele of AAC2, the yeast homolog of human Ant1. Disruption of MFB1 synergizes with a clogger allele of aac2 to inhibit cell growth. This is accompanied by increased retention of mitochondrial proteins in the cytosol, suggesting exacerbated defect in mitochondrial protein import. Proximity-dependent biotin identification (BioID) suggested that Mfb1 interacts with several mitochondrial surface proteins including Tom22, a component of the TOM complex. Loss of MFB1 under clogging conditions activates genes encoding cytosolic chaperones including HSP31. Interestingly, disruption of HSP31 creates a synthetic lethality with protein import clogging under respiring conditions. We propose that Mfb1 functions to maintain mitochondrial protein import competency under clogging conditions, whereas Hsp31 plays an important role in protecting the cytosol against mPOS. Mutations in DJ-1, the human homolog of Hsp31, and mitochondria-associated F-box proteins (e.g., Fbxo7) are known to cause early-onset Parkinson's disease. Our work may help to better understand how these mutations affect cellular proteostasis and cause neurodegeneration.",Saccharomyces cerevisiae,temperature,,
41435837,10.1016/j.molcel.2025.12.002,,no_pmc,2026,Molecular cell,The essential co-chaperone Sgt1 regulates client dwell time in the Hsp90 chaperone cycle.,"The Hsp90 molecular chaperone system is regulated by numerous co-chaperones that modulate its function. In Saccharomyces cerevisiae, most of these cofactors can be deleted without affecting viability. Of the three essential ones, only the function of Sgt1 has remained enigmatic. Our in vivo and in vitro experiments define key structural elements and determine the essential function of Sgt1 in the chaperoning of client proteins. We demonstrate that yeast Sgt1 adopts a unique binding mode, engaging primarily with the middle domain of Hsp90. Through simultaneous interaction with both Hsp90 and client proteins, Sgt1 enhances client maturation efficiency. Specifically, Sgt1 stabilizes Hsp90-client complexes and prevents their dissociation by the co-chaperone Aha1. Our findings reveal a previously unrecognized layer of Hsp90 regulation, highlighting Sgt1 as a critical modulator of chaperone cycle progression.",Saccharomyces cerevisiae,temperature,,
41334807,10.1093/femsyr/foaf072,PMC12715865,oa,2025,FEMS yeast research,Integrating yeast biodiversity and machine learning for predictive metabolic engineering.,"Yeast biodiversity and machine learning (ML) are transforming the landscape of metabolic engineering. While Saccharomyces cerevisiae remains foundational to industrial biotechnology due to its genetic tractability and robust growth, it struggles to synthesize complex metabolites, utilize alternative feedstocks, and withstand industrial stresses. Non-conventional yeasts such as Yarrowia lipolytica and Ogataea polymorpha possess traits such as thermotolerance, acid resistance, and lipid accumulation, making them promising alternatives. However, broader adoption remains limited by insufficient genetic tools and low predictability of engineered components across species. Recent ML advances are addressing these gaps by enabling accurate prediction of genetic part function, optimizing gene expression, and discovering novel biosynthetic components in diverse yeasts. These tools support rational selection of genetic elements and pathway configurations tailored to non-model hosts, streamlining the design-build-test-learn cycle. Leveraging biodiversity expands the available yeast chassis and toolkits, improving strain robustness under industrial conditions. This mini-review discusses how yeast biodiversity is being harnessed to broaden engineering strategies and highlights recent ML advances driving data-guided strain and pathway design. Special attention is given to ML-guided identification and optimization of genetic elements. Together, evolutionary diversity and intelligent computation promise more modular, predictive, and scalable yeast platforms for next-generation metabolic engineering.",Saccharomyces cerevisiae,temperature,,
41312399,10.1016/j.synbio.2025.10.015,PMC12648720,oa,2026,Synthetic and systems biotechnology,Multi-omics elucidation of resource allocation for enhanced ethanol production via precise glucose control in anaerobic <i>Saccharomyces cerevisiae</i> fermentation.,"Ethanol, a high-demand clean energy source, is primarily produced via fed-batch fermentation in industrial settings. Although our previous study identified an optimal glucose concentration of 30 g/L for maximal ethanol yield, the mechanisms underlying glucose-dependent cellular adaptation remain unclear. Here, we performed an integrated multi-omics analysis, including transcriptomics, proteomics, metabolomics, and fluxomics, to compare yeast cells under glucose-controlled and uncontrolled conditions. Our results indicate that high glucose stress triggers the regulation of transporters with different affinities and the upregulation of heat shock proteins (HSPs), trehalose, and amino acids. In contrast, protein turnover was reduced under glucose-controlled conditions, suggesting more efficient resource allocation. This metabolic reallocation enhances carbon flux through glycolysis, potentially providing additional energy and NADH to support biomass growth and ethanol production. These findings advance our understanding of yeast regulatory mechanisms under glucose stress and provide insights for metabolic engineering and process optimization.",Saccharomyces cerevisiae,temperature,,
41257036,10.1080/12298093.2025.2583037,PMC12621344,oa,2025,Mycobiology,Revealing Non-Conventional and Thermotolerant Yeasts from Tropical Regions: Diversity and Potential Traits for Bioproducts.,"The diminishing reserves of fossil fuels have spurred a global search for sustainable energy alternatives. Bioethanol, a renewable fuel derived from biomass, represents a promising alternative, particularly in tropical regions. Yeasts, key agents in ethanol fermentation, have attracted substantial attention for their ability to convert sugars into ethanol. However, the commonly used mesophilic yeast <i>Saccharomyces cerevisiae</i> is temperature-sensitive, limiting its effectiveness in tropical climates. Tropical countries such as Indonesia, Thailand, Vietnam, and Laos, harbor abundant non-conventional and thermotolerant yeast species. These yeasts offer multiple advantages, including reduced contamination risk, lower cooling requirements, and decreased production costs. Moreover, they can utilize complex substrates, such as sucrose, starch, xylose, and lignocellulose biomass, while tolerating high temperatures, ethanol stress, pH fluctuations, and various inhibitors. This review highlights the diversity, physiological traits, and dual industrial potential of thermotolerant and non-conventional yeasts isolated from tropical environments. These yeasts demonstrate robust substrate utilization (including pentoses), high-temperature tolerance, and resilience under stress, positioning them as promising candidates for second-generation bioethanol production as well as for producing value-added aroma compounds. Key species discussed include <i>Ogataea polymorpha, Candida tropicalis, Kluyveromyces marxianus, Pichia kudriavzevii, Meyerozyma caribbica, Pichia stipitis, and Spathaspora passalidarum.</i>",Saccharomyces cerevisiae,temperature,,
41145224,10.1093/genetics/iyaf233,PMC12774845,oa,2026,Genetics,The role of mitotype variation and positive epistasis in trait differences between Saccharomyces species.,"Many traits of interest in biology evolved long ago and are fixed in a particular species, distinguishing it from other sister taxa. Elucidating the mechanisms underlying such divergences across reproductive barriers has been a key challenge for evolutionary biologists. The yeast Saccharomyces cerevisiae is unique among its relatives for its ability to thrive at high temperature. The genetic determinants of the trait remain incompletely understood, and we sought to understand the role in its architecture of species variation in mitochondrial DNA. We used mitochondrial transgenesis to show that S. cerevisiae mitotypes were sufficient for a partial boost to thermotolerance and respiration in the Saccharomyces paradoxus background. These mitochondrial alleles worked best when the background also harbored a pro-thermotolerance nuclear genotype, attesting to positive epistasis between the two genomes. The benefits of S. cerevisiae alleles in terms of respiration and growth at high temperature came at the cost of worse performance in cooler conditions. Together, our results establish this system as a case in which mitoalleles drive fitness benefits in a manner compatible with, and fostered by, the nuclear genome.",Saccharomyces cerevisiae,temperature,,
41100896,10.1139/bcb-2025-0212,,no_pmc,2025,Biochemistry and cell biology = Biochimie et biologie cellulaire,"Lactate reduces metabolic heat, enhances succinate metabolism, and improves thermal stress tolerance in <i>Saccharomyces cerevisiae</i>.","Once considered a metabolic ""dead end"", lactate is now increasingly recognized as a key mediator of diverse biological functions. Elevated lactate concentrations are associated with many physiological stress and strain responses, suggesting a role in homeostatic control. Recent evidence also indicates that lactate may suppress intrinsic metabolic heat production in mammalian cells. However, the mechanisms underlying this effect-and its implications for cellular responses to heat stress-remain unclear. Here, we (1) extend the observation of lactate-mediated heat suppression to baker's yeast (<i>Saccharomyces cerevisiae</i>); (2) link this phenomenon to increased mitochondrial Complex II (succinate dehydrogenase) activity; and (3) demonstrate a corresponding reduction in heat-induced cell mortality. These results support an evolving view of lactate, offering new insight into its role in metabolic control and thermoprotection.",Saccharomyces cerevisiae,temperature,,
40987384,10.1016/j.jprot.2025.105535,,no_pmc,2026,Journal of proteomics,Structural dynamics of the TPS/TPP complex in Saccharomyces cerevisiae: Insights from cross-linking mass spectrometry and computational modeling.,"Trehalose, a ubiquitous disaccharide, plays a vital role in cell viability, including pathogenic fungi, making its synthetic pathway a key target for antifungal drug design. The structural details of the trehalose-phosphate synthase (TPS)/trehalose-phosphate phosphatase (TPP) complex, which is responsible for synthesizing trehalose, have remained elusive. Information on the structure and topology of the TPS/TPP complex remains scarce, significantly limiting the mechanistic understanding of trehalose synthesis. This study presents the first overview of the interactions within the Saccharomyces cerevisiae TPS/TPP complex following a 40 °C heat shock, analyzed by cross-linking mass spectrometry (XL-MS) and computational modeling. Our cross-linking data corroborate the UniProt-available AlphaFold models for isolated subunits. Intrinsically disordered regions are suggested for the regulatory subunits, while cross-linking analysis highlights the disordered N-terminus of Tsl1 as an important region in assembling the TPS/TPP complex. Finally, the phosphorylation prediction indicates that Tps3-disordered regions at the N-terminus and the phosphatase-like domains are preferentially phosphorylated, triggering the inhibition of Tps2 activity and halting T6P accumulation. These insights enhance our understanding of the structural dynamics and flexibility of the TPS/TPP complex, opening new avenues for potential therapeutic applications with diminished or no toxicity to humans. SIGNIFICANCE: This research contributes to a comprehensive structural understanding of the TPS/TPP complex in Saccharomyces cerevisiae, a key enzymatic system involved in trehalose synthesis. Trehalose is essential in cellular viability and stress adaptation, particularly in pathogenic fungi, making its biosynthetic pathway a promising target for antifungal drug development. By integrating cross-linking mass spectrometry (XL-MS) and computational modeling, this study uncovers critical interactions and dynamic features of the TPS/TPP complex, including the involvement of intrinsically disordered regions in its regulatory subunits possibly contributing to complex assembly and regulation under heat shock conditions. Furthermore, the phosphorylation predictions shed light on how disordered regions on Tps3 would participate in modulating Tps2 activity to regulate trehalose-phosphate levels, offering insights into the complex's functional dynamics. This work fills a crucial knowledge gap in understanding trehalose biosynthesis and paves the way for novel antifungal strategies with reduced toxicity to human cells.",Saccharomyces cerevisiae,temperature,,
40976758,10.1016/j.jbiosc.2025.08.009,,no_pmc,2025,Journal of bioscience and bioengineering,Identification and engineering of a cellobiose transporter KmStl1p to enhance cellobiose utilization in Kluyveromyces marxianus and Saccharomyces cerevisiae.,"The yeast Kluyveromyces marxianus, a yeast known for its ability to ferment ethanol at high temperatures, can utilize various sugars including cellobiose, lactose and xylose. This study focused on improving cellobiose utilization by identifying and engineering a cellobiose transporter in K. marxianus. To assess cellobiose utilization capabilities, K. marxianus strains were grown in a cellobiose medium. The strains showed various growth levels, for example, the NCYC2791 strain grew well, while the DMKU3-1042 strain did not. This difference provided a basis for identifying a cellobiose transporter. Thirteen transporter candidate genes from the NCYC2791 genome were expressed in DMKU3-1042. As a result, KmSTL1 overexpression enhanced cell growth in a cellobiose medium. In addition, its disruption in NCYC2791 caused growth defects. To confirm its function, KmSTL1 was co-expressed with a β-glucosidase gene in Saccharomyces cerevisiae EBY.VW1000, which only uptake maltose. This engineered strain grew in cellobiose medium, indicating that KmSTL1 encodes a cellobiose transporter. Expression of GFP-fused KmStl1p in K. marxianus revealed that KmStl1p localized on cell membrane under cellobiose conditions, but was degraded in glucose conditions, suggesting that the transporter is regulated by available sugars. By individually disrupting seven α-arrestin genes in K. marxianus, KmRog3p was identified as a major ubiquitination mediator for KmStl1p degradation. Deletion analysis of KmStl1p revealed that its C-terminus is crucial for recognition by KmRog3p. Furthermore, expressing KmStl1p C-terminus mutants enhanced cellobiose assimilation in both K. marxianus and S. cerevisiae. These findings demonstrate that engineering KmStl1p is an effective strategy to improve cellobiose utilization in yeasts.",Saccharomyces cerevisiae,temperature,,
40935167,10.1016/j.biortech.2025.133297,,no_pmc,2026,Bioresource technology,Stress-driven regulation of cellular robustness for improving terpenoid production in Ogataea polymorpha.,"Yeast cell factories are widely employed for terpenoid biosynthesis. The non-conventional Crabtree-negative yeast Ogataea polymorpha is emerging as a promising platform due to its thermotolerance, broad substrate utilization, and suitability for high-density fermentation. However, the limited terpenoid biosynthesis regulators in O. polymorpha presents a critical challenge, as blindly copying Saccharomyces cerevisiae strategies often proves ineffective. Here, we identified two key genes (RSC9 and NUC-2) regulating terpenoid biosynthesis and cell growth in O. polymorpha using weighted gene co-expression network analysis (WGCNA), which could up-regulate genes in the mevalonate (MVA) pathway, glycolysis, and acetyl-CoA synthesis at the transcriptional levels. Furthermore, RSC9 improved thermotolerance while NUC-2 enhanced oxidative stress resistance, collectively boosting cellular robustness for significantly increased biomass and terpenoid titers in engineered strains. Consequently, this study establishes an effective platform for industrial-scale terpenoid production.",Saccharomyces cerevisiae,temperature,,
40741910,10.1111/mmi.70018,PMC12594618,oa,2025,Molecular microbiology,Homeostatic Influence of Fig4 Outside of the Fab1-Vac14-Fig4 Complex in Saccharomyces cerevisiae.,"The lipid phosphatase Fig4 is conserved in all eukaryotes and is associated with human neurological diseases for which there are currently no specific therapies. Fig4 functions in both the production and turnover of its lipid substrate, PI3,5P2, through participation in the Fab1-Vac14-Fig4 complex with its opposing kinase Fab1. The molecular mechanisms through which Fig4 influences PI3,5P2 production are not fully understood but are believed to require Fig4 binding to the scaffold protein Vac14. We unexpectedly found that multiple Fig4 disease-related mutants that are impaired in binding to the Fab1-Vac14-Fig4 complex dominantly confer tolerance to rapamycin, an inhibitor of the Target of Rapamycin Complex 1 (TORC1), when expressed in Saccharomyces cerevisiae. Fig4-dependent rapamycin tolerance is conferred under moderate heat stress, independent of Vac14 and Fig4 catalytic activity. Conversely, expression of catalytically dead Fig4 that binds stably to the Fab1-Vac14-Fig4 complex enhances rapamycin sensitivity. We propose that Fig4 disease-related mutants alter TORC1 signaling through gain of function under these conditions through an abnormal or sustained interaction with an unknown factor, perhaps by altering PI3,5P2 production. Investigation of the mechanisms whereby Fig4 mutants alter rapamycin tolerance may provide new insights into Fig4 molecular functions with potential relevance for Fig4-related diseases.",Saccharomyces cerevisiae,temperature,,
40715475,10.1038/s41437-025-00778-6,PMC12316985,oa,2025,Heredity,Impacts of temperature on recombination rate and meiotic success in thermotolerant and cold-tolerant yeast species.,"Meiosis is required for the formation of gametes in all sexually reproducing species and the process is well conserved across the tree of life. However, meiosis is sensitive to a variety of external factors, which can impact chromosome pairing, recombination, and fertility. For example, the optimal temperature for successful meiosis varies between species of plants and animals. This suggests that meiosis is temperature sensitive, and that natural selection may act on variation in meiotic success as organisms adapt to different environmental conditions. To understand how temperature alters the successful completion of meiosis, we utilized two species of the budding yeast Saccharomyces with different temperature preferences: thermotolerant Saccharomyces cerevisiae and cold-tolerant Saccharomyces uvarum. We surveyed three metrics of meiosis: sporulation efficiency, spore viability, and recombination rate in multiple strains of each species. As per our predictions, the proportion of cells that complete meiosis and form spores is temperature sensitive, with thermotolerant S. cerevisiae having a higher temperature threshold for completion of meiosis than cold-tolerant S. uvarum. We confirmed previous observations that S. cerevisiae recombination rate varies between strains and across genomic regions, and add new results that S. uvarum has comparably high recombination rates. We find significant recombination rate plasticity due to temperature in S. cerevisiae and S. uvarum, in agreement with studies in animals and plants. Overall, these results suggest that meiotic thermal sensitivity is associated with organismal thermal tolerance and may even result in temporal reproductive isolation as populations diverge in thermal profiles.",Saccharomyces cerevisiae,temperature,,
40705231,10.1007/s12602-025-10634-y,,no_pmc,2026,Probiotics and antimicrobial proteins,Molecular Genetics and Probiotic Mechanisms of Saccharomyces cerevisiae var. boulardii.,"Saccharomyces cerevisiae var. boulardii (Sb) is a S. cerevisiae (Sc) strain that has been widely used in the treatment of gastrointestinal diseases due to its unique probiotic properties. The key genomic differences that distinguish Sb from Sc include the tetrasomy of chromosome XII, the absence of intact transposon-yeast (Ty) elements, and variations in the copy number of specific genes. These genomic variations may contribute to enhanced thermotolerance, increased acid resistance, and elevated acetate production, collectively supporting its probiotic functions. The probiotic mechanisms of Sb are mediated through luminal actions, mucosal actions, and trophic effects. Its luminal activity involves neutralizing pathogen toxins via the secretion of proteins and inhibiting pathogen growth through the production of short-chain fatty acids (SCFAs). Additionally, Sb modulates gut microbiota composition by fostering symbiotic relationships, thereby increasing the abundance of beneficial microbes and SCFA levels to promote gut health. The mucosal action of Sb promotes anti-inflammatory responses by regulating the nuclear factor kappa B (NF-κB) and mitogen-activated protein kinase (MAPK) pathways. Meanwhile, its trophic effects, driven by polyamine production, enhance the function of intestinal epithelial cells. Recent findings further suggest that Sb may serve as a potential adjuvant therapy for brain disorders by modulating the gut-brain axis (GBA) to attenuate neuroinflammation. With continued multidisciplinary research, Sb is well-positioned to advance the biotherapeutic landscape. This review aims to synthesize recent advances in the genetics and probiotic mechanisms of Sb, with particular emphasis on its modulatory effects on the GBA.",Saccharomyces cerevisiae,temperature,,
40613832,10.1093/femsyr/foaf035,PMC12247168,oa,2025,FEMS yeast research,Recent progress in engineering yeast producers of cellulosic ethanol.,"The production of second-generation (2 G) bioethanol, a key sector in industrial biotechnology, addresses the demand for sustainable energy by utilizing lignocellulosic biomass. Efficient fermentation of all sugars from lignocellulose hydrolysis is essential to enhance ethanol titers, improve biomass-to-biofuel yields, and lower costs. This review compares the potential of recombinant yeast strains for 2 G bioethanol production, focusing on their ability to metabolize diverse sugars, particularly xylose. Saccharomyces cerevisiae, engineered for enhanced pentose and hexose utilization, is compared with the nonconventional yeasts Scheffersomyces stipitis, Kluyveromyces marxianus, and Ogataea polymorpha. Key factors include sugar assimilation pathways, cofermentation with glucose, oxygen requirements, tolerance to hydrolysate inhibitors, and process temperature. Saccharomyces cerevisiae shows high ethanol tolerance but requires genetic modification for xylose use. Scheffersomyces stipitis ferments xylose naturally but lacks robustness. Kluyveromyces marxianus offers thermotolerance and a broad substrate range with lower ethanol yields, while O. polymorpha enables high-temperature fermentation but yields modest ethanol from xylose. The comparative analysis clarifies each yeast's advantages and limitations, supporting the development of more efficient 2 G bioethanol production strategies. Strain selection must balance ethanol yield, stress tolerance, and temperature adaptability to meet industrial requirements for cost-effective lignocellulosic bioethanol production.",Saccharomyces cerevisiae,temperature,,
40543122,10.1016/j.foodchem.2025.145151,,no_pmc,2025,Food chemistry,The thermotolerance of industrial yeast strains in a dough matrix determines their impact on the oven rise during bread baking.,"While CO<sub>2</sub> production during yeasted dough fermentation is essential for a desirable bread loaf volume, the fastest volume increase occurs during baking, known as oven rise. The significance of CO<sub>2</sub> production during this phase of bread-making remains unexplored. This study hypothesised that stress-resistant yeast strains could remain active longer during baking, supporting oven rise. The oven rise obtained with standard baker's yeast was compared to 15 Saccharomyces cerevisiae strains selected for high-stress resistance on plate. During electrical resistance oven baking, dough height increases between 18.6 and 31.5 % were obtained. The increase was strongly and positively correlated with cell viability and, hence, thermotolerance. The best-performing strain showed a 42.2 % cell viability at a dough temperature of 77 °C compared to 11.8 % for the reference baker's yeast. This study provides the first insights into the correlation between yeast viability during baking and loaf volume, opening new avenues for selecting superior yeasts.",Saccharomyces cerevisiae,temperature,,
40537058,10.1093/g3journal/jkaf144,PMC12341946,oa,2025,"G3 (Bethesda, Md.)",Transcriptional memory dampens heat shock responses in yeast: functional role of Mip6 and its interaction with Rpd3.,"Cells must rapidly adapt to environmental fluctuations, including heat stress, to maintain homeostasis and ensure survival. A key adaptive mechanism is transcriptional memory, which enables cells to ""remember"" prior stress exposure and mount a faster or more controlled transcriptional response upon reexposure. However, the molecular mechanisms underlying transcriptional memory in the heat shock response (HSR) remain incompletely understood. Here, we investigate the role of the RNA-binding protein (RBP) Mip6 in regulating transcriptional memory during heat stress in Saccharomyces cerevisiae. Using qRT-PCR and RNA-seq, we demonstrate that prior heat shock exposure dampens the activation of heat-responsive genes upon a second stress, a phenomenon more pronounced in mip6Δ mutants. Our transcriptomic analyses reveal that transcriptional memory predominantly suppresses excessive gene expression changes, fine-tuning stress responses. Moreover, we identify a functional and physical interaction between Mip6 and the histone deacetylase Rpd3, a key regulator of transcriptional memory. Loss of both Mip6 and Rpd3 results in synthetic growth defects under heat stress and misregulation of Msn2/4-dependent transcripts, implicating Mip6 as a novel player in the coordination of chromatin and RNA-binding mechanisms during transcriptional memory. Additionally, we show that transcriptional memory modulates metabolic homeostasis and proteostasis. Collectively, our findings implicate Mip6 in the coordination of transcriptional memory in the HSR and reveal a novel link between the RBP Mip6 and the chromatin modifier Rpd3 HDAC in stress adaptation. These insights provide a foundation for further exploration of transcriptional memory mechanisms across diverse stress conditions.",Saccharomyces cerevisiae,temperature,,
40463194,10.1101/2025.05.07.652752,PMC12132476,oa,2025,bioRxiv : the preprint server for biology,Joint impact on thermotolerance of <i>Saccharomyces</i> species divergence in mitochondrial and nuclear genomes.,"Many traits of interest in biology evolved long ago and are fixed in a particular species, distinguishing it from other sister taxa. Elucidating the mechanisms underlying such ancient traits has been a central goal for evolutionary biologists. The yeast <i>Saccharomyces cerevisiae</i> is unique among its relatives for its ability to thrive at high temperature, via a genetic architecture that remains incompletely understood. We sought to understand the contribution of species variation in mitochondrial DNA to yeast thermotolerance. We used mitochondrial transgenesis to show that <i>S. cerevisiae</i> mitotypes were sufficient for a partial boost to thermotolerance and respiration in the <i>S. paradoxus</i> background. These mitochondrial alleles worked best when the background also harbored a pro-thermotolerance nuclear genotype, attesting to positive epistasis between the two genomes. The benefits of <i>S. cerevisiae</i> alleles in terms of respiration and growth at high temperature came at the cost of worse performance in cooler conditions. Together, our results establish this system as a case in which mitoalleles have fitness benefits and work well in multiple backgrounds; given the high mutation rate of the mitochondrial compartment, they were also likely extra easy for the ancestral population to acquire. We thus propose a broader model in which mitochondrial variants may prove to be especially good candidates in the search for genetic mechanisms of the adaptive process.",Saccharomyces cerevisiae,temperature,,
40461385,10.1016/j.jmb.2025.169228,,no_pmc,2025,Journal of molecular biology,NAIL-MS Elucidates Crucial tRNA U34 Modifications in Response to Heat Stress across Eukaryotes and Prokaryotes.,"Global warming leads to rising temperatures, necessitating organismal adaptation at the cellular level. One potential mechanism for maintaining proteome integrity during stress is the adaptation of tRNA modifications. While tRNA modification reprogramming has been well-studied under chemical stressors, its role in heat stress remains unclear. To address this, we performed a comparative analysis of tRNA modifications in Arabidopsis thaliana, Saccharomyces cerevisiae, Caenorhabditis elegans, Dictyostelium discoideum, and Escherichia coli under heat stress. We assessed the abundance of 30 modified nucleosides using isotope dilution mass spectrometry under control conditions. A. thaliana showed a similar diversity and abundance of tRNA modifications compared to other eukaryotes, suggesting conservation across species. Under heat stress, overall tRNA modification levels were largely stable, with no significant changes in modifications such as dihydrouridine and N4-acetylcytidine. However, one to four modifications per organism were altered, with uridine modifications at position 34 (U34) being the most prominent change. Here, pulse-chase NAIL-MS (nucleic acid isotope labeling coupled mass spectrometry) experiments in E. coli and S. cerevisiae revealed that changes in U34 modifications occurred not only in pre-existing tRNAs but also in newly transcribed tRNAs. These results suggest that existing tRNAs adapt as an early response to heat stress, while newly transcribed tRNAs are reprogrammed to ensure long-term survival under prolonged heat. Our findings highlight the potential role of tRNA modification reprogramming in heat stress adaptation.",Saccharomyces cerevisiae,temperature,,
40397671,10.1073/pnas.2503751122,PMC12130876,oa,2025,Proceedings of the National Academy of Sciences of the United States of America,Calcineurin controls the cytokinesis machinery during thermal stress in <i>Cryptococcus deneoformans</i>.,"Calcineurin is a highly conserved phosphatase that plays a central role in sensing calcium and governing transcriptional, posttranscriptional, and posttranslational signaling networks. Calcineurin is a heterodimer consisting of a catalytic A subunit and a regulatory B subunit. Through downstream effectors, calcineurin signaling drives myriad responses in different organisms. In the fungal pathogenic <i>Cryptococcus</i> species complex that infects humans, calcineurin governs thermotolerance and is essential for growth at high temperature and pathogenesis. In <i>Cryptococcus deneoformans</i>, the underlying molecular functions of this critical signaling cascade are not well understood. In this study, we conducted a genetic screen and identified genetic changes that suppress the requirement for calcineurin during high-temperature growth. Our results identified two mechanisms that bypass the requirement for calcineurin function. The first mechanism involves segmental aneuploidy via both amplification as well as loss of chromosome fragments. The second mechanism involves dominant amino acid substitution mutations in the genes encoding three proteins, Chs6, Imp2, and Cts1, orthologs of components of the Ingression Progression Complex required for septation and budding in <i>Saccharomyces cerevisiae</i>. Loss of calcineurin activity causes chitin and chitosan accumulation and severe budding defects, whereas suppressor mutations largely restore growth and cytokinesis in the absence of calcineurin. These findings reveal that the calcineurin signaling cascade controls a conserved cytokinesis machinery at the mitotic exit network during thermal stress.",Saccharomyces cerevisiae,temperature,,
40319324,10.1186/s13068-025-02653-2,PMC12048999,oa,2025,Biotechnology for biofuels and bioproducts,"Identification of key transcription factors, including DAL80 and CRZ1, involved in heat and ethanol tolerance in Saccharomyces cerevisiae.","High temperature and ethanol are two critical stress factors that significantly challenge bioethanol production using Saccharomyces cerevisiae. In this study, the tolerance mechanisms of the multi-tolerant S. cerevisiae strain E-158 to heat stress and combined heat-ethanol stress were investigated using comparative transcriptomics. Under heat stress at 44 °C, glucose transport and reactive oxygen species (ROS) scavenging were significantly upregulated, while gluconeogenesis, acetate formation, and dNDP formation showed significant downregulation. Under combined heat (43 °C) and ethanol (3% v/v) stress, glucose transport, glycolysis, acetate formation, peroxisome activity, ROS scavenging, and ribosome synthesis were significantly upregulated, while glycerol formation, cellular respiration and dNDP formation exhibited significant downregulation. Fourteen transcription factors (TFs), considered to play a key role in both stress conditions, were individually overexpressed and deleted in S. cerevisiae strain KF-7 in this study. Among these TFs, Gis1p, Crz1p, Tos8p, Yap1p, Dal80p, Uga3p, Mig1p, and Opi1p were found to contribute to enhanced heat tolerance in S. cerevisiae. Compared with KF-7, strains overexpressing DAL80 and CRZ1 demonstrated markedly improved fermentation performance under stress conditions. Under heat stress at 44 °C, glucose consumption increased by 10% and 12%, respectively, for strains KF7DAL80 and KF7CRZ1, while ethanol production increased by 12% and 15%, respectively, compared to KF-7. Under combined stress conditions of 43 °C and 3% (v/v) ethanol, glucose consumption increased by 67% and 44%, ethanol production by 116% and 77%, and ethanol yield by 29% and 22%, respectively, for KF7DAL80 and KF7CRZ1 compared to KF-7. KF7CRZ1 performs comparably to E-158, while KF7DAL80 outperforms E-158. This study provides valuable theoretical insights and identifies critical TF targets, contributing to the development of robust S. cerevisiae strains for improved bioethanol production.",Saccharomyces cerevisiae,temperature,,
40310102,10.1128/msphere.01018-24,PMC12108051,oa,2025,mSphere,Adaptation of the tetracycline-repressible system for modulating the expression of essential genes in <i>Cryptococcus neoformans</i>.,"The opportunistic human fungal pathogen <i>Cryptococcus neoformans</i> has an enormous impact on human health as the causative agent of cryptococcal meningitis, and there is a dire need to expand our current antifungal arsenal. Essential gene products often serve as ideal targets for antimicrobials, and identifying and characterizing essential genes in a pathogen of interest is critical for drug development. Unfortunately, characterization of essential genes in <i>C. neoformans</i> is limited due to its haploid nature and lack of genetic tools for generating effective conditional-expression mutants. To date, the copper-repressible promoter <i>pCTR4</i> is the most widely used system to regulate essential gene expression; however, its expression is leaky and copper has pleiotropic effects. In diverse fungal species, including <i>Saccharomyces cerevisiae</i>, <i>Candida albicans</i>, and <i>Candida auris</i>, the tetracycline-repressible promoter system is a powerful tool to regulate gene expression; however, it has yet to be adapted for <i>C. neoformans</i>. In this study, we successfully implemented the tetracycline-repressible system in <i>C. neoformans</i> to regulate the expression of the essential genes <i>HSP90</i> and <i>FKS1</i>. Supplementation of cultures with the tetracycline analog doxycycline efficiently depleted <i>HSP90</i> at both transcript and protein levels and inhibited <i>C. neoformans</i> growth and viability. Similarly, the depletion of <i>FKS1</i> with doxycycline enhanced sensitivity of the strain to the echinocandin caspofungin, an antifungal that targets the glucan synthase but is generally ineffective against <i>C. neoformans</i>. Thus, this work unveils a novel approach to generate conditional-expression mutants in <i>C. neoformans,</i> providing unprecedented potential to systematically study essential gene function in this important human fungal pathogen.IMPORTANCEInvasive fungal infections cause millions of deaths annually, while the number of antifungals available to combat these pathogens is limited to only three classes: polyenes, azoles, and echinocandins. The largest source of novel antifungal drug targets are essential gene products, which are required for cellular viability. However, tools to identify and characterize essential genes in <i>C. neoformans</i> are extremely limited. Here, we adapted the tetracycline-repressible promoter system, that has been widely used in other organisms, to study essential gene function in <i>C. neoformans</i>. By placing this regulatable promoter upstream of the essential genes <i>HSP90</i> and <i>FKS1</i>, we confirmed that the growth of the strains in the presence of the tetracycline analog doxycycline results in the depletion of essential gene expression. This approach provides a significant advance for the systematic study of essential genes in <i>C. neoformans</i>.",Saccharomyces cerevisiae,temperature,,
40281551,10.1186/s12917-025-04728-6,PMC12032670,oa,2025,BMC veterinary research,Physiological responses and reproductive performance of naturally heat-stressed rabbit does treated with postbiotic of Bacillus subtilis and Saccharomyces cerevisiae in free and nano-encapsulated forms.,"Heat stress negatively affects the physiology and reproductive functions of rabbits. In order to mitigate these effects, palm date seeds were fermented with Bacillus (B.) subtilis and/or Saccharomyces (S.) cerevisiae to generate microbial-derived active metabolites, postbiotics, which were subsequently characterized using GC-MS. Notably, the postbiotic generated by the combined microbial fermentation (BYP) exhibited the highest concentration of secondary active metabolites. This postbiotic was then incorporated into rabbit diets in either free (BYP) or nano-encapsulated (NBYP) formulations. Forty-five nulliparous rabbit does were randomly assigned to one of three groups and received dietary supplementation with either 0.9 g/kg BYP, 0.9 g/kg NBYP, or no supplementation (C) over 30 days spanning mating and the first and second semesters of pregnancy. Supplementation with BYP and NBYP significantly increased feed intake compared to the C group, while concurrently reducing rectal temperatures and respiratory rates. Both treatments markedly enhanced hematological, immunological, and redox parameters, as well as progesterone levels during pregnancy. The NBYP demonstrated superior effects for most variables, particularly during pregnancy. Additionally, the kindling rate and litter size and litter weight at birth were significantly higher in the BYN and NBPY groups compared to the C group. The incorporation of NBYP is recommended as an innovative natural microbial-derived supplement to enhance the health status, heat tolerance, and reproductive efficiency of rabbit does maintained under natural thermal stress conditions.",Saccharomyces cerevisiae,temperature,,
40270822,10.3389/fmicb.2025.1572004,PMC12014439,oa,2025,Frontiers in microbiology,Combined transcriptomics and metabolomics analyses reveal the molecular mechanism of heat tolerance in <i>Pichia kudriavzevii</i>.,"<i>Pichia kudriavzevii</i> is a prevalent non-<i>Saccharomyces cerevisiae</i> yeast in <i>baijiu</i> brewing. The aim of this study was to isolate a high temperature resistant <i>Pichia kudriavzevii</i> strain from the <i>daqu</i> of strong flavor <i>baijiu</i> and to elucidate its molecular mechanism. Growth activity was assessed at temperatures of 37°C, 40°C, 45°C, and 50°C. Morphological changes were observed by scanning electron microscopy at 37°C, 45°C, and 50°C. Subsequent analysis of the transcriptomics and metabolomics was undertaken to elucidate the molecular mechanism of heat tolerance. The strain was able to tolerate high temperature of 50°C, undergoing substantial morphological alterations. Gene ontology (GO) analysis of the transcriptomics revealed that differentially expressed genes (DEGs) were enriched in pathways such as ATP biosynthesis process and mitochondrion; Kyoto Encyclopedia of Genes and Genomes (KEGG) pathway enrichment analysis showed that DEGs were up regulated in oxidative phosphorylation. Utilising liquid chromatograph-mass spectrometer, a total of 463 cationic differential metabolites and 352 anionic differential metabolites were detected and screened for differential substances that were closely related to heat tolerance (NAD+ and ADP); KEGG analysis showed that metabolites were up regulated in purine metabolism. Furthermore, correlation analyses of transcriptomics-metabolomics demonstrated a strong positive correlation between the metabolites NAD+ and ADP, and multiple DEGs of the oxidative phosphorylation pathway. These results suggest that the heat tolerant strain can be able to counteract high temperature environment by up regulating energy metabolism (especially oxidative phosphorylation) to increase ATP production.",Saccharomyces cerevisiae,temperature,,
40246645,10.1016/j.jbiosc.2025.03.004,,no_pmc,2025,Journal of bioscience and bioengineering,Data-independent acquisition-based lipidomics reveals lipidome alterations associated with growth of Saccharomyces cerevisiae at low temperature.,"Budding yeast, Saccharomyces cerevisiae, adapts to low-temperature stress by altering the amounts and proportions of phospholipids, as well as the structures of acyl chains. To better understand this process, a data-independent acquisition-based lipidomics using liquid chromatography-quadrupole time-of-flight mass spectrometry method was developed to quantify acyl chain isomers in glycerolipids and phospholipids. This method distinguished lipid molecular species, such as phosphatidylcholine (PC) 16:1_18:0 and PC16:0_18:1, at the level of acyl chain isomers. These species were previously identified only at the total acyl chain level as PC 34:1 using the conventional data-dependent acquisition (DDA) method. Using this approach, 145 diacyl lipid molecular species were identified in S. cerevisiae at 30 °C, compared to only 101 identified using the conventional DDA method. Analysis of S. cerevisiae at 10 °C revealed 121 phospholipid and diacylglycerol (DG) molecular species and 260 triacylglycerol (TG) features as well as other 51 sphingolipids and sterol lipids. The results demonstrated unique increases in phosphatidylinositol (PI), phosphatidylethanolamine (PE), monomethyl (MM) PE, and TG containing both 16:1 and medium-chain fatty acids (MCFAs). The knockout strains ole1Δ and slc1Δ, lacking the desaturase that produces 16:1 and the acyltransferase favoring MCFAs, respectively, exhibited growth defects exclusively while growing at 10 °C. These findings suggest that S. cerevisiae regulates its lipid profiles to address low-temperature stress.",Saccharomyces cerevisiae,temperature,,
40200557,10.1093/plphys/kiaf128,,no_pmc,2025,Plant physiology,Diphthamide formation in Arabidopsis requires DPH1-interacting DPH2 for light and oxidative stress resistance.,"Diphthamide is a posttranslationally modified histidine residue of eukaryotic TRANSLATION ELONGATION FACTOR 2 (eEF2) and the target of diphtheria toxin in human cells. In yeast and mammals, the 4Fe-4S cluster-containing proteins Dph1 and Dph2 catalyze the first biosynthetic step of diphthamide formation. Here, we identify Arabidopsis (Arabidopsis thaliana) DPH2 and show that it is required for diphthamide biosynthesis, localizes to the cytosol, and interacts physically with AtDPH1. Arabidopsis dph2 mutants form shorter primary roots and smaller rosettes than the wild type, similar to dph1 mutants which we characterized previously. Additionally, increased ribosomal -1 frameshifting error rates and attenuated TARGET OF RAPAMYCIN (TOR) kinase activity in dph2 mutants also phenocopy the dph1 mutant. Beyond the known heavy metal hypersensitivity and heat shock tolerance of dph1, we show here that both dph1 and dph2 mutants are hypersensitive to elevated light intensities and oxidative stress and that wild-type Arabidopsis seedlings accumulate diphthamide-unmodified eEF2 under oxidative stress. Both mutants share the deregulation of 1,186 transcripts associated with several environmental and hormone responses. AtDPH1 and AtDPH2 do not complement the corresponding mutants of Saccharomyces cerevisiae. In summary, DPH2 and DPH1 interact to function inter-dependently in diphthamide formation, the maintenance of translational fidelity, wild-type growth rates, and TOR kinase activation, and they contribute to mitigating damage from elevated light intensities and oxidative stress. Under oxidative stress, a dose-dependent loss of diphthamide could potentiate downstream effects in a feed-forward loop. This work advances our understanding of translation and its interactions with growth regulation and stress responses in plants.",Saccharomyces cerevisiae,temperature,,
40093176,10.1101/2025.02.17.638697,PMC11908158,oa,2025,bioRxiv : the preprint server for biology,Calcineurin controls the cytokinesis machinery during thermal stress in <i>Cryptococcus deneoformans</i>.,"Calcineurin is a highly conserved phosphatase that plays a central role in sensing calcium and governing transcriptional, post-transcriptional, and post-translational signaling networks. Calcineurin is a heterodimer consisting of a catalytic A subunit and a regulatory B subunit. Through downstream effectors, calcineurin signaling drives myriad responses in different organisms. In the fungal pathogenic <i>Cryptococcus</i> species complex that infects humans, calcineurin governs thermotolerance and is essential for growth at high temperature and pathogenesis. In <i>Cryptococcus deneoformans</i> , the underlying molecular functions of this critical signaling cascade are not well understood. In this study, we conducted a genetic screen and identified genetic changes that suppress the requirement for calcineurin during high-temperature growth. Our results identified two mechanisms that bypass the requirement for calcineurin function. The first mechanism involves segmental aneuploidy via both amplification as well as loss of chromosome fragments. The second mechanism involves dominant amino acid substitution mutations in the genes encoding three proteins, Chs6, Imp2, and Cts1, orthologs of components of the Ingression Progression Complex required for septation and budding in <i>Saccharomyces cerevisiae</i> . Loss of calcineurin activity causes chitin and chitosan accumulation and severe budding defects, whereas suppressor mutations largely restore growth and cytokinesis in the absence of calcineurin. These findings reveal the calcineurin signaling cascade controls a conserved cytokinesis machinery at the mitotic exit network during thermal stress. Cellular responses to external stress conditions involve activation of signaling cascades, which act via effectors to govern key cellular processes. One such signaling cascade involves the phosphatase calcineurin, the conserved target of cyclosporin A and FK506 that governs myriad cellular functions through its substrates. In human fungal pathogens, calcineurin is critical for pathogenicity. Here, we employed a genetic screen to map the functional interactions of this signaling cascade and repeatedly identified mutations in components of a single protein complex, suggesting a focused downstream response. With genetic and biochemical approaches, we established that these proteins play a crucial role in cell division at high temperature enabling cell division and revealing new avenues of research that could identify potential antifungal drug targets.",Saccharomyces cerevisiae,temperature,,
40076774,10.3390/ijms26052149,PMC11900043,oa,2025,International journal of molecular sciences,"Systematic Characterization and Analysis of the Freeze-Thaw Tolerance Gene Set in the Budding Yeast, <i>Saccharomyces cerevisiae</i>.","The budding yeast <i>Saccharomyces cerevisiae</i> is a widely utilized model system with myriad applications in terms of industrial, biotechnology, and synthetic biology purposes. One such application is the biosynthesis of commercially and medically important bioactive compounds and their precursors, which oftentimes require culturing conditions at low temperatures to optimize production yield rather than cellular fitness. To lend insight into genetic modifications that may assist this goal, this work focuses on a systematic analysis of the genes that result in an increase in survival following freezing. At present, these genes have been identified in a wide variety of <i>S. cerevisiae</i> wild-type backgrounds-that vary significantly in their properties and behaviors-and in the conditions that led to the annotation of the freeze-thaw survival phenotype. In this work, we report a complete characterization of the thermal tolerance and viability for the freeze-thaw gene family following a standardized protocol within a unified genetic background, the extensively used BY4741 laboratory strain. Our results reveal that five out of these six genes are linked to increased viability in response to both freeze-thaw stress as well as enhanced survival during a heat shock stressor. Follow-up analysis characterized the local spatial effects that gene modification at each locus causes when utilizing the common kanamycin resistance cassette (KanMX6) for the creation of mutant strains and engineering purposes.",Saccharomyces cerevisiae,temperature,,
40076630,10.3390/ijms26052007,PMC11900929,oa,2025,International journal of molecular sciences,Native and Recombinant Yeast Producers of Lactic Acid: Characteristics and Perspectives.,"Lactic acid (LA) is a key chemical used in various industries, including food, pharmaceuticals, and bioplastics. Although traditionally produced using lactic acid bacteria, yeasts offer significant advantages, such as higher tolerance to acidic environments, a broader substrate range, and the potential for genetic and metabolic engineering. This review explores the potential use of <i>Lachancea thermotolerans</i>, <i>Saccharomyces cerevisiae</i>, <i>Kluyveromyces marxianus</i>, <i>Kluyveromyces lactis</i>, <i>Candida utilis</i>, and <i>Pichia kudriavzevii</i> as LA producers, highlighting their unique characteristics and industrial applications. <i>S. cerevisiae</i> stands out due to its robust genetic toolkit and acid tolerance, while <i>K. marxianus</i> offers thermotolerance and the efficient utilization of lactose and pentoses, making it ideal for high-temperature fermentations. <i>K. lactis</i> is particularly suited for valorizing dairy by-products like whey, <i>P. kudriavzevii</i> exhibits high tolerance to multiple stresses, while <i>C. utilis</i> demonstrates superior resilience to lignocellulosic inhibitors, enabling its use in biorefineries. Key challenges, including enhancing LA tolerance and optimizing metabolic pathways, are addressed through strategies like heterologous lactate dehydrogenase (LDH) expression, redox balance modification, and adaptive laboratory evolution. The review also discusses industrial applications, particularly in the context of circular economy approaches, where yeasts can convert waste streams into high-value LA. Future research should focus on integrating yeasts into scalable, sustainable bioprocesses to meet the growing demand for renewable and biodegradable materials.",Saccharomyces cerevisiae,temperature,,
40006816,10.3390/plants14040557,PMC11859210,oa,2025,"Plants (Basel, Switzerland)","The Impact of Temperature on the Leaves of <i>Ceratonia siliqua</i> L.: Anatomical Aspect, Secondary Metabolite Analysis, and Antimicrobial Activity of the Extracts.","<i>Ceratonia siliqua</i> L. (Fabaceae) is an evergreen sclerophyllous species that successfully overcomes the challenges of the Mediterranean climate. Commonly, biosynthesis of secondary metabolites is a major reaction of the plants thriving in the Mediterranean formations against temperature stress. Due to concerns about the climate crisis, we studied the impact of 6-day low (5 °C) and high (40 °C) temperature stress on young carob seedlings. In stressed plants, mainly the heat-treated, the leaves appear xeromorphic. Parameters of the physiology of the plants such as chlorophyll-a and -b, total phenolic content, and oxidative stress were measured and presented via Principal Component Analysis. Chlorophyll-a and -b contents are inferior in cold-stressed leaves while heat-stressed leaves accumulate more phenolics and experience higher oxidative stress as compared to their cold-stressed counterparts. The phytochemical profile of different extracts obtained from stressed carob leaves was identified so as to gain insight into metabolites produced under stress. Moreover, LC-HRMS/MS metabolomic workflow was utilized for the discovery of biomarkers, over- or under-regulated in stressed conditions. The antimicrobial activity of carob leaf extract fractions was assessed against six human pathogen strains and three phytopathogen bacterial strains. MeOH-H<sub>2</sub>O and dichloromethane (DCM) extracts presented notable activity against <i>Candida albicans</i> and <i>Saccharomyces cerevisiae</i>, while DCM extracts inhibited the growth of <i>Erwinia amylovora</i>. We may conclude that carob tree exposure to temperature stress does not have a significant influence on secondary metabolic pathways.",Saccharomyces cerevisiae,temperature,,
39943072,10.3390/ani15030302,PMC11815758,oa,2025,Animals : an open access journal from MDPI,"Co-Supplementation of Diet with <i>Saccharomyces cerevisiae</i> and Thymol: Effects on Growth Performance, Antioxidant and Immunological Responses of Rainbow Trout, <i>Oncorhynchus mykiss</i>.","This study assessed the effects of thymol and yeast <i>Saccharomyces cerevisiae</i> on the growth performance, antioxidant capacity and immunological responses and gut immunological transcripts in rainbow trout, <i>Oncorhynchus mykiss</i>. Two hundred and seventy fish (6.62 ± 0.18 g) were distributed in 18 aquaria (15 fish per aquarium) as a 2 × 3 factorial design. The fish were fed on diets containing 0 and 1 × 10<sup>8</sup> cfu/g of yeast and 0, 250 and 500 mg/kg of thymol for 60 days. The results showed that dietary yeast supplementation led to significantly improved fish weight gain and feed efficiency (<i>p</i> < 0.05). Thymol and yeast supplementation affected the hepatic antioxidant status, leading to lower lipid peroxidation and higher glutathione reserves (<i>p</i> < 0.05). Thymol and yeast supplementation led to significantly lowered plasma aspartate aminotransferase levels (<i>p</i> < 0.05). Dietary yeast supplementation led to significantly elevated plasma and mucus lysozyme, plasma alternative complement, immunoglobulin and mucus alkaline phosphatase levels. In contrast, thymol supplementation led to significantly increased plasma lysozyme and mucus alkaline phosphatase levels (<i>p</i> < 0.05), whereas it had no significant effects on other immunological parameters. The mucus bactericidal activities were improved by dietary yeast but both supplements enhanced the plasma bactericidal activity (<i>p</i> < 0.05). Thymol and yeast supplementation significantly up-regulated the expression of <i>tumor necrosis factor-alpha</i>, <i>interleukin-1 beta</i>, <i>transforming growth factor-beta</i>, <i>beta-defensin</i> and <i>heat shock protein-70</i> in the hindgut (<i>p</i> < 0.05). In conclusion, dietary yeast supplementation was particularly effective in enhancing fish growth performance and non-specific immunity, while thymol supplementation primarily led to improved antioxidant capacity. Notably, a dietary dose of 250 mg/kg of thymol alone failed to affect the gut transcription as much as 500 mg/kg; however, the co-supplementation of 250 mg/kg of thymol and yeast led to comparable results.",Saccharomyces cerevisiae,temperature,,
39885572,10.1186/s12934-025-02663-7,PMC11780993,oa,2025,Microbial cell factories,Response mechanism of ethanol-tolerant Saccharomyces cerevisiae strain ES-42 to increased ethanol during continuous ethanol fermentation.,"Continuous fermentation offers advantages in improving production efficiency and reducing costs, making it highly competitive for industrial ethanol production. A key requirement for Saccharomyces cerevisiae strains used in this process is their tolerance to high ethanol concentrations, which enables them to adapt to continuous fermentation conditions. To explore how yeast cells respond to varying levels of ethanol stress during fermentation, a two-month continuous fermentation was conducted. Cells were collected at different ethanol concentrations (from 60 g/L to 100 g/L) for comparative transcriptomic analysis. During continuous fermentation, as ethanol concentration increased, the expression of genes associated with cytoplasmic ribosomes, translation, and fatty acid biosynthesis progressively declined, while the expression of genes related to heat shock proteins (HSPs) and ubiquitin-mediated protein degradation gradually increased. Besides, cells exhibited distinct responses to varying ethanol concentrations. At lower ethanol concentrations (nearly 70 g/L), genes involved in mitochondrial ribosomes, oxidative phosphorylation, the tricarboxylic acid (TCA) cycle, antioxidant enzymes, ergosterol synthesis, and glycerol biosynthesis were specifically upregulated compared to those at 60 g/L. This suggests that cells enhanced respiratory energy production, ROS scavenging capacity, and the synthesis of ergosterol and glycerol to counteract stress. At relatively higher ethanol concentrations (nearly 80 g/L), genes involved in respiration and ergosterol synthesis were inhibited, while those associated with glycolysis and glycerol biosynthesis were notably upregulated. This suggests a metabolic shift from respiration towards enhanced glycerol synthesis. Interestingly, the longevity-regulating pathway seemed to play a pivotal role in mediating the cellular adaptations to different ethanol concentrations. Upon reaching an ethanol concentration of 100 g/L, the aforementioned metabolic activities were largely inhibited. Cells primarily focused on enhancing the clearance of denatured proteins to preserve cellular viability. This study elucidated the mechanisms by which an ethanol-tolerant S. cerevisiae strain adapts to increasing ethanol concentrations during continuous fermentation. The findings suggest that the longevity-regulating pathway may play a critical role in adapting to varying ethanol stress by regulating mitochondrial respiration, glycerol synthesis, ergosterol synthesis, antioxidant enzyme, and HSPs. This work provides a novel and valuable understanding of the mechanisms that govern ethanol tolerance during continuous fermentation.",Saccharomyces cerevisiae,temperature,,
39853591,10.1111/1751-7915.70092,PMC11756353,oa,2025,Microbial biotechnology,Sterol-Targeted Laboratory Evolution Allows the Isolation of Thermotolerant and Respiratory-Competent Clones of the Industrial Yeast Saccharomyces cerevisiae.,"Sterol composition plays a crucial role in determining the ability of yeast cells to withstand high temperatures, an essential trait in biotechnology. Using a targeted evolution strategy involving fluconazole (FCNZ), an inhibitor of the sterol biosynthesis pathway, and the immunosuppressant FK506, we aimed to enhance thermotolerance in an industrial baker's yeast population by modifying their sterol composition. This approach yielded six isolates capable of proliferating in liquid YPD with μ<sub>max</sub> values ranging from 0.072 to 0.236 h<sup>-1</sup> at 41.5°C, a temperature that completely inhibits the growth of the parental strain. The clones were categorised into two groups based on their respiratory competence or deficiency, the latter associated with mtDNA loss, an event seemingly linked to FCNZ and heat tolerance. Genome sequencing and ploidy-level analysis of all strains revealed aneuploidies, copy number variations (CNVs), and single nucleotide polymorphisms (SNPs). Notably, all evolved clones exhibited specific point mutations in MPM1 (P50S) and PDR1 (F749S). CRISPR-Cas9 experiments confirmed the role of the pdr1<sup>F749S</sup> mutation in the FCNZ-tolerance phenotype and demonstrated that Mpm1 is required for growth at high temperatures. However, no apparent heat tolerance benefit was observed from single or combined mutations in these genes, supporting the hypothesis that thermotolerance is mediated by multiple interacting mechanisms. In this context, all evolved clones exhibited altered sterol profiles, with differences observed between respiratory-competent and -deficient strains. In conclusion, our experimental evolution generated thermotolerant and fully competent strains and identified factors that could influence fluconazole and heat growth.",Saccharomyces cerevisiae,temperature,,
39704513,10.1128/msphere.00644-23,PMC11774045,oa,2025,mSphere,When HSFs bring the heat-mapping the transcriptional circuitries of HSF-type regulators in <i>Candida albicans</i>.,"Heat shock factor (HSF)-type regulators are stress-responsive transcription factors widely distributed among eukaryotes, including fungi. They carry a four-stranded winged helix-turn-helix DNA-binding domain considered as the signature domain for HSFs. The genome of the opportunistic yeast <i>Candida albicans</i> encodes four HSF members, namely, Sfl1, Sfl2, Skn7, and the essential regulator, Hsf1. <i>C. albicans</i> HSFs do not only respond to heat shock and/or temperature variation but also to CO<sub>2</sub> levels, oxidative stress, and quorum sensing, acting this way as central decision makers. In this minireview, I follow on the heels of my mSphere of Influence commentary (2020) to provide an overview of the repertoire of HSF regulators in <i>Saccharomyces cerevisiae</i> and <i>C. albicans</i> and describe how their genetic perturbation in <i>C. albicans</i>, coupled with genome-wide expression and location analyses, allow to map their transcriptional circuitry. I highlight how they can regulate, in common, a crucial developmental program: filamentous growth.",Saccharomyces cerevisiae,temperature,,
39624063,10.3389/fvets.2024.1484150,PMC11610250,oa,2024,Frontiers in veterinary science,"Effects of hydrolyzed yeast on growth performance, intestinal redox homeostasis, and woody breast myopathy in heat-stressed broilers.","The objective of this study was to enhance the knowledge about the effects of hydrolyzed yeast supplementation on growth performance, woody breast myopathy, and its mechanism on intestinal homeostasis using antioxidant and immunomodulatory-related gene expressions in heat-stressed broiler chickens. In a 35-d feeding experiment, 160-day-old male Ross 308 broiler chickens were assigned to four dietary groups, consisting of eight replicates and five birds per replicate. Experimental diets contained four levels of hydrolyzed yeast (HY) (0, 400, 800, or 1,200 mg.kg<sup>-1</sup>) derived from <i>Saccharomyces cerevisiae</i>. On d 25, birds were exposed to cyclic heat stress (HS) (35°C for 8 h/d from 8 a.m. to 4.00 p.m.) for 10 days. Adding HY at 800 mg.kg<sup>-1</sup> numerically decreased the feed conversion ratio (FCR) on days 25-35 (heat stress period) by 2.50%. Furthermore, the addition of HY reduced (<i>P</i> = 0.005) mortality rate compared with those of birds fed the control diet. Supplementation of HY exhibited efficacy (<i>P</i> = 0.09) in diminishing woody breast (WB) in terms of incidence and degree of severity. Furthermore, the added HY decreased (<i>P</i> < 0.001) drip loss values of the <i>Pectoralis major</i> compared with the control diet group; the addition of HY at 400 and 1,200 mg.kg<sup>-1</sup> decreased (<i>P</i> < 0.001) cooking loss values in the <i>Pectoralis major</i>. In addition, HY supplementation at 800 mg.kg<sup>-1</sup> decreased (<i>P</i> = 0.04) the duodenal mRNA expression of the avian β-defensin 10 (AvBD10) and increased (<i>P</i> < 0.05) the mRNA expression of nuclear factor erythroid 2-related factor 2 (Nrf2), nuclear factor kappa-light-chain-enhancer of activated B cells (NF-κB), and secreted immunoglobulin A (sIgA). The addition of HY at 400 and 800 mg.kg<sup>-1</sup> decreased (<i>P</i> = 0.001) the duodenal mRNA expression of copper and zinc superoxide dismutase (Cu-ZnSOD1). HY supplementation tended to decrease (<i>P</i> =0.07) the duodenal mRNA expression of heat shock protein 70 (HSP70). The results suggest that hydrolyzed yeast supplementation to broiler chickens exposed to heat stress might improve intestinal redox homeostasis and decrease the mortality rate. The inclusion of 800 mg.kg<sup>-1</sup> HY in the diet enhanced duodenal redox homeostasis, while 400-1,200 mg.kg<sup>-1</sup> HY reduced mortality rate and exhibited lower drip loss values and reduced woody breast of <i>Pectoralis major</i> in terms of incidence and degree of severity.",Saccharomyces cerevisiae,temperature,,
39502951,10.3389/fvets.2024.1482134,PMC11534807,oa,2024,Frontiers in veterinary science,Evaluating the efficacy of probiotics and ascorbic acid as anti-stress agents against heat stress in broiler chickens.,"Heat stress poses a substantial challenge to poultry production worldwide, highlighting the urgent need for effective management strategies. This study investigated the efficacy of probiotics (<i>Saccharomyces cerevisiae</i>) and ascorbic acid as antistress agents using cloacal and body surface temperatures (CT and BST) as heat stress biomarkers in broiler chickens. A total of 56 broiler chicks were used for the experiment and were divided into four distinct groups: control, probiotics (1 g/kg of feed), ascorbic acid (200 mg/kg of feed) and the combination of probiotics and ascorbic acid (1 g/kg and 200 mg/kg of feed, respectively). The study lasted 35 days; measurements were taken for ambient temperature (AT), CT, and BST. The ambient temperature in the pens consistently exceeded the thermoneutral zone (TNZ) established for broiler chickens. The CT values for broiler chickens in the probiotic group were significantly lower (<i>p</i> < 0.05) compared to the control group. Additionally, the BST values in the probiotic and probiotic + ascorbic acid groups were significantly lower (<i>p</i> < 0.05) than those in the control group. The findings suggest that incorporating probiotics, with or without ascorbic acid, can effectively reduce CT and BST values in broiler chickens thereby, enhancing thermoregulation when compared to the control group. This implies that using probiotics in poultry diets may enhance health and growth performance, potentially leading to better feed efficiency and reduced reliance on antibiotics. Implementing these dietary strategies could improve the productivity and welfare of broiler chickens in commercial settings.",Saccharomyces cerevisiae,temperature,,
39461918,10.1007/s00438-024-02196-5,,no_pmc,2024,Molecular genetics and genomics : MGG,Unveiling genetic anchors in saccharomyces cerevisiae: QTL mapping identifies IRA2 as a key player in ethanol tolerance and beyond.,"Ethanol stress in Saccharomyces cerevisiae is a well-studied phenomenon, but pinpointing specific genes or polymorphisms governing ethanol tolerance remains a subject of ongoing debate. Naturally found in sugar-rich environments, this yeast has evolved to withstand high ethanol concentrations, primarily produced during fermentation in the presence of suitable oxygen or sugar levels. Originally a defense mechanism against competing microorganisms, yeast-produced ethanol is now a cornerstone of brewing and bioethanol industries, where customized yeasts require high ethanol resistance for economic viability. However, yeast strains exhibit varying degrees of ethanol tolerance, ranging from 8 to 20%, making the genetic architecture of this trait complex and challenging to decipher. In this study, we introduce a novel QTL mapping pipeline to investigate the genetic markers underlying ethanol tolerance in an industrial bioethanol S. cerevisiae strain. By calculating missense mutation frequency in an allele located in a prominent QTL region within a population of 1011 S. cerevisiae strains, we uncovered rare occurrences in gene IRA2. Following molecular validation, we confirmed the significant contribution of this gene to ethanol tolerance, particularly in concentrations exceeding 12% of ethanol. IRA2 pivotal role in stress tolerance due to its participation in the Ras-cAMP pathway was further supported by its involvement in other tolerance responses, including thermotolerance, low pH tolerance, and resistance to acetic acid. Understanding the genetic basis of ethanol stress in S. cerevisiae holds promise for developing robust yeast strains tailored for industrial applications.",Saccharomyces cerevisiae,temperature,,
39380498,10.1002/biot.202400397,,no_pmc,2024,Biotechnology journal,25SrRNA Methyltransferase CgBMT5 From Candida glycerinogenes Improves Tolerance and Fermentation Performance of Saccharomyces cerevisiae and Yarrowia lipolytica From Undetoxified Cellulose Hydrolysate.,"The hydrolysis of cellulose generates inhibitors like acetate, suppressing fermentation performance. Here, 25SrRNA methyltransferase CgBMT5 from stress-tolerant yeast Candida glycerinogenes was used as an anti-stress gene element in Saccharomyces cerevisiae and Yarrowia lipolytica. Expression of CgBMT5 in S. cerevisiae increased cell tolerance to acetate, high osmolarity, and heat stress and rescued the delay in cell growth under acetate stress. Ethanol productivity was improved from 0.52 g·(L/h) to 0.69 g·(L/h). CgBMT5 improved GFP expression. The transcription factor ARG81 binds to the promoter of CgBMT5. CgBMT5 upregulated HOG1, GPD1, HAA1, and PMA1 and reduced ROS level, thereby improving cell resistance to acetate. CgBMT5 also improved resistance of Y. lipolytica Po1g to multiple-stress. The lipid titer was improved by 37% in the typical medium. Y. lipolytica-CgBMT5 produced 94 mg/L lipid in the undetoxified cellulose hydrolysate.",Saccharomyces cerevisiae,temperature,,
39374121,10.7554/eLife.99052,PMC11458177,oa,2024,eLife,Single turnover transient state kinetics reveals processive protein unfolding catalyzed by <i>Escherichia coli</i> ClpB.,"<i>Escherichia coli</i> ClpB and <i>Saccharomyces cerevisiae</i> Hsp104 are AAA+ motor proteins essential for proteome maintenance and thermal tolerance. ClpB and Hsp104 have been proposed to extract a polypeptide from an aggregate and processively translocate the chain through the axial channel of its hexameric ring structure. However, the mechanism of translocation and if this reaction is processive remains disputed. We reported that Hsp104 and ClpB are non-processive on unfolded model substrates. Others have reported that ClpB is able to processively translocate a mechanically unfolded polypeptide chain at rates over 240 amino acids (aa) per second. Here, we report the development of a single turnover stopped-flow fluorescence strategy that reports on processive protein unfolding catalyzed by ClpB. We show that when translocation catalyzed by ClpB is challenged by stably folded protein structure, the motor enzymatically unfolds the substrate at a rate of ~0.9 aa s<sup>-1</sup> with a kinetic step-size of ~60 amino acids at sub-saturating [ATP]. We reconcile the apparent controversy by defining enzyme catalyzed protein unfolding and translocation as two distinct reactions with different mechanisms of action. We propose a model where slow unfolding followed by fast translocation represents an important mechanistic feature that allows the motor to rapidly translocate up to the next folded region or rapidly dissociate if no additional fold is encountered.",Saccharomyces cerevisiae,temperature,,
39363175,10.1093/femsyr/foae031,PMC11484806,oa,2024,FEMS yeast research,The superior growth of Kluyveromyces marxianus at very low potassium concentrations is enabled by the high-affinity potassium transporter Hak1.,"The non-conventional yeast Kluyveromyces marxianus has recently emerged as a promising candidate for many food, environment, and biotechnology applications. This yeast is thermotolerant and has robust growth under many adverse conditions. Here, we show that its ability to grow under potassium-limiting conditions is much better than that of Saccharomyces cerevisiae, suggesting a very efficient and high-affinity potassium uptake system(s) in this species. The K. marxianus genome contains two genes for putative potassium transporters: KmHAK1 and KmTRK1. To characterize the products of the two genes, we constructed single and double knock-out mutants in K. marxianus and also expressed both genes in an S. cerevisiae mutant, that lacks potassium importers. Our results in K. marxianus and S. cerevisiae revealed that both genes encode efficient high-affinity potassium transporters, contributing to potassium homeostasis and maintaining plasma-membrane potential and cytosolic pH. In K. marxianus, the presence of HAK1 supports growth at low K+ much better than that of TRK1, probably because the substrate affinity of KmHak1 is about 10-fold higher than that of KmTrk1, and its expression is induced ~80-fold upon potassium starvation. KmHak1 is crucial for salt stress survival in both K. marxianus and S. cerevisiae. In co-expression experiments with ScTrk1 and ScTrk2, its robustness contributes to an increased tolerance of S. cerevisiae cells to sodium and lithium salt stress.",Saccharomyces cerevisiae,temperature,,
39338512,10.3390/microorganisms12091838,PMC11433872,oa,2024,Microorganisms,Calorie Restriction Decreases Competitive Fitness in <i>Saccharomyces cerevisiae</i> Following Heat Stress.,"Experiments exposing <i>Saccharomyces cerevisiae</i> to glucose limitation (calorie restriction) are widely used to determine impacts on cell health as a model for aging. Using growth on plates and in liquid culture, we demonstrated that calorie restriction reduces fitness in subsequent nutrient-limited environments. Yeast grown in a calorie-restricted environment took longer to emerge from the lag phase, had an extended doubling time and had a lower percentage of culturability. Cells grown under moderate calorie restriction were able to withstand a gradual heat stress in a similar manner to cells grown without calorie restriction but fared less well with a sudden heat shock. Yeast grown under extreme calorie restriction were less fit when exposed to gradual heating or heat shock. Using RNAseq analysis, we provide novel insight into the mechanisms underlying this response, showing that in the absence of calorie restriction, genes whose products are involved in energy metabolism (glycolysis/gluconeogenesis and the citrate cycle) are predominantly overexpressed when yeasts were exposed to gradual heating, whereas this was not the case when they were exposed to shock. We show that both the culture history and the current environment must be considered when assaying physiological responses, and this has wider implications when developing strategies for the propagation, preservation or destruction of microbial cells.",Saccharomyces cerevisiae,temperature,,
39302312,10.1083/jcb.202401082,PMC11415305,oa,2024,The Journal of cell biology,Feedback control of the heat shock response by spatiotemporal regulation of Hsp70.,"Cells maintain homeostasis via dynamic regulation of stress response pathways. Stress pathways transiently induce response regulons via negative feedback loops, but the extent to which individual genes provide feedback has not been comprehensively measured for any pathway. Here, we disrupted the induction of each gene in the Saccharomyces cerevisiae heat shock response (HSR) and quantified cell growth and HSR dynamics following heat shock. The screen revealed a core feedback loop governing the expression of the chaperone Hsp70 reinforced by an auxiliary feedback loop controlling Hsp70 subcellular localization. Mathematical modeling and live imaging demonstrated that multiple HSR targets converge to promote Hsp70 nuclear localization via its release from cytosolic condensates. Following ethanol stress, a distinct set of factors similarly converged on Hsp70, suggesting that nonredundant subsets of the HSR regulon confer feedback under different conditions. Flexible spatiotemporal feedback loops may broadly organize stress response regulons and expand their adaptive capacity.",Saccharomyces cerevisiae,temperature,,
39257736,10.1101/2024.08.28.610152,PMC11383653,oa,2024,bioRxiv : the preprint server for biology,Temperature affects recombination rate plasticity and meiotic success between thermotolerant and cold tolerant yeast species.,"Meiosis is required for the formation of gametes in all sexually reproducing species and the process is well conserved across the tree of life. However, meiosis is sensitive to a variety of external factors, which can impact chromosome pairing, recombination, and fertility. For example, the optimal temperature for successful meiosis varies between species of plants and animals. This suggests that meiosis is temperature sensitive, and that natural selection may act on variation in meiotic success as organisms adapt to different environmental conditions. To understand how temperature alters the successful completion of meiosis, we utilized two species of the budding yeast <i>Saccharomyces</i> with different temperature preferences: thermotolerant <i>Saccharomyces cerevisiae</i> and cold tolerant <i>Saccharomyces uvarum</i>. We surveyed three metrics of meiosis: sporulation efficiency, spore viability, and recombination rate in multiple strains of each species. As per our predictions, the proportion of cells that complete meiosis and form spores is temperature sensitive, with thermotolerant <i>S. cerevisiae</i> having a higher temperature threshold for successful meiosis than cold tolerant <i>S. uvarum</i>. We confirmed previous observations that <i>S. cerevisiae</i> recombination rate varies between strains and across genomic regions, and add new results that <i>S. uvarum</i> has higher recombination rates than <i>S. cerevisiae</i>. We find that temperature significantly influences recombination rate plasticity in <i>S. cerevisiae</i> and <i>S. uvarum</i>, in agreement with studies in animals and plants. Overall, these results suggest that meiotic thermal sensitivity is associated with organismal thermal tolerance, and may even result in temporal reproductive isolation as populations diverge in thermal profiles.",Saccharomyces cerevisiae,temperature,,
39250759,10.1093/g3journal/jkae215,PMC11540316,oa,2024,"G3 (Bethesda, Md.)",Evaluating cellular roles and phenotypes associated with trehalose degradation genes in Saccharomyces cerevisiae.,"In the yeast Saccharomyces cerevisiae, 2 types of trehalase activities have been described. Neutral trehalases (Nth1 and Nth2) are considered to be the main proteins that catalyze intracellular trehalose mobilization. In addition to Nth1 and Nth2, studies have shown that acid trehalase Ath1 is required for extracellular trehalose degradation. Although both neutral and acid-type trehalases have been predominantly investigated in laboratory strains of S. cerevisiae, we sought to examine the phenotypic consequences of disrupting these genes in wild strains. In this study, we constructed mutants of the trehalose degradation pathway (NTH1, NTH2, and ATH1) in 5 diverse S. cerevisiae strains to examine whether published lab strain phenotypes are also exhibited by wild strains. For each mutant, we assessed a number of phenotypes for comparison to trehalose biosynthesis mutants, including trehalose production, glycogen production, cell size, acute thermotolerance, high-temperature growth, sporulation efficiency, and growth on a variety of carbon sources in rich and minimal medium. We found that all trehalase mutants including single deletion nth1Δ, nth2Δ, and ath1Δ, as well as double deletion nth1nth2Δ, accumulated higher intracellular trehalose levels compared to their isogenic wild-type cells. Also, nth1Δ and nth1Δnth2Δ mutants exhibited mild thermal sensitivity, suggesting a potential minor role for trehalose mobilization when cells recover from stress. In addition, we evaluated phenotypes more directly relevant to trehalose degradation, including both extracellular and intracellular trehalose utilization. We discovered that intracellular trehalose hydrolysis is critical for typical spore germination progression, highlighting a role for trehalose in cell cycle regulation, likely as a storage carbohydrate providing glycolytic fuel. Additionally, our work provides further evidence suggesting Ath1 is indispensable for extracellular trehalose utilization as a carbon source, even in the presence of AGT1.",Saccharomyces cerevisiae,temperature,,
39230763,10.1007/s00203-024-04117-x,,no_pmc,2024,Archives of microbiology,Identification of genes associated with the high-temperature fermentation trait in the Saccharomyces cerevisiae natural isolate BCC39850.,"The fermentative model yeast Saccharomyces cerevisiae has been extensively used to study the genetic basis of stress response and homeostasis. In this study, we performed quantitative trait loci (QTL) analysis of the high-temperature fermentation trait of the progeny from the mating of the S. cerevisiae natural isolate BCC39850 (haploid#17) and the laboratory strain CEN.PK2-1C. A single QTL on chromosome X was identified, encompassing six candidate genes (GEA1, PTK2, NTA1, NPA3, IRT1, and IML1). The functions of these candidates were tested by reverse genetic experiments. Deletion mutants of PTK2, NTA1, and IML1 showed growth defects at 42 °C. The PTK2 knock-out mutant also showed significantly reduced ethanol production and plasma membrane H<sup>+</sup> ATPase activity and increased sensitivity to acetic acid, ethanol, amphotericin B (AMB), and β-1,3-glucanase treatment. The CRISPR-Cas9 system was used to construct knock-in mutants by replacement of PTK2, NTA1, IML1, and NPA3 genes with BCC39850 alleles. The PTK2 and NTA1 knock-in mutants showed increased growth and ethanol production titers at 42 °C. These findings suggest an important role for the PTK2 serine/threonine protein kinase in regulating plasma membrane H<sup>+</sup> ATPase activity and the NTA1 N-terminal amidase in protein degradation via the ubiquitin-proteasome system machinery, which affects tolerance to heat stress in S. cerevisiae.",Saccharomyces cerevisiae,temperature,,
39187062,10.1016/j.micinf.2024.105409,,no_pmc,2025,Microbes and infection,"The replacement of ergosterol with alternative sterols affects the physiological function of the yeast plasma membrane, including its H<sup>+</sup>-ATPase activity and resistance to antifungal drugs.","Sterols perform essential structural and signalling functions in living organisms. Ergosterol contributes to the fluidity, permeability, microdomain formation and functionality of proteins in the yeast membrane. In our study, desmosterol was the most successful at compensating for the lack of ergosterol in Saccharomyces cerevisiae, besides stigmasterol and sitosterol. These three sterols supported cell growth without causing severe morphological defects, unlike cholesterol, 7-dehydrocholesterol, lathosterol, cholestanol or lanosterol. Together with ergosterol, they were also able to bring the plasma membrane potential of hem1Δ cells closer to the level of the wild type. In addition, desmosterol conferred even higher thermotolerance to yeast than ergosterol. Some sterols counteracted the antifungal toxicity of polyenes, azoles and terbinafine to hem1Δ cells. Plant sterols (stigmasterol, sitosterol) and desmosterol ensured the glucose-induced activation of H<sup>+</sup>-ATPase in hem1Δ cells analogously to ergosterol, whereas cholesterol and 7-dehydrocholesterol were less effective. Exogenous ergosterol, stigmasterol, sitosterol, desmosterol and cholesterol also improved the growth of Candida glabrata and Candida albicans in the presence of inhibitory concentration of fluconazole. The proper incorporation of exogenous sterols into the membrane with minimal adverse side effects on membrane functions was mainly influenced by the structure of the sterol acyl chain, and less by their ring structures.",Saccharomyces cerevisiae,temperature,,
39062766,10.3390/ijms25147514,PMC11277543,oa,2024,International journal of molecular sciences,How to Survive without Water: A Short Lesson on the Desiccation Tolerance of Budding Yeast.,"Water is essential to all life on earth. It is a major component that makes up living organisms and plays a vital role in multiple biological processes. It provides a medium for chemical and enzymatic reactions in the cell and is a major player in osmoregulation and the maintenance of cell turgidity. Despite this, many organisms, called anhydrobiotes, are capable of surviving under extremely dehydrated conditions. Less is known about how anhydrobiotes adapt and survive under desiccation stress. Studies have shown that morphological and physiological changes occur in anhydrobiotes in response to desiccation stress. Certain disaccharides and proteins, including heat shock proteins, intrinsically disordered proteins, and hydrophilins, play important roles in the desiccation tolerance of anhydrobiotes. In this review, we summarize the recent findings of desiccation tolerance in the budding yeast <i>Saccharomyces cerevisiae</i>. We also propose that the yeast under desiccation could be used as a model to study neurodegenerative disorders.",Saccharomyces cerevisiae,temperature,,
38968330,10.1371/journal.pone.0305207,PMC11226046,oa,2024,PloS one,Combination of computational techniques and RNAi reveal targets in Anopheles gambiae for malaria vector control.,"Increasing reports of insecticide resistance continue to hamper the gains of vector control strategies in curbing malaria transmission. This makes identifying new insecticide targets or alternative vector control strategies necessary. CLassifier of Essentiality AcRoss EukaRyote (CLEARER), a leave-one-organism-out cross-validation machine learning classifier for essential genes, was used to predict essential genes in Anopheles gambiae and selected predicted genes experimentally validated. The CLEARER algorithm was trained on six model organisms: Caenorhabditis elegans, Drosophila melanogaster, Homo sapiens, Mus musculus, Saccharomyces cerevisiae and Schizosaccharomyces pombe, and employed to identify essential genes in An. gambiae. Of the 10,426 genes in An. gambiae, 1,946 genes (18.7%) were predicted to be Cellular Essential Genes (CEGs), 1716 (16.5%) to be Organism Essential Genes (OEGs), and 852 genes (8.2%) to be essential as both OEGs and CEGs. RNA interference (RNAi) was used to validate the top three highly expressed non-ribosomal predictions as probable vector control targets, by determining the effect of these genes on the survival of An. gambiae G3 mosquitoes. In addition, the effect of knockdown of arginase (AGAP008783) on Plasmodium berghei infection in mosquitoes was evaluated, an enzyme we computationally inferred earlier to be essential based on chokepoint analysis. Arginase and the top three genes, AGAP007406 (Elongation factor 1-alpha, Elf1), AGAP002076 (Heat shock 70kDa protein 1/8, HSP), AGAP009441 (Elongation factor 2, Elf2), had knockdown efficiencies of 91%, 75%, 63%, and 61%, respectively. While knockdown of HSP or Elf2 significantly reduced longevity of the mosquitoes (p<0.0001) compared to control groups, Elf1 or arginase knockdown had no effect on survival. However, arginase knockdown significantly reduced P. berghei oocytes counts in the midgut of mosquitoes when compared to LacZ-injected controls. The study reveals HSP and Elf2 as important contributors to mosquito survival and arginase as important for parasite development, hence placing them as possible targets for vector control.",Saccharomyces cerevisiae,temperature,,
38766715,10.1242/jcs.261977,,no_pmc,2024,Journal of cell science,"Toxicity of the model protein 3×GFP arises from degradation overload, not from aggregate formation.","Although protein aggregation can cause cytotoxicity, such aggregates can also form to mitigate cytotoxicity from misfolded proteins, although the nature of these contrasting aggregates remains unclear. We previously found that overproduction (op) of a three green fluorescent protein-linked protein (3×GFP) induces giant aggregates and is detrimental to growth. Here, we investigated the mechanism of growth inhibition by 3×GFP-op using non-aggregative 3×MOX-op as a control in Saccharomyces cerevisiae. The 3×GFP aggregates were induced by misfolding, and 3×GFP-op had higher cytotoxicity than 3×MOX-op because it perturbed the ubiquitin-proteasome system. Static aggregates formed by 3×GFP-op dynamically trapped Hsp70 family proteins (Ssa1 and Ssa2 in yeast), causing the heat-shock response. Systematic analysis of mutants deficient in the protein quality control suggested that 3×GFP-op did not cause a critical Hsp70 depletion and aggregation functioned in the direction of mitigating toxicity. Artificial trapping of essential cell cycle regulators into 3×GFP aggregates caused abnormalities in the cell cycle. In conclusion, the formation of the giant 3×GFP aggregates itself is not cytotoxic, as it does not entrap and deplete essential proteins. Rather, it is productive, inducing the heat-shock response while preventing an overload to the degradation system.",Saccharomyces cerevisiae,temperature,,
38720268,10.1186/s12866-024-03314-4,PMC11077785,oa,2024,BMC microbiology,Response mechanisms of different Saccharomyces cerevisiae strains to succinic acid.,"The production of succinic acid (SA) from biomass has attracted worldwide interest. Saccharomyces cerevisiae is preferred for SA production due to its strong tolerance to low pH conditions, ease of genetic manipulation, and extensive application in industrial processes. However, when compared with bacterial producers, the SA titers and productivities achieved by engineered S. cerevisiae strains were relatively low. To develop efficient SA-producing strains, it's necessary to clearly understand how S. cerevisiae cells respond to SA. In this study, we cultivated five S. cerevisiae strains with different genetic backgrounds under different concentrations of SA. Among them, KF7 and NBRC1958 demonstrated high tolerance to SA, whereas NBRC2018 displayed the least tolerance. Therefore, these three strains were chosen to study how S. cerevisiae responds to SA. Under a concentration of 20 g/L SA, only a few differentially expressed genes were observed in three strains. At the higher concentration of 60 g/L SA, the response mechanisms of the three strains diverged notably. For KF7, genes involved in the glyoxylate cycle were significantly downregulated, whereas genes involved in gluconeogenesis, the pentose phosphate pathway, protein folding, and meiosis were significantly upregulated. For NBRC1958, genes related to the biosynthesis of vitamin B6, thiamin, and purine were significantly downregulated, whereas genes related to protein folding, toxin efflux, and cell wall remodeling were significantly upregulated. For NBRC2018, there was a significant upregulation of genes connected to the pentose phosphate pathway, gluconeogenesis, fatty acid utilization, and protein folding, except for the small heat shock protein gene HSP26. Overexpression of HSP26 and HSP42 notably enhanced the cell growth of NBRC1958 both in the presence and absence of SA. The inherent activities of small heat shock proteins, the levels of acetyl-CoA and the strains' potential capacity to consume SA all seem to affect the responses and tolerances of S. cerevisiae strains to SA. These factors should be taken into consideration when choosing host strains for SA production. This study provides a theoretical basis and identifies potential host strains for the development of robust and efficient SA-producing strains.",Saccharomyces cerevisiae,temperature,,
38718572,10.1016/j.bbrc.2024.150045,,no_pmc,2024,Biochemical and biophysical research communications,"Dysfunction of Avo3, an essential component of target of rapamycin complex 2, induces ubiquitin-proteasome-dependent downregulation of Avo2 in Saccharomyces cerevisiae.","The ubiquitin-proteasome system (UPS) plays a key role in maintaining cellular protein homeostasis and participates in modulating various cellular functions. Target of rapamycin (TOR), a highly conserved Ser/Thr kinase found across species from yeasts to humans, forms two multi-protein complexes, TORC1 and TORC2, to orchestrate cellular processes crucial for optimal growth, survival, and stress responses. While UPS-mediated regulation of mammalian TOR complexes has been documented, the ubiquitination of yeast TOR complexes remains largely unexplored. Here we report a functional interplay between the UPS and TORC2 in Saccharomyces cerevisiae. Using avo3-2<sup>ts</sup>, a temperature-sensitive mutant of the essential TORC2 component Avo3 exhibiting TORC2 defects at restrictive temperatures, we obtained evidence for UPS-dependent protein degradation and downregulation of the TORC2 component Avo2. Our results established the involvement of the E3 ubiquitin ligase Ubr1 and its catalytic activity in mediating Avo2 degradation in cells with defective Avo3. Coimmunoprecipitation revealed the interaction between Avo2 and Ubr1, indicating Avo2 as a potential substrate of Ubr1. Furthermore, depleting Ubr1 rescued the growth of avo3-2<sup>ts</sup> cells at restrictive temperatures, suggesting an essential role of Avo2 in sustaining cell viability under heat stress and/or TORC2 dysfunction. This study uncovers a role of UPS in yeast TORC2 regulation, highlighting the impact of protein degradation control on cellular signaling.",Saccharomyces cerevisiae,temperature,,
38711329,10.1002/jev2.12431,PMC11074623,oa,2024,Journal of extracellular vesicles,Thermotolerance in S. cerevisiae as a model to study extracellular vesicle biology.,"The budding yeast Saccharomyces cerevisiae is a proven model organism for elucidating conserved eukaryotic biology, but to date its extracellular vesicle (EV) biology is understudied. Here, we show yeast transmit information through the extracellular medium that increases survival when confronted with heat stress and demonstrate the EV-enriched samples mediate this thermotolerance transfer. These samples contain vesicle-like particles that are exosome-sized and disrupting exosome biogenesis by targeting endosomal sorting complexes required for transport (ESCRT) machinery inhibits thermotolerance transfer. We find that Bro1, the yeast ortholog of the human exosome biomarker ALIX, is present in EV samples, and use Bro1 tagged with green fluorescent protein (GFP) to track EV release and uptake by endocytosis. Proteomics analysis reveals that heat shock protein 70 (HSP70) family proteins are enriched in EV samples that provide thermotolerance. We confirm the presence of the HSP70 ortholog stress-seventy subunit A2 (Ssa2) in EV samples and find that mutant yeast cells lacking SSA2 produce EVs but they fail to transfer thermotolerance. We conclude that Ssa2 within exosomes shared between yeast cells contributes to thermotolerance. Through this work, we advance Saccharomyces cerevisiae as an emerging model organism for elucidating molecular details of eukaryotic EV biology and establish a role for exosomes in heat stress and proteostasis that seems to be evolutionarily conserved.",Saccharomyces cerevisiae,temperature,,
38697435,10.1016/j.ijbiomac.2024.132004,,no_pmc,2024,International journal of biological macromolecules,Dynamic protein composition of Saccharomyces cerevisiae ribosomes in response to multiple stress conditions reflects alterations in translation activity.,"Ribosomes, intercellular macromolecules responsible for translation in the cell, are composed of RNAs and proteins. While rRNA makes the scaffold of the ribosome and directs the catalytic steps of protein synthesis, ribosomal proteins play a role in the assembly of the subunits and are essential for the proper structure and function of the ribosome. To date researchers identified heterogeneous ribosomes in different developmental and growth stages. We hypothesized that under stress conditions the heterogeneity of the ribosomes may provide means to prepare the cells for quick recovery. Therefore the aim of the study was the identification of heterogeneity of ribosomal proteins within the ribosomes in response to eleven stress conditions in Saccharomyces cerevisiae, by means of a liquid chromatography/high resolution mass spectrometry (LC-HRMS) and translation activity tests. Out of the total of 74 distinct ribosomal proteins identified in the study 14 small ribosomal subunit (RPS) and 8 large ribosomal subunit (RPL) proteins displayed statistically significant differential abundances within the ribosomes under stress. Additionally, significant alterations in the ratios of 7 ribosomal paralog proteins were observed. Accordingly, the translational activity of yeast ribosomes was altered after UV exposure, during sugar starvation, cold shock, high salt, anaerobic conditions, and amino acid starvation.",Saccharomyces cerevisiae,temperature,,
38638896,10.3389/fmicb.2024.1377713,PMC11024458,oa,2024,Frontiers in microbiology,The role of VdSti1 in Verticillium dahliae: insights into pathogenicity and stress responses.,"Sti1/Hop, a stress-induced co-chaperone protein, serves as a crucial link between Hsp70 and Hsp90 during cellular stress responses. Despite its importance in stress defense mechanisms, the biological role of Sti1 in Verticillium dahliae, a destructive fungal pathogen, remains largely unexplored. This study focused on identifying and characterizing Sti1 homologues in <i>V. dahliae</i> by comparing them to those found in <i>Saccharomyces cerevisiae</i>. The results indicated that the VdSti1-deficient mutant displayed increased sensitivity to drugs targeting the ergosterol synthesis pathway, leading to a notable inhibition of ergosterol biosynthesis. Moreover, the mutant exhibited reduced production of microsclerotia and melanin, accompanied by decreased expression of microsclerotia and melanin-related genes VDH1, Vayg1, and VaflM. Additionally, the mutant's conidia showed more severe damage under heat shock conditions and displayed growth defects under various stressors such as temperature, SDS, and CR stress, as well as increased sensitivity to H2O2, while osmotic stress did not impact its growth. Importantly, the VdSti1-deficient mutant demonstrated significantly diminished pathogenicity compared to the wild-type strain. This study sheds light on the functional conservation and divergence of Sti1 homologues in fungal biology and underscores the critical role of VdSti1 in microsclerotia development, stress response, and pathogenicity of <i>V. dahliae</i>.",Saccharomyces cerevisiae,temperature,,
38577891,10.1093/g3journal/jkae075,PMC11152076,oa,2024,"G3 (Bethesda, Md.)","Sse1, Hsp110 chaperone of yeast, controls the cellular fate during endoplasmic reticulum stress.","Sse1 is a cytosolic Hsp110 molecular chaperone of yeast, Saccharomyces cerevisiae. Its multifaceted roles in cellular protein homeostasis as a nucleotide exchange factor (NEF), as a protein-disaggregase and as a chaperone linked to protein synthesis (CLIPS) are well documented. In the current study, we show that SSE1 genetically interacts with IRE1 and HAC1, the endoplasmic reticulum-unfolded protein response (ER-UPR) sensors implicating its role in ER protein homeostasis. Interestingly, the absence of this chaperone imparts unusual resistance to tunicamycin-induced ER stress which depends on the intact Ire1-Hac1 mediated ER-UPR signaling. Furthermore, cells lacking SSE1 show inefficient ER-stress-responsive reorganization of translating ribosomes from polysomes to monosomes that drive uninterrupted protein translation during tunicamycin stress. In consequence, the sse1Δ strain shows prominently faster reversal from ER-UPR activated state indicating quicker restoration of homeostasis, in comparison to the wild-type (WT) cells. Importantly, Sse1 plays a critical role in controlling the ER-stress-mediated cell division arrest, which is escaped in sse1Δ strain during chronic tunicamycin stress. Accordingly, sse1Δ strain shows significantly higher cell viability in comparison to WT yeast imparting the stark fitness following short-term as well as long-term tunicamycin stress. These data, all together, suggest that cytosolic chaperone Sse1 is an important modulator of ER stress response in yeast and it controls stress-induced cell division arrest and cell death during overwhelming ER stress induced by tunicamycin.",Saccharomyces cerevisiae,temperature,,
38496885,10.1016/j.heliyon.2024.e27406,PMC10944226,oa,2024,Heliyon,High-altitude balloon platform for studying the biological response of living organisms exposed to near-space environments.,"The intangible desire to explore the mysteries of the universe has driven numerous advancements for humanity for centuries. Extraterrestrial journeys are becoming more realistic as a result of human curiosity and endeavors. Over the years, space biology research has played a significant role in understanding the hazardous effects of the space environment on human health during long-term space travel. The inevitable consequence of a space voyage is space ionizing radiation, which has deadly aftereffects on the human body. The paramount objective of this study is to provide a robust platform for performing biological experiments within the Earth's stratosphere by utilizing high-altitude balloons. This platform allows the use of a biological payload to simulate spaceflight missions within the unique properties of space that cannot be replicated in terrestrial facilities. This paper describes the feasibility and demonstration of a biological balloon mission suitable for students and scientists to perform space biology experiments within the boundary of the stratosphere. In this study, a high-altitude balloon was launched into the upper atmosphere (∼29 km altitude), where living microorganisms were exposed to a hazardous combination of UV irradiation, ultralow pressure and cold shock. The balloon carried the budding yeast <i>Saccharomyces cerevisiae</i> to investigate microbial survival potential under extreme conditions. The results indicated a notable reduction in biosample mortality two orders of magnitude (2-log) after exposure to 164.9 kJ m<sup>-2</sup> UV. Postflight experiments have shown strong evidence that the effect of UV irradiation on living organisms is stronger than that of other extreme conditions.",Saccharomyces cerevisiae,temperature,,
38381577,10.1091/mbc.E23-07-0296,PMC11064659,oa,2024,Molecular biology of the cell,Cytoplasmic redox imbalance in the thioredoxin system activates Hsf1 and results in hyperaccumulation of the sequestrase Hsp42 with misfolded proteins.,"Cells employ multiple systems to maintain homeostasis when experiencing environmental stress. For example, the folding of nascent polypeptides is exquisitely sensitive to proteotoxic stressors including heat, pH, and oxidative stress, and is safeguarded by a network of protein chaperones that concentrate potentially toxic misfolded proteins into transient assemblies to promote folding or degradation. The redox environment itself is buffered by both cytosolic and organellar thioredoxin and glutathione pathways. How these systems are linked is poorly understood. Here, we determine that specific disruption of the cytosolic thioredoxin system resulted in constitutive activation of the heat shock response in <i>Saccharomyces cerevisiae</i> and accumulation of the sequestrase Hsp42 into an exaggerated and persistent juxtanuclear quality control (JUNQ) compartment. Terminally misfolded proteins also accumulated in this compartment in thioredoxin reductase (<i>TRR1</i>)-deficient cells, despite apparently normal formation and dissolution of transient cytoplasmic quality control (CytoQ) bodies during heat shock. Notably, cells lacking <i>TRR1</i> and <i>HSP42</i> exhibited severe synthetic slow growth exacerbated by oxidative stress, signifying a critical role for Hsp42 under redox-challenged conditions. Finally, we demonstrated that Hsp42 localization patterns in <i>trr1∆</i> cells mimic those observed in chronically aging and glucose-starved cells, linking nutrient depletion and redox imbalance with management of misfolded proteins via a process of long-term sequestration.",Saccharomyces cerevisiae,temperature,,
38366111,10.1002/1873-3468.14821,,no_pmc,2024,FEBS letters,"Deletion of the transcription factors Hsf1, Msn2 and Msn4 in yeast uncovers transcriptional reprogramming in response to proteotoxic stress.","The response to proteotoxic stresses such as heat shock allows organisms to maintain protein homeostasis under changing environmental conditions. We asked what happens if an organism can no longer react to cytosolic proteotoxic stress. To test this, we deleted or depleted, either individually or in combination, the stress-responsive transcription factors Msn2, Msn4, and Hsf1 in Saccharomyces cerevisiae. Our study reveals a combination of survival strategies, which together protect essential proteins. Msn2 and 4 broadly reprogram transcription, triggering the response to oxidative stress, as well as biosynthesis of the protective sugar trehalose and glycolytic enzymes, while Hsf1 mainly induces the synthesis of molecular chaperones and reverses the transcriptional response upon prolonged mild heat stress (adaptation).",Saccharomyces cerevisiae,temperature,,
38302116,10.1093/genetics/iyae017,,no_pmc,2024,Genetics,Role of the San1 ubiquitin ligase in the heat stress-induced degradation of nonnative Nup1 in the nuclear pore complex.,"The nuclear pore complex (NPC) mediates the selective exchange of macromolecules between the nucleus and the cytoplasm. Neurodegenerative diseases such as amyotrophic lateral sclerosis are characterized by mislocalization of nucleoporins (Nups), transport receptors, and Ras-related nuclear proteins into nucleoplasmic or cytosolic aggregates, underscoring the importance of precise assembly of the NPC. The assembly state of large protein complexes is strictly monitored by the protein quality control system. The ubiquitin-proteasome system may eliminate aberrant, misfolded, and/or orphan components; however, the involvement of the ubiquitin-proteasome system in the degradation of nonnative Nups in the NPC remains unclear. Here, we show that in Saccharomyces cerevisiae, although Nup1 (the FG-Nup component of the central core of the NPC) was stable, C-terminally green fluorescent protein-tagged Nup1, which had been incorporated into the NPC, was degraded by the proteasome especially under heat stress conditions. The degradation was dependent on the San1 ubiquitin ligase and Cdc48/p97, as well as its cofactor Doa1. We also demonstrate that San1 weakly but certainly contributes to the degradation of nontagged endogenous Nup1 in cells defective in NPC biogenesis by the deletion of NUP120. In addition, the overexpression of SAN1 exacerbated the growth defect phenotype of nup120Δ cells, which may be caused by excess degradation of defective Nups due to the deletion of NUP120. These biochemical and genetic data suggest that San1 is involved in the degradation of nonnative Nups generated by genetic mutation or when NPC biogenesis is impaired.",Saccharomyces cerevisiae,temperature,,
38278452,10.1016/j.biortech.2024.130376,,no_pmc,2024,Bioresource technology,Low temperature promotes the production and efflux of terpenoids in yeast.,"Altering the fermentation environment provides an effective approach to optimizing the production efficiency of microbial cell factories globally. Here, lower fermentation temperatures of yeast were found to significantly improve the synthesis and efflux of terpenoids, including glycyrrhetinic acid (GA), β-caryophyllene, and α-amyrin. The production of GA at 22°C increased by 5.5 times compared to 30°C. Yeast subjected to lower temperature showed substantial changes at various omics levels. Certain genes involved in maintaining cellular homeostasis that were upregulated under the low temperature conditions, leading to enhanced GA production. Substituting Mvd1, a thermo-unstable enzyme in mevalonate pathway identified by transcriptome and proteome, with a thermo-tolerant isoenzyme effectively increased GA production. The lower temperature altered the composition of phospholipids and increased the unsaturation of fatty acid chains, which may influence GA efflux. This study presents a strategy for optimizing the fermentation process and identifying key targets of cell factories for terpenoid production.",Saccharomyces cerevisiae,temperature,,
38260373,10.1101/2024.01.09.574867,PMC10802473,oa,2024,bioRxiv : the preprint server for biology,Feedback control of the heat shock response by spatiotemporal regulation of Hsp70.,"Cells maintain homeostasis via dynamic regulation of stress response pathways. Stress pathways transiently induce response regulons via negative feedback loops, but the extent to which individual genes provide feedback has not been comprehensively measured for any pathway. Here, we disrupted induction of each gene in the <i>Saccharomyces cerevisiae</i> heat shock response (HSR) and quantified cell growth and HSR dynamics following heat shock. The screen revealed a core feedback loop governing expression of the chaperone Hsp70 reinforced by an auxiliary feedback loop controlling Hsp70 subcellular localization. Mathematical modeling and live imaging demonstrated that multiple HSR targets converge to promote Hsp70 nuclear localization via its release from cytosolic condensates. Following ethanol stress, a distinct set of factors similarly converged on Hsp70, suggesting that nonredundant subsets of the HSR regulon confer feedback under different conditions. Flexible spatiotemporal feedback loops may broadly organize stress response regulons and expand their adaptive capacity.",Saccharomyces cerevisiae,temperature,,
38229033,10.1186/s11658-024-00533-5,PMC10790418,oa,2024,Cellular & molecular biology letters,SUMOylation modulates eIF5A activities in both yeast and pancreatic ductal adenocarcinoma cells.,"The eukaryotic translation initiation protein eIF5A is a highly conserved and essential factor that plays a critical role in different physiological and pathological processes including stress response and cancer. Different proteomic studies suggest that eIF5A may be a small ubiquitin-like modifier (SUMO) substrate, but whether eIF5A is indeed SUMOylated and how relevant is this modification for eIF5A activities are still unknown. SUMOylation was evaluated using in vitro SUMOylation assays, Histidine-tagged proteins purification from His6-SUMO2 transfected cells, and isolation of endogenously SUMOylated proteins using SUMO-binding entities (SUBES). Mutants were engineered by site-directed mutagenesis. Protein stability was measured by a cycloheximide chase assay. Protein localization was determined using immunofluorescence and cellular fractionation assays. The ability of eIF5A1 constructs to complement the growth of Saccharomyces cerevisiae strains harboring thermosensitive mutants of a yeast EIF5A homolog gene (HYP2) was analyzed. The polysome profile and the formation of stress granules in cells expressing Pab1-GFP (a stress granule marker) by immunofluorescence were determined in yeast cells subjected to heat shock. Cell growth and migration of pancreatic ductal adenocarcinoma PANC-1 cells overexpressing different eIF5A1 constructs were evaluated using crystal violet staining and transwell inserts, respectively. Statistical analysis was performed with GraphPad Software, using unpaired Student's t-test, or one-way or two-way analysis of variance (ANOVA). We found that eIF5A is modified by SUMO2 in vitro, in transfected cells and under endogenous conditions, revealing its physiological relevance. We identified several SUMO sites in eIF5A and found that SUMOylation modulates both the stability and the localization of eIF5A in mammalian cells. Interestingly, the SUMOylation of eIF5A responds to specific stresses, indicating that it is a regulated process. SUMOylation of eIF5A is conserved in yeast, the eIF5A SUMOylation mutants are unable to completely suppress the defects of HYP2 mutants, and SUMOylation of eIF5A is important for both stress granules formation and disassembly of polysomes induced by heat-shock. Moreover, mutation of the SUMOylation sites in eIF5A abolishes its promigratory and proproliferative activities in PANC-1 cells. SUMO2 conjugation to eIF5A is a stress-induced response implicated in the adaptation of yeast cells to heat-shock stress and required to promote the growth and migration of pancreatic ductal adenocarcinoma cells.",Saccharomyces cerevisiae,temperature,,
38154617,10.1016/j.bj.2023.100694,PMC10950826,oa,2024,Biomedical journal,"Inactivation of Ymr1, Sjl2/3 phosphatases promotes stress resistance and longevity in wild type and Ras2G19V yeast.","In Saccharomyces cerevisiae, RAt Sarcoma (Ras) activity plays a central role in mediating the effect of glucose in decreasing stress resistance and longevity, with constitutive Ras activation mutations promoting cell growth and oncogenesis. Here, we used transposon mutagenesis in yeast to identify suppressors of the constitutively active Ras2G19V, orthologue of the KRASG12C mammalian oncogene. We identified mutations in Yeast Myotubularin Related (YMR1), SynaptoJanin-Like (SJL2) and SJL3 phosphatases, which target phosphatidylinositol phosphates, as the most potent suppressors of constitutive active Ras, able to reverse its effect on stress sensitization and sufficient to extend longevity. In sjl2 mutants, the staining of Ras-GTP switched from membrane-associated to a diffuse cytoplasmic staining, suggesting that it may block Ras activity by preventing its localization. Whereas expression of the Sjl2 PI 3,4,5 phosphatase mediated stress sensitization in both the Ras2G19V and wild type backgrounds, overexpression of the phosphatidylinositol 3 kinase VPS34 (Vacuolar Protein Sorting), promoted heat shock sensitization only in the Ras2G19V background, suggesting a complex relationship between different phosphatidylinositol and stress resistance. These results provide potential targets to inhibit the growth of cancer cells with constitutive Ras activity and link the glucose-dependent yeast pro-aging Ras signaling pathway to the well-established pro-aging PhosphoInositide 3-Kinase(PI3K) pathway in worms and other species raising the possibility that the conserved longevity effect of mutations in the PI3K-AKT (AK strain Transforming) pathway may involve inhibition of Ras signaling.",Saccharomyces cerevisiae,temperature,,
38090074,10.1039/d3ra05216h,PMC10714670,oa,2023,RSC advances,Improving thermo-tolerance of <i>Saccharomyces cerevisiae</i> by precise regulation of the expression of small HSP.,"The level of heat resistance in microbial cells is an important factor in determining the energy consumption and product synthesis efficiency of fermentation processes. Current research generally believes that heat shock proteins (HSPs) are the most closely related functional molecules to heat resistance inside cells. They can stabilize cell structures and allow cells to perform their normal physiological functions. Based on our previous transcriptome data, this study applies synthetic biology methods to validate the functionality of heat-resistant elements. The researchers introduced gene circuits expressing small HSPs (<i>sHSP-HB8</i>, <i>HSP12</i>, <i>HSP26</i>, <i>HSP30</i>, <i>HSP42</i>, and <i>ibpa-MB4</i>) with different promoter strengths (<i>TDH3</i>p, <i>YNL247w</i>p) into <i>Saccharomyces cerevisiae</i> strains for functional verification. All engineered strains, with the exception of No. 3 and No. 8, demonstrated a significantly higher growth rate and cell viability at 42 °C. Among them, No. 7 (<i>YNL247w</i>p-<i>HSP12-SLM5</i>t) and No. 11 (<i>YNL247w</i>p-<i>sHSP-HB8-SLM5</i>t), the two best performing engineered strains, exhibited a 19.8% and 17.2% increase in cell density, respectively, compared to the control strain. Additionally, the analysis of pyruvate kinase (PK) and malate dehydrogenase (MDH) enzyme activities indicated that the engineered strains enhanced protein quality at higher temperatures. The research methods and ideas presented in this paper have significant scientific reference value for exploring and applying other stress-resistant gene circuits.",Saccharomyces cerevisiae,temperature,,
38003590,10.3390/ijms242216401,PMC10671187,oa,2023,International journal of molecular sciences,"The Reaction of the Yeast <i>Saccharomyces cerevisiae</i> to Contamination of the Medium with Aflatoxins B<sub>2</sub> and G<sub>1</sub>, Ochratoxin A and Zearalenone in Aerobic Cultures.","The mechanisms by which yeast cells respond to environmental stress include the production of heat shock proteins (HSPs) and the reduction of oxidative stress. The response of yeast exposed to aflatoxins B<sub>2</sub>+G<sub>1</sub> (AFB<sub>2</sub>+G<sub>1</sub>), ochratoxin A (OTA), and zearalenone (ZEA) in aerobic conditions was studied. After 72 h of yeast cultivation in media contaminated with mycotoxins, the growth of yeast biomass, the level of malondialdehyde, and the activity of superoxide dismutase, glutathione S-transferase and glutathione peroxidase were examined; the expression profile of the following heat shock proteins was also determined: HSP31, HSP40, HSP60, HSP70, and HSP104. It was demonstrated that at the tested concentrations, both AFB<sub>2</sub>+G<sub>1</sub> and ZEA inhibited yeast biomass growth. OTA at a concentration of 8.4 [µg/L] raised the MDA level. Intensified lipoperoxidation and increased activity of SOD and GPx were observed, regardless of the level of contamination with ZEA (300 µg/L or 900 µg/L). Increased contamination with AFB<sub>2</sub>+G<sub>1</sub> and OTA caused an increase in the production of most HSPs tested (HSP31, HSP40, HSP70, HSP104). ZEA contamination in the used concentration ranges reduced the production of HSP31. The response of yeast cells to the presence of mycotoxin as a stressor resulted in the expression of certain HSPs, but the response was not systematic, which was manifested in different profiles of protein expression depending on the mycotoxin used. The tested mycotoxins influenced the induction of oxidative stress in yeast cells to varying degrees, which resulted in the activation of mainly SOD without GST mobilization or with a small involvement of GPx.",Saccharomyces cerevisiae,temperature,,
37984430,10.15252/embj.2022113240,PMC10711665,oa,2023,The EMBO journal,The ribosome-associated chaperone Zuo1 controls translation upon TORC1 inhibition.,"Protein requirements of eukaryotic cells are ensured by proteostasis, which is mediated by tight control of TORC1 activity. Upon TORC1 inhibition, protein degradation is increased and protein synthesis is reduced through inhibition of translation initiation to maintain cell viability. Here, we show that the ribosome-associated complex (RAC)/Ssb chaperone system, composed of the HSP70 chaperone Ssb and its HSP40 co-chaperone Zuo1, is required to maintain proteostasis and cell viability under TORC1 inhibition in Saccharomyces cerevisiae. In the absence of Zuo1, translation does not decrease in response to the loss of TORC1 activity. A functional interaction between Zuo1 and Ssb is required for proper translational control and proteostasis maintenance upon TORC1 inhibition. Furthermore, we have shown that the rapid degradation of eIF4G following TORC1 inhibition is mediated by autophagy and is prevented in zuo1Δ cells, contributing to decreased survival in these conditions. We found that autophagy is defective in zuo1Δ cells, which impedes eIF4G degradation upon TORC1 inhibition. Our findings identify an essential role for RAC/Ssb in regulating translation in response to changes in TORC1 signalling.",Saccharomyces cerevisiae,temperature,,
37972247,10.1093/gbe/evad207,PMC10683043,oa,2023,Genome biology and evolution,Divergence in the Saccharomyces Species' Heat Shock Response Is Indicative of Their Thermal Tolerance.,"The Saccharomyces species have diverged in their thermal growth profile. Both Saccharomyces cerevisiae and Saccharomyces paradoxus grow at temperatures well above the maximum growth temperature of Saccharomyces kudriavzevii and Saccharomyces uvarum but grow more poorly at lower temperatures. In response to thermal shifts, organisms activate a stress response that includes heat shock proteins involved in protein homeostasis and acquisition of thermal tolerance. To determine whether Saccharomyces species have diverged in their response to temperature, we measured changes in gene expression in response to a 12 °C increase or decrease in temperature for four Saccharomyces species and their six pairwise hybrids. To ensure coverage of subtelomeric gene families, we sequenced, assembled, and annotated a complete S. uvarum genome. In response to heat, the cryophilic species showed a stronger stress response than the thermophilic species, and the hybrids showed a mixture of parental responses that depended on the time point. After an initial strong response indicative of high thermal stress, hybrids with a thermophilic parent resolved their heat shock response to become similar to their thermophilic parent. Within the hybrids, only a small number of temperature-responsive genes showed consistent differences between alleles from the thermophilic and cryophilic species. Our results show that divergence in the heat shock response is mainly a consequence of a strain's thermal tolerance, suggesting that cellular factors that signal heat stress or resolve heat-induced changes are relevant to thermal divergence in the Saccharomyces species.",Saccharomyces cerevisiae,temperature,,
37964139,10.1007/s42977-023-00192-1,,no_pmc,2023,Biologia futura,Saccharomyces cerevisiae survival against heat stress entails a communication between CCT and cell wall integrity pathway.,"The chaperonin TRiC/CCT is cytosolic cylindrical complex of 16 subunits encoded by eight essential genes CCT1-8. It contributes to folding 10% of cellular polypeptides in yeast. The strain carrying substitution point mutation G412E in the equatorial domain of Cct7p resulted in the improper folding of substrates. In this study, the Cct7p mutant exhibited sensitivity to non-optimal growth temperatures and cell wall stressors. Heat shock is known to disrupt cell wall and protein stability in budding yeast. Mitogen-activated protein kinase-mediated cell wall integrity pathway gets activated to compensate the perturbed cell wall. Overexpression of the PKC1 and SLT2 genes of MAPK signaling pathway in mutant rescued the growth and cell division defects. Additionally, the genes of the CWI pathway such as SED1, GFA1, PIR1, and RIM21 are down-regulated. The Cct7p mutant strain (G412E) is unable to withstand the heat stress due to the underlying defects in protein folding and cell wall maintenance. Taken together, our results strongly indicate the interaction between CCT and cell wall integrity pathway.",Saccharomyces cerevisiae,temperature,,
37851593,10.1371/journal.pone.0289339,PMC10584130,oa,2023,PloS one,Effects of HSP70 chaperones Ssa1 and Ssa2 on Ste5 scaffold and the mating mitogen-activated protein kinase (MAPK) pathway in Saccharomyces cerevisiae.,"Ste5 is a prototype of scaffold proteins that regulate activation of mitogen-activated protein kinase (MAPK) cascades in all eukaryotes. Ste5 associates with many proteins including Gβγ (Ste4), Ste11 MAPKKK, Ste7 MAPKK, Fus3 and Kss1 MAPKs, Bem1, Cdc24. Here we show that Ste5 also associates with heat shock protein 70 chaperone (Hsp70) Ssa1 and that Ssa1 and its ortholog Ssa2 are together important for Ste5 function and efficient mating responses. The majority of purified overexpressed Ste5 associates with Ssa1. Loss of Ssa1 and Ssa2 has deleterious effects on Ste5 abundance, integrity, and localization particularly when Ste5 is expressed at native levels. The status of Ssa1 and Ssa2 influences Ste5 electrophoresis mobility and formation of high molecular weight species thought to be phosphorylated, ubiquitinylated and aggregated and lower molecular weight fragments. A Ste5 VWA domain mutant with greater propensity to form punctate foci has reduced predicted propensity to bind Ssa1 near the mutation sites and forms more punctate foci when Ssa1 Is overexpressed, supporting a dynamic protein quality control relationship between Ste5 and Ssa1. Loss of Ssa1 and Ssa2 reduces activation of Fus3 and Kss1 MAPKs and FUS1 gene expression and impairs mating shmoo morphogenesis. Surprisingly, ssa1, ssa2, ssa3 and ssa4 single, double and triple mutants can still mate, suggesting compensatory mechanisms exist for folding. Additional analysis suggests Ssa1 is the major Hsp70 chaperone for the mating and invasive growth pathways and reveals several Hsp70-Hsp90 chaperone-network proteins required for mating morphogenesis.",Saccharomyces cerevisiae,temperature,,
37741159,10.1016/j.jbior.2023.100986,,no_pmc,2023,Advances in biological regulation,Chromatin conformations of HSP12 during transcriptional activation in the Saccharomyces cerevisiae stationary phase.,"During evolution, living cells have developed sophisticated molecular and physiological processes to cope with a variety of stressors. These mechanisms, which collectively constitute the Environmental Stress Response, involve the activation/repression of hundreds of genes that are regulated to respond rapidly and effectively to protect the cell. The main stressors include sudden increases in environmental temperature and osmolarity, exposure to heavy metals, nutrient limitation, ROS accumulation, and protein-damaging events. The growth stages of the yeast S. cerevisiae proceed from the exponential to the diauxic phase, finally reaching the stationary phase. It is in this latter phase that the main stressor events are more active. In the present work, we aim to understand whether the responses evoked by the sudden onset of a stressor, like what happens to cells going through the stationary phase, would be different or similar to those induced by a gradual increase in the same stimulus. To this aim, we studied the expression of the HSP12 gene of the HSP family of proteins, typically induced by stress conditions, with a focus on the role of chromatin in this regulation. Analyses of nucleosome occupancy and three-dimensional chromatin conformation suggest the activation of a different response pathway upon a sudden vs a gradual onset of a stress stimulus. Here we show that it is the three-dimensional chromatin structure of HSP12, rather than nucleosome remodeling, that becomes altered in HSP12 transcription during the stationary phase.",Saccharomyces cerevisiae,temperature,,
37697385,10.1186/s12915-023-01695-y,PMC10496292,oa,2023,BMC biology,Prefoldin 2 contributes to mitochondrial morphology and function.,"Prefoldin is an evolutionarily conserved co-chaperone of the tailless complex polypeptide 1 ring complex (TRiC)/chaperonin containing tailless complex 1 (CCT). The prefoldin complex consists of six subunits that are known to transfer newly produced cytoskeletal proteins to TRiC/CCT for folding polypeptides. Prefoldin function was recently linked to the maintenance of protein homeostasis, suggesting a more general function of the co-chaperone during cellular stress conditions. Prefoldin acts in an adenosine triphosphate (ATP)-independent manner, making it a suitable candidate to operate during stress conditions, such as mitochondrial dysfunction. Mitochondrial function depends on the production of mitochondrial proteins in the cytosol. Mechanisms that sustain cytosolic protein homeostasis are vital for the quality control of proteins destined for the organelle and such mechanisms among others include chaperones. We analyzed consequences of the loss of prefoldin subunits on the cell proliferation and survival of Saccharomyces cerevisiae upon exposure to various cellular stress conditions. We found that prefoldin subunits support cell growth under heat stress. Moreover, prefoldin facilitates the growth of cells under respiratory growth conditions. We showed that mitochondrial morphology and abundance of some respiratory chain complexes was supported by the prefoldin 2 (Pfd2/Gim4) subunit. We also found that Pfd2 interacts with Tom70, a receptor of mitochondrial precursor proteins that are targeted into mitochondria. Our findings link the cytosolic prefoldin complex to mitochondrial function. Loss of the prefoldin complex subunit Pfd2 results in adaptive cellular responses on the proteome level under physiological conditions suggesting a continuous need of Pfd2 for maintenance of cellular homeostasis. Within this framework, Pfd2 might support mitochondrial function directly as part of the cytosolic quality control system of mitochondrial proteins or indirectly as a component of the protein homeostasis network.",Saccharomyces cerevisiae,temperature,,
37658163,10.1007/s00253-023-12730-x,,no_pmc,2023,Applied microbiology and biotechnology,Transcriptome profiling brings new insights into the ethanol stress responses of Spathaspora passalidarum.,"Spathaspora passalidarum is a xylose-fermenting microorganism promising for the fermentation of lignocellulosic hydrolysates. This yeast is more sensitive to ethanol than Saccharomyces cerevisiae for unclear reasons. An RNA-seq experiment was performed to identify transcriptional changes in S. passalidarum in response to ethanol and gain insights into this phenotype. The results showed the upregulation of genes associated with translation and the downregulation of genes encoding proteins involved in lipid metabolism, transporters, and enzymes from glycolysis and fermentation pathways. Our results also revealed that genes encoding heat-shock proteins and involved in antioxidant response were upregulated, whereas the osmotic stress response of S. passalidarum appears impaired under ethanol stress. A pseudohyphal morphology of S. passalidarum colonies was observed in response to ethanol stress, which suggests that ethanol induces a misperception of nitrogen availability in the environment. Changes in the yeast fatty acid profile were observed only after 12 h of ethanol exposure, coinciding with the recovery of the yeast xylose consumption ability. These findings suggest that the lack of fast membrane lipid adjustments, the halt in nutrient absorption and cellular metabolism, and the failure to induce the expression of osmotic stress-responsive genes are the main aspects underlying the low ethanol tolerance of S. passalidarum. KEY POINTS: • Ethanol stress halts Spathaspora passalidarum metabolism and fermentation • Genes encoding nutrient transporters showed downregulation under ethanol stress • Ethanol induces a pseudohyphal cell shape, suggesting a misperception of nutrients.",Saccharomyces cerevisiae,temperature,,
37425817,10.1101/2023.06.26.546610,PMC10327208,oa,2023,bioRxiv : the preprint server for biology,Cytoplasmic redox imbalance in the thioredoxin system activates Hsf1 and results in hyperaccumulation of the sequestrase Hsp42 with misfolded proteins.,"Cells employ multiple systems to maintain homeostasis when experiencing environmental stress. For example, the folding of nascent polypeptides is exquisitely sensitive to proteotoxic stressors including heat, pH and oxidative stress, and is safeguarded by a network of protein chaperones that concentrate potentially toxic misfolded proteins into transient assemblies to promote folding or degradation. The redox environment itself is buffered by both cytosolic and organellar thioredoxin and glutathione pathways. How these systems are linked is poorly understood. Here, we determine that specific disruption of the cytosolic thioredoxin system resulted in constitutive activation of the heat shock response in <i>Saccharomyces cerevisiae</i> and accumulation of the sequestrase Hsp42 into an exaggerated and persistent juxtanuclear quality control (JUNQ) compartment. Terminally misfolded proteins also accumulated in this compartment in thioredoxin reductase (<i>TRR1</i>)-deficient cells, despite apparently normal formation and dissolution of transient cytoplasmic quality control (CytoQ) bodies during heat shock. Notably, cells lacking <i>TRR1</i> and <i>HSP42</i> exhibited severe synthetic slow growth exacerbated by oxidative stress, signifying a critical role for Hsp42 under redox-challenged conditions. Finally, we demonstrated that Hsp42 localization patterns in <i>trr1</i>∆ cells mimic those observed in chronically aging and glucose-starved cells, linking nutrient depletion and redox imbalance with management of misfolded proteins via a mechanism of long-term sequestration.",Saccharomyces cerevisiae,temperature,,
37405435,10.1007/s00253-023-12658-2,,no_pmc,2023,Applied microbiology and biotechnology,Genome engineering of Kluyveromyces marxianus for high D-( -)-lactic acid production under low pH conditions.,"Saccharomyces cerevisiae is the workhorse of fermentation industry. Upon engineering for D-lactate production by a series of gene deletions, this yeast had deficiencies in cell growth and D-lactate production at high substrate concentrations. Complex nutrients or high cell density were thus required to support growth and D-lactate production with a potential to increase medium and process cost of industrial-scale D-lactate production. As an alternative microbial biocatalyst, a Crabtree-negative and thermotolerant yeast Kluyveromyces marxianus was engineered in this study to produce high titer and yield of D-lactate at a lower pH without growth defects. Only pyruvate decarboxylase 1 (PDC1) gene was replaced by a codon-optimized bacterial D-lactate dehydrogenase (ldhA). Ethanol, glycerol, or acetic acid was not produced by the resulting strain, KMΔpdc1::ldhA. Aeration rate at 1.5 vvm and culture pH 5.0 at 30 °C provided the highest D-lactate titer of 42.97 ± 0.48 g/L from glucose. Yield and productivity of D-lactate, and glucose-consumption rate were 0.85 ± 0.01 g/g, 0.90 ± 0.01 g/(L·h), and 1.06 ± 0.00 g/(L·h), respectively. Surprisingly, D-lactate titer, productivity, and glucose-consumption rate of 52.29 ± 0.68 g/L, 1.38 ± 0.05 g/(L·h), and 1.22 ± 0.00 g/(L·h), respectively, were higher at 42 °C compared to 30 °C. Sugarcane molasses, a low-value carbon, led to the highest D-lactate titer and yield of 66.26 ± 0.81 g/L and 0.91 ± 0.01 g/g, respectively, in a medium without additional nutrients. This study is a pioneer work of engineering K. marxianus to produce D-lactate at the yield approaching theoretical maximum using simple batch process. Our results support the potential of an engineered K. marxianus for D-lactate production on an industrial scale. KEY POINTS: • K. marxianus was engineered by deleting PDC1 and expressing codon-optimized D-ldhA. • The strain allowed high D-lactate titer and yield under pH ranging from 3.5 to 5.0. • The strain produced 66 g/L D-lactate at 30 °C from molasses without any additional nutrients.",Saccharomyces cerevisiae,temperature,,
37314359,10.33073/pjm-2023-019,PMC10266292,oa,2023,Polish journal of microbiology,Contribution of <i>YPRO15C</i> Overexpression to the Resistance of <i>Saccharomyces cerevisiae</i> BY4742 Strain to Furfural Inhibitor.,"Lignocellulosic biomass is still considered a feasible source of bioethanol production. <i>Saccharomyces cerevisiae</i> can adapt to detoxify lignocellulose-derived inhibitors, including furfural. Tolerance of strain performance has been measured by the extent of the lag phase for cell proliferation following the furfural inhibitor challenge. The purpose of this work was to obtain a tolerant yeast strain against furfural through overexpression of <i>YPR015C</i> using the <i>in vivo</i> homologous recombination method. The physiological observation of the overexpressing yeast strain showed that it was more resistant to furfural than its parental strain. Fluorescence microscopy revealed improved enzyme reductase activity and accumulation of oxygen reactive species due to the harmful effects of furfural inhibitor in contrast to its parental strain. Comparative transcriptomic analysis revealed 79 genes potentially involved in amino acid biosynthesis, oxidative stress, cell wall response, heat shock protein, and mitochondrial-associated protein for the <i>YPR015C</i> overexpressing strain associated with stress responses to furfural at the late stage of lag phase growth. Both up- and down-regulated genes involved in diversified functional categories were accountable for tolerance in yeast to survive and adapt to the furfural stress in a time course study during the lag phase growth. This study enlarges our perceptions comprehensively about the physiological and molecular mechanisms implicated in the <i>YPR015C</i> overexpressing strain's tolerance under furfural stress. Construction illustration of the recombinant plasmid. a) pUG6-TEF1p-YPR015C, b) integration diagram of the recombinant plasmid pUG6-TEF1p-YPR into the chromosomal DNA of <i>Saccharomyces cerevisiae</i>.",Saccharomyces cerevisiae,temperature,,
37307223,10.1093/jambio/lxad108,,no_pmc,2023,Journal of applied microbiology,Effect and application of proline metabolism-related gene CgMCUR1 on stress tolerance of Candida glycerinogenes and Saccharomyces cerevisiae.,"To investigate the effect of CgMCUR1 on the phenotype of Candida glycerinogenes and Saccharomyces cerevisiae. Inhibition of CgMCUR1 expression reduced acetate, H2O2, and high temperature tolerance of C. glycerinogenes. Expression of CgMCUR1 resulted in better acetic acid, H2O2, and high temperature tolerance in recombinant S. cerevisiae. Meanwhile, CgMCUR1 was able to enhance intracellular proline accumulation. The qRT-PCR analysis revealed that overexpression of CgMCUR1 affected proline metabolism in recombinant S. cerevisiae. The overexpression strain also showed reduced levels of cellular lipid peroxidation and an altered ratio of saturated fatty acid (SFA) to unsaturated fatty acid (UFA) in the cell membrane. The ethanol production of recombinant S. cerevisiae at high temperature was 30.9 g l-1, obtaining an increase of 12%, and the conversion rate was increased by 12%. In the undetoxified cellulose hydrolysate, the ethanol yield was 14.7 g l-1 at 30 h with an improvement of 18.5%, and the conversion rate was increased by 15.3%. Overexpression of CgMCUR1 rendered the acetic acid, H2O2, and high temperature tolerant of recombinant S. cerevisiae and enhanced the ethanol fermentation performance of recombinant S. cerevisiae under high temperature stress and in undetoxified cellulose hydrolysate by improving intracellular proline accumulation and by changing cellular physiological metabolism.",Saccharomyces cerevisiae,temperature,,
37178307,10.1007/s00253-023-12556-7,PMC10238323,oa,2023,Applied microbiology and biotechnology,"Adaptive responses of yeast strains tolerant to acidic pH, acetate, and supraoptimal temperature.","Ethanol fermentations can be prematurely halted as Saccharomyces cerevisiae faces adverse conditions, such as acidic pH, presence of acetic acid, and supraoptimal temperatures. The knowledge on yeast responses to these conditions is essential to endowing a tolerant phenotype to another strain by targeted genetic manipulation. In this study, physiological and whole-genome analyses were conducted to obtain insights on molecular responses which potentially render yeast tolerant towards thermoacidic conditions. To this end, we used thermotolerant TTY23, acid tolerant AT22, and thermo-acid tolerant TAT12 strains previously generated by adaptive laboratory evolution (ALE) experiments. The results showed an increase in thermoacidic profiles in the tolerant strains. The whole-genome sequence revealed the importance of genes related to: H<sup>+</sup>, iron, and glycerol transport (i.e., PMA1, FRE1/2, JEN1, VMA2, VCX1, KHA1, AQY3, and ATO2); transcriptional regulation of stress responses to drugs, reactive oxygen species and heat-shock (i.e., HSF1, SKN7, BAS1, HFI1, and WAR1); and adjustments of fermentative growth and stress responses by glucose signaling pathways (i.e., ACS1, GPA1/2, RAS2, IRA2, and REG1). At 30 °C and pH 5.5, more than a thousand differentially expressed genes (DEGs) were identified in each strain. The integration of results revealed that evolved strains adjust their intracellular pH by H<sup>+</sup> and acetic acid transport, modify their metabolism and stress responses via glucose signaling pathways, control of cellular ATP pools by regulating translation and de novo synthesis of nucleotides, and direct the synthesis, folding and rescue of proteins throughout the heat-shock stress response. Moreover, the motifs analysis in mutated transcription factors suggested a significant association of SFP1, YRR1, BAS1, HFI1, HSF1, and SKN7 TFs with DEGs found in thermoacidic tolerant yeast strains. KEY POINTS: • All the evolved strains overexpressed the plasma membrane H<sup>+</sup> -ATPase PMA1 at optimal conditions • Tolerant strain TAT12 mutated genes encoding weak acid and heat response TFs HSF1, SKN7, and WAR1 • TFs HSF1 and SKN7 likely controlled the transcription of metabolic genes associated to heat and acid tolerance.",Saccharomyces cerevisiae,temperature,,
37168390,10.3389/fcimb.2023.1195968,PMC10165103,oa,2023,Frontiers in cellular and infection microbiology,The function and regulation of heat shock transcription factor in <i>Cryptococcus</i>.,"<i>Cryptococcus</i> species are opportunistic human fungal pathogens. Survival in a hostile environment, such as the elevated body temperatures of transmitting animals and humans, is crucial for <i>Cryptococcus</i> infection. Numerous intriguing investigations have shown that the Hsf family of thermotolerance transcription regulators plays a crucial role in the pathogen-host axis of <i>Cryptococcus</i>. Although Hsf1 is known to be a master regulator of the heat shock response through the activation of gene expression of heat shock proteins (Hsps). Hsf1 and other Hsfs are multifaceted transcription regulators that regulate the expression of genes involved in protein chaperones, metabolism, cell signal transduction, and the electron transfer chain. In <i>Saccharomyces cerevisiae</i>, a model organism, Hsf1's working mechanism has been intensively examined. Nonetheless, the link between Hsfs and <i>Cryptococcus</i> pathogenicity remains poorly understood. This review will focus on the transcriptional regulation of Hsf function in <i>Cryptococcus</i>, as well as potential antifungal treatments targeting Hsf proteins.",Saccharomyces cerevisiae,temperature,,
37158240,10.1093/nar/gkad338,PMC10325905,oa,2023,Nucleic acids research,The ribosome quality control factor Asc1 determines the fate of HSP70 mRNA on and off the ribosome.,"Cells survive harsh environmental conditions by potently upregulating molecular chaperones such as heat shock proteins (HSPs), particularly the inducible members of the HSP70 family. The life cycle of HSP70 mRNA in the cytoplasm is unique-it is translated during stress when most cellular mRNA translation is repressed and rapidly degraded upon recovery. Contrary to its 5' untranslated region's role in maximizing translation, we discovered that the HSP70 coding sequence (CDS) suppresses its translation via the ribosome quality control (RQC) mechanism. The CDS of the most inducible Saccharomyces cerevisiae HSP70 gene, SSA4, is uniquely enriched with low-frequency codons that promote ribosome stalling during heat stress. Stalled ribosomes are recognized by the RQC components Asc1p and Hel2p and two novel RQC components, the ribosomal proteins Rps28Ap and Rps19Bp. Surprisingly, RQC does not signal SSA4 mRNA degradation via No-Go-Decay. Instead, Asc1p destabilizes SSA4 mRNA during recovery from heat stress by a mechanism independent of ribosome binding and SSA4 codon optimality. Therefore, Asc1p operates in two pathways that converge to regulate the SSA4 mRNA life cycle during stress and recovery. Our research identifies Asc1p as a critical regulator of the stress response and RQC as the mechanism tuning HSP70 synthesis.",Saccharomyces cerevisiae,temperature,,
37105080,10.1016/j.fgb.2023.103799,,no_pmc,2023,Fungal genetics and biology : FG & B,Characterization of the Trr/Trx system in the fungal pathogen Candida glabrata.,"C. glabrata, an opportunistic fungal pathogen, can adapt and resist to different stress conditions. It is highly resistant to oxidant stress compared to other Candida spp and to the phylogenetically related but non-pathogen Saccharomyces cerevisiae. In this work, we describe the Trx/Trr system of C. glabrata composed of Trr1 and Trr2 (thioredoxin reductases) and Trx2 (thioredoxin) that are localized in the cytoplasm and Trx3 present in the mitochondrion. The transcriptional induction of TRR2 and TRX2 by oxidants depends on Yap1 and Skn7 and TRR1 and TRX3 have a low expression level. Both TRR2 and TRX2 play an important role in the oxidative stress response. The absence of TRX2 causes auxotrophy of methionine and cysteine. Trr1 and Trr2 are necessary for survival at high temperatures and for the chronological life span of C. glabrata. Furthermore, the Trx/Trr system is needed for survival in the presence of neutrophils. The role of TRR1 and TRX3 is not clear, but in the presence of neutrophils, they have non-overlapping functions with their TRR2 and TRX2 paralogues.",Saccharomyces cerevisiae,temperature,,
37079504,10.1371/journal.pbio.3002042,PMC10118125,oa,2023,PLoS biology,Breaking spore dormancy in budding yeast transforms the cytoplasm and the solubility of the proteome.,"The biophysical properties of the cytoplasm are major determinants of key cellular processes and adaptation. Many yeasts produce dormant spores that can withstand extreme conditions. We show that spores of Saccharomyces cerevisiae exhibit extraordinary biophysical properties, including a highly viscous and acidic cytosol. These conditions alter the solubility of more than 100 proteins such as metabolic enzymes that become more soluble as spores transit to active cell proliferation upon nutrient repletion. A key regulator of this transition is the heat shock protein, Hsp42, which shows transient solubilization and phosphorylation, and is essential for the transformation of the cytoplasm during germination. Germinating spores therefore return to growth through the dissolution of protein assemblies, orchestrated in part by Hsp42 activity. The modulation of spores' molecular properties are likely key adaptive features of their exceptional survival capacities.",Saccharomyces cerevisiae,temperature,,
37068581,10.1016/j.jmb.2023.168106,,no_pmc,2023,Journal of molecular biology,The Phosphorylation Status of Hsp82 Regulates Mitochondrial Homeostasis During Glucose Sensing in Saccharomyces cerevisiae.,"Sensing extracellular glucose, budding yeast switches from aerobic glycolysis to oxidative phosphorylation to adapt to environmental changes. During the conversion of metabolic mode, mitochondrial function and morphology change significantly. Mitochondria are the main supply factories of energy for various life activities in cells. However, the research on the signal pathways from glucose sensing to changes in mitochondrial function and morphology is still scarce and worthy of further exploration. In this study, we found that in addition to the known involvement of molecular chaperone Hsp82 in stress response during the conversion of metabolic mode, the phosphorylation status of Hsp82 at S485 residue regulates mitochondrial function and morphology to maintain mitochondrial homeostasis. The Hsp82<sup>S485A</sup> mutant that mimics dephosphorylation at S485 residue showed abnormal growth phenotypes related to mitochondrial defects, such as the petite phenotype, slow growth rates, and inability to use non-fermentable carbon sources. Further exploring the causes of growth defects, we found that the Hsp82<sup>S485A</sup> mutant caused mitochondrial dysfunction, including a decrease in cellular oxygen consumption rate, defects in mitochondrial electron transport chain, decreased mitochondrial membrane potential and complete loss of mtDNA. Furthermore, the Hsp82<sup>S485A</sup> mutant displayed fragmented or globular mitochondria, which may be responsible for its mitochondrial dysfunction. Our findings suggested that the phosphorylation status of Hsp82 at S485 residue might regulate mitochondrial function and morphology by affecting the stability of mitochondrial fission and fusion-related proteins. Thus, Hsp82 might be a key molecule in the signal pathway from glucose sensing to changes in mitochondrial function and morphology.",Saccharomyces cerevisiae,temperature,,
37052370,10.1021/acs.jafc.3c00515,,no_pmc,2023,Journal of agricultural and food chemistry,Regulation of Ethanol Assimilation for Efficient Accumulation of Squalene in <i>Saccharomyces cerevisiae</i>.,"Squalene is a triterpene that can be obtained from fish and plant oils. It is important in cosmetics and vaccines and is a precursor for many high-value terpenes and steroids. In order to increase squalene accumulation, the mevalonate pathway was systematically enhanced. Accumulation of squalene tended to increase when ethanol was added as a carbon source during fermentation, but a high concentration of ethanol affected both the strain growth and accumulation of products. By overexpressing the key trehalose synthesis gene <i>TPS</i>1 and the heat shock protein gene <i>HSP</i>104, the content of trehalose by <i>Saccharomyces cerevisiae</i> (<i>S. cerevisiae</i>) was enhanced, and stress caused by ethanol was relieved. The OD<sub>600</sub> value of the modified <i>S. cerevisiae</i> strain was increased by 80.2%, its ethanol tolerance was increased to 30 g/L, and it retained excellent activity with 50 g/L ethanol. After optimizing the fermentation conditions, the squalene titer in a 5 L bioreactor reached 27.3 g/L and the squalene content was 650 mg/g dry cell weight, the highest squalene production parameters reported to date for a microorganism.",Saccharomyces cerevisiae,temperature,,
37046321,10.1186/s13068-023-02312-4,PMC10091661,oa,2023,Biotechnology for biofuels and bioproducts,"Thermotolerance improvement of engineered Saccharomyces cerevisiae ERG5 Delta ERG4 Delta ERG3 Delta, molecular mechanism, and its application in corn ethanol production.","The thermotolerant yeast is beneficial in terms of efficiency improvement of processes and reduction of costs, while Saccharomyces cerevisiae does not efficiently grow and ferment at high-temperature conditions. The sterol composition alteration from ergosterol to fecosterol in the cell membrane of S. cerevisiae affects the thermotolerant capability. In this study, S. cerevisiae ERG5, ERG4, and ERG3 were knocked out using the CRISPR-Cas9 approach to impact the gene expression involved in ergosterol synthesis. The highest thermotolerant strain was S. cerevisiae ERG5ΔERG4ΔERG3Δ, which produced 22.1 g/L ethanol at 37 °C using the initial glucose concentration of 50 g/L with an increase by 9.4% compared with the wild type (20.2 g/L). The ethanol concentration of 9.4 g/L was produced at 42 ℃, which was 2.85-fold of the wild-type strain (3.3 g/L). The molecular mechanism of engineered S. cerevisiae at the RNA level was analyzed using the transcriptomics method. The simultaneous deletion of S. cerevisiae ERG5, ERG4, and ERG3 caused 278 up-regulated genes and 1892 down-regulated genes in comparison with the wild-type strain. KEGG pathway analysis indicated that the up-regulated genes relevant to ergosterol metabolism were ERG1, ERG11, and ERG5, while the down-regulated genes were ERG9 and ERG26. S. cerevisiae ERG5ΔERG4ΔERG3Δ produced 41.6 g/L of ethanol at 37 °C with 107.7 g/L of corn liquefied glucose as carbon source. Simultaneous deletion of ERG5, ERG4, and ERG3 resulted in the thermotolerance improvement of S. cerevisiae ERG5ΔERG4ΔERG3Δ with cell viability improvement by 1.19-fold at 42 °C via modification of steroid metabolic pathway. S. cerevisiae ERG5ΔERG4ΔERG3Δ could effectively produce ethanol at 37 °C using corn liquefied glucose as carbon source. Therefore, S. cerevisiae ERG5ΔERG4ΔERG3Δ had potential in ethanol production at a large scale under supra-optimal temperature.",Saccharomyces cerevisiae,temperature,,
37042757,10.1128/spectrum.05249-22,PMC10269544,oa,2023,Microbiology spectrum,The Mitogen-Activated Protein Kinase Slt2 Promotes Asymmetric Cell Cycle Arrest and Reduces TORC1-Sch9 Signaling in Yeast Lacking the Protein Phosphatase Ptc1.,"Mitogen-activated protein kinase (MAPK) pathways regulate essential processes in eukaryotes. However, since uncontrolled activation of these cascades has deleterious effects, precise negative regulation of signaling flow through them, mainly executed by protein phosphatases, is crucial. Previous studies showed that the absence of Ptc1 protein phosphatase results in the upregulation of the MAPK of the cell wall integrity (CWI) pathway, Slt2, and numerous functional defects in Saccharomyces cerevisiae, including a failure to undergo cell separation under heat stress. In this study, we demonstrate that multibudded <i>ptc1</i>Δ cells also exhibit impaired mitochondrial inheritance and that excessive Slt2 kinase activity is responsible for their growth deficiency and daughter-specific G<sub>1</sub> cell cycle arrest, as well as other physiological alterations, namely, mitochondrial hyperpolarization and reactive oxygen species (ROS) accumulation. We bring to light the fact that sustained Slt2 kinase activity inhibits signaling through the Sch9 branch of the TORC1 pathway in <i>ptc1</i>Δ cells, leading to increased autophagy. After cytokinesis, septin rings asymmetrically disassembled in <i>ptc1</i>Δ multibudded cells, abnormally remaining at the daughter cell side and eventually relocalizing at the daughter cell periphery, where they occasionally colocalized with the autophagic protein Atg9. Finally, we show that the inability of <i>ptc1</i>Δ cells to undergo cell separation is not due to a failure in the regulation of Ace2 and morphogenesis (RAM) pathway, since the transcription factor Ace2 correctly enters the daughter cell nuclei. However, the Ace2-regulated endochitinase Cts1 did not localize to the septum, preventing the proper degradation of this structure. <b>IMPORTANCE</b> This study provides further evidence that the cell cycle is regulated by complex signaling networks whose purpose is to guarantee a robust response to environmental threats. Using the S. cerevisiae eukaryotic model, we show that, under the stress conditions that activate the CWI MAPK pathway, the absence of the protein phosphatase Ptc1 renders Slt2 hyperactive, leading to numerous physiological alterations, including perturbed mitochondrial inheritance, oxidative stress, changes in septin dynamics, increased autophagy, TORC1-Sch9 inhibition, and ultimately cell cycle arrest and the failure of daughter cells to separate, likely due to the absence of key degradative enzymes at the septum. These results imply novel roles for the CWI pathway and unravel new cell cycle-regulatory controls that operate beyond the RAM pathway, arresting buds in G<sub>1</sub> without compromising further division rounds in the mother cell.",Saccharomyces cerevisiae,temperature,,
37009644,10.1111/tpj.16230,,no_pmc,2023,The Plant journal : for cell and molecular biology,A Trifolium repens flavodoxin-like quinone reductase 1 (TrFQR1) improves plant adaptability to high temperature associated with oxidative homeostasis and lipids remodeling.,"Maintenance of stable mitochondrial respiratory chains could enhance adaptability to high temperature, but the potential mechanism was not elucidated clearly in plants. In this study, we identified and isolated a TrFQR1 gene encoding the flavodoxin-like quinone reductase 1 (TrFQR1) located in mitochondria of leguminous white clover (Trifolium repens). Phylogenetic analysis indicated that amino acid sequences of FQR1 in various plant species showed a high degree of similarities. Ectopic expression of TrFQR1 protected yeast (Saccharomyces cerevisiae) from heat damage and toxic levels of benzoquinone, phenanthraquinone and hydroquinone. Transgenic Arabidopsis thaliana and white clover overexpressing TrFQR1 exhibited significantly lower oxidative damage and better photosynthetic capacity and growth than wild-type in response to high-temperature stress, whereas AtFQR1-RNAi A. thaliana showed more severe oxidative damage and growth retardation under heat stress. TrFQR1-transgenic white clover also maintained better respiratory electron transport chain than wild-type plants, as manifested by significantly higher mitochondrial complex II and III activities, alternative oxidase activity, NAD(P)H content, and coenzyme Q10 content in response to heat stress. In addition, overexpression of TrFQR1 enhanced the accumulation of lipids including phosphatidylglycerol, monogalactosyl diacylglycerol, sulfoquinovosyl diacylglycerol and cardiolipin as important compositions of bilayers involved in dynamic membrane assembly in mitochondria or chloroplasts positively associated with heat tolerance. TrFQR1-transgenic white clover also exhibited higher lipids saturation level and phosphatidylcholine:phosphatidylethanolamine ratio, which could be beneficial to membrane stability and integrity during a prolonged period of heat stress. The current study proves that TrFQR1 is essential for heat tolerance associated with mitochondrial respiratory chain, cellular reactive oxygen species homeostasis, and lipids remodeling in plants. TrFQR1 could be selected as a key candidate marker gene to screen heat-tolerant genotypes or develop heat-tolerant crops via molecular-based breeding.",Saccharomyces cerevisiae,temperature,,
36997813,10.1007/s10123-023-00352-2,PMC10622344,oa,2023,International microbiology : the official journal of the Spanish Society for Microbiology,Pulsed magnetic field increases the effect of ultraviolet C radiation and thermal shock in aged yeasts.,"The study of the effects of the magnetic field (MF) on living matter continues to be a dilemma. Until now, the interaction mechanisms of MF with living matter that explain the observed phenomena are unknown. Despite the existing literature and the multiple effects described to date, there are few published articles that study the combined effect of MF with other physical agents during the cellular aging process. In this sense, the aim of this work is to study whether low frequency and intensity pulsed and sinusoidal MF exposure produce alterations in the cell killing effect of ultraviolet C (UVC) radiation and thermal shock during the chronological aging of S. cerevisiae. Yeast cells were exposed to 2.45 mT (50 Hz) sinusoidal MF and 1.5 mT (25 Hz) pulsed MF, during 40 days of aging, in combination with UVC radiation (50 J/m<sup>2</sup>) and/or thermal shock (52°C). Cell survival was evaluated by clonogenic assay. The exposure of yeast to pulsed MF produces an acceleration of aging, which is not observed in cells exposed to sinusoidal MF. The pulsed MF modifies the cellular response to damaging agents only in aged S. cerevisiae cells. In this sense, the pulsed MF applied increases the damage induced by UVC radiation and by thermal shock. In contrast, the sinusoidal MF used has no effect.",Saccharomyces cerevisiae,temperature,,
36959932,10.3389/fpls.2023.1144853,PMC10028071,oa,2023,Frontiers in plant science,Tung tree stearoyl-acyl carrier protein Δ9 desaturase improves oil content and cold resistance of <i>Arabidopsis</i> and <i>Saccharomyces cerevisiae</i>.,"The seed oil of tung tree is rich in a-eleostearic acid (ESA), which endows tung oil with the characteristic of an excellently dry oil. The stearoyl-acyl carrier protein δ9 desaturase (SAD) is a rate-limiting enzyme that converts the stearic acid to the oleic acid, the substrate for the production of the α-ESA. However, the function of the two predicted <i>VfSAD1</i> and <i>VfSAD2</i> genes in the tung tree has not been determined. In this study, quantitative real-time PCR (qRT-PCR) analysis showed that <i>VfSAD1</i> and <i>VfSAD2</i> were expressed in multiple organs of tung tree but were highly expressed in the seed during the oil rapid accumulation period. Heterologous expression of <i>VfSAD1</i> and <i>VfSAD2</i> could promote the production of oleic acid and its derivatives in Arabidopsis thaliana and yeast BY4741, indicating that <i>VfSAD1</i> and <i>VfSAD2</i> possess the stearoyl-ACP desaturases function. Furthermore, both <i>VfSAD1</i> and <i>VfSAD2</i> could significantly improve seed oil accumulation in Arabidopsis. VfSAD1 could also significantly promote the oil accumulation in the yeast BY4741 strain. In addition, overexpression of <i>VfSAD1</i> and <i>VfSAD2</i> enhanced the tolerance of yeast and Arabidopsis seedlings to low temperature stress. This study indicates that the two <i>VfSAD</i> genes play a vital role in the process of oil accumulation and fatty acid biosynthesis in the tung tree seed, and both of them could be used for molecular breeding in tung tree and other oil crops.",Saccharomyces cerevisiae,temperature,,
36916600,10.1016/j.jfp.2022.100020,,no_pmc,2023,Journal of food protection,Heat resistance acquirement of the spoilage yeast Saccharomyces diastaticus during heat exposure.,"The main fungal cause of spoilage of carbonated fermented beverages in the brewing industry is the amylolytic budding yeast Saccharomyces cerevisiae subsp. diastaticus (Saccharomyces diastaticus). Heat treatment is used to avoid microbial spoilage of the fermented beverages. Therefore, the spoilage capacity of S. diastaticus may be linked to its relative high heat resistance. Here, we assessed whether S. diastaticus can acquire heat resistance when exposed to heat stress. To this end, ascospores of S. diastaticus strain MB523 were treated at 60°C for 10 min followed by growing the surviving spores on a glucose-containing medium. The resulting vegetative cells were then allowed to sporulate again in sporulation medium. This cycle of heat treatment, vegetative growth, and sporulation was performed eight times in three independent lineages. After these eight cycles, the sporulation rate was similar to the start (∼75%) but the resulting ascospores were more heat resistant. The time needed to kill 90% of the population at 60°C (i.e. the D<sub>60</sub>-value) increased from 6.5 to 9.0 min (p = 0.005). The vegetative cells also showed a trend to increased heat resistance with an increase in the D<sub>52</sub>-value from 9.2 to 16.2 min (p = 0.1). In contrast, heat resistance of the vegetative cells that had not been exposed to heat during the eight cycles had been reduced with a D<sub>52</sub>-value of 4.2 min (p = 0.003). Together, these data show that S. diastaticus MB523 can easily acquire heat resistance by inbreeding while subjected to heat stress. Conversely, heat resistance can be easily lost in the absence of this stress condition, indicative of a trade-off for heat resistance.",Saccharomyces cerevisiae,temperature,,
36912239,10.1042/EBC20220224,PMC10497724,pmc_not_oa,2023,Essays in biochemistry,Saccharomyces cerevisiae as a tool for deciphering Hsp90 molecular chaperone function.,"Yeast is a valuable model organism for their ease of genetic manipulation, rapid growth rate, and relative similarity to higher eukaryotes. Historically, Saccharomyces cerevisiae has played a major role in discovering the function of complex proteins and pathways that are important for human health and disease. Heat shock protein 90 (Hsp90) is a molecular chaperone responsible for the stabilization and activation of hundreds of integral members of the cellular signaling network. Much important structural and functional work, including many seminal discoveries in Hsp90 biology are the direct result of work carried out in S. cerevisiae. Here, we have provided a brief overview of the S. cerevisiae model system and described how this eukaryotic model organism has been successfully applied to the study of Hsp90 chaperone function.",Saccharomyces cerevisiae,temperature,,
36704946,10.15252/embj.2022112309,PMC10068336,oa,2023,The EMBO journal,MitoStores: chaperone-controlled protein granules store mitochondrial precursors in the cytosol.,"Hundreds of nucleus-encoded mitochondrial precursor proteins are synthesized in the cytosol and imported into mitochondria in a post-translational manner. However, the early processes associated with mitochondrial protein targeting remain poorly understood. Here, we show that in Saccharomyces cerevisiae, the cytosol has the capacity to transiently store mitochondrial matrix-destined precursors in dedicated deposits that we termed MitoStores. Competitive inhibition of mitochondrial protein import via clogging of import sites greatly enhances the formation of MitoStores, but they also form during physiological cell growth on nonfermentable carbon sources. MitoStores are enriched for a specific subset of nucleus-encoded mitochondrial proteins, in particular those containing N-terminal mitochondrial targeting sequences. Our results suggest that MitoStore formation suppresses the toxic potential of aberrantly accumulating mitochondrial precursor proteins and is controlled by the heat shock proteins Hsp42 and Hsp104. Thus, the cytosolic protein quality control system plays an active role during the early stages of mitochondrial protein targeting through the coordinated and localized sequestration of mitochondrial precursor proteins.",Saccharomyces cerevisiae,temperature,,
36669745,10.1016/j.biotechadv.2023.108100,,no_pmc,2023,Biotechnology advances,Non-conventional yeast strains: Unexploited resources for effective commercialization of second generation bioethanol.,"The conventional yeast (Saccharomyces cerevisiae) is the most studied yeast and has been used in many important industrial productions, especially in bioethanol production from first generation feedstock (sugar and starchy biomass). However, for reduced cost and to avoid competition with food, second generation bioethanol, which is produced from lignocellulosic feedstock, is now being investigated. Production of second generation bioethanol involves pre-treatment and hydrolysis of lignocellulosic biomass to sugar monomers containing, amongst others, d-glucose and D-xylose. Intrinsically, S. cerevisiae strains lack the ability to ferment pentose sugars and genetic engineering of S. cerevisiae to inculcate the ability to ferment pentose sugars is ongoing to develop recombinant strains with the required stability and robustness for commercial second generation bioethanol production. Furthermore, pre-treatment of these lignocellulosic wastes leads to the release of inhibitory compounds which adversely affect the growth and fermentation by S. cerevisae. S. cerevisiae also lacks the ability to grow at high temperatures which favour Simultaneous Saccharification and Fermentation of substrates to bioethanol. There is, therefore, a need for robust yeast species which can co-ferment hexose and pentose sugars and can tolerate high temperatures and the inhibitory substances produced during pre-treatment and hydrolysis of lignocellulosic materials. Non-conventional yeast strains are potential solutions to these problems due to their abilities to ferment both hexose and pentose sugars, and tolerate high temperature and stress conditions encountered during ethanol production from lignocellulosic hydrolysate. This review highlights the limitations of the conventional yeast species and the potentials of non-conventional yeast strains in commercialization of second generation bioethanol.",Saccharomyces cerevisiae,temperature,,
36573155,10.1007/s13205-022-03436-4,PMC9789288,pmc_not_oa,2023,3 Biotech,Evaluation of thermotolerant and ethanol-tolerant <i>Saccharomyces cerevisiae</i> as an alternative strain for bioethanol production from industrial feedstocks.,"Despite the fact that yeast <i>Saccharomyces cerevisiae</i> is by far the most commonly used in ethanol fermentation, few have been reported to be resistant to high ethanol concentrations at high temperatures. Hence, in this study, 150 <i>S. cerevisiae</i> strains from the Thailand Bioresource Research Center (TBRC) were screened for ethanol production based on their glucose utilization capability at high temperatures. Four strains, TBRC 12149, 12150, 12151, and 12153, exhibited the most outstanding ethanol production at high temperatures in shaking-flask culture. Among these, strain TBRC 12151 demonstrated a high ethanol tolerance of up to 12% at 40 °C. Compared to industrial and laboratory strains, TBRC 12149 displayed strong sucrose fermentation capacity whereas TBRC 12153 and 12151, respectively, showed the greatest ethanol production from molasses and cassava starch hydrolysate at high temperatures in shaking-flask conditions. In 5-L batch fermentation, similarly to both industrial strains, strain TBRC 12153 yielded an ethanol concentration of 66.5 g L<sup>-1</sup> (58.4% theoretical yield) from molasses after 72 h at 40 °C. In contrast, strain TBRC12151 outperformed other industrial strains in cell growth and ethanol production from cassava starch hydrolysis at 40 °C with an ethanol production of 65 g L<sup>-1</sup> (77.7% theoretical yield) after 72 h. Thus, the thermotolerant and ethanol-tolerant <i>S. cerevisiae</i> TBRC 12151 displayed great potential and possible uses as an alternative strain for industrial ethanol fermentation using cassava starch hydrolysate. The online version contains supplementary material available at 10.1007/s13205-022-03436-4.",Saccharomyces cerevisiae,temperature,,
36552240,10.3390/biology11121730,PMC9774441,oa,2022,Biology,"MaCts1, an Endochitinase, Is Involved in Conidial Germination, Conidial Yield, Stress Tolerances and Microcycle Conidiation in <i>Metarhizium acridum</i>.","Entomopathogenic fungi are promising biocontrol agents of insect-mediated crop damage. Microcycle conidiation has shown great potential in enhancing the conidial yield and quality of entomopathogenic fungi. Homologs of Cts1, an endochitinase of <i>Saccharomyces cerevisiae</i>, participate in cell separation in several fungal spp. and may contribute to the morphological differences that occur during the shift to microcycle conidiation. However, the precise functions of <i>Cts1</i> in entomopathogenic fungi remain unclear. Herein, the endochitinase gene, <i>MaCts1</i>, was characterized in the model entomopathogen, <i>Metarhizium acridum</i>. A loss of function line for <i>MaCts1</i> led to a delay of 1 h in the median germination time, a 28% reduction in conidial yield and significant defects in fungal resistances to UV-irradiation (18%) and heat-shock (15%), while fungal tolerances to cell wall stressors, oxidative and hyperosmotic stresses and virulence remained unchanged. The <i>MaCts1</i>-disruption strain displayed typical conidiation on the microcycle conidiation induction medium, SYA. In contrast, deletion of key genes in the morphogenesis-related NDR kinase network (MOR pathway)/regulation of Ace2 and morphogenesis (RAM pathway) did not affect the SYA-induction of microcycle conidiation. This indicates that <i>MaCts1</i> makes contributions to the microcycle conidiation, which may not be dependent on the MOR/RAM pathway in <i>M. acridum</i>.",Saccharomyces cerevisiae,temperature,,
36474296,10.1186/s13068-022-02232-9,PMC9724321,oa,2022,Biotechnology for biofuels and bioproducts,Prospects of thermotolerant Kluyveromyces marxianus for high solids ethanol fermentation of lignocellulosic biomass.,"Simultaneous saccharification and fermentation (SSF) is effective for minimizing sugar inhibition during high solids fermentation of biomass solids to ethanol. However, fungal enzymes used during SSF are optimal between 50 and 60 °C, whereas most fermentative yeast, such as Saccharomyces cerevisiae, do not tolerate temperatures above 37 °C. Kluyveromyces marxianus variant CBS 6556 is a thermotolerant eukaryote that thrives at 43 °C, thus potentially serving as a promising new host for SSF operation in biorefineries. Here, we attempt to leverage the thermotolerance of the strain to demonstrate the application of CBS 6556 in a high solids (up to 20 wt% insoluble solid loading) SSF configuration to understand its capabilities and limitations as compared to a proven SSF strain, S. cerevisiae D5A. For this study, we first pretreated hardwood poplar chips using Co-Solvent Enhanced Lignocellulosic Fractionation (CELF) to remove lignin and hemicellulose and to produce cellulose-enriched pretreated solids for SSF. Our results demonstrate that although CBS 6556 could not directly outperform D5A, it demonstrated similar tolerance to high gravity sugar solutions, superior growth rates at higher temperatures and higher early stage ethanol productivity. We discovered that CBS 6556's membrane was particularly sensitive to higher ethanol concentrations causing it to suffer earlier fermentation arrest than D5A. Cross-examination of metabolite data between CBS 6556 and D5A and cell surface imaging suggests that the combined stresses of high ethanol concentrations and temperature to CBS 6556's cell membrane was a primary factor limiting its ethanol productivity. Hence, we believe K. marxianus to be an excellent host for future genetic engineering efforts to improve membrane robustness especially at high temperatures in order to achieve higher ethanol productivity and titers, serving as a viable alternative to D5A.",Saccharomyces cerevisiae,temperature,,
36430489,10.3390/ijms232214010,PMC9692755,oa,2022,International journal of molecular sciences,Comprehensive Identification and Functional Analysis of Stress-Associated Protein (SAP) Genes in Osmotic Stress in Maize.,"Stress-associated proteins (SAPs) are a kind of zinc finger protein with an A20/AN1 domain and contribute to plants' adaption to various abiotic and biological stimuli. However, little is known about the <i>SAP</i> genes in maize (<i>Zea mays</i> L.). In the present study, the <i>SAP</i> genes were identified from the maize genome. Subsequently, the protein properties, gene structure and duplication, chromosomal location, and <i>cis</i>-acting elements were analyzed by bioinformatic methods. Finally, their expression profiles under osmotic stresses, including drought and salinity, as well as ABA, and overexpression in <i>Saccharomyces cerevisiae</i> W303a cells, were performed to uncover the potential function. The results showed that a total of 10 <i>SAP</i> genes were identified and named <i>ZmSAP1</i> to <i>ZmSAP10</i> in maize, which was unevenly distributed on six of the ten maize chromosomes. The ZmSAP1, ZmSAP4, ZmSAP5, ZmSAP6, ZmSAP7, ZmSAP8 and ZmSAP10 had an A20 domain at N terminus and AN1 domain at C terminus, respectively. Only ZmSAP2 possessed a single AN1 domain at the N terminus. ZmSAP3 and ZmSAP9 both contained two AN1 domains without an A20 domain. Most <i>ZmSAP</i> genes lost introns and had abundant stress- and hormone-responsive <i>cis</i>-elements in their promoter region. The results of quantitative real-time PCR showed that all <i>ZmSAP</i> genes were regulated by drought and saline stresses, as well as ABA induction. Moreover, heterologous expression of <i>ZmSAP2</i> and <i>ZmSAP7</i> significantly improved the saline tolerance of yeast cells. The study provides insights into further underlying the function of ZmSAPs in regulating stress response in maize.",Saccharomyces cerevisiae,temperature,,
36416414,10.7554/eLife.82563,PMC9708076,oa,2022,eLife,"The RAM signaling pathway links morphology, thermotolerance, and CO<sub>2</sub> tolerance in the global fungal pathogen <i>Cryptococcus neoformans</i>.","The environmental pathogen <i>Cryptococcus neoformans</i> claims over 180,000 lives each year. Survival of this basidiomycete at host CO<sub>2</sub> concentrations has only recently been considered an important virulence trait. Through screening gene knockout libraries constructed in a CO<sub>2</sub>-tolerant clinical strain, we found mutations leading to CO<sub>2</sub> sensitivity are enriched in pathways activated by heat stress, including calcineurin, Ras1-Cdc24, cell wall integrity, and <i>R</i>egulator of <i>A</i>ce2 and <i>M</i>orphogenesis (RAM). Overexpression of Cbk1, the conserved terminal kinase of the RAM pathway, partially restored defects of these mutants at host CO<sub>2</sub> or temperature levels. In ascomycetes such as <i>Saccharomyces cerevisiae</i> and <i>Candida albicans</i>, transcription factor Ace2 is an important target of Cbk1, activating genes responsible for cell separation. However, no Ace2 homolog or any downstream component of the RAM pathway has been identified in basidiomycetes. Through in vitro evolution and comparative genomics, we characterized mutations in suppressors of <i>cbk1</i>Δ in <i>C. neoformans</i> that partially rescued defects in CO<sub>2</sub> tolerance, thermotolerance, and morphology. One suppressor is the RNA translation repressor Ssd1, which is highly conserved in ascomycetes and basidiomycetes. The other is a novel ribonuclease domain-containing protein, here named <i>PSC1</i>, which is present in basidiomycetes and humans but surprisingly absent in most ascomycetes. Loss of Ssd1 in <i>cbk1</i>Δ partially restored cryptococcal ability to survive and amplify in the inhalation and intravenous murine models of cryptococcosis. Our discoveries highlight the overlapping regulation of CO<sub>2</sub> tolerance and thermotolerance, the essential role of the RAM pathway in cryptococcal adaptation to the host condition, and the potential importance of post-transcriptional control of virulence traits in this global pathogen.",Saccharomyces cerevisiae,temperature,,
36356902,10.1016/j.jbc.2022.102680,PMC9723941,oa,2022,The Journal of biological chemistry,"Differential contributions of the proteasome, autophagy, and chaperones to the clearance of arsenite-induced protein aggregates in yeast.","The poisonous metalloid arsenite induces widespread misfolding and aggregation of nascent proteins in vivo, and this mode of toxic action might underlie its suspected role in the pathology of certain protein misfolding diseases. Evolutionarily conserved protein quality-control systems protect cells against arsenite-mediated proteotoxicity, and herein, we systematically assessed the contribution of the ubiquitin-proteasome system, the autophagy-vacuole pathway, and chaperone-mediated disaggregation to the clearance of arsenite-induced protein aggregates in Saccharomyces cerevisiae. We show that the ubiquitin-proteasome system is the main pathway that clears aggregates formed during arsenite stress and that cells depend on this pathway for optimal growth. The autophagy-vacuole pathway and chaperone-mediated disaggregation both contribute to clearance, but their roles appear less prominent than the ubiquitin-proteasome system. Our in vitro assays with purified components of the yeast disaggregating machinery demonstrated that chaperone binding to aggregates formed in the presence of arsenite is impaired. Hsp104 and Hsp70 chaperone activity was unaffected by arsenite, suggesting that this metalloid influences aggregate structure, making them less accessible for chaperone-mediated disaggregation. We further show that the defect in chaperone-mediated refolding of a model protein was abrogated in a cysteine-free version of the substrate, suggesting that arsenite directly modifies cysteines in non-native target proteins. In conclusion, our study sheds novel light on the differential contributions of protein quality-control systems to aggregate clearance and cell proliferation and extends our understanding of how these systems operate during arsenite stress.",Saccharomyces cerevisiae,temperature,,
36305417,10.13345/j.cjb.220184,,no_pmc,2022,Sheng wu gong cheng xue bao = Chinese journal of biotechnology,[Quantitative proteomics reveal the potential biological functions of the deubiquitinating enzyme Ubp14 in <i>Saccharomyces cerevisiae</i>].,"Ubiquitination is one of the reversible protein post-translational modifications, in which ubiquitin molecules bind to the target protein in a cascade reaction of ubiquitin activating enzymes, ubiquitin conjugating enzymes, and ubiquitin ligases. The deubiquitinating enzymes (DUBs) remove ubiquitin residues from the substrates, which play key roles in the formation of mature ubiquitin, the removal and trimming of ubiquitin chains, as well as the recycling of free ubiquitin chains. Ubp14, a member of the ubiquitin specific proteases family in <i>Saccharomyces cerevisiae</i>, is mainly responsible for the recycling of intracellular free ubiquitin chains. To investigate its global biological function, a <i>ubp14</i>∆ mutant was constructed by homologous recombination technique. The growth rate of <i>ubp14</i>∆ mutant was lower than that of the wild-type (WT) strain. Using stable isotope labeling by amino acids in cell culture (SILAC) combined with deep coverage proteomics analysis, the differentially expressed proteins of <i>ubp14</i>∆ mutant relative to the wild-type strain were systematically analyzed. A total of 3 685 proteins were identified in this study, and 109 differentially expressed proteins were filtered out by statistical analysis. Gene ontology analysis found that differentially expressed proteins caused by Ubp14 loss were mainly involved in amino acid metabolism, REDOX, heat shock stress and etc, which shed light on the broad biological function of this DUB. This study provides highly reliable proteomic data for further exploring the biological functions of the deubiquitination enzyme Ubp14, and further understanding the relationship between the free ubiquitin homeostasis and biological process regulation.",Saccharomyces cerevisiae,temperature,,
36296154,10.3390/microorganisms10101877,PMC9609204,oa,2022,Microorganisms,The Low Dose of <i>Saccharomyces cerevisiae</i> Is Beneficial for Rumen Fermentation (Both In Vivo and In Vitro) and the Growth Performance of Heat-Stressed Goats.,"This study aimed to investigate the effects of <i>Saccharomyces cerevisiae</i> on rumen fermentation and the growth performance of heat-stressed goats. The fermentation experiment was conducted using <i>Saccharomyces cerevisiae</i> added at 0‱ (HS1), 0.30‱ (SC1), 0.60‱ (SC2), and 1.20‱ (SC3) of the dry matter (DM) weight of the basal diet. The results showed that supplementing with 0.60‱ (SC2) could increase the pH, acetic acid to propionic acid ratio, the concentrations of ammonia nitrogen, total volatile fatty acids, acetic acid, propionic acid, butyric acid, and the degradability of DM, neutral detergent fiber, and acid detergent fiber in rumen fluids of heat-stressed goats. In the feeding experiment, twelve heat-stressed goats were assigned to a 4 × 4 Latin square experimental design, and the <i>Saccharomyces cerevisiae</i> supplement levels are similar to the fermentation experiment above. Similar effects on rumen fermentation and digestibility parameters were obtained with a supplement with 0.60‱ of <i>Saccharomyces cerevisiae</i> (SC2A) compared to the fermentation trial. Moreover, in the SC2A group, the DM intake and average daily gain also increased significantly compared with other groups. These results suggested that a low dose of <i>Saccharomyces cerevisiae</i> can still effectively improve the rumen fermentation and growth performance of heat-stressed goats.",Saccharomyces cerevisiae,temperature,,
36269765,10.1371/journal.pbio.3001839,PMC9629621,oa,2022,PLoS biology,Comprehensive characterization of the Hsp70 interactome reveals novel client proteins and interactions mediated by posttranslational modifications.,"Hsp70 interactions are critical for cellular viability and the response to stress. Previous attempts to characterize Hsp70 interactions have been limited by their transient nature and the inability of current technologies to distinguish direct versus bridged interactions. We report the novel use of cross-linking mass spectrometry (XL-MS) to comprehensively characterize the Saccharomyces cerevisiae (budding yeast) Hsp70 protein interactome. Using this approach, we have gained fundamental new insights into Hsp70 function, including definitive evidence of Hsp70 self-association as well as multipoint interaction with its client proteins. In addition to identifying a novel set of direct Hsp70 interactors that can be used to probe chaperone function in cells, we have also identified a suite of posttranslational modification (PTM)-associated Hsp70 interactions. The majority of these PTMs have not been previously reported and appear to be critical in the regulation of client protein function. These data indicate that one of the mechanisms by which PTMs contribute to protein function is by facilitating interaction with chaperones. Taken together, we propose that XL-MS analysis of chaperone complexes may be used as a unique way to identify biologically important PTMs on client proteins.",Saccharomyces cerevisiae,temperature,,
36169198,10.1128/mbio.02253-22,PMC9600462,oa,2022,mBio,The Cryptococcus neoformans Flc1 Homologue Controls Calcium Homeostasis and Confers Fungal Pathogenicity in the Infected Hosts.,"Cryptococcus neoformans, an opportunistic yeast pathogen, relies on a complex network of stress response pathways that allow for proliferation in the host. In Saccharomyces cerevisiae, stress responses are regulated by integral membrane proteins containing a transient receptor potential (TRP) domain, including the flavin carrier protein 1 (Flc1), which regulates calcium homeostasis and flavin transport. Here, we report that deletion of C. neoformans <i>FLC1</i> results in cytosolic calcium elevation and increased nuclear content of calcineurin-dependent transcription factor Crz1, which is associated with an aberrant cell wall chitin overaccumulation observed in the <i>flc1</i>Δ mutant. Absence of Flc1 or inhibition of calcineurin with cyclosporine A prevents vacuolar fusion under conditions of combined osmotic and temperature stress, which is reversed in the <i>flc1</i>Δ mutant by the inhibition of TORC1 kinase with rapamycin. Flc1-deficient yeasts exhibit compromised vacuolar fusion under starvation conditions, including conditions that stimulate formation of carbohydrate capsule. Consequently, the <i>flc1</i>Δ mutant fails to proliferate under low nutrient conditions and displays a defect in capsule formation. Consistent with the previously uncharacterized role of Flc1 in vacuolar biogenesis, we find that Flc1 localizes to the vacuole. The <i>flc1</i>Δ mutant presents a survival defect in J774A.1 macrophage cell-line and profound virulence attenuation in both the Galleria mellonella and mouse pulmonary infection models, demonstrating that Flc1 is essential for pathogenicity. Thus, cryptococcal Flc1 functions in calcium homeostasis and links calcineurin and TOR signaling with vacuolar biogenesis to promote survival under conditions associated with vacuolar fusion required for this pathogen's fitness and virulence. <b>IMPORTANCE</b> Cryptococcosis is a highly lethal infection with limited drug choices, most of which are highly toxic or complicated by emerging antifungal resistance. There is a great need for new drug targets that are unique to the fungus. Here, we identify such a potential target, the Flc1 protein, which we show is crucial for C. neoformans stress response and virulence. Importantly, homologues of Flc1 exist in other fungal pathogens, such as Candida albicans and Aspergillus fumigatus, and are poorly conserved in humans, which could translate into wider spectrum therapy associated with minimal toxicity. Thus, Flc1 could be an ""Achille's heel"" of C. neoformans to be leveraged therapeutically in cryptococcosis and possibly other fungal infections.",Saccharomyces cerevisiae,temperature,,
36139314,10.3390/ani12182455,PMC9494967,oa,2022,Animals : an open access journal from MDPI,Prophylactic Feeding of <i>Clostridium butyricum</i> and <i>Saccharomyces cerevisiae</i> Were Advantageous in Resisting the Adverse Effects of Heat Stress on Rumen Fermentation and Growth Performance in Goats.,"This study aimed to investigate the effect of the prophylactic feeding of Clostridium butyricum (CB), Saccharomyces cerevisiae (SC), and their mixture before the onset of heat stress on the rumen fermentation and growth performance of goats, and subsequently, on heat stress status. Forty-eight male Macheng Black × Boer crossed goats (22.25 ± 4.26 kg) were divided into four groups—the control group (fed the basal diet), and the CB (0.05% CB added to the basal diet), SC (0.60% SC added to the basal diet), and Mix (0.05% CB and 0.60% SC added to the basal diet) groups—and fed for fourteen days. Then, these goats were kept in a heat stress environment (with a temperature−humidity index of 87.04) for fourteen days. Then, the parameters of rumen fermentation and growth performance were measured. The results showed that the pH values, the activities of cellulolytic enzymes (avicelase, CMCaes, cellobiase, and xylanase), and the concentrations of ammonia-N, total volatile fatty acid, acetic acid, propionic acid, and butyric acid were significantly increased (p < 0.05) in the rumens of the CB, SC, and Mix groups compared to those of the control group. Moreover, the average daily gain and the digestibility of dry matter, neutral detergent fiber, and acid detergent fiber were significantly increased (p < 0.05) in the CB, SC, and Mix groups compared to those of the control group. These results suggest that these two probiotics and their mixture effectively alleviate the adverse effects of heat stress on rumen fermentation and growth performance via prophylactic feeding.",Saccharomyces cerevisiae,temperature,,
36005638,10.3390/metabo12080766,PMC9414707,oa,2022,Metabolites,<i>Saccharomyces cerevisiae</i> and <i>Clostridium butyricum</i> Could Improve B-Vitamin Production in the Rumen and Growth Performance of Heat-Stressed Goats.,"Heat stress can adversely affect the rumen environment and the growth performance of goats. The present study aimed to investigate the effects of Saccharomyces cerevisiae (SC), Clostridium butyricum (CB), and their mixture on B-vitamin production in the rumen and the growth performance of heat-stressed goats. Firstly, twelve Macheng × Boer crossed goats (24.21 ± 2.05 kg, control) were modeled to become heat-stressed goats (HS1). Then, the B-vitamin concentrations in the rumen and the parameters of growth performance were measured in goats. The results showed that heat stress could cause significantly decreased vitamin B1, B2, B6, B12, and niacin concentrations (p < 0.05). It also could cause a significantly reduced dry matter (DM) intake (DMI) and average daily gain (ADG) (p < 0.05). However, the digestibilities of DM, neutral detergent fiber (NDF), and acid detergent fiber (ADF) were significantly increased (p < 0.05) in HS1 compared to controls. Then, these twelve heat-stressed goats were divided equally into four groups: control group (HS2, no probiotic supplemented), SC group (0.30% SC supplemented to the basal diet), CB group (0.05% CB supplemented to the basal diet), and mix group (0.30% SC and 0.05% CB supplemented to the basal diet). They were used in a 4 × 4 Latin square experimental design. The results showed that the concentrations of vitamins B1, B2, and niacin in the rumen and the DMI, ADG, and the digestibility of DM, NDF, and ADF were significantly increased (p < 0.05) with SC, CB, and their mixture supplementation (p < 0.05). These results suggest that dietary supplementation with SC and CB could improve B-vitamin production in the rumen and the growth performance of heat-stressed goats.",Saccharomyces cerevisiae,temperature,,
35996633,10.1155/2022/7878830,PMC9392646,oa,2022,International journal of microbiology,Current Ethanol Production Requirements for the Yeast <i>Saccharomyces cerevisiae</i>.,"An increase in global energy demand has caused oil prices to reach record levels in recent times. High oil prices together with concerns over CO<sub>2</sub> emissions have resulted in renewed interest in renewable energy. Nowadays, ethanol is the principal renewable biofuel. However, the industrial need for increased productivity, wider substrate range utilization, and the production of novel compounds leads to renewed interest in further extending the use of current industrial strains by exploiting the immense, and still unknown, potential of natural yeast strains. This review seeks to answer the following questions: (a) which characteristics should <i>S. cerevisiae</i> have for the current production of first- and second-generation ethanol? (b) Why are alcohol-tolerance and thermo-tolerance characteristics required? (c) Which genes are related to these characteristics? (d) What are the advances that can be achieved with the isolation of new organisms from the environment?",Saccharomyces cerevisiae,temperature,,
35978081,10.1038/s41598-022-18212-w,PMC9385605,oa,2022,Scientific reports,High-temperature ethanol fermentation from pineapple waste hydrolysate and gene expression analysis of thermotolerant yeast Saccharomyces cerevisiae.,"High-temperature ethanol fermentation by thermotolerant yeast is considered a promising technology for ethanol production, especially in tropical and subtropical regions. In this study, optimization conditions for high-temperature ethanol fermentation of pineapple waste hydrolysate (PWH) using a newly isolated thermotolerant yeast, Saccharomyces cerevisiae HG1.1, and the expression of genes during ethanol fermentation at 40 °C were carried out. Three independent variables, including cell concentration, pH, and yeast extract, positively affected ethanol production from PWH at 40 °C. The optimum levels of these significant factors evaluated using response surface methodology (RSM) based on central composite design (CCD) were a cell concentration of 8.0 × 10<sup>7</sup> cells/mL, a pH of 5.5, and a yeast extract concentration of 4.95 g/L, yielding a maximum ethanol concentration of 36.85 g/L and productivity of 3.07 g/L. Gene expression analysis during high-temperature ethanol fermentation using RT-qPCR revealed that the acquisition of thermotolerance ability and ethanol fermentation efficiency of S. cerevisiae HG1.1 are associated with genes responsible for growth and ethanol stress, oxidative stress, acetic acid stress, DNA repair, the pyruvate-to-tricarboxylic acid (TCA) pathway, and the pyruvate-to-ethanol pathway.",Saccharomyces cerevisiae,temperature,,
35932337,10.1007/s00449-022-02765-1,,no_pmc,2023,Bioprocess and biosystems engineering,Evaluation of Saccharomyces cerevisiae modified via CRISPR/Cas9 as a cellulosic platform microorganism in simultaneously saccharification and fermentation processes.,"The nonrenewable character and deleterious effects of fossil fuels foster the need for cleaner and more inexhaustible energy sources, such as bioethanol. Especially from lignocellulosic biomasses. However, the economic viability of this product in the market depends on process optimization and cost reduction. This research applied a sequential experimental project to investigate the process of enzymatic saccharification and simultaneous fermentation to produce ethanol with sugarcane bagasse. The differential of the work was the application of the strain of Saccharomyces cerevisiae AGY001 which was improved by evolutionary engineering to become thermotolerant and by a heterologous expression based on genomic integration by CRISPR/Cas9 to produce endoglucanase and β-glucosidase (AsENDO-AsBGL). The maximum ethanol yield found was 89% of the maximum theoretical yield (released sugars), obtained at temperature concentrations, sugarcane bagasse and inoculum at 40 °C, 16.5%, and 4.0 g/L, respectively (12.5 FPU/g bagasse). The mathematical model obtained can predict approximately 83% of the data set with 95% confidence. Therefore, these findings demonstrated the potential of sugarcane bagasse and S. cerevisiae AGY001 strain (CRISPR/Cas9 modified) in bioethanol production without the need for impractical selection media on an industrial scale, in addition to providing useful insights for the development of SSF processes.",Saccharomyces cerevisiae,temperature,,
35931002,10.1016/j.micres.2022.127138,,no_pmc,2022,Microbiological research,Genetic mapping of a bioethanol yeast strain reveals new targets for hydroxymethylfurfural- and thermotolerance.,"Current technology that enables bioethanol production from agricultural biomass imposes harsh conditions for Saccharomyces cerevisiae's metabolism. In this work, the genetic architecture of industrial bioethanol yeast strain SA-1 was evaluated. SA-1 segregant FMY097 was previously described as highly aldehyde resistant and here also as thermotolerant: two important traits for the second-generation industry. A Quantitative Trait Loci (QTL) mapping of 5-hydroxymethylfurfural (HMF) -resistant segregants of hybrid FMY097/BY4742 disclosed a region in chromosome II bearing alleles with uncommon non-synonymous (NS) single nucleotide polymorphisms (SNPs) in FMY097: MIX23, PKC1, SEA4, and SRO77. Allele swap to susceptible laboratory strain BY4742 revealed that SEA4<sup>FMY097</sup> enhances robustness towards HMF, but the industrial fitness could not be fully recovered. The genetic network arising from the causative genes in the QTL window suggests that intracellular signaling TOR (Target of Rapamycin) and CWI (Cell Wall Integrity) pathways are regulators of this phenotype in FMY097. Because the QTL mapping did not result in one major allelic contribution to the evaluated trait, a background effect in FMY097's HMF resistance is expected. Quantification of NADPH - cofactor implied in endogenous aldehyde detoxification reactions - supports the former hypothesis, given its high availability in FMY097. Regarding thermotolerance, SEA4<sup>FMY097</sup> grants BY4742 ability to grow in temperatures as high as 38 ºC in liquid, while allele PKC1<sup>FMY097</sup> allows growth up to 40 ºC in solid medium. Both SEA4<sup>FMY097</sup> and PKC1<sup>FMY097</sup> encode rare NS SNPs, not found in other > 1013S. cerevisiae. Altogether, these findings point towards crucial membrane and stress mediators for yeast robustness.",Saccharomyces cerevisiae,temperature,,
35929793,10.1093/g3journal/jkac196,PMC9635654,oa,2022,"G3 (Bethesda, Md.)",Characterizing phenotypic diversity of trehalose biosynthesis mutants in multiple wild strains of Saccharomyces cerevisiae.,"In the yeast Saccharomyces cerevisiae, trehalose-6-phospahte synthase (Tps1) and trehalose-6-phosphate phosphatase (Tps2) are the main proteins catalyzing intracellular trehalose production. In addition to Tps1 and Tps2, 2 putative regulatory proteins with less clearly defined roles also appear to be involved with trehalose production, Tps3 and Tsl1. While this pathway has been extensively studied in laboratory strains of S. cerevisiae, we sought to examine the phenotypic consequences of disrupting these genes in wild strains. Here we deleted the TPS1, TPS2, TPS3, and TSL1 genes in 4 wild strains and 1 laboratory strain for comparison. Although some tested phenotypes were not shared between all strains, deletion of TPS1 abolished intracellular trehalose, caused inability to grow on fermentable carbon sources and resulted in severe sporulation deficiency for all 5 strains. After examining tps1 mutant strains expressing catalytically inactive variants of Tps1, our results indicate that Tps1, independent of trehalose production, is a key component for yeast survival in response to heat stress, for regulating sporulation, and growth on fermentable sugars. All tps2Δ mutants exhibited growth impairment on nonfermentable carbon sources, whereas variations were observed in trehalose synthesis, thermosensitivity and sporulation efficiency. tps3Δ and tsl1Δ mutants exhibited mild or no phenotypic disparity from their isogenic wild type although double mutants tps3Δ tsl1Δ decreased the amount of intracellular trehalose production in all 5 strains by 17-45%. Altogether, we evaluated, confirmed, and expanded the phenotypic characteristics associated trehalose biosynthesis mutants. We also identified natural phenotypic variants in multiple strains that could be used to genetically dissect the basis of these traits and then develop mechanistic models connecting trehalose metabolism to diverse cellular processes.",Saccharomyces cerevisiae,temperature,,
35910600,10.3389/fmicb.2022.935004,PMC9335076,oa,2022,Frontiers in microbiology,Effect of <i>Saccharomyces cerevisiae</i> culture mitigates heat stress-related dame in dairy cows by multi-omics.,"The effect of heat stress on ruminants is an important issue. In recent years, the growth of the Chinese dairy industry has rapidly increased, generating RMB 468,738 million revenue in 2021. A decreased milk yield is the most recognized impact of heat stress on dairy cows and results in significant economic loss to dairy producers. Heat stress also lowers immunity and antioxidant capacity and changes the bacterial composition and metabolites of the rumen. The purpose of this study was to investigate the effect of addition <i>Saccharomyces cerevisiae</i> culture on heat-stressed cows. The impact of <i>S. cerevisiae</i> culture on microbiota composition, functional profiles, and metabolomics was assessed in heat-stressed cows. A total of 45 Holstein cows in mid-lactation were selected and randomly divided into three groups (15 cows per group). Groups D-C, D-A, and D-B were fed with the basal diet, the basal diet + first <i>S. cerevisiae</i> culture 100 g/day, and the basal diet + second <i>S. cerevisiae</i> culture 30 g/day, respectively. The trial lasted 60 days. There was an increased abundance of the Phylum Firmicutes in the rumen of heat-stressed dairy cows fed with <i>S. cerevisiae</i>, of which four genera had significantly higher abundance, <i>Ruminococcus_gauvreauii_group, Butyrivibrio_2, Moryella</i>, and <i>Ruminiclostridium_6.</i> At the functional level, ten pathways differed significantly between the three groups (<i>P</i> < 0.05), with an increase in fatty acid biosynthesis, fatty acid metabolism, PPAR signaling pathway, ferroptosis, and biotin metabolism in the treatment groups. More differential metabolites were found in the D-C and D-A groups than in the D-C and D-B groups. These results indicate that <i>S. cerevisiae</i> cultures can influence the health status of heat-stressed cows by modulating rumen microbial composition, function, and metabolites, thereby improving rumen cellulolytic capacity. This study can provide or offer suggestions or recommendations for the development and utilization of feed additives.",Saccharomyces cerevisiae,temperature,,
35879798,10.1186/s12934-022-01876-4,PMC9310457,oa,2022,Microbial cell factories,Deletion of NTH1 and HSP12 increases the freeze-thaw resistance of baker's yeast in bread dough.,"The intracellular molecule trehalose in Saccharomyces cerevisiae may have a major protective function under extreme environmental conditions. NTH1 is one gene which expresses trehalase to degrade trehalose. Small heat shock protein 12 (HSP12 expressed) plays a role in protecting membranes and enhancing freezing stress tolerance. An optimized S. cerevisiae CRISPR-Cpf1 genome-editing system was constructed. Multiplex genome editing using a single crRNA array was shown to be functional. NTH1 or/and HSP12 knockout in S. cerevisiae enhanced the freezing stress tolerance and improved the leavening ability after freezing and thawing. Deleting NTH1 in the combination with deleting HSP12 would strengthen the freezing tolerance and protect the cell viability from high rates of death in longer-term freezing. It provides valuable insights for breeding novel S. cerevisiae strains for the baking industry through a more precise, speedy, and economic genome-editing system.",Saccharomyces cerevisiae,temperature,,
35838590,10.1021/acs.jproteome.2c00212,,no_pmc,2022,Journal of proteome research,Identification of Microproteins in <i>Saccharomyces cerevisiae</i> under Different Stress Conditions.,"Small open reading frame-encoded peptides (SEPs) are microproteins with a length of 100 amino acids or less, which may play a critical role in maintaining cell homeostasis under stress. Therefore, we used mass spectrometry-based proteomics to explore microproteins potentially involved in cellular stress responses in <i>Saccharomyces cerevisiae</i>. A total of 225 microproteins with 1920 unique peptides were identified under six culture conditions: normal, oxidation, starvation, ultraviolet radiation, heat shock, and heat shock with starvation. Among these microproteins, we found 70 SEPs with 75 unique peptides. The annotated microproteins are involved in stress-related processes, such as cell redox reactions, cell wall modification, protein folding and degradation, and DNA damage repair. It suggests that SEPs may also play similar functions under stress conditions. For example, SEP IP_008057, translated from a short coding sequence of <i>YJL159W</i>, may play a role in heat shock. This study identified stress-responsive SEPs in <i>S. cerevisiae</i> and provided valuable information to determine the functions of these proteins, which enrich the genome and proteome of <i>S. cerevisiae</i> and show clues to improving the stress tolerance of <i>S. cerevisiae</i>.",Saccharomyces cerevisiae,temperature,,
35829973,10.1007/s10123-022-00264-7,,no_pmc,2022,International microbiology : the official journal of the Spanish Society for Microbiology,Tec1 and Ste12 transcription factors play a role in adaptation to low pH stress and biofilm formation in the human opportunistic fungal pathogen Candida glabrata.,"Eukaryotic cells respond to environmental cues through mitogen activated protein kinase (MAPK) signaling pathways. Each MAPK cascade is specific to particular stimuli and mediates specialized responses through activation of transcription factors. In the budding yeast, Saccharomyces cerevisiae, the pheromone-induced mating pathway and the starvation-responsive invasive growth/filamentation pathway generate their distinct outputs through the transcription factors Ste12 and Tec1, respectively. In this study, we report the functional characterization of these transcription factors in the closely related human opportunistic pathogenic yeast Candida glabrata. Two homologues each for S. cerevisiae TEC1 and STE12 were identified in C. glabrata. Both C. glabrata Tec1 proteins contain the N-terminal TEA DNA-binding domain characteristic of the TEA/ATTS transcription factor family. Similarly, the DNA-binding homeodomain shared by members of the highly conserved fungal Ste12 transcription factor family is present in N-terminus of both C. glabrata Ste12 transcription factors. We show that both C. glabrata STE12 genes are at least partial functional orthologues of S. cerevisiae STE12 as they can rescue the mating defect of haploid S. cerevisiae ste12 null mutant. Knockout of one of the STE12 genes (ORF CAGL0H02145g) leads to decreased biofilm development; a stronger biofilm-impaired phenotype results from loss of both CgSTE12 genes in the double deletion mutant (Cgste12ΔΔ). The transcript levels of one of the TEC1 genes (ORF CAGL0M01716g) were found to be upregulated upon exposure to low pH; its deletion causes slightly increased sensitivity to higher concentrations of acetic acid. Heat shock leads to increase in mRNA levels of one of the STE12 genes (ORF CAGL0M01254g). These findings suggest a role of Tec1 and Ste12 transcription factors in the regulation of some traits (biofilm formation, response to low pH stress and elevated temperature) that contribute to C. glabrata's ability to colonize various host niches and to occasionally cause disease.",Saccharomyces cerevisiae,temperature,,
35760103,10.1016/j.jbc.2022.102199,PMC9305344,oa,2022,The Journal of biological chemistry,Nuclear protein quality control in yeast: The latest INQuiries.,"The nucleus is a highly organized organelle with an intricate substructure of chromatin, RNAs, and proteins. This environment represents a challenge for maintaining protein quality control, since non-native proteins may interact inappropriately with other macromolecules and thus interfere with their function. Maintaining a healthy nuclear proteome becomes imperative during times of stress, such as upon DNA damage, heat shock, or starvation, when the proteome must be remodeled to effect cell survival. This is accomplished with the help of nuclear-specific chaperones, degradation pathways, and specialized structures known as protein quality control (PQC) sites that sequester proteins to help rapidly remodel the nuclear proteome. In this review, we focus on the current knowledge of PQC sites in Saccharomyces cerevisiae, particularly on a specialized nuclear PQC site called the intranuclear quality control site, a poorly understood nuclear inclusion that coordinates dynamic proteome triage decisions in yeast.",Saccharomyces cerevisiae,temperature,,
35758748,10.1128/spectrum.01961-22,PMC9431316,oa,2022,Microbiology spectrum,Microdomain Protein Nce102 Is a Local Sensor of Plasma Membrane Sphingolipid Balance.,"Sphingolipids are essential building blocks of eukaryotic membranes and important signaling molecules that are regulated tightly in response to environmental and physiological inputs. While their biosynthetic pathway has been well-described, the mechanisms that facilitate the perception of sphingolipid levels at the plasma membrane remain to be uncovered. In Saccharomyces cerevisiae, the Nce102 protein has been proposed to function as a sphingolipid sensor as it changes its plasma membrane distribution in response to sphingolipid biosynthesis inhibition. We show that Nce102 redistributes specifically in regions of increased sphingolipid demand, e.g., membranes of nascent buds. Furthermore, we report that the production of Nce102 increases following sphingolipid biosynthesis inhibition and that Nce102 is internalized when excess sphingolipid precursors are supplied. This finding suggests that the total amount of Nce102 in the plasma membrane is a measure of the current need for sphingolipids, whereas its local distribution marks sites of high sphingolipid demand. The physiological role of Nce102 in the regulation of sphingolipid synthesis is demonstrated by mass spectrometry analysis showing reduced levels of hydroxylated complex sphingolipids in response to heat stress in the <i>nce102</i>Δ deletion mutant. We also demonstrate that Nce102 behaves analogously in the widespread human fungal pathogen Candida albicans, suggesting a conserved principle of local sphingolipid control across species. <b>IMPORTANCE</b> Microorganisms are challenged constantly by their rapidly changing environment. To survive, they have developed diverse mechanisms to quickly perceive stressful situations and adapt to them appropriately. The primary site of both stress sensing and adaptation is the plasma membrane. We identified the yeast protein Nce102 as a marker of local sphingolipid levels and fluidity in the plasma membrane. Nce102 is an important structural and functional component of the membrane compartment Can1 (MCC), a plasma membrane microdomain stabilized by a large cytosolic hemitubular protein scaffold, the eisosome. The MCC/eisosomes are widely conserved among fungi and unicellular algae. To determine if Nce102 carries out similar functions in other organisms, we analyzed the human fungal pathogen Candida albicans and found that Nce102 responds to sphingolipid levels also in this organism, which has potential applications for the development of novel therapeutic approaches. The presented study represents a valuable model for how organisms regulate plasma membrane sphingolipids.",Saccharomyces cerevisiae,temperature,,
35569731,10.1016/j.ygeno.2022.110386,,no_pmc,2022,Genomics,Genome-wide effect of non-optimal temperatures under anaerobic conditions on gene expression in Saccharomyces cerevisiae.,"Understanding of thermal adaptation mechanisms in yeast is crucial to develop better-adapted strains to industrial processes, providing more economical and sustainable products. We have analyzed the transcriptomic responses of three Saccharomyces cerevisiae strains, a commercial wine strain, ADY5, a laboratory strain, CEN.PK113-7D and a commercial bioethanol strain, Ethanol Red, grown at non-optimal temperatures under anaerobic chemostat conditions. Transcriptomic analysis of the three strains revealed a huge complexity of cellular mechanisms and responses. Overall, cold exerted a stronger transcriptional response in the three strains comparing with heat conditions, with a higher number of down-regulating genes than of up-regulating genes regardless the strain analyzed. The comparison of the transcriptome at both sub- and supra-optimal temperatures showed the presence of common genes up- or down-regulated in both conditions, but also the presence of common genes up- or down-regulated in the three studied strains. More specifically, we have identified and validated three up-regulated genes at sub-optimal temperature in the three strains, OPI3, EFM6 and YOL014W. Finally, the comparison of the transcriptomic data with a previous proteomic study with the same strains revealed a good correlation between gene activity and protein abundance, mainly at low temperature. Our work provides a global insight into the specific mechanisms involved in temperature adaptation regarding both transcriptome and proteome, which can be a step forward in the comprehension and improvement of yeast thermotolerance.",Saccharomyces cerevisiae,temperature,,
35519613,10.3389/fbioe.2022.851768,PMC9065261,oa,2022,Frontiers in bioengineering and biotechnology,Bioprospecting <i>Kluyveromyces marxianus</i> as a Robust Host for Industrial Biotechnology.,"<i>Kluyveromyces marxianus</i> is an emerging non-conventional food-grade yeast that is generally isolated from diverse habitats, like kefir grain, fermented dairy products, sugar industry sewage, plants, and sisal leaves. A unique set of beneficial traits, such as fastest growth, thermotolerance, and broad substrate spectrum (i.e., hemi-cellulose hydrolysates, xylose, l-arabinose, d-mannose, galactose, maltose, sugar syrup molasses, cellobiose, and dairy industry) makes this yeast a particularly attractive host for applications in a variety of food and biotechnology industries. In contrast to <i>Saccharomyces cerevisiae</i>, most of the <i>K. marxianus</i> strains are apparently Crabtree-negative or having aerobic-respiring characteristics, and unlikely to endure aerobic alcoholic fermentation. This is a desirable phenotype for the large-scale biosynthesis of products associated with biomass formation because the formation of ethanol as an undesirable byproduct can be evaded under aerobic conditions. Herein, we discuss the current insight into the potential applications of <i>K. marxianus</i> as a robust yeast cell factory to produce various industrially pertinent enzymes, bioethanol, cell proteins, probiotic, fructose, and fructo-oligosaccharides, and vaccines, with excellent natural features. Moreover, the biotechnological improvement and development of new biotechnological tools, particularly CRISPR-Cas9-assisted precise genome editing in <i>K. marxianus</i> are delineated. Lastly, the ongoing challenges, concluding remarks, and future prospects for expanding the scope of <i>K. marxianus</i> utilization in modern biotechnology, food, feed, and pharmaceutical industries are also thoroughly vetted. In conclusion, it is critical to apprehend knowledge gaps around genes, metabolic pathways, key enzymes, and regulation for gaining a complete insight into the mechanism for producing relevant metabolites by <i>K. marxianus</i>.",Saccharomyces cerevisiae,temperature,,
35485947,10.1093/g3journal/jkac106,PMC9157148,oa,2022,"G3 (Bethesda, Md.)",Massive expression of cysteine-containing proteins causes abnormal elongation of yeast cells by perturbing the proteasome.,"The enhanced green fluorescent protein (EGFP) is considered to be a harmless protein because the critical expression level that causes growth defects is higher than that of other proteins. Here, we found that overexpression of EGFP, but not a glycolytic protein Gpm1, triggered the cell elongation phenotype in the budding yeast Saccharomyces cerevisiae. By the morphological analysis of the cell overexpressing fluorescent protein and glycolytic enzyme variants, we revealed that cysteine content was associated with the cell elongation phenotype. The abnormal cell morphology triggered by overexpression of EGFP was also observed in the fission yeast Schizosaccharomyces pombe. Overexpression of cysteine-containing protein was toxic, especially at high-temperature, while the toxicity could be modulated by additional protein characteristics. Investigation of protein aggregate formation, morphological abnormalities in mutants, and transcriptomic changes that occur upon overexpression of EGFP variants suggested that perturbation of the proteasome by the exposed cysteine of the overexpressed protein causes cell elongation. Overexpression of proteins with relatively low folding properties, such as EGFP, was also found to promote the formation of SHOTA (Seventy kDa Heat shock protein-containing, Overexpression-Triggered Aggregates), an intracellular aggregate that incorporates Hsp70/Ssa1, which induces a heat shock response, while it was unrelated to cell elongation. Evolutionary analysis of duplicated genes showed that cysteine toxicity may be an evolutionary bias to exclude cysteine from highly expressed proteins. The overexpression of cysteine-less moxGFP, the least toxic protein revealed in this study, would be a good model system to understand the physiological state of protein burden triggered by ultimate overexpression of harmless proteins.",Saccharomyces cerevisiae,temperature,,
35451658,10.1007/s00203-022-02892-z,,no_pmc,2022,Archives of microbiology,Trehalose accumulation and radiation resistance due to prior heat stress in Saccharomyces cerevisiae.,"In this study, we examined the accumulation of trehalose, a stress-responsive substance, upon gamma-ray irradiation by evaluating the cause of trehalose accumulation and the development of gamma-ray resistance through intracellular trehalose accumulation. Saccharomyces cerevisiae cells cultured to the logarithmic growth phase were irradiated with gamma rays, and the intracellular trehalose content was measured. However, trehalose was not detectable. The yeast cells with trehalose accumulation caused by pre-treatment at 40 °C were irradiated with gamma rays, and the resistance of these cells to gamma radiation was compared with that of cells without heat treatment. Trehalose accumulation resulted in gamma-ray resistance and suppressed the increase in reactive oxygen species, lipid peroxidation, and DNA double-strand break production in yeast cells. The tests were also performed with a trehalose-6-phosphate-synthase (TPS1)-deficient mutant strain (Δtps1) unable to synthesize trehalose, and the results revealed that TPS1 was involved in protection against oxidative stress.",Saccharomyces cerevisiae,temperature,,
35429515,10.1016/j.ijbiomac.2022.04.057,,no_pmc,2022,International journal of biological macromolecules,Characterization of the chimeric protein cUBC1 engineered by substituting the linker of E2-25K into UBC1 enzyme of Saccharomyces cerevisiae.,"Ubiquitination is an important posttranslational modification of proteins in eukaryotic cells, wherein ubiquitin molecules are conjugated to target proteins. Ubiquitination is catalyzed by the cascade of ubiquitin activating enzyme (E1), ubiquitin conjugating enzyme (E2), and ubiquitin ligase (E3). The number of E2s encoded in eukaryotes partly explains their contribution to the inherent specificity of the ubiquitin system. The ubiquitin conjugating enzyme UBC1 of Saccharomyces cerevisiae participates the degradation of short-lived and abnormal proteins. UBC1 consists of two well-defined domains separated by a long flexible linker. E2-25K, the human homolog of UBC1 is crucial to neurons and its failure leads to neurodegenerative disorders. The linker of UBC1 is of 22 amino acids, while that of E2-25K has 6 amino acids. To understand the importance of the linker, the chimeric protein, cUBC1 was constructed by substituting the linker of E2-25K in UBC1. cUBC1 shows minor changes in its secondary structure. cUBC1 expression in ubc1 deletion mutants showed no effect over growth, thermotolerance and resistance to antibiotic stress. However, survival under heat stress was enhanced with cUBC1. Western blot analysis of the enzymatic activity showed cUBC1 performed equally well as UBC1. Hence, cUBC1 demonstrates that the shorter linker increased the stability of UBC1.",Saccharomyces cerevisiae,temperature,,
35417764,10.1016/j.bbagen.2022.130147,,no_pmc,2022,Biochimica et biophysica acta. General subjects,Severe ethanol stress induces the preferential synthesis of mitochondrial disaggregase Hsp78 and formation of DUMPs in Saccharomyces cerevisiae.,"Severe ethanol stress (>9% v/v) induces pronounced translation repression in yeast cells. However, some proteins, which are exceptionally synthesized even under translation repression, play important roles in ethanol tolerance. These proteins are expected to provide important clues for elucidating the survival strategies of yeast cells under severe ethanol stress. In this study, we identified Hsp78 as a protein effectively synthesized under severe ethanol stress. As Hsp78 is involved in mitochondrial protein quality control, we investigated the effect of severe ethanol stress on mitochondrial proteins and found that Ilv2, Kgd1, and Aco1 aggregated with Hsp78 under severe ethanol stress, forming mitochondrial deposition sites for denatured proteins, called DUMPs (Deposits of Unfolded Mitochondrial Proteins). Aggregation of mitochondrial proteins and formation of DUMPs were accelerated in hsp78∆ cells compared with those in wild-type cells. During the recovery process after ethanol removal, aggregated Ilv2 and DUMP levels rapidly decreased in wild-type cells but were maintained for a long time (>180 min) in hsp78Δ cells. Furthermore, the frequency of respiration-deficient mutants caused by severe ethanol stress was higher in hsp78∆ cells than in wild-type cells. These results indicate that severe ethanol stress damaged mitochondrial proteins and that Hsp78 was preferentially synthesized to cope with the damage, thereby suppressing the rapid increase in aggregated protein levels under stress and achieving proper clearance of aggregated proteins during the recovery process. This study provides novel insights into the adverse effects of ethanol on mitochondria and yeast response to severe ethanol stress.",Saccharomyces cerevisiae,temperature,,
35315114,10.1111/lam.13703,,no_pmc,2022,Letters in applied microbiology,The ability of Pichia kudriavzevii to tolerate multiple stresses makes it promising for developing improved bioethanol production processes.,"Thermotolerant ethanol fermenting yeasts have been extensively used in industrial bioethanol production. However, little is known about yeast physiology under stress during bioethanol processing. This study investigated the physiological characteristics of the thermotolerant yeast Pichia kudriavzevii, strains NUNS-4, NUNS-5 and NUNS-6, under the multiple stresses of heat, ethanol and sodium chloride. Results showed that NUNS-4, NUNS-5 and NUNS-6 displayed higher growth rates under each stress condition than the reference strain, Saccharomyces cerevisiae TISTR5606. Maximum specific growth rates under stresses of heat (45°C), 15% v/v ethanol and 1·0 M sodium chloride were 0·23 ± 0·04 (NUNS-4), 0·11 ± 0·01 (NUNS-5) and 0·15 ± 0·01 h<sup>-1</sup> (NUNS-5), respectively. Morphological features of all yeast studied changed distinctly with the production of granules and vacuoles when exposed to ethanol, and cells were elongated under increased sodium chloride concentration. This study suggests that the three P. kudriavzevii strains are potential candidates to use in industrial-scale fermentation due to a high specific growth rate under multiple stress conditions. Multiple stress-tolerant P. kudriavzevii NUNS strains have received much attention not only for improving large-scale fuel ethanol production, but also for utilizing these strains in other biotechnological industries.",Saccharomyces cerevisiae,temperature,,
35269643,10.3390/ijms23052501,PMC8910029,oa,2022,International journal of molecular sciences,"Nst1, Densely Associated to P-Body in the Post-Exponential Phases of <i>Saccharomyces cerevisiae</i>, Shows an Intrinsic Potential of Producing Liquid-Like Condensates of P-Body Components in Cells.","Membrane-less biomolecular compartmentalization is a core phenomenon involved in many physiological activities that occur ubiquitously in cells. Condensates, such as promyelocytic leukemia (PML) bodies, stress granules, and P-bodies (PBs), have been investigated to understand the process of membrane-less cellular compartmentalization. In budding yeast, PBs dispersed in the cytoplasm of exponentially growing cells rapidly accumulate in response to various stresses such as osmotic stress, glucose deficiency, and heat stress. In addition, cells start to accumulate PBs chronically in post-exponential phases. Specific protein-protein interactions are involved in accelerating PB accumulation in each circumstance, and discovering the regulatory mechanism for each is the key to understanding cellular condensation. Here, we demonstrate that Nst1 of budding yeast <i>Saccharomyces cerevisiae</i> is far more densely associated with PBs in post-exponentially growing phases from the diauxic shift to the stationary phase than during glucose deprivation of exponentially growing cells, while the PB marker Dcp2 exhibits a similar degree of condensation under these conditions. Similar to Edc3, ectopic Nst1 overexpression induces self-condensation and the condensation of other PB components, such as Dcp2 and Dhh1, which exhibit liquid-like properties. Altogether, these results suggest that Nst1 has the intrinsic potential for self-condensation and the condensation of other PB components, specifically in post-exponential phases.",Saccharomyces cerevisiae,temperature,,
35256663,10.1038/s41598-022-07589-3,PMC8901927,oa,2022,Scientific reports,Development of high temperature simultaneous saccharification and fermentation by thermosensitive Saccharomyces cerevisiae and Bacillus amyloliquefaciens.,"Scarcity of energy and pollution are two major challenges that have become a threat to all living things worldwide. Bioethanol is a renewable, ecological-friendly clean energy that may be utilized to address these issues. This study aimed to develop simultaneous saccharification and fermentation (SSF) process through high temperature-substrate adaptation and co-cultivation of S. cerevisiae with other potential amylolytic strains. In this study, we adapted our previously screened thermosensitive Saccharomyces cerevisiae Dj-3 strain up-to 42 °C and also screened three potential thermotolerant amylolytic strains based on their starch utilization capability. We performed SSF fermentation at high temperature by adapted Dj-3 and amylolytic strains using 10.0% starch feedstock. Interestingly, we observed significant ethanol concentration [3.86% (v/v)] from high temperature simultaneous saccharification and fermentation (HSSF) of adapted Bacillus amyloliquefaciens (C-7) and Dj-3. We attribute the significant ethanol concentration from starch of this HSSF process to C-7's high levels of glucoamylase activity (4.01 U/ml/min) after adaptation in starch (up-to 42 °C) as well as Dj-3's strong glucose fermentation capacity and also their ethanol stress tolerance capability. This study suggests the significant feasibility of our HSSF process.",Saccharomyces cerevisiae,temperature,,
35194654,10.1007/s00253-022-11840-2,,no_pmc,2022,Applied microbiology and biotechnology,Protein kinases Elm1 and Sak1 of Saccharomyces cerevisiae exerted different functions under high-glucose and heat shock stresses.,"Phosphorylation catalyzed by protein kinases is the most common and important regulatory pathway in the adaptive physiological responses to the changes in nutrition and environment of yeast. This study focused on the functions of Elm1, Sak1, and Tos3, which are three upstream protein kinases of Snf1 in Saccharomyces cerevisiae, in response to high-glucose and heat shock stresses. Results suggested that changing the gene dosage of ELM1/SAK1/TOS3 had different effects under high-glucose and heat shock stresses. ELM1 and SAK1 overexpressions could enhance the tolerance of S. cerevisiae to high-glucose and heat shock stresses, respectively. Nevertheless, the overexpression of TOS3 decreased the tolerance to high-glucose stress, and a native level of Tos3 was important for the normal adaptation to heat shock condition. The overexpression of ELM1 increased the accumulation of trehalose and ergosterol and altered the composition of fatty acids with altered gene expressions involved in the metabolism of three metabolites. Enhanced resistance to heat shock stress in SAK1 overexpression might be related to the enhanced accumulation of trehalose and ergosterol and upregulated transcription of genes related to the metabolism of trehalose and ergosterol. Furthermore, Elm1 might regulate the metabolism of trehalose, ergosterol, and fatty acids in a Snf1-independent form under high-glucose stress. A Snf1-independent pathway might be involved in the regulation of trehalose metabolism by Sak1 under heat shock condition. However, Sak1 and Snf1 may have an indirect relationship in the regulation of ergosterol synthesis. KEY POINTS: • Altering the gene dosage of ELM1/SAK1/TOS3 had different effects on stress responses • Elm1 regulated high-glucose response in a Snf1-independent manner • Sak1 and Snf1 had an indirect relationship in the regulation of heat shock response.",Saccharomyces cerevisiae,temperature,,
35137036,10.1093/femsyr/foac007,PMC8862043,oa,2022,FEMS yeast research,Respiratory reoxidation of NADH is a key contributor to high oxygen requirements of oxygen-limited cultures of Ogataea parapolymorpha.,"While thermotolerance is an attractive trait for yeasts used in industrial ethanol production, oxygen requirements of known thermotolerant species are incompatible with process requirements. Analysis of oxygen-sufficient and oxygen-limited chemostat cultures of the facultatively fermentative, thermotolerant species Ogataea parapolymorpha showed its minimum oxygen requirements to be an order of magnitude larger than those reported for the thermotolerant yeast Kluyveromyces marxianus. High oxygen requirements of O. parapolymorpha coincided with a near absence of glycerol, a key NADH/NAD+ redox-cofactor-balancing product in many other yeasts, in oxygen-limited cultures. Genome analysis indicated absence of orthologs of the Saccharomyces cerevisiae glycerol-3-phosphate-phosphatase genes GPP1 and GPP2. Co-feeding of acetoin, whose conversion to 2,3-butanediol enables reoxidation of cytosolic NADH, supported a 2.5-fold increase of the biomass concentration in oxygen-limited cultures. An O. parapolymorpha strain in which key genes involved in mitochondrial reoxidation of NADH were inactivated did produce glycerol, but transcriptome analysis did not reveal a clear candidate for a responsible phosphatase. Expression of S. cerevisiae GPD2, which encodes NAD+-dependent glycerol-3-phosphate dehydrogenase, and GPP1 supported increased glycerol production by oxygen-limited chemostat cultures of O. parapolymorpha. These results identify dependence on respiration for NADH reoxidation as a key contributor to unexpectedly high oxygen requirements of O. parapolymorpha.",Saccharomyces cerevisiae,temperature,,
35118059,10.3389/fbioe.2021.826238,PMC8804346,oa,2021,Frontiers in bioengineering and biotechnology,A Hierarchical Transcriptional Regulatory Network Required for Long-Term Thermal Stress Tolerance in an Industrial <i>Saccharomyces cerevisiae</i> Strain.,"Yeast cells suffer from continuous and long-term thermal stress during high-temperature ethanol fermentation. Understanding the mechanism of yeast thermotolerance is important not only for studying microbial stress biology in basic research but also for developing thermotolerant strains for industrial application. Here, we compared the effects of 23 transcription factor (TF) deletions on high-temperature ethanol fermentation and cell survival after heat shock treatment and identified three core TFs, Sin3p, Srb2p and Mig1p, that are involved in regulating the response to long-term thermotolerance. Further analyses of comparative transcriptome profiling of the core TF deletions and transcription regulatory associations revealed a hierarchical transcriptional regulatory network centered on these three TFs. This global transcriptional regulatory network provided a better understanding of the regulatory mechanism behind long-term thermal stress tolerance as well as potential targets for transcriptome engineering to improve the performance of high-temperature ethanol fermentation by an industrial <i>Saccharomyces cerevisiae</i> strain.",Saccharomyces cerevisiae,temperature,,
35080905,10.1128/AEM.02006-21,PMC8939337,pmc_not_oa,2022,Applied and environmental microbiology,Distinct Metabolic Flow in Response to Temperature in Thermotolerant Kluyveromyces marxianus.,"The intrinsic mechanism of the thermotolerance of Kluyveromyces marxianus was investigated by comparison of its physiological and metabolic properties at high and low temperatures. After glucose consumption, the conversion of ethanol to acetic acid became gradually prominent only at a high temperature (45°C) and eventually caused a decline in viability, which was prevented by exogenous glutathione. Distinct levels of reactive oxygen species (ROS), glutathione, and NADPH suggest a greater accumulation of ROS and enhanced ROS-scavenging activity at a high temperature. Fusion and fission forms of mitochondria were dominantly observed at 30°C and 45°C, respectively. Consistent results were obtained by temperature upshift experiments, including transcriptomic and enzymatic analyses, suggesting a change of metabolic flow from glycolysis to the pentose phosphate pathway. The results of this study suggest that K. marxianus survives at a high temperature by scavenging ROS via metabolic change for a period until a critical concentration of acetate is reached. <b>IMPORTANCE</b> Kluyveromyces marxianus, a thermotolerant yeast, can grow well at temperatures over 45°C, unlike Kluyveromyces lactis, which belongs to the same genus, or Saccharomyces cerevisiae, which is a closely related yeast. K. marxianus may thus bear an intrinsic mechanism to survive at high temperatures. This study revealed the thermotolerant mechanism of the yeast, including ROS scavenging with NADPH, which is generated by changes in metabolic flow.",Saccharomyces cerevisiae,temperature,,
34999138,10.1016/j.bbamcr.2021.119209,,no_pmc,2022,Biochimica et biophysica acta. Molecular cell research,Heat stress regulates the expression of TPK1 gene at transcriptional and post-transcriptional levels in Saccharomyces cerevisiae.,"In Saccharomyces cerevisiae cAMP regulates different cellular processes through PKA. The specificity of the response of the cAMP-PKA pathway is highly regulated. Here we address the mechanism through which the cAMP-PKA pathway mediates its response to heat shock and thermal adaptation in yeast. PKA holoenzyme is composed of a regulatory subunit dimer (Bcy1) and two catalytic subunits (Tpk1, Tpk2, or Tpk3). PKA subunits are differentially expressed under certain growth conditions. Here we demonstrate the increased abundance and half-life of TPK1 mRNA and the assembly of this mRNA in cytoplasmic foci during heat shock at 37 °C. The resistance of the foci to cycloheximide-induced disassembly along with the polysome profiling analysis suggest that TPK1 mRNA is impaired for entry into translation. TPK1 expression was also evaluated during a recurrent heat shock and thermal adaptation. Tpk1 protein level is significantly increased during the recovery periods. The crosstalk of cAMP-PKA pathway and CWI signalling was also studied. Wsc3 sensor and some components of the CWI pathway are necessary for the TPK1 expression upon heat shock. The assembly in foci upon thermal stress depends on Wsc3. Tpk1 expression is lower in a wsc3∆ mutant than in WT strain during thermal adaptation and thus the PKA levels are also lower. An increase in Tpk1 abundance in the PKA holoenzyme in response to heat shock is presented, suggesting that a recurrent stress enhanced the fitness for the coming favourable conditions. Therefore, the regulation of TPK1 expression by thermal stress contributes to the specificity of cAMP-PKA signalling.",Saccharomyces cerevisiae,temperature,,
36911365,10.3389/fevo.2022.859904,PMC10004143,pmc_not_oa,2022,Frontiers in ecology and evolution,Temperature-dependent genetics of thermotolerance between yeast species.,"Many traits of industrial and basic biological interest arose long ago, and manifest now as fixed differences between a focal species and its reproductively isolated relatives. In these systems, extant individuals can hold clues to the mechanisms by which phenotypes evolved in their ancestors. We harnessed yeast thermotolerance as a test case for such molecular-genetic inferences. In viability experiments, we showed that extant <i>Saccharomyces</i> cerevisiae survived at temperatures where cultures of its sister species <i>S. paradoxus</i> died out. Then, focusing on loci that contribute to this difference, we found that the genetic mechanisms of high-temperature growth changed with temperature. We also uncovered an enrichment of low-frequency variants at thermotolerance loci in <i>S. cerevisiae</i> population sequences, suggestive of a history of non-neutral selective forces acting at these genes. We interpret these results in light of models of the evolutionary mechanisms by which the thermotolerance trait arose in the <i>S. cerevisiae</i> lineage. Together, our results and interpretation underscore the power of genetic approaches to explore how an ancient trait came to be.",Saccharomyces cerevisiae,temperature,,
34935410,10.1091/mbc.E21-10-0493,PMC9250385,oa,2022,Molecular biology of the cell,"Essentiality of Sis1, a J-domain protein Hsp70 cochaperone, can be overcome by Tti1, a specialized PIKK chaperone.","J-domain protein cochaperones drive much of the functional diversity of Hsp70-based chaperone systems. Sis1 is the only essential J-domain protein of the cytosol/nucleus of <i>Saccharomyces cerevisiae</i>. Why it is required for cell growth is not understood, nor how critical its role is in regulation of heat shock transcription factor 1 (Hsf1). We report that single-residue substitutions in Tti1, a component of the heterotrimeric TTT complex, a specialized chaperone system for phosphatidylinositol 3-kinase-related kinase (PIKK) proteins, allow growth of cells lacking Sis1. Upon depletion of Sis1, cells become hypersensitive to rapamycin, a specific inhibitor of TORC1 kinase. In addition, levels of the three essential PIKKs (Mec1, Tra1, and Tor2), as well as Tor1, decrease upon Sis1 depletion. Overexpression of Tti1 allows growth without an increase in the other subunits of the TTT complex, Tel2 and Tti2, suggesting that it can function independent of the complex. Cells lacking Sis1, with viability supported by Tti1 suppressor, substantially up-regulate some, but not all, heat shock elements activated by Hsf1. Together, our results suggest that Sis1 is required as a cochaperone of Hsp70 for the folding/maintenance of PIKKs, making Sis1 an essential gene, and its requirement for Hsf1 regulation is more nuanced than generally appreciated.",Saccharomyces cerevisiae,temperature,,
34913993,10.1007/s00253-021-11730-z,,no_pmc,2022,Applied microbiology and biotechnology,"Evolutionary and reverse engineering to increase Saccharomyces cerevisiae tolerance to acetic acid, acidic pH, and high temperature.","Saccharomyces cerevisiae scarcely grows on minimal media with acetic acid, acidic pH, and high temperatures. In this study, the adaptive laboratory evolution (ALE), whole-genome analysis, and reverse engineering approaches were used to generate strains tolerant to these conditions. The thermotolerant strain TTY23 and its parental S288C were evolved through 1 year, in increasing concentrations of acetic acid up to 12 g/L, keeping the pH ≤ 4. Of the 18 isolated strains, 9 from each ancestor, we selected the thermo-acid tolerant TAT12, derived from TTY23, and the acid tolerant AT22, derived from S288C. Both grew in minimal media with 12 g/L of acetic acid, pH 4, and 30 °C, and produced ethanol up to 29.25 ± 6 mmol/g<sub>DCW</sub>/h-neither of the ancestors thrived in these conditions. Furthermore, only the TAT12 grew on 2 g/L of acetic acid, pH 3, and 37 °C, and accumulated 16.5 ± 0.5 mmol/g<sub>DCW</sub>/h of ethanol. Whole-genome sequencing and transcriptomic analysis of this strain showed changes in the genetic sequence and transcription of key genes involved in the RAS-cAMP-PKA signaling pathway (RAS2, GPA2, and IRA2), the heat shock transcription factor (HSF1), and the positive regulator of replication initiation (SUM1), among others. By reverse engineering, the relevance of the combined mutations in the genes RAS2, HSF1, and SUM1 to the tolerance for acetic acid, low pH, and high temperature was confirmed. Alone, the RAS2 mutation yielded acid tolerance and HSF1 nutation thermotolerance. Increasing the thermo-acidic niche and acetic acid tolerance of S. cerevisiae can contribute to improve economic ethanol production. KEY POINTS: • Thermo-acid tolerant (TAT) yeast strains were generated by adaptive laboratory evolution. • The strain TAT12 thrived on non-native, thermo-acidic harmful conditions. • Mutations in RAS2, HSF1, and SUM1 genes rendered yeast thermo and acid tolerant.",Saccharomyces cerevisiae,temperature,,
34894216,10.1093/femsyr/foab061,,no_pmc,2021,FEMS yeast research,The H2A N-terminal tail is required to alleviate copper-induced stress in Saccharomyces cerevisiae.,"Histone tail residues drive many biological processes by regulating genome-wide transcription. Functions of histone H3 and H4 tail residues in stress-responsive gene transcriptional programs have been extensively studied. The H2A tail residues have been shown to regulate DNA damage repair and oxidative stress response, but the involvement of N-terminal tail of H2A (H2ANtT) in proteostasis regulation is unknown. The unfolded protein response pathway (UPR) is an essential mechanism adopted by cells to prevent protein toxicity in response to ER stress. The disturbance in ER can occur by various factors such as heat stress, redox imbalance, exposure to xenobiotics and metals. Copper is utilized as a cofactor by cellular enzymes, but excessive copper affects ER homeostasis. We found that cells lacking 1-20 residues of H2ANtT are intolerant to copper stress, owing to the accumulation of misfolded proteins in the mutant cells. H2A 1-20 truncation also reduces the physiological UPR, and copper exposure further aggravates this effect. Furthermore, the expression of a spliced version of HAC1 mRNA in H2A∆(1-20) cells, encoding the downstream transcription factor of UPR signalling, rescues their growth under copper stress. Altogether these results provide evidence that H2ANtT reduces copper-induced ER stress by regulating UPR signalling.",Saccharomyces cerevisiae,temperature,,
34856417,10.1016/j.bbrc.2021.11.080,,no_pmc,2022,Biochemical and biophysical research communications,Orchardgrass ACTIVATOR OF HSP90 ATPASE possesses autonomous chaperone properties and activates Hsp90 transcription to enhance thermotolerance.,"High temperature stress is an environmental factor that negatively affects the growth and development of crops. Hsp90 (90 kDa heat shock protein) is a major molecular chaperone in eukaryotic cells, contributing to the maintenance of cell homeostasis through interaction with co-chaperones. Aha1 (activator of Hsp90 ATPase) is well known as a co-chaperone that activates ATPase activity of Hsp90 in mammals. However, biochemical and physiological evidence relating to Aha has not yet been identified in plants. In this study, we investigated the heat-tolerance function of orchardgrass (Dactylis glomerata L.) Aha (DgAha). Recombinant DgAha interacted with cytosolic DgHsp90s and efficiently protected substrates from thermal denaturation. Furthermore, heterologous expression of DgAha in yeast (Saccharomyces cerevisiae) cells and Arabidopsis (Arabidopsis thaliana) plants conferred thermotolerance in vivo. Enhanced expression of DgAha in Arabidopsis stimulates the transcription of Hsp90 under heat stress. Our data demonstrate that plant Aha plays a positive role in heat stress tolerance via chaperone properties and/or activation of Hsp90 to protect substrate proteins in plants from thermal injury.",Saccharomyces cerevisiae,temperature,,
34849884,10.1093/genetics/iyab129,PMC8633096,pmc_not_oa,2021,Genetics,Yeast J-protein Sis1 prevents prion toxicity by moderating depletion of prion protein.,"[PSI+] is a prion of Saccharomyces cerevisiae Sup35, an essential ribosome release factor. In [PSI+] cells, most Sup35 is sequestered into insoluble amyloid aggregates. Despite this depletion, [PSI+] prions typically affect viability only modestly, so [PSI+] must balance sequestering Sup35 into prions with keeping enough Sup35 functional for normal growth. Sis1 is an essential J-protein regulator of Hsp70 required for the propagation of amyloid-based yeast prions. C-terminally truncated Sis1 (Sis1JGF) supports cell growth in place of wild-type Sis1. Sis1JGF also supports [PSI+] propagation, yet [PSI+] is highly toxic to cells expressing only Sis1JGF. We searched extensively for factors that mitigate the toxicity and identified only Sis1, suggesting Sis1 is uniquely needed to protect from [PSI+] toxicity. We find the C-terminal substrate-binding domain of Sis1 has a critical and transferable activity needed for the protection. In [PSI+] cells that express Sis1JGF in place of Sis1, Sup35 was less soluble and formed visibly larger prion aggregates. Exogenous expression of a truncated Sup35 that cannot incorporate into prions relieved [PSI+] toxicity. Together our data suggest that Sis1 has separable roles in propagating Sup35 prions and in moderating Sup35 aggregation that are crucial to the balance needed for the propagation of what otherwise would be lethal [PSI+] prions.",Saccharomyces cerevisiae,temperature,,
34830177,10.3390/ijms222212293,PMC8622941,oa,2021,International journal of molecular sciences,"The Role of Ancestral Duplicated Genes in Adaptation to Growth on Lactate, a Non-Fermentable Carbon Source for the Yeast <i>Saccharomyces cerevisiae</i>.","The cell central metabolism has been shaped throughout evolutionary times when facing challenges from the availability of resources. In the budding yeast, <i>Saccharomyces cerevisiae</i>, a set of duplicated genes originating from an ancestral whole-genome and several coetaneous small-scale duplication events drive energy transfer through glucose metabolism as the main carbon source either by fermentation or respiration. These duplicates (~a third of the genome) have been dated back to approximately 100 MY, allowing for enough evolutionary time to diverge in both sequence and function. Gene duplication has been proposed as a molecular mechanism of biological innovation, maintaining balance between mutational robustness and evolvability of the system. However, some questions concerning the molecular mechanisms behind duplicated genes transcriptional plasticity and functional divergence remain unresolved. In this work we challenged <i>S. cerevisiae</i> to the use of lactic acid/lactate as the sole carbon source and performed a small adaptive laboratory evolution to this non-fermentative carbon source, determining phenotypic and transcriptomic changes. We observed growth adaptation to acidic stress, by reduction of growth rate and increase in biomass production, while the transcriptomic response was mainly driven by repression of the whole-genome duplicates, those implied in glycolysis and overexpression of ROS response. The contribution of several duplicated pairs to this carbon source switch and acidic stress is also discussed.",Saccharomyces cerevisiae,temperature,,
34785526,10.1101/gr.275750.121,PMC8744673,oa,2022,Genome research,Mediator dynamics during heat shock in budding yeast.,"The Mediator complex is central to transcription by RNA polymerase II (Pol II) in eukaryotes. In budding yeast (<i>Saccharomyces cerevisiae</i>), Mediator is recruited by activators and associates with core promoter regions, where it facilitates preinitiation complex (PIC) assembly, only transiently before Pol II escape. Interruption of the transcription cycle by inactivation or depletion of Kin28 inhibits Pol II escape and stabilizes this association. However, Mediator occupancy and dynamics have not been examined on a genome-wide scale in yeast grown in nonstandard conditions. Here we investigate Mediator occupancy following heat shock or CdCl<sub>2</sub> exposure, with and without depletion of Kin28. We find that Pol II occupancy shows similar dependence on Mediator under normal and heat shock conditions. However, although Mediator association increases at many genes upon Kin28 depletion under standard growth conditions, little or no increase is observed at most genes upon heat shock, indicating a more stable association of Mediator after heat shock. Unexpectedly, Mediator remains associated upstream of the core promoter at genes repressed by heat shock or CdCl<sub>2</sub> exposure whether or not Kin28 is depleted, suggesting that Mediator is recruited by activators but is unable to engage PIC components at these repressed targets. This persistent association is strongest at promoters that bind the HMGB family member Hmo1, and is reduced but not eliminated in <i>hmo1Δ</i> yeast. Finally, we show a reduced dependence on PIC components for Mediator occupancy at promoters after heat shock, further supporting altered dynamics or stronger engagement with activators under these conditions.",Saccharomyces cerevisiae,temperature,,
34718512,10.1093/femsyr/foab054,PMC8599792,oa,2021,FEMS yeast research,Hsp90 interaction networks in fungi-tools and techniques.,"Heat-shock protein 90 (Hsp90) is a central regulator of cellular proteostasis. It stabilizes numerous proteins that are involved in fundamental processes of life, including cell growth, cell-cycle progression and the environmental response. In addition to stabilizing proteins, Hsp90 governs gene expression and controls the release of cryptic genetic variation. Given its central role in evolution and development, it is important to identify proteins and genes that interact with Hsp90. This requires sophisticated genetic and biochemical tools, including extensive mutant collections, suitable epitope tags, proteomics approaches and Hsp90-specific pharmacological inhibitors for chemogenomic screens. These usually only exist in model organisms, such as the yeast Saccharomyces cerevisiae. Yet, the importance of other fungal species, such as Candida albicans and Cryptococcus neoformans, as serious human pathogens accelerated the development of genetic tools to study their virulence and stress response pathways. These tools can also be exploited to map Hsp90 interaction networks. Here, we review tools and techniques for Hsp90 network mapping available in different fungi and provide a summary of existing mapping efforts. Mapping Hsp90 networks in fungal species spanning >500 million years of evolution provides a unique vantage point, allowing tracking of the evolutionary history of eukaryotic Hsp90 networks.",Saccharomyces cerevisiae,temperature,,
34685698,10.3390/cells10102718,PMC8534465,oa,2021,Cells,Identification of Tropical Plant Extracts That Extend Yeast Chronological Life Span.,"Certain plant extracts (PEs) contain bioactive compounds that have antioxidant and lifespan-extending activities on organisms. These PEs play different roles in cellular processes, such as enhancing stress resistance and modulating longevity-defined signaling pathways that contribute to longevity. Here, we report the discovery of PEs that extended chronological life span (CLS) in budding yeast from a screen of 222 PEs. We identified two PEs, the leaf extracts of <i>Manihot esculenta</i> and <i>Wodyetia bifurcata</i> that extended CLS in a dose-dependent manner. The CLS-extending PEs also conferred oxidative stress tolerance, suggesting that these PEs might extend yeast CLS through the upregulation of stress response pathways.",Saccharomyces cerevisiae,temperature,,
34568909,10.1093/g3journal/jkab218,PMC8473984,oa,2021,"G3 (Bethesda, Md.)",The amino acid substitution affects cellular response to mistranslation.,"Mistranslation, the misincorporation of an amino acid not specified by the ""standard"" genetic code, occurs in all organisms. tRNA variants that increase mistranslation arise spontaneously and engineered tRNAs can achieve mistranslation frequencies approaching 10% in yeast and bacteria. Interestingly, human genomes contain tRNA variants with the potential to mistranslate. Cells cope with increased mistranslation through multiple mechanisms, though high levels cause proteotoxic stress. The goal of this study was to compare the genetic interactions and the impact on transcriptome and cellular growth of two tRNA variants that mistranslate at a similar frequency but create different amino acid substitutions in Saccharomyces cerevisiae. One tRNA variant inserts alanine at proline codons whereas the other inserts serine for arginine. Both tRNAs decreased growth rate, with the effect being greater for arginine to serine than for proline to alanine. The tRNA that substituted serine for arginine resulted in a heat shock response. In contrast, heat shock response was minimal for proline to alanine substitution. Further demonstrating the significance of the amino acid substitution, transcriptome analysis identified unique up- and down-regulated genes in response to each mistranslating tRNA. Number and extent of negative synthetic genetic interactions also differed depending upon type of mistranslation. Based on the unique responses observed for these mistranslating tRNAs, we predict that the potential of mistranslation to exacerbate diseases caused by proteotoxic stress depends on the tRNA variant. Furthermore, based on their unique transcriptomes and genetic interactions, different naturally occurring mistranslating tRNAs have the potential to negatively influence specific diseases.",Saccharomyces cerevisiae,temperature,,
34545808,10.7554/eLife.60917,PMC8455135,oa,2021,eLife,A prion accelerates proliferation at the expense of lifespan.,"In fluctuating environments, switching between different growth strategies, such as those affecting cell size and proliferation, can be advantageous to an organism. Trade-offs arise, however. Mechanisms that aberrantly increase cell size or proliferation-such as mutations or chemicals that interfere with growth regulatory pathways-can also shorten lifespan. Here we report a natural example of how the interplay between growth and lifespan can be epigenetically controlled. We find that a highly conserved RNA-modifying enzyme, the pseudouridine synthase Pus4/TruB, can act as a prion, endowing yeast with greater proliferation rates at the cost of a shortened lifespan. Cells harboring the prion grow larger and exhibit altered protein synthesis. This epigenetic state, [<i>BIG</i><sup>+</sup>] (<i>b</i>etter <i>i</i>n <u><i>g</i></u>rowth), allows cells to heritably yet reversibly alter their translational program, leading to the differential synthesis of dozens of proteins, including many that regulate proliferation and aging. Our data reveal a new role for prion-based control of an RNA-modifying enzyme in driving heritable epigenetic states that transform cell growth and survival.",Saccharomyces cerevisiae,temperature,,
34520469,10.1371/journal.pgen.1009793,PMC8462698,oa,2021,PLoS genetics,Joint effects of genes underlying a temperature specialization tradeoff in yeast.,"A central goal of evolutionary genetics is to understand, at the molecular level, how organisms adapt to their environments. For a given trait, the answer often involves the acquisition of variants at unlinked sites across the genome. Genomic methods have achieved landmark successes in pinpointing these adaptive loci. To figure out how a suite of adaptive alleles work together, and to what extent they can reconstitute the phenotype of interest, requires their transfer into an exogenous background. We studied the joint effect of adaptive, gain-of-function thermotolerance alleles at eight unlinked genes from Saccharomyces cerevisiae, when introduced into a thermosensitive sister species, S. paradoxus. Although the loci damped each other's beneficial impact (that is, they were subject to negative epistasis), most boosted high-temperature growth alone and in combination, and none was deleterious. The complete set of eight genes was sufficient to confer ~15% of the S. cerevisiae thermotolerance phenotype in the S. paradoxus background. The same loci also contributed to a heretofore unknown advantage in cold growth by S. paradoxus. Together, our data establish temperature resistance in yeasts as a model case of a genetically complex evolutionary tradeoff, which can be partly reconstituted from the sequential assembly of unlinked underlying loci.",Saccharomyces cerevisiae,temperature,,
34421848,10.3389/fmicb.2021.695382,PMC8371705,oa,2021,Frontiers in microbiology,Alanine Represses γ-Aminobutyric Acid Utilization and Induces Alanine Transaminase Required for Mitochondrial Function in <i>Saccharomyces cerevisiae</i>.,"The γ-aminobutyric acid (GABA) shunt constitutes a conserved metabolic route generating nicotinamide adenine dinucleotide phosphate (NADPH) and regulating stress response in most organisms. Here we show that in the presence of GABA, <i>Saccharomyces cerevisiae</i> produces glutamate and alanine through the irreversible action of Uga1 transaminase. Alanine induces expression of alanine transaminase (<i>ALT1</i>) gene. In an <i>alt1</i>Δ mutant grown on GABA, alanine accumulation leads to repression of the <i>GAD1</i>, <i>UGA1</i>, and <i>UGA2</i> genes, involved in the GABA shunt, which could result in growth impairment. Induced <i>ALT1</i> expression and negative modulation of the GABA shunt by alanine constitute a novel regulatory circuit controlling both alanine biosynthesis and catabolism. Consistent with this, the GABA shunt and the production of NADPH are repressed in a wild-type strain grown in alanine, as compared to those detected in the wild-type strain grown on GABA. We also show that heat shock induces alanine biosynthesis and <i>ALT1</i>, <i>UGA1</i>, <i>UGA2</i>, and <i>GAD1</i> gene expression, whereas an <i>uga1</i>Δ mutant shows heat sensitivity and reduced NADPH pools, as compared with those observed in the wild-type strain. Additionally, an <i>alt1</i>Δ mutant shows an unexpected alanine-independent phenotype, displaying null expression of mitochondrial <i>COX2</i>, <i>COX3</i>, and <i>ATP6</i> genes and a notable decrease in mitochondrial/nuclear DNA ratio, as compared to a wild-type strain, which results in a petite phenotype. Our results uncover a new negative role of alanine in stress defense, repressing the transcription of the GABA shunt genes, and support a novel Alt1 moonlighting function related to the maintenance of mitochondrial DNA integrity and mitochondrial gene expression.",Saccharomyces cerevisiae,temperature,,
34394037,10.3389/fmicb.2021.695535,PMC8355993,oa,2021,Frontiers in microbiology,Heat Stress Tolerance Gene <i>FpHsp104</i> Affects Conidiation and Pathogenicity of <i>Fusarium pseudograminearum</i>.,"Heat shock protein Hsp104, a homolog of the bacterial chaperone ClpB and plant Hsp100, plays an essential part in the response to heat and various chemical agents in <i>Saccharomyces cerevisiae</i>. However, their functions remain largely unknown in plant fungal pathogens. Here, we report the identification and functional characterization of a plausible ortholog of yeast Hsp104 in <i>Fusarium pseudograminearum</i>, which we termed FpHsp104. Deletion mutant of FpHsp104 displayed severe defects in the resistance of heat shock during <i>F. pseudograminearum</i> mycelia and conidia when exposed to extreme heat. We also found that the protein showed dynamic localization to small particles under high temperature. However, no significant differences were detected in osmotic, oxidative, or cell wall stress responses between the wild-type and Δ<i>fphsp104</i> strains. Quantitative real-time PCR analysis showed that <i>FpHsp104</i> was upregulated in the conidia, and disruption of <i>FpHsp104</i> gene resulted in defects in conidia production, morphology, and germination. The transcript levels of conidiation-related genes of <i>FpFluG</i>, <i>FpVosA</i>, <i>FpWetA</i>, and <i>FpAbaA</i> were reduced in the Δ<i>fphsp104</i> mutant vs. the wild-type strain, but heat-shocked mRNA splicing repair was not affected in Δ<i>fphsp104</i>. Moreover, Δ<i>fphsp104</i> mutant also showed attenuated virulence, but its DON synthesis was normal. These data from the first study of Hsp104 in <i>F. pseudograminearum</i> strongly suggest that <i>FpHsp104</i> gene is an important element in the heat tolerance, development, and pathogenicity processes of <i>F. pseudograminearum</i>.",Saccharomyces cerevisiae,temperature,,
34378312,10.1111/1541-4337.12798,,no_pmc,2021,Comprehensive reviews in food science and food safety,Saccharomyces cerevisiae biomass as a source of next-generation food preservatives: Evaluating potential proteins as a source of antimicrobial peptides.,"Saccharomyces cerevisiae is the main biotechnological tool for the production of Baker's or Brewer's biomasses, largely applied in beverage and fermented-food production. Through its gene expression reprogramming and production of compounds that inactivate the growth of other microorganisms, S. cerevisiae is able to grow in adverse environments and in complex microbial consortia, as in fruit pulps and root flour fermentations. The distinct set of up-regulated genes throughout yeast biomass propagation includes those involved in sugar fermentation, ethanol metabolization, and in protective responses against abiotic stresses. These high abundant proteins are precursors of several peptides with promising health-beneficial activities such as antihypertensive, antioxidant, antimicrobial, immunomodulatory, anti-obesity, antidiabetes, and mitogenic properties. An in silico investigation of these S. cerevisiae derived peptides produced during yeast biomass propagation or induced by physicochemical treatments were performed using four algorithms to predict antimicrobial candidates encrypted in abundantly expressed stress-related proteins encoded by different genes like AHP1, TSA1, HSP26, SOD1, HSP10, and UTR2, or metabolic enzymes involved in carbon source utilization, like ENO1/2, TDH1/2/3, ADH1/2, FBA1, and PDC1. Glyceraldehyde-3-phosphate dehydrogenase and enolase II are noteworthy precursor proteins, since they exhibited the highest scores concerning the release of antimicrobial peptide candidates. Considering the set of genes upregulated during biomass propagation, we conclude that S. cerevisiae biomass, a food-grade product consumed and marketed worldwide, should be considered a safe and nonseasonal source for designing next-generation bioactive agents, especially protein encrypting antimicrobial peptides that display broad spectra activity and could reduce the emergence of microbial resistance while also avoiding cytotoxicity.",Saccharomyces cerevisiae,temperature,,
34359244,10.3390/ani11072116,PMC8300089,oa,2021,Animals : an open access journal from MDPI,"Dietary Supplementation with <i>Saccharomyces cerevisiae</i>, <i>Clostridium butyricum</i> and Their Combination Ameliorate Rumen Fermentation and Growth Performance of Heat-Stressed Goats.","This study aimed to evaluate the effects of <i>Saccharomyces cerevisiae</i>, and their combination on rumen fermentation and growth performance of heat-stressed goats. Twelve heat-stressed goats (20.21 ± 2.30 kg) were divided equally into four groups: control group (CG, fed the basal diet, <i>Saccharomyces cerevisiae</i> supplemented group (SC, 0.60% <i>Saccharomyces cerevisiae</i> added to the basal diet), <i>Clostridium butyricum</i> supplemented group (CB, 0.05% <i>Clostridium butyricum</i> added to the basal diet), and their combination supplemented group (COM 0.60% <i>Saccharomyces cerevisiae</i> and 0.05% <i>Clostridium butyricum</i> added to the basal diet) and were assigned to a 4 × 3 incomplete Latin square design. The rumen fluid and feces were collected for fermentation parameters and feed digestibility analysis, and animal growth performance was also assessed during all the experiment periods. The results showed that rumen pH, rumen cellulolytic enzymes (avicelase, CMCaes, cellobiase, and xylanase) activities, and the concentrations of rumen total volatile fatty acid (TVFA), acetic acid, and propionic acid were significantly increased with <i>Saccharomyces cerevisiae</i>, <i>Clostridium butyricum</i>, and their combination supplementation (<i>p</i> < 0.05). Besides, the dry matter intake (DMI), average daily gain (ADG), and the digestibility of dry matter (DM), neutral detergent fiber (NDF), and acidic detergent fiber (ADF) were significantly increased (<i>p</i> < 0.05) with supplemented these probiotics. However, the ammonia nitrogen (NH<sub>3</sub>-N) concentration only significantly increased in CB and A/P ratio (acetic acid to propionic acid ratio) only significantly increased in SC and CB. These results indicated that the supplementation with these probiotics could ameliorate rumen fermentation and growth performance of heat-stressed goats.",Saccharomyces cerevisiae,temperature,,
34303845,10.1016/j.ymben.2021.07.006,,no_pmc,2021,Metabolic engineering,Engineering the thermotolerant industrial yeast Kluyveromyces marxianus for anaerobic growth.,"Current large-scale, anaerobic industrial processes for ethanol production from renewable carbohydrates predominantly rely on the mesophilic yeast Saccharomyces cerevisiae. Use of thermotolerant, facultatively fermentative yeasts such as Kluyveromyces marxianus could confer significant economic benefits. However, in contrast to S. cerevisiae, these yeasts cannot grow in the absence of oxygen. Responses of K. marxianus and S. cerevisiae to different oxygen-limitation regimes were analyzed in chemostats. Genome and transcriptome analysis, physiological responses to sterol supplementation and sterol-uptake measurements identified absence of a functional sterol-uptake mechanism as a key factor underlying the oxygen requirement of K. marxianus. Heterologous expression of a squalene-tetrahymanol cyclase enabled oxygen-independent synthesis of the sterol surrogate tetrahymanol in K. marxianus. After a brief adaptation under oxygen-limited conditions, tetrahymanol-expressing K. marxianus strains grew anaerobically on glucose at temperatures of up to 45 °C. These results open up new directions in the development of thermotolerant yeast strains for anaerobic industrial applications.",Saccharomyces cerevisiae,temperature,,
34290138,10.1073/pnas.2020997118,PMC8325156,oa,2021,Proceedings of the National Academy of Sciences of the United States of America,Nuclear envelope budding is a response to cellular stress.,"Nuclear envelope budding (NEB) is a recently discovered alternative pathway for nucleocytoplasmic communication distinct from the movement of material through the nuclear pore complex. Through quantitative electron microscopy and tomography, we demonstrate how NEB is evolutionarily conserved from early protists to human cells. In the yeast <i>Saccharomyces cerevisiae</i>, NEB events occur with higher frequency during heat shock, upon exposure to arsenite or hydrogen peroxide, and when the proteasome is inhibited. Yeast cells treated with azetidine-2-carboxylic acid, a proline analog that induces protein misfolding, display the most dramatic increase in NEB, suggesting a causal link to protein quality control. This link was further supported by both localization of ubiquitin and Hsp104 to protein aggregates and NEB events, and the evolution of these structures during heat shock. We hypothesize that NEB is part of normal cellular physiology in a vast range of species and that in <i>S. cerevisiae</i> NEB comprises a stress response aiding the transport of protein aggregates across the nuclear envelope.",Saccharomyces cerevisiae,temperature,,
34274018,10.1186/s13068-021-02008-7,PMC8285809,oa,2021,Biotechnology for biofuels,Cellulosic biofuel production using emulsified simultaneous saccharification and fermentation (eSSF) with conventional and thermotolerant yeasts.,"Future expansion of corn-derived ethanol raises concerns of sustainability and competition with the food industry. Therefore, cellulosic biofuels derived from agricultural waste and dedicated energy crops are necessary. To date, slow and incomplete saccharification as well as high enzyme costs have hindered the economic viability of cellulosic biofuels, and while approaches like simultaneous saccharification and fermentation (SSF) and the use of thermotolerant microorganisms can enhance production, further improvements are needed. Cellulosic emulsions have been shown to enhance saccharification by increasing enzyme contact with cellulose fibers. In this study, we use these emulsions to develop an emulsified SSF (eSSF) process for rapid and efficient cellulosic biofuel production and make a direct three-way comparison of ethanol production between S. cerevisiae, O. polymorpha, and K. marxianus in glucose and cellulosic media at different temperatures. In this work, we show that cellulosic emulsions hydrolyze rapidly at temperatures tolerable to yeast, reaching up to 40-fold higher conversion in the first hour compared to microcrystalline cellulose (MCC). To evaluate suitable conditions for the eSSF process, we explored the upper temperature limits for the thermotolerant yeasts Kluyveromyces marxianus and Ogataea polymorpha, as well as Saccharomyces cerevisiae, and observed robust fermentation at up to 46, 50, and 42 °C for each yeast, respectively. We show that the eSSF process reaches high ethanol titers in short processing times, and produces close to theoretical yields at temperatures as low as 30 °C. Finally, we demonstrate the transferability of the eSSF technology to other products by producing the advanced biofuel isobutanol in a light-controlled eSSF using optogenetic regulators, resulting in up to fourfold higher titers relative to MCC SSF. The eSSF process addresses the main challenges of cellulosic biofuel production by increasing saccharification rate at temperatures tolerable to yeast. The rapid hydrolysis of these emulsions at low temperatures permits fermentation using non-thermotolerant yeasts, short processing times, low enzyme loads, and makes it possible to extend the process to chemicals other than ethanol, such as isobutanol. This transferability establishes the eSSF process as a platform for the sustainable production of biofuels and chemicals as a whole.",Saccharomyces cerevisiae,temperature,,
34189415,10.1093/tas/txab072,PMC8223600,oa,2021,Translational animal science,Effects of dietary live yeast supplementation on growth performance and biomarkers of metabolism and inflammation in heat-stressed and nutrient-restricted pigs.,"Study objectives were to determine the effects of dietary live yeast (<i>Saccharomyces cerevisiae</i> strain CNCM I-4407; ActisafHR+; 0.25g/kg of feed; Phileo by Lesaffre, Milwaukee, WI) on growth performance and biomarkers of metabolism and inflammation in heat-stressed and nutrient-restricted pigs. Crossbred barrows (<i>n</i> = 96; 79 ± 1 kg body weight [<b>BW</b>]) were blocked by initial BW and randomly assigned to one of six dietary-environmental treatments: 1) thermoneutral (<b>TN</b>) and fed ad libitum the control diet (<b>TNCon</b>), 2) TN and fed ad libitum a yeast containing diet (<b>TNYeast</b>), 3) TN and pair-fed (<b>PF</b>) the control diet (<b>PFCon</b>), 4) TN and PF the yeast containing diet (<b>PFYeast</b>), 5) heat stress (<b>HS</b>) and fed ad libitum the control diet (<b>HSCon</b>), or 6) HS and fed ad libitum the yeast diet (<b>HSYeast</b>). Following 5 d of acclimation to individual pens, pigs were enrolled in two experimental periods (<b>P</b>). During P1 (7 d), pigs were housed in TN conditions (20 °C) and fed their respective dietary treatments ad libitum. During P2 (28 d), HSCon and HSYeast pigs were fed ad libitum and exposed to progressive cyclical HS (28-33 °C) while TN and PF pigs remained in TN conditions and were fed ad libitum or PF to their HSCon and HSYeast counterparts. Pigs exposed to HS had an overall increase in rectal temperature, skin temperature, and respiration rate compared to TN pigs (0.3 °C, 5.5 °C, and 23 breaths per minute, respectively; <i>P</i> < 0.01). During P2, average daily feed intake (<b>ADFI</b>) decreased in HS compared to TN pigs (30%; <i>P</i> < 0.01). Average daily gain and final BW decreased in HS relative to TN pigs (<i>P</i> < 0.01); however, no differences in feed efficiency (<b>G:F</b>) were observed between HS and TN treatments (<i>P</i> > 0.16). A tendency for decreased ADFI and increased G:F was observed in TNYeast relative to TNCon pigs (<i>P</i> < 0.10). Circulating insulin was similar between HS and TN pigs (<i>P</i> > 0.42). Triiodothyronine and thyroxine levels decreased in HS compared to TN treatments (~19% and 20%, respectively; <i>P</i> < 0.05). Plasma tumor necrosis factor-alpha (<b>TNF-α</b>) did not differ across treatments (<i>P</i> > 0.57) but tended to decrease in HSYeast relative to HSCon pigs (<i>P</i> = 0.09). In summary, dietary live yeast did not affect body temperature indices or growth performance and had minimal effects on biomarkers of metabolism; however, it tended to improve G:F under TN conditions and tended to reduce the proinflammatory mediator TNF-α during HS. Further research on the potential role of dietary live yeast in pigs during HS or nutrient restriction scenarios is warranted.",Saccharomyces cerevisiae,temperature,,
34170815,10.1099/mic.0.001065,,no_pmc,2021,"Microbiology (Reading, England)",Minority potassium-uptake system Trk2 has a crucial role in yeast survival of glucose-induced cell death.,"The existence of programmed cell death in <i>Saccharomyces cerevisiae</i> has been reported for many years. Glucose induces the death of <i>S. cerevisiae</i> in the absence of additional nutrients within a few hours, and the absence of active potassium uptake makes cells highly sensitive to this process. <i>S. cerevisiae</i> cells possess two transporters, Trk1 and Trk2, which ensure a high intracellular concentration of potassium, necessary for many physiological processes. Trk1 is the major system responsible for potassium acquisition in growing and dividing cells. The contribution of Trk2 to potassium uptake in growing cells is almost negligible, but Trk2 becomes crucial for stationary cells for their survival of some stresses, e.g. anhydrobiosis. As a new finding, we show that both Trk systems contribute to the relative thermotolerance of <i>S. cerevisiae</i> BY4741. Our results also demonstrate that Trk2 is much more important for the cell survival of glucose-induced cell death than Trk1, and that stationary cells deficient in active potassium uptake lose their ATP stocks more rapidly than cells with functional Trk systems. This is probably due to the upregulated activity of plasma-membrane Pma1 H<sup>+</sup>-ATPase, and consequently, it is the reason why these cells die earlier than cells with functional active potassium uptake.",Saccharomyces cerevisiae,temperature,,
34156266,10.1094/PHYTO-05-21-0214-R,,no_pmc,2022,Phytopathology,Validamycin A Enhances the Interaction Between Neutral Trehalase and 14-3-3 Protein Bmh1 in <i>Fusarium graminearum</i>.,"In agriculture, Trehalase is considered the main target of the biological fungicide validamycin A, and the toxicology mechanism of validamycin A is unknown. 14-3-3 proteins, highly conserved proteins, participate in diverse cellular processes, including enzyme activation, protein localization, and acting as a molecular chaperone. In <i>Saccharomyces cerevisiae</i>, the 14-3-3 protein Bmh1could interact with Nth1 to respond to specific external stimuli. Here, we characterized FgNth, FgBmh1, and FgBmh2 in <i>Fusarium graminearum.</i> ΔFgNth, ΔFgBmh1, and ΔFgBmh2 displayed great growth defects and their peripheral tips hyphae generated more branches when compared with wild-type (WT) PH-1. When exposed to validamycin A as well as high osmotic and high temperature stresses, ΔFgNth, ΔFgBmh1, and ΔFgBmh2 showed more tolerance than WT. Both ΔFgNth and ΔFgBmh1 displayed reduced deoxynivalenol production but opposite for ΔFgBmh2, and all three deletion mutants showed reduced virulence on wheat coleoptiles. In addition, coimmunoprecipitation (Co-IP) experiments suggested that FgBmh1 and FgBmh2 both interact with FgNth, but no interaction was detected between FgBmh1 and FgBmh2 in our experiments. Further, validamycin A enhances the interaction between FgBmh1 and FgNth in a positive correlation under concentrations of 1 to 100 μg/ml. In addition, both high osmotic and high temperature stresses promote the interaction between FgBmh1 and FgNth. Co-IP assay also showed that neither FgBmh1 nor FgBmh2 could interact with FgPbs2, a MAPKK kinase in the high-osmolarity glycerol pathway. However, FgBmh2 but not FgBmh1 binds to the heat shock protein FgHsp70 in <i>F. graminearum</i>. Taken together, our results demonstrate that FgNth and FgBmh proteins are involved in growth and responses to external stresses and virulence; and validamycin enhanced the interaction between FgNth and FgBmh1in <i>F. graminearum</i>.",Saccharomyces cerevisiae,temperature,,
34148914,10.2323/jgam.2020.11.002,,no_pmc,2021,The Journal of general and applied microbiology,Hsp104 contributes to freeze-thaw tolerance by maintaining proteasomal activity in a spore clone isolated from Shirakami kodama yeast.,"The supply of oven-fresh bakery products to consumers has been improved by frozen dough technology; however, freeze-thaw stress decreases the activity of yeast cells. To breed better baker's yeasts for frozen dough, it is important to understand the factors affecting freeze-thaw stress tolerance in baker's yeast. We analyzed the stress response in IB1411, a spore clone from Saccharomyces cerevisiae Shirakami kodama yeast, with an exceptionally high tolerance to freeze-thaw stress. Genes encoding trehalose-6-phosphate synthase (TPS1), catalase (CTT1), and disaggregase (HSP104) were highly expressed in IB1411 cells even under conditions of non-stress. The expression of Hsp104 protein was also higher in IB1411 cells even under non-stress conditions. Deletion of HSP104 (hsp104Δ) in IB1411 cells reduced the activity of the ubiquitin-proteasome system (UPS). By monitoring the accumulation of aggregated proteins using the ΔssCPY*-GFP fusion protein under freeze-thaw stress or treatment with proteasomal inhibitor, we found that IB1411 cells resolved aggregated proteins faster than the hsp104Δ strain. Thus, Hsp104 seems to contribute to freeze-thaw tolerance by maintaining UPS activity via the disaggregation of aggregated proteins. Lastly, we found that the IB1411 cells maintained high leavening ability in frozen dough as compared with the parental strain, Shirakami kodama yeast, and thus will be useful for making bread.",Saccharomyces cerevisiae,temperature,,
34105981,10.1128/AEM.00588-21,PMC8315178,oa,2021,Applied and environmental microbiology,Reprogramming of the Ethanol Stress Response in Saccharomyces cerevisiae by the Transcription Factor Znf1 and Its Effect on the Biosynthesis of Glycerol and Ethanol.,"High ethanol levels can severely inhibit the growth of yeast cells and fermentation productivity. The ethanologenic yeast Saccharomyces cerevisiae activates several well-defined cellular mechanisms of ethanol stress response (ESR); however, the involved regulatory control remains to be characterized. Here, we report a new transcription factor of ethanol stress adaptation called Znf1. It plays a central role in ESR by activating genes for glycerol and fatty acid production (<i>GUP1</i>, <i>GPP1</i>, <i>GPP2</i>, <i>GPD1</i>, <i>GAT1</i>, and <i>OLE1</i>) to preserve plasma membrane integrity. Importantly, Znf1 also activates genes implicated in cell wall biosynthesis (<i>FKS1</i>, <i>SED1</i>, and <i>SMI1</i>) and in the unfolded protein response (<i>HSP30</i>, <i>HSP104</i>, <i>KAR1</i>, and <i>LHS1</i>) to protect cells from proteotoxic stress. The <i>znf1</i>Δ strain displays increased sensitivity to ethanol, the endoplasmic reticulum (ER) stressor β-mercaptoethanol, and the cell wall-perturbing agent calcofluor white. To compensate for a defective cell wall, the strain lacking <i>ZNF1</i> or its target <i>SMI1</i> displays increased glycerol levels of 19.6% and 27.7%, respectively. Znf1 collectively regulates an intricate network of target genes essential for growth, protein refolding, and production of key metabolites. Overexpression of <i>ZNF1</i> not only confers tolerance to high ethanol levels but also increases ethanol production by 4.6% (8.43 g/liter) or 2.8% (75.78 g/liter) when 2% or 20% (wt/vol) glucose, respectively, is used as a substrate, compared to that of the wild-type strain. The mutually stress-responsive transcription factors Msn2/4, Hsf1, and Yap1 are associated with some promoters of Znf1's target genes to promote ethanol stress tolerance. In conclusion, this work implicates the novel regulator Znf1 in coordinating expression of ESR genes and illuminates the unifying transcriptional reprogramming during alcoholic fermentation. <b>IMPORTANCE</b> The yeast S. cerevisiae is a major microbe that is widely used in food and nonfood industries. However, accumulation of ethanol has a negative effect on its growth and limits ethanol production. The Znf1 transcription factor has been implicated as a key regulator of glycolysis and gluconeogenesis in the utilization of different carbon sources, including glucose, the most abundant sugar on earth, and nonfermentable substrates. Here, the role of Znf1 in ethanol stress response is defined. Znf1 actively reprograms expression of genes linked to the unfolded protein response (UPR), heat shock response, glycerol and carbohydrate metabolism, and biosynthesis of cell membrane and cell wall components. A complex interplay among transcription factors of ESR indicates transcriptional fine-tuning as the main mechanism of stress adaptation, and Znf1 plays a major regulatory role in the coordination. Understanding the adaptive ethanol stress mechanism is crucial to engineering robust yeast strains for enhanced stress tolerance or increased ethanol production.",Saccharomyces cerevisiae,temperature,,
34096604,10.1242/jcs.253781,PMC8214763,pmc_not_oa,2021,Journal of cell science,Atg32-dependent mitophagy sustains spermidine and nitric oxide required for heat-stress tolerance in Saccharomycescerevisiae.,"In Saccharomyces cerevisiae, the selective autophagic degradation of mitochondria, termed mitophagy, is critically regulated by the adapter protein Atg32. Despite our knowledge about the molecular mechanisms by which Atg32 controls mitophagy, its physiological roles in yeast survival and fitness remains less clear. Here, we demonstrate a requirement for Atg32 in promoting spermidine production during respiratory growth and heat-induced mitochondrial stress. During respiratory growth, mitophagy-deficient yeast exhibit profound heat-stress induced defects in growth and viability due to impaired biosynthesis of spermidine and its biosynthetic precursor S-adenosyl methionine. Moreover, spermidine production is crucial for the induction of cytoprotective nitric oxide (NO) during heat stress. Hence, the re-addition of spermidine to Atg32 mutant yeast is sufficient to both enhance NO production and restore respiratory growth during heat stress. Our findings uncover a previously unrecognized physiological role for yeast mitophagy in spermidine metabolism and illuminate new interconnections between mitophagy, polyamine biosynthesis and NO signaling.",Saccharomyces cerevisiae,temperature,,
34039449,10.1017/S0007114521001756,,no_pmc,2022,The British journal of nutrition,<i>Saccharomyces cerevisiae boulardii</i> CNCM I-1079 supplementation in finishing male pigs helps to cope with heat stress through feeding behaviour and gut microbiota modulation.,"Pigs subjected to heat stress (HS) decrease their feed intake and growth. The objectives of the experiment were to determine the effects of live yeast (LY) supplementation (Saccharomyces cerevisiae var boulardii CNCM I-1079) on feeding behaviour, energy metabolism and faecal microbiota composition of finishing boars (n 10) housed in a respiration chamber at thermoneutrality (7 d at 22°C) or during HS (seven plus six days at 28°C). Dietary LY supplementation increased DM intake (P = 0·01) whatever the ambient temperature, whereas HS decreased feed intake whatever the dietary supplementation (P = 0·01). Dietary LY supplementation increased the number of meals (P = 0·02). Energy retention was higher with dietary LY supplementation (P < 0·01) but decreased during HS (P < 0·01). The skin temperature of the supplemented pigs was lower at thermoneutrality and increased during HS to a lesser extent than that of non-supplemented pigs (P < 0·01). Faecal microbiota composition was determined using 16S rRNA gene sequencing. Treponema, Christensenellaceae R-7, Ruminococcaceae UCG-002, Rikenellaceae RC9, Clostridium sensu stricto 1 and Romboutsia genera and some bacteria belonging to Alloprevotella, Oxalobacter and Anaeroplasma genera were more abundant under HS. LY supplementation attenuated HS effects on Romboutsia abundance, while decreasing the abundance of some bacteria from Ruminoccocus, Coprococcus, Peptococcus and Oxalobacter genera and increasing the abundance of beneficial bacteria from Lactococcus and Subdoligranulum genera. Our results suggest that higher level of the keystone species Ruminococcus bromii at thermoneutrality may be one of the causes for higher energy retention observed under subsequent HS.",Saccharomyces cerevisiae,temperature,,
33983677,10.1002/biot.202000438,,no_pmc,2022,Biotechnology journal,"Comparative <sup>13</sup> C-metabolic flux analysis indicates elevation of ATP regeneration, carbon dioxide, and heat production in industrial Saccharomyces cerevisiae strains.","Various industrial Saccharomyces cerevisiae strains are used for specific processes, such as sake, wine brewing and bread making. Understanding mechanisms underlying the fermentation performance of these strains would be useful for further engineering of the S. cerevisiae metabolism. However, the relationship between the fermentation performance, intra-cellular metabolic states, and other phenotypic characteristics of industrial yeasts is still unclear. In this study, <sup>13</sup> C-metabolic flux analysis of four diploid yeast strains-laboratory, sake, bread, and wine yeasts-was conducted. While the Crabtree effect was observed for all strains, the metabolic flux level of glycolysis was elevated in bread and sake yeast. Furthermore, increased flux levels of the TCA cycle were commonly observed in the three industrial strains. The specific rates of CO<sub>2</sub> production, net ATP regeneration, and metabolic heat generation estimated from the metabolic flux distribution were two to three times greater than those of the laboratory strain. The elevation in metabolic heat generation was correlated with the tolerance to low-temperature stress. These results indicate that the metabolic flux distribution of sake and bread yeast strains contributes to faster production of ethanol and CO<sub>2</sub> . It is also suggested that the generation of metabolic heat is preferable under the actual industrial fermentation conditions.",Saccharomyces cerevisiae,temperature,,
33933450,10.1016/j.jbc.2021.100734,PMC8191332,oa,2021,The Journal of biological chemistry,The Cdk8 kinase module regulates interaction of the mediator complex with RNA polymerase II.,"The Cdk8 kinase module (CKM) is a dissociable part of the coactivator complex mediator, which regulates gene transcription by RNA polymerase II. The CKM has both negative and positive functions in gene transcription that remain poorly understood at the mechanistic level. In order to reconstitute the role of the CKM in transcription initiation, we prepared recombinant CKM from the yeast Saccharomyces cerevisiae. We showed that CKM bound to the core mediator (cMed) complex, sterically inhibiting cMed from binding to the polymerase II preinitiation complex (PIC) in vitro. We further showed that the Cdk8 kinase activity of the CKM weakened CKM-cMed interaction, thereby facilitating dissociation of the CKM and enabling mediator to bind the PIC in order to stimulate transcription initiation. Finally, we report that the kinase activity of Cdk8 is required for gene activation during the stressful condition of heat shock in vivo but not under steady-state growth conditions. Based on these results, we propose a model in which the CKM negatively regulates mediator function at upstream-activating sequences by preventing mediator binding to the PIC at the gene promoter. However, during gene activation in response to stress, the Cdk8 kinase activity of the CKM may release mediator and allow its binding to the PIC, thereby accounting for the positive function of CKM. This may impart improved adaptability to stress by allowing a rapid transcriptional response to environmental changes, and we speculate that a similar mechanism in metazoans may allow the precise timing of developmental transcription programs.",Saccharomyces cerevisiae,temperature,,
33914073,10.1093/g3journal/jkab139,PMC8495929,oa,2021,"G3 (Bethesda, Md.)",Population and comparative genetics of thermotolerance divergence between yeast species.,"Many familiar traits in the natural world-from lions' manes to the longevity of bristlecone pine trees-arose in the distant past, and have long since fixed in their respective species. A key challenge in evolutionary genetics is to figure out how and why species-defining traits have come to be. We used the thermotolerance growth advantage of the yeast Saccharomyces cerevisiae over its sister species Saccharomyces paradoxus as a model for addressing these questions. Analyzing loci at which the S. cerevisiae allele promotes thermotolerance, we detected robust evidence for positive selection, including amino acid divergence between the species and conservation within S. cerevisiae populations. Because such signatures were particularly strong at the chromosome segregation gene ESP1, we used this locus as a case study for focused mechanistic follow-up. Experiments revealed that, in culture at high temperature, the S. paradoxus ESP1 allele conferred a qualitative defect in biomass accumulation and cell division relative to the S. cerevisiae allele. Only genetic divergence in the ESP1 coding region mattered phenotypically, with no functional impact detectable from the promoter. Our data support a model in which an ancient ancestor of S. cerevisiae, under selection to boost viability at high temperature, acquired amino acid variants at ESP1 and many other loci, which have been constrained since then. Complex adaptations of this type hold promise as a paradigm for interspecies genetics, especially in deeply diverged traits that may have taken millions of years to evolve.",Saccharomyces cerevisiae,temperature,,
33857138,10.1371/journal.pgen.1009521,PMC8079021,oa,2021,PLoS genetics,Dynamic post-transcriptional regulation by Mrn1 links cell wall homeostasis to mitochondrial structure and function.,"The RNA-binding protein Mrn1 in Saccharomyces cerevisiae targets over 300 messenger RNAs, including many involved in cell wall biogenesis. The impact of Mrn1 on these target transcripts is not known, however, nor is the cellular role for this regulation. We have shown that Mrn1 represses target mRNAs through the action of its disordered, asparagine-rich amino-terminus. Its endogenous targets include the paralogous SUN domain proteins Nca3 and Uth1, which affect mitochondrial and cell wall structure and function. While loss of MRN1 has no effect on fermentative growth, we found that mrn1Δ yeast adapt more quickly to respiratory conditions. These cells also have enlarged mitochondria in fermentative conditions, mediated in part by dysregulation of NCA3, and this may explain their faster switch to respiration. Our analyses indicated that Mrn1 acts as a hub for integrating cell wall integrity and mitochondrial biosynthesis in a carbon-source responsive manner.",Saccharomyces cerevisiae,temperature,,
33835421,10.1007/s42770-021-00444-z,PMC8324658,pmc_not_oa,2021,Brazilian journal of microbiology : [publication of the Brazilian Society for Microbiology],Complete genome sequence and analysis of a Saccharomyces cerevisiae strain used for sugarcane spirit production.,"Distillation of fermented sugarcane juice produces both rum and cachaça, significant sources of revenue in Brazil and elsewhere. In this study, we provide a genomic analysis of a Saccharomyces cerevisiae strain isolated from a cachaça distillery in Brazil. We determined the complete genome sequence of a strain with high flocculation capacity, high tolerance to ethanol, osmotic and heat shock stress and high fermentation rates and compared the sequence with that of the reference S288c genome as well as those of two other cachaça strains. Single-nucleotide polymorphism analysis identified alterations in genes involved in nitrogen and organic compound metabolism, integrity of organelles and ion homeostasis. The strain exhibited fragmentation of several flocculation genes relative to the reference genome, as well as loss of a stop codon in the FLO8 gene, which encodes a transcription factor required for FLO gene expression. The strain contained no genes not present in the reference genome strain but did lack several genes, including asparaginase genes, maltose utilization loci, and several genes from the tandem array of the DUP240 family. The three cachaça strains lacked different sets of genes, but the asparaginase genes and several of the DUP240 genes were common deficiencies. This study provides new insights regarding the selective pressure of sugarcane fermentation on the genome of yeast strains and offers additional genetic resources for modern synthetic biology and genome editing tools.",Saccharomyces cerevisiae,temperature,,
33809330,10.3390/ijms22062900,PMC7998627,oa,2021,International journal of molecular sciences,One Heat Shock Transcription Factor Confers High Thermal Tolerance in Clematis Plants.,"Clematis plants play an important role in botanical gardens. Heat stress can destroy the activity, state and conformation of plant proteins, and its regulatory pathway has been well characterized in <i>Arabidopsis</i> and some crop plants. However, the heat resistance response mechanism in horticultural plants including <i>Clematis</i> has rarely been reported. Here, we identified a heat-tolerant clematis species, <i>Clematis vitalba</i>. The relative water loss and electrolytic leakage were significantly lower under heat treatment in <i>Clematis vitalba</i> compared to Stolwijk Gold. Differential expression heat-tolerant genes (HTGs) were identified based on nonparametric transcriptome analysis. For validation, one heat shock transcription factor, <i>CvHSF30-2</i>, extremely induced by heat stimuli in <i>Clematis vitalba</i>, was identified to confer tolerance to heat stress in <i>Escherichia coli</i> and <i>Saccharomyces cerevisiae</i>. Furthermore, silencing of <i>HSF30-2</i> by virus-induced gene silencing (VIGS) led to heat sensitivity in tobacco and <i>Clematis</i>, suggesting that the candidate heat-resistant genes identified in this RNA-seq analysis are credible and offer significant utility. We also found that <i>CvHSF30-2</i> improved heat tolerance of <i>Clematis vitalba</i> by elevating heat shock protein (HSP) expression, which was negatively regulated by <i>CvHSFB2a</i>. Taken together, this study provides insights into the mechanism of <i>Clematis</i> heat tolerance and the findings can be potentially applied in horticultural plants to improve economic efficiency through genetic approaches.",Saccharomyces cerevisiae,temperature,,
33789348,10.1093/genetics/iyab009,PMC8045699,pmc_not_oa,2021,Genetics,Disrupting progression of the yeast Hsp90 folding pathway at different transition points results in client-specific maturation defects.,"The protein molecular chaperone Hsp90 (Heat shock protein, 90 kilodalton) plays multiple roles in the biogenesis and regulation of client proteins impacting myriad aspects of cellular physiology. Amino acid alterations located throughout Saccharomyces cerevisiae Hsp90 have been shown to result in reduced client activity and temperature-sensitive growth defects. Although some Hsp90 mutants have been shown to affect activity of particular clients more than others, the mechanistic basis of client-specific effects is unknown. We found that Hsp90 mutants that disrupt the early step of Hsp70 and Sti1 interaction, or show reduced ability to adopt the ATP-bound closed conformation characterized by Sba1 and Cpr6 interaction, similarly disrupt activity of three diverse clients, Utp21, Ssl2, and v-src. In contrast, mutants that appear to alter other steps in the folding pathway had more limited effects on client activity. Protein expression profiling provided additional evidence that mutants that alter similar steps in the folding cycle cause similar in vivo consequences. Our characterization of these mutants provides new insight into how Hsp90 and cochaperones identify and interact with diverse clients, information essential for designing pharmaceutical approaches to selectively inhibit Hsp90 function.",Saccharomyces cerevisiae,temperature,,
33727528,10.1038/s41421-021-00246-5,PMC7966797,oa,2021,Cell discovery,A cold shock protein promotes high-temperature microbial growth through binding to diverse RNA species.,"Endowing mesophilic microorganisms with high-temperature resistance is highly desirable for industrial microbial fermentation. Here, we report a cold-shock protein (CspL) that is an RNA chaperone protein from a lactate producing thermophile strain (Bacillus coagulans 2-6), which is able to recombinantly confer strong high-temperature resistance to other microorganisms. Transgenic cspL expression massively enhanced high-temperature growth of Escherichia coli (a 2.4-fold biomass increase at 45 °C) and eukaryote Saccharomyces cerevisiae (a 2.6-fold biomass increase at 36 °C). Importantly, we also found that CspL promotes growth rates at normal temperatures. Mechanistically, bio-layer interferometry characterized CspL's nucleotide-binding functions in vitro, while in vivo we used RNA-Seq and RIP-Seq to reveal CspL's global effects on mRNA accumulation and CspL's direct RNA binding targets, respectively. Thus, beyond establishing how a cold-shock protein chaperone provides high-temperature resistance, our study introduces a strategy that may facilitate industrial thermal fermentation.",Saccharomyces cerevisiae,temperature,,
33722936,10.1101/gr.262055.120,PMC8015850,oa,2021,Genome research,Improved redox homeostasis owing to the up-regulation of one-carbon metabolism and related pathways is crucial for yeast heterosis at high temperature.,"Heterosis or hybrid vigor is a common phenomenon in plants and animals; however, the molecular mechanisms underlying heterosis remain elusive, despite extensive studies on the phenomenon for more than a century. Here we constructed a large collection of F1 hybrids of <i>Saccharomyces cerevisiae</i> by spore-to-spore mating between homozygous wild strains of the species with different genetic distances and compared growth performance of the F1 hybrids with their parents. We found that heterosis was prevalent in the F1 hybrids at 40°C. A hump-shaped relationship between heterosis and parental genetic distance was observed. We then analyzed transcriptomes of selected heterotic and depressed F1 hybrids and their parents growing at 40°C and found that genes associated with one-carbon metabolism and related pathways were generally up-regulated in the heterotic F1 hybrids, leading to improved cellular redox homeostasis at high temperature. Consistently, genes related with DNA repair, stress responses, and ion homeostasis were generally down-regulated in the heterotic F1 hybrids. Furthermore, genes associated with protein quality control systems were also generally down-regulated in the heterotic F1 hybrids, suggesting a lower level of protein turnover and thus higher energy use efficiency in these strains. In contrast, the depressed F1 hybrids, which were limited in number and mostly shared a common aneuploid parental strain, showed a largely opposite gene expression pattern to the heterotic F1 hybrids. We provide new insights into molecular mechanisms underlying heterosis and thermotolerance of yeast and new clues for a better understanding of the molecular basis of heterosis in plants and animals.",Saccharomyces cerevisiae,temperature,,
33717000,10.3389/fmicb.2021.598060,PMC7953160,oa,2021,Frontiers in microbiology,Comparative Genomic and Transcriptomic Analysis Reveals Specific Features of Gene Regulation in <i>Kluyveromyces marxianus</i>.,"<i>Kluyveromyces marxianus</i> is a promising host for producing bioethanol and heterologous proteins. It displays many superior traits to a conventional industrial yeast species, <i>Saccharomyces cerevisiae</i>, including fast growth, thermotolerance and the capacity to assimilate a wider variety of sugars. However, little is known about the mechanisms underlying the fast-growing feature of <i>K. marxianus</i>. In this study, we performed a comparative genomic analysis between <i>K. marxianus</i> and other Saccharomycetaceae species. Genes involved in flocculation, iron transport, and biotin biosynthesis have particularly high copies in <i>K. marxianus</i>. In addition, 60 <i>K. marxianus</i> specific genes were identified, 45% of which were upregulated during cultivation in rich medium and these genes may participate in glucose transport and mitochondrion related functions. Furthermore, the transcriptomic analysis revealed that under aerobic condition, normalized levels of genes participating in TCA cycles, respiration chain and ATP biosynthesis in the lag phase were higher in <i>K. marxianus</i> than those in <i>S. cerevisiae</i>. Levels of highly copied genes, genes involved in the respiratory chain and mitochondrion assembly, were upregulated in <i>K. marxianus</i>, but not in <i>S. cerevisiae</i>, in later time points during cultivation compared with those in the lag phase. Notably, during the fast-growing phase, genes involved in the respiratory chain, ATP synthesis and glucose transport were co-upregulated in <i>K. marxianus</i>. A few shared motifs in upstream sequences of relevant genes might result in the co-upregulation. Specific features in the co-regulations of gene expressions might contribute to the fast-growing phenotype of <i>K. marxianus</i>. Our study underscores the importance of genome-wide rewiring of the transcriptional network during evolution.",Saccharomyces cerevisiae,temperature,,
33669998,10.3390/microorganisms9020444,PMC7926855,oa,2021,Microorganisms,Changes in Energy Status of <i>Saccharomyces cerevisiae</i> Cells during Dehydration and Rehydration.,"Anhydrobiosis is the state of life when cells are exposed to waterless conditions and gradually cease their metabolism. In this study, we determined the sequence of events in <i>Saccharomyces cerevisiae</i> energy metabolism during processes of dehydration and rehydration. The intensities of respiration and acidification of the medium, the amounts of phenyldicarbaundecaborane (PCB<sup>-</sup>) bound to yeast membranes, and the capabilities of cells to accumulate K<sup>+</sup> were assayed using an electrochemical monitoring system, and the intracellular content of ATP was measured using a bioluminescence assay. Mesophilic, semi-resistant to desiccation <i>S. cerevisiae</i> strain 14 and thermotolerant, very resistant to desiccation <i>S. cerevisiae</i> strain 77 cells were compared. After 22 h of drying, it was possible to restore the respiration activity of very resistant to desiccation strain 77 cells, especially when glucose was available. PCB<sup>-</sup> binding also indicated considerably higher metabolic activity of dehydrated <i>S. cerevisiae</i> strain 77 cells. Electrochemical K<sup>+</sup> content and medium acidification assays indicated that permeabilization of the plasma membrane in cells of both strains started almost simultaneously, after 8-10 h of desiccation, but semi-resistant strain 14 cells maintained the K<sup>+</sup> gradient for longer and more strongly acidified the medium. For both cells, the fast rehydration in water was less efficient compared to reactivation in the growth medium, indicating the need for nutrients for the recovery. Higher viability of strain 77 cells after rehydration could be due to the higher stability of their mitochondria.",Saccharomyces cerevisiae,temperature,,
33646374,10.1007/s00253-021-11198-x,,no_pmc,2021,Applied microbiology and biotechnology,Effects of Lactobacillus plantarum on the ethanol tolerance of Saccharomyces cerevisiae.,"The bioethanol fermentation by Saccharomyces cerevisiae is often challenged by bacterial contamination, especially lactic acid bacteria (LAB). LAB can inhibit the growth S. cerevisiae by secreting organic acids and competing for nutrients and physical space. However, the range of favorable effects attributed to LAB during bioethanol fermentation, and their associated mechanisms of regulation, are not fully understood. This study was performed to clarify the effects of Lactobacillus plantarum, an important contaminative LAB in bioethanol fermentation, on the mechanism of ethanol tolerance in S. cerevisiae. The results showed that the presence of L. plantarum increased the ethanol tolerance of S. cerevisiae by promoting or inhibiting various metabolic processes in the yeast cells: The metabolism of trehalose, ergosterol, certain amino acids, proton pumps, stress response transcriptional activators, and heat shock proteins were all promoted; amounts of intracellular monounsaturated fatty acids and the accumulation of reactive oxygen species were inhibited. Furthermore, the maintenance of the acquired higher ethanol tolerance of S. cerevisiae was dependent on the coexistence of L. plantarum. These results suggested a complex relationship existed between S. cerevisiae and the contaminating LAB that might also play a beneficial role during fermentation by promoting the ethanol tolerance of yeast. The results from this study suggested that the extent of controlling bacterial contamination on bioethanol fermentation efficiency should be given careful consideration. KEY POINTS: • L. plantarum improved the ethanol tolerance of S. cerevisiae. • L. plantarum regulated the ethanol tolerance-related metabolism of yeast cells. • L. plantarum coexistence facilitated maintenance of ethanol tolerance in yeast cells.",Saccharomyces cerevisiae,temperature,,
33612178,10.1016/j.lssr.2020.12.003,,no_pmc,2021,Life sciences in space research,Simulated microgravity accelerates aging in Saccharomyces cerevisiae.,"The human body experiences physiological changes under microgravity environment that phenocopy aging on Earth. These changes include early onset osteoporosis, skeletal muscle atrophy, cardiac dysfunction, and immunosenescence, and such adaptations to the space environment may pose some risk to crewed missions to Mars. To investigate the effect of microgravity on aging, many model organisms have been used such as the nematode Caenorhabditis elegans, the fruit fly Drosophila melanogaster, and mice. Herein we report that the budding yeast Saccharomyces cerevisiae show decreased replicative lifespan (RLS) under simulated microgravity in a clinostat. The reduction of yeast lifespan is not a result of decreased tolerance to heat shock or oxidative stress and could be overcome either by deletion of FOB1 or calorie restriction, two known interventions that extend yeast RLS. Deletion of the sirtuin gene SIR2 worsens the simulated microgravity effect on RLS, and together with the fob1Δ mutant phenotype, it suggests that simulated microgravity augments the formation of extrachromosomal rDNA circles, which accumulate in yeast during aging. We also show that the chronological lifespan in minimal medium was not changed when cells were grown in the clinostat. Our data suggest that the reduction in longevity due to simulated microgravity is conserved in yeast, worms, and flies, and these findings may have potential implications for future crewed missions in space, as well as the use of microgravity as a model for human aging.",Saccharomyces cerevisiae,temperature,,
33576883,10.1007/s00253-021-11137-w,,no_pmc,2021,Applied microbiology and biotechnology,Identification of new proteins related with cisplatin resistance in Saccharomyces cerevisiae.,"The aim of this study is to select a cisplatin-resistant Saccharomyces cerevisiae strain to look for new molecular markers of resistance and the identification of mechanisms/interactions involved. A resistant strain was obtained after 80 days of cisplatin exposure. Then, total protein extraction, purification, and identification were carried out, in wild-type (wt) and resistant strains, by tandem mass spectrometry using a ""nano HPLC-ESI-MS/MS"" ion trap system. The increase in the exponentially modified protein abundance index (emPAI) (resistant vs wt strains) was calculated to study the increase in protein expression. ""Genemania"" software ( http://www.Genemania.org/ ) was used to compare the effects, functions, and protein interactions. KEGG tool was used for metabolic pathway analysis. Data are available via ProteomeXchange with identifier PXD020665. The cisplatin-resistant strain showed 2.5 times more resistance than the wt strain for the inhibitory dose 50% (ID50) value (224 μg/ml vs 89.68 μg/ml) and 2.78 times more resistant for the inhibitory dose 90% (ID90) value (735.2 μg/ml vs 264.04 μg/ml). Multiple deregulated proteins were found in the glutathione and carbon metabolism, oxidative phosphorylation, proteasome, glycolysis and gluconeogenesis, glyoxylate metabolism, fatty acid degradation pathway, citric acid cycle, and ribosome. The most overexpressed proteins in the cisplatin-resistant strain were related to growth and metabolism (QCR2, QCR1, ALDH4, ATPB, ATPA, ATPG, and PCKA), cell structure (SCW10), and thermal shock (HSP26). The results suggest that these proteins could be involved in cisplatin resistance. The resistance acquisition process is complex and involves the activation of multiple mechanisms that interact together. KEY POINTS: • Identification of new proteins/genes related to cisplatin resistance • Increased expression of QCR2/QCR1/ALDH4/ATPB/ATPA/SCW10/HSP26/ATPG and PCKA proteins • Multiple molecular mechanisms that interact together are involved in resistance.",Saccharomyces cerevisiae,temperature,,
33550155,10.1016/j.ijfoodmicro.2021.109077,,no_pmc,2021,International journal of food microbiology,Thermo-adaptive evolution to generate improved Saccharomyces cerevisiae strains for cocoa pulp fermentations.,"Cocoa pulp fermentation is a consequence of the succession of indigenous yeasts, lactic acid bacteria and acetic acid bacteria that not only produce a diversity of metabolites, but also cause the production of flavour precursors. However, as such spontaneous fermentations are less reproducible and contribute to produce variability, interest in a microbial starter culture is growing that could be used to inoculate cocoa pulp fermentations. This study aimed to generate robust S. cerevisiae strains by thermo-adaptive evolution that could be used in cocoa fermentation. We evolved a cocoa strain in a sugary defined medium at high temperature to improve both fermentation and growth capacity. Moreover, adaptive evolution at high temperature (40 °C) also enabled us to unveil the molecular basis underlying the improved phenotype by analysing the whole genome sequence of the evolved strain. Adaptation to high-temperature conditions occurred at different genomic levels, and promoted aneuploidies, segmental duplication, and SNVs in the evolved strain. The lipid profile analysis of the evolved strain also evidenced changes in the membrane composition that contribute to maintain an appropriate cell membrane state at high temperature. Our work demonstrates that experimental evolution is an effective approach to generate better-adapted yeast strains at high temperature for industrial processes.",Saccharomyces cerevisiae,temperature,,
33527316,10.1007/s12275-021-0646-2,,no_pmc,2021,"Journal of microbiology (Seoul, Korea)",Molecular characterization of Hsf1 as a master regulator of heat shock response in the thermotolerant methylotrophic yeast Ogataea parapolymorpha.,"Ogataea parapolymorpha (Hansenula polymorpha DL-1) is a thermotolerant methylotrophic yeast with biotechnological applications. Here, O. parapolymorpha genes whose expression is induced in response to heat shock were identified by transcriptome analysis and shown to possess heat shock elements (HSEs) in their promoters. The function of O. parapolymorpha HSF1 encoding a putative heat shock transcription factor 1 (OpHsf1) was characterized in the context of heat stress response. Despite exhibiting low sequence identity (26%) to its Saccharomyces cerevisiae homolog, OpHsf1 harbors conserved domains including a DNA binding domain (DBD), domains involved in trimerization (TRI), transcriptional activation (AR1, AR2), transcriptional repression (CE2), and a C-terminal modulator (CTM) domain. OpHSF1 could complement the temperature sensitive (Ts) phenotype of a S. cerevisiae hsf1 mutant. An O. parapolymorpha strain with an H221R mutation in the DBD domain of OpHsf1 exhibited significantly retarded growth and a Ts phenotype. Intriguingly, the expression of heat-shock-protein-coding genes harboring HSEs was significantly decreased in the H221R mutant strain, even under non-stress conditions, indicating the importance of the DBD for the basal growth of O. parapolymorpha. Notably, even though the deletion of C-terminal domains (ΔCE2, ΔAR2, ΔCTM) of OpHsf1 destroyed complementation of the growth defect of the S. cerevisiae hsf1 strain, the C-terminal domains were shown to be dispensable in O. parapolymorpha. Overexpression of OpHsf1 in S. cerevisiae increased resistance to transient heat shock, supporting the idea that OpHsf1 could be useful in the development of heat-shock-resistant yeast host strains.",Saccharomyces cerevisiae,temperature,,
33508381,10.1016/j.bbagen.2021.129853,,no_pmc,2021,Biochimica et biophysica acta. General subjects,Role of RhoGAP Rgd1 in Pkc1 signaling-related actin repolarization under heat shock stress in Saccharomyces cerevisiae.,"A serine/threonine kinase Pkc1 is the sole protein kinase C in the budding yeast Saccharomyces cerevisiae, and plays an important role in the regulation of polarized growth and stress responses such as those due to heat shock. Exposure of cells to high temperature transiently arrests polarized growth and leads to depolarization of the actin cytoskeleton, followed by actin repolarization during adaptation to heat shock stress. Actin repolarization is ensured by the activation of Pkc1 signaling; however, the molecular mechanisms underlying this phenomenon remain poorly understood. Using an overexpression construct of a constitutively active mutant of Pkc1 (Pkc1<sup>R398P</sup>), we explored the Pkc1 target molecules involved in actin repolarization. PKC1<sup>R398P</sup> overexpression as well as heat shock stress increased the phosphorylation levels of Rho GTPase-activating protein (RhoGAP) Rgd1. Rgd1 was found to contribute to Pkc1-signaling-related actin repolarization during adaptation to heat shock stress in a GAP activity-independent manner, with Ser148 in Rgd1 playing a crucial role. Furthermore, Rgd1 was involved in the maintenance of phosphorylation status of the mitogen-activated protein (MAP) kinase Mpk1, a downstream effector of Pkc1, under heat shock stress. Rgd1 is a target of Pkc1 signaling under conditions of heat shock stress, and required for the normal process of actin repolarization during adaptation to heat shock stress. Our results provide insights into the molecular mechanism underlying Pkc1-mediated modulation of actin repolarization under heat shock stress.",Saccharomyces cerevisiae,temperature,,
33484441,10.1007/s12033-020-00288-2,,no_pmc,2021,Molecular biotechnology,Heterologous Expression of Lignocellulose-Modifying Enzymes in Microorganisms: Current Status.,"Heterologous expression of the carbohydrate-active enzymes in microorganisms is a promising approach to produce bio-based compounds, such as fuels, nutraceuticals and other value-added products from sustainable lignocellulosic sources. Several microorganisms, including Saccharomyces cerevisiae, Escherichia coli, and the filamentous fungi Aspergillus nidulans, have unique characteristics desirable for a biorefinery production approach like well-known genetic tools, thermotolerance, high fermentative capacity and product tolerance, and high amount of recombinant enzyme secretion. These microbial factories are already stablished in the heterologous production of the carbohydrate-active enzymes to produce, among others, ethanol, xylooligosaccharides and the valuable coniferol. A complete biocatalyst able to heterologous express the CAZymes of glycoside hydrolases, carbohydrate esterases and auxiliary activities families could release these compounds faster, with higher yield and specificity. Recent advances in the synthetic biology tools could expand the number and diversity of enzymes integrated in these microorganisms, and also modify those already integrated. This review outlines the heterologous expression of carbohydrate-active enzymes in microorganisms, as well as recent updates in synthetic biology.",Saccharomyces cerevisiae,temperature,,
33394429,10.1007/s11356-020-12152-6,,no_pmc,2021,Environmental science and pollution research international,Protection from metal toxicity by Hsp40-like protein isolated from contaminated soil using functional metagenomic approach.,"Pollution in the environment due to accumulation of potentially toxic metals results in deterioration of soil and water quality, thus impacting health of all living organisms including microbes. In the present investigation, a functional metagenomics approach was adopted to mine functional genes involved in metal tolerance from potentially toxic metal contaminated site. Eukaryotic cDNA library (1.0-4.0 kb) was screened for the genes providing tolerance to cadmium (Cd) toxicity through a functional complementation assay using Cd-sensitive Saccharomyces cerevisiae mutant ycf1<sup>Δ</sup>. Out of the 98 clones able to recover growth on Cd-supplemented selective medium, one clone designated as PLCc43 showed more tolerance to Cd along with some other clones. Sequence analysis revealed that cDNA PLCc43 encodes a 284 amino acid protein harbouring four characteristic zinc finger motif repeats (CXXCXGXG) and showing partial homology with heat shock protein (Hsp40) of Acanthamoeba castellanii. qPCR analysis revealed the induction of PLCc43 in the presence of Cd, which was further supported by accumulation of Cd in ycf1<sup>Δ</sup>/PLCc43 mutant. Cu-sensitive (cup1<sup>Δ</sup>), Zn-sensitive (zrc1<sup>Δ</sup>) and Co-sensitive (cot1<sup>Δ</sup>) yeast mutant strains were rescued from sensitivity when transformed with cDNA PLCc43 indicating its ability to confer tolerance to various potentially toxic metals. Oxidative stress tolerance potential of PLCc43 was also confirmed in the presence of H<sub>2</sub>O<sub>2</sub>. Present study results suggest that PLCc43 originating from a functional eukaryotic gene of soil community play an important role in detoxification of potentially toxic metals and may be used as biomarker in various contaminated sites.",Saccharomyces cerevisiae,temperature,,
33362858,10.3389/fgene.2020.597482,PMC7759604,oa,2020,Frontiers in genetics,Heat Shock Improves Random Spore Analysis in Diverse Strains of <i>Saccharomyces cerevisiae</i>.,"Random spore analysis (RSA) is a classic method in yeast genetics that allows high-throughput purification of recombinant haploid spores following specific crosses. RSA typically involves a number of steps to induce sporulation, purge vegetative cells that fail to sporulate, and disrupt the ascus walls of sporulated cells to release haploid spores. These steps generally require expensive chemicals and/or enzymes that kill diploid cells but have few effects on spores. In the fission yeast <i>Schizosaccharomcyes pombe</i>, heat shock has been reported as an effective addition to RSA protocols, but to our knowledge heat shock has not been used for this purpose in the budding yeast <i>Saccharomyces cerevisiae</i>. Here, we evaluate the effects of heat shock on vegetative and sporulated cultures of four diverse yeast strains: a European wine strain (DBVPG6765), a Japanese sake strain (Y12), a West African palm wine strain (DBVPG6044) and a North American strain isolated from the soil beneath an oak tree (YPS128). We characterize this phenotype under multiple combinations of temperature and incubation time, and find specific conditions that lead to the exclusion of vegetative cells and an enrichment in spores, which differ by strain. We also collected genome sequence data from a recombinant population that experienced multiple rounds of RSA, including one round with a heat shock treatment. These data suggest that when incorporated into an RSA protocol, heat shock leads to increased genetic diversity among the cells that survive and mate. Ultimately, our work provides evidence that short heat treatments can improve existing RSA protocols, though in a strain-specific manner. This result informs applications of high-throughput RSA protocols, such as QTL mapping and experimental evolution research.",Saccharomyces cerevisiae,temperature,,
33339840,10.1038/s41598-020-77846-w,PMC7749138,oa,2020,Scientific reports,Differential proteomic analysis by SWATH-MS unravels the most dominant mechanisms underlying yeast adaptation to non-optimal temperatures under anaerobic conditions.,"Elucidation of temperature tolerance mechanisms in yeast is essential for enhancing cellular robustness of strains, providing more economically and sustainable processes. We investigated the differential responses of three distinct Saccharomyces cerevisiae strains, an industrial wine strain, ADY5, a laboratory strain, CEN.PK113-7D and an industrial bioethanol strain, Ethanol Red, grown at sub- and supra-optimal temperatures under chemostat conditions. We employed anaerobic conditions, mimicking the industrial processes. The proteomic profile of these strains in all conditions was performed by sequential window acquisition of all theoretical spectra-mass spectrometry (SWATH-MS), allowing the quantification of 997 proteins, data available via ProteomeXchange (PXD016567). Our analysis demonstrated that temperature responses differ between the strains; however, we also found some common responsive proteins, revealing that the response to temperature involves general stress and specific mechanisms. Overall, sub-optimal temperature conditions involved a higher remodeling of the proteome. The proteomic data evidenced that the cold response involves strong repression of translation-related proteins as well as induction of amino acid metabolism, together with components related to protein folding and degradation while, the high temperature response mainly recruits amino acid metabolism. Our study provides a global and thorough insight into how growth temperature affects the yeast proteome, which can be a step forward in the comprehension and improvement of yeast thermotolerance.",Saccharomyces cerevisiae,temperature,,
33315917,10.1371/journal.pone.0242381,PMC7735571,oa,2020,PloS one,Registered report protocol: Quantitative analysis of septin Cdc10-associated proteome in Cryptococcus neoformans.,"Cryptococcus neoformans is a pathogenic basidiomycetous yeast that primarily infects immunocompromised individuals. C. neoformans can thrive during infections due to its three main virulence-related characteristics: the ability to grow at host temperature (37°C), formation of carbohydrate capsule, and its ability to produce melanin. C. neoformans strains lacking septin proteins Cdc3 or Cdc12 are viable at 25°C; however, they fail to proliferate at 37°C and are avirulent in the murine model of infection. The basis of septin contribution to growth at host temperature remains unknown. Septins are a family of conserved filament-forming GTPases with roles in cytokinesis and morphogenesis. In the model organism Saccharomyces cerevisiae septins are essential. S. cerevisiae septins form a higher order complex at the mother-bud neck to scaffold over 80 proteins, including those involved in cell wall organization, cell polarity, and cell cycle control. In C. neoformans, septins also form a complex at the mother-bud neck but the septin interacting proteome in this species remains largely unknown. Moreover, it remains possible that septins play other roles important for high temperature stress that are independent of their established role in cytokinesis. Therefore, we propose to perform a global analysis of septin Cdc10 binding partners in C. neoformans, including those that are specific to high temperature stress. This analysis will shed light on the underlying mechanism of survival of this pathogenic yeast during infection and can potentially lead to the discovery of novel drug targets.",Saccharomyces cerevisiae,temperature,,
33313834,10.1093/molbev/msaa324,PMC8097288,oa,2021,Molecular biology and evolution,Repeated Evolution of Inactive Pseudonucleases in a Fungal Branch of the Dis3/RNase II Family of Nucleases.,"The RNase II family of 3'-5' exoribonucleases is present in all domains of life, and eukaryotic family members Dis3 and Dis3L2 play essential roles in RNA degradation. Ascomycete yeasts contain both Dis3 and inactive RNase II-like ""pseudonucleases."" The latter function as RNA-binding proteins that affect cell growth, cytokinesis, and fungal pathogenicity. However, the evolutionary origins of these pseudonucleases are unknown: What sequence of events led to their novel function, and when did these events occur? Here, we show how RNase II pseudonuclease homologs, including Saccharomyces cerevisiae Ssd1, are descended from active Dis3L2 enzymes. During fungal evolution, active site mutations in Dis3L2 homologs have arisen at least four times, in some cases following gene duplication. In contrast, N-terminal cold-shock domains and regulatory features are conserved across diverse dikarya and mucoromycota, suggesting that the nonnuclease function requires these regions. In the basidiomycete pathogenic yeast Cryptococcus neoformans, the single Ssd1/Dis3L2 homolog is required for cytokinesis from polyploid ""titan"" growth stages. This phenotype of C. neoformans Ssd1/Dis3L2 deletion is consistent with those of inactive fungal pseudonucleases, yet the protein retains an active site sequence signature. We propose that a nuclease-independent function for Dis3L2 arose in an ancestral hyphae-forming fungus. This second function has been conserved across hundreds of millions of years, whereas the RNase activity was lost repeatedly in independent lineages.",Saccharomyces cerevisiae,temperature,,
33233378,10.3390/life10110299,PMC7700301,oa,2020,"Life (Basel, Switzerland)",The Model System <i>Saccharomyces cerevisiae</i> Versus Emerging Non-Model Yeasts for the Production of Biofuels.,"Microorganisms are effective platforms for the production of a variety of chemicals including biofuels, commodity chemicals, polymers and other natural products. However, deep cellular understanding is required for improvement of current biofuel cell factories to truly transform the Bioeconomy. Modifications in microbial metabolic pathways and increased resistance to various types of stress caused by the production of these chemicals are crucial in the generation of robust and efficient production hosts. Recent advances in systems and synthetic biology provide new tools for metabolic engineering to design strategies and construct optimal biocatalysts for the sustainable production of desired chemicals, especially in the case of ethanol and fatty acid production. Yeast is an efficient producer of bioethanol and most of the available synthetic biology tools have been developed for the industrial yeast <i>Saccharomyces cerevisiae</i>. Non-conventional yeast systems have several advantageous characteristics that are not easily engineered such as ethanol tolerance, low pH tolerance, thermotolerance, inhibitor tolerance, genetic diversity and so forth. Currently, synthetic biology is still in its initial steps for studies in non-conventional yeasts such as <i>Yarrowia lipolytica</i>, <i>Kluyveromyces marxianus</i>, <i>Issatchenkia orientalis</i> and <i>Pichia pastoris</i>. Therefore, the development and application of advanced synthetic engineering tools must also focus on these underexploited, non-conventional yeast species. Herein, we review the basic synthetic biology tools that can be applied to the standard <i>S. cerevisiae</i> model strain, as well as those that have been developed for non-conventional yeasts. In addition, we will discuss the recent advances employed to develop non-conventional yeast strains that are efficient for the production of a variety of chemicals through the use of metabolic engineering and synthetic biology.",Saccharomyces cerevisiae,temperature,,
