pmid,doi,pmcid,oa_status,year,journal,title,abstract,organism,condition,screened,screen_reason
42638900,10.3762/bjnano.17.77,,no_pmc,2026,Beilstein journal of nanotechnology,"Biosynthesis, characterization, and biofunctional assessment of niobium oxide nanostructures obtained using lactic acid bacteria-derived supernatants.","Nanotechnology offers innovative opportunities for developing functional materials with applications across biomedical and food-related fields. Among metallic and metal oxide nanostructures, niobium-based compounds have recently attracted attention due to their remarkable mechanical strength, corrosion resistance, thermal conductivity, and biocompatibility. In this study, niobium oxide nanostructures were synthesized through a green, cell-free approach using supernatants derived from lactic acid bacteria (LAB) <i>Lacticaseibacillus rhamnosus</i> and <i>Lacticaseibacillus paracasei</i> UFTM 2.9. The use of LAB supernatants provided an eco-friendly and sustainable route for nanoparticle production, avoiding toxic reagents while exploiting biologically active metabolites for bioreduction and stabilization. The synthesized nanostructures were characterized by scanning electron microscopy coupled with energy-dispersive X-ray spectroscopy (SEM/EDX), scanning-transmission electron microscopy (STEM), ultraviolet-visible spectroscopy (UV-vis), Fourier transform infrared spectroscopy (FTIR), and X-ray diffraction (XRD) and zeta potential analysis. In vitro assays using Vero-CCL81 cells demonstrated that the nanostructures exhibited low cytotoxicity, confirming their potential biocompatibility. Antibacterial and antibiofilm activities were evaluated against <i>Escherichia coli</i> ATCC 25922, revealing significant inhibitory effects. These findings highlight a novel and sustainable route for producing niobium oxide nanostructures via LAB-mediated synthesis, with promising implications for biomedical and food safety applications.",Escherichia coli,uv,,
42587849,10.3390/foods15152589,PMC13465033,oa,2026,"Foods (Basel, Switzerland)",A Novel Approach for Reducing Enteropathogens Using LAB-Fermented Whey Solution and UV-C Light-Activated Gallic Acid.,"This study evaluates the combined antibacterial activity (AA) of lactic acid bacteria (LAB) and UV-C light-activated gallic acid (AGA) against two common enteropathogens (<i>Escherichia coli</i> and <i>S.</i> Typhimurium) in terms of microbial growth and survival during gastrointestinal simulation (GS). The LAB were selected based on their capacity to ferment soy and whey concentrates in monoculture and co-culture. The resulting LAB-fermented medium (LABF) was evaluated for its antibacterial properties against enteropathogens and combined with AGA to determine its effects during the GS. Results indicated that the whey solution supported the highest growth of LAB co-culture (>10<sup>7</sup> CFU/mL). LABF showed AA in a dose-dependent manner, achieving >2-log reductions. Although AGA exhibited strong AA, when combined with LABF, its antimicrobial activity under GS was null, with a complete microbial recovery after 24 h of GS. Therefore, the application of LABF plus AGA in the in vitro gastrointestinal system needs further study to avoid loss of antibacterial activity during gastric transit.",Escherichia coli,uv,,
42582641,10.3389/fmicb.2026.1860045,PMC13457700,oa,2026,Frontiers in microbiology,"Clove-mediated green synthesis of silver nanoparticles and <i>in vitro</i> investigation of their antimicrobial, antioxidant, and anticancer potential.","Green synthesis of silver nanoparticles (AgNPs) using plant extracts offers an eco-friendly and sustainable strategy for developing multifunctional nanomaterials with biomedical applications. This study aimed to biosynthesize AgNPs using <i>Syzygium aromaticum</i> (clove) extract and evaluate their physicochemical characteristics and antioxidant, anti-inflammatory, antiviral, anticancer, and antibacterial activities. AgNPs were biosynthesized using clove extract and characterized by Ultraviolet-Visible Spectroscopy (UV-Vis), X-ray Diffraction (XRD), Transmission Electron Microscopy (TEM), and Energy-Dispersive X-ray Spectroscopy (EDX). Antioxidant activity was determined by IC₅₀ analysis, while anti-inflammatory potential was assessed using hemolysis protection and human red blood cell (HRBC) membrane stabilization assays. Antiviral activity was evaluated against hepatitis A virus (HAV), Coxsackievirus B4 (COXB4), and herpes simplex virus type 1 (HSV-1). Cytotoxicity was assessed in human colorectal carcinoma (CaCO₂) and normal lung fibroblast (Wi-38) cells. Antibacterial activity was tested against multidrug-resistant (MDR) bacterial strains, and quantitative molecular analyses were performed to determine the expression of bacterial virulence genes and cancer-related genes. All reported values represent the mean of three independent experiments. The synthesized AgNPs were predominantly spherical, well dispersed, and had an average particle size of approximately 9.5 nm. XRD confirmed a crystalline face-centered cubic (fcc) structure, while UV-Vis analysis showed a characteristic surface plasmon resonance peak at 437 nm, confirming successful nanoparticle formation. The AgNPs exhibited strong antioxidant activity with an IC₅₀ of approximately 13.5 μg/mL and demonstrated significant anti-inflammatory activity through membrane stabilization and hemolysis protection. Antiviral assays showed marked inhibition of HAV, COXB4, and HSV-1 at 250 μg/mL, with the highest inhibition observed against HAV (74%). Cytotoxicity studies revealed selective anticancer activity, with an IC₅₀ of approximately 137 μg/mL against CaCO₂ cells compared with 387 μg/mL for Wi-38 cells. Broad-spectrum antibacterial activity was observed against MDR <i>Staphylococcus aureus</i> (ATCC 27217), <i>Staphylococcus haemolyticus</i> (ATCC 29970), <i>Escherichia coli</i> (BAA-197), and <i>Klebsiella pneumoniae</i> (BAA-1705). Molecular analyses demonstrated significant suppression of bacterial virulence genes, including luxS in <i>E. coli</i> (70%), <i>fnbA</i>-a and <i>cna</i> in <i>S. aureus</i> (74%), <i>fnbA</i>-h in <i>S. haemolyticus</i> (77%), and <i>rmpA</i> in <i>K. pneumoniae</i> (81%) at AgNP concentrations of 10 μg/mL for Gram-positive and 12.5 μg/mL for Gram-negative strains. In CaCO₂ cells, AgNP treatment significantly downregulated c-MYC (0.49-fold), K-RAS (0.67-fold), and BCL2 (0.78-fold; <i>p</i> < 0.01), while significantly upregulating BAX (1.74-fold). Clove-mediated AgNPs demonstrated potent multifunctional biological activities, including antioxidant, anti-inflammatory, antiviral, selective anticancer, and antibacterial effects, accompanied by modulation of cancer-associated and bacterial virulence genes. These findings highlight the therapeutic potential of biosynthesized AgNPs as promising candidates for the development of novel antimicrobial and anticancer nanomedicines.",Escherichia coli,uv,,
42547437,10.3760/cma.j.cn501225-20260127-00049,PMC13416967,pmc_not_oa,2026,Zhonghua shao shang yu chuang mian xiu fu za zhi,[Effects and mechanisms of PIT on wound healing of full-thickness skin defects in diabetic mice].,"<b>Objective:</b> To investigate the effects and mechanisms of polyvinyl alcohol/ionic liquid-tannic acid composite hydrogel (PIT) on wound healing of full-thickness skin defects in diabetic mice. <b>Methods:</b> This study was an experimental research involving grouped design and repeated measurements. An ionic hydrogel matrix crosslinked by polyvinyl alcohol-4-(1H)-vinylimidazole-1-methylene benzoic acid and oxidized hyaluronic acid was prepared, and tannic acid was loaded via Cu<sup>2+</sup> chelation to construct PIT. A 1,1-diphenyl-2-picrylhydrazyl (DPPH) solution was prepared and reacted respectively with tannic acid and PIT for 24 hours. An ultraviolet spectrophotometer was used to detect the DPPH radical scavenging rate. According to the random number table method (the same grouping method below), mouse macrophage RAW264.7 cells were divided into a phosphate buffered saline (PBS) group cultured with PBS, as well as a hydrogen peroxide group and a PIT group, in which cells were first treated with hydrogen peroxide for 12 hours and then respectively cultured under routine condition and with PIT. After 24 hours of culture, the fluorescent probe method was adopted to detect the intracellular reactive oxygen species (ROS) level. <i>Escherichia coli</i> ATCC 25922, <i>Staphylococcus aureus</i> ATCC 25923, methicillin-resistant <i>Staphylococcus aureus</i> (MRSA) BNCC 337371, and human umbilical vein endothelial cells (HUVECs) were collected and all divided into PBS group, tannic acid (TA) group, and PIT group, which were cultured with PBS, TA solution, and PIT, respectively. After 12 hours of bacterial culture, the plate counting method was used to count bacterial colonies; after 24 hours of cell culture, the tube formation assay was performed to measure the total tube length, the number of branching nodes, and the number of branches. The sample size of all the above experiments was 3. Eighteen 8-week-old male Kunming mice were selected and divided into PBS group, TA group, and PIT group (with 6 mice in each group) to establish a full-thickness skin defect wound model of diabetes (with one wound in each mouse). At post injury day (PID) 0 (immediately), the wounds of mice in PBS group, TA group, and PIT group were treated respectively with PBS, TA solution, and PIT by topical application, and then the dressings were changed daily. The wound healing status was observed at PID 0, 4, 8, and 12, and the wound healing rates at PID 4, 8, and 12 were calculated. At PID 12, wound tissue was harvested. Hematoxylin-eosin staining was performed to observe the status of wound re-epithelialization and to measure the thickness of newly formed epithelium. Masson staining was performed to observe the deposition of collagen fibers in wounds and to calculate the proportion of collagen fiber-positive area. <b>Results:</b> After 24 hours of reaction, the DPPH radical scavenging rate of PIT was significantly higher than that of TA (<i>t</i>=16.35, <i>P</i><0.05). After 24 hours of culture, the ROS level of RAW264.7 cells in hydrogen peroxide group was significantly higher than that in PBS group (<i>P</i><0.05), and the ROS level of RAW264.7 cells in PIT group was significantly lower than that in hydrogen peroxide group (<i>P</i><0.05). After 12 hours of culture, the bacterial colony counts of <i>Escherichia coli</i>, <i>Staphylococcus aureus</i>, and MRSA in PIT group were significantly less than those in PBS group and TA group (<i>P</i><0.05). After 24 hours of culture, compared with those in PBS group and TA group, the total tube length of HUVECs in PIT group was significantly increased (with <i>P</i> values both <0.05), and the number of branching nodes and the number of branches increased significantly (with <i>P</i> values all <0.05). From PID 0 to 12, the wounds of mice in all three groups healed gradually. At PID 4, 8, and 12, the wound healing rates of mice in PIT group were (31.6±2.0)%, (51.8±2.5)%, and (97.9±1.5)%, respectively, which were significantly higher than (18.6±0.6)%, (39.5±2.0)%, and (74.6±2.0)% in PBS group and (21.5±1.1)%, (40.7±0.8)%, and (85.3±2.1)% in TA group (<i>P</i><0.05). At PID 12, the wound re-epithelialization of mice in PBS group was incomplete, and collagen fibers were sparsely distributed with disordered arrangement; the degree of wound re-epithelialization of mice in TA group was higher than that in PBS group, and collagen fibers were distributed in bundles with loose arrangement; the degree of wound re-epithelialization of mice in PIT group was higher than that in TA group, and collagen fibers were densely and orderly arranged in layers. At PID 12, compared with those in PBS group and TA group, the thickness of newly formed epithelium in wounds of mice in PIT group was significantly increased (with <i>P</i> values both <0.05), and the proportion of collagen fiber-positive area was significantly increased (with <i>P</i> values both <0.05). <b>Conclusions:</b> PIT significantly accelerates the wound healing of full-thickness skin defects in diabetic mice through multiple mechanisms driven by metal ion chelation including antibacterial, antioxidant, and pro-angiogenesis activities, thereby improving the quality of tissue repair.",Escherichia coli,uv,,
42536049,10.1002/adma.74312,,no_pmc,2026,"Advanced materials (Deerfield Beach, Fla.)",De Novo Autogenic Engineered Living Functional Materials.,"Autogenic engineered living materials (ELMs) enable the in situ production and engineering of native extracellular matrix (ECM). However, existing autogenic ELMs remain limited in scope and functionality. Here, we present a versatile platform for de novo autogenic functional ELMs, leveraging protein mining, computational modeling, and synthetic biology. By analyzing 33,564 CsgA-like homologs, we identify candidates for de novo ECM protein nanofibers. Using AlphaFold2 and molecular dynamics simulations, we elucidate the structural stability of these β-solenoid proteins. By reprogramming the Escherichia coli curli machinery, we achieve the biosynthesis of CsgA-like ELMs from non-model bacteria, featuring up to a 9-fold increased molecular weight and expanded β-sheet repeat units. Furthermore, we fabricate macroscopic biomaterials with enhanced mechanical properties (a 3-fold increase in storage modulus), and their extracellular fiber networks attenuate UV-C irradiation, extending the survival of embedded cells by 5-fold. We further demonstrate programmable functionalities, including 3D printability and selective binding to nanoparticles and antibodies. This work establishes a powerful framework for discovering, designing, and harnessing natural biomolecular systems to advance next-generation autogenic ELMs.",Escherichia coli,uv,,
42515895,10.2174/0113892010465329260628113958,,no_pmc,2026,Current pharmaceutical biotechnology,Ultraviolet-A-Enhanced Antibacterial Activities on Gentamicin-Resistant Escherichia coli by Silver Nanorods Synthesized from Callistemon viminalis Leaf Extract.,"The rise of antibiotic-resistant bacteria poses a significant threat to healthcare systems, warranting the development of novel antibiotics with enhanced efficacy. In this study, silver nanorods (AgNR) were synthesized for the first time using a Callistemon viminalis leaf extract and evaluated for their DPPH antioxidant property and antibacterial properties against gentamicin-resistant Escherichia coli. The synthesis success of AgNR was confirmed by UV-Vis spectroscopy, as evidenced by a clear LSPR peak at 466 nm. X-ray diffraction analysis validated the crystalline form of metallic AgNR. Meanwhile, TEM analysis revealed that the silver nanomaterials were rectangular nanorods with an average size of 85 nm. Fourier transform infrared analysis confirmed the presence of carboxylic acids, alkanes, alkenes, aromatic compounds, alkyl and aryl functional groups on the surface of silver nanorods (AgNR) with efficient antioxidant property. The bandgap energy calculated from the Tauc plot was 2.0 eV. Antimicrobial analysis revealed that E. coli demonstrated resistance to gentamicin, even at concentrations 125 and 1250 times those recommended by the Swedish Reference Group on Antibiotics (SRGA) and Clinical Laboratory Standards Institute (CLSI), respectively. Similarly, 0.1% m/V AgNR exhibited zones of inhibition measuring 17 mm and 18 mm, respectively, at 125 and 1250 times higher than the standard concentration, confirming E. coli is susceptible but exhibiting resistance behaviour. Under Ultraviolet-A (UVA) irradiation, the photocatalytic antibacterial activity of AgNR was substantially higher than the standard value of 2, demonstrating ≥99% reduction in bacterial viability. Biogenic AgNR is suitable for antibacterial activities and photocatalysis activities, which are important in the future to combat bacterial resistant problems. This indicates that UVA irradiation significantly enhanced the antibacterial properties of AgNR. The external UVA irradiation promotes electron excitation and transfer from the valence to the conduction band, leading to the inactivation of E. coli. Therefore, the antimicrobial activity of biogenic AgNR amplified by UVA irradiation presents a potent and sustainable approach for combating gentamicin-resistant E. coli.",Escherichia coli,uv,,
42515783,10.3390/ph19071102,PMC13414693,oa,2026,"Pharmaceuticals (Basel, Switzerland)",Bioactive Silver Nanoparticles Synthesized Using Endophytic <i>Bacillus subtilis</i> CG1 and Their Antimicrobial and Antibiofilm Potential Against Drug-Resistant Pathogens.,"<b>Background/Objectives:</b> The study addresses the global health challenge posed by multidrug-resistant (MDR) pathogens, highlighting the urgent need for alternative antimicrobial solutions. This study investigated the <i>in vitro</i> antimicrobial and antibiofilm potential of endophytic mediated-synthesized silver nanoparticles (AgNPs). <b>Methods:</b> An endophytic bacterium was isolated from the medicinal plant <i>Commiphora gileadensis</i> in Saudi Arabia and identified as <i>Bacillus subtilis</i> CG1 through 16S rRNA gene sequencing. The bacterium was utilized for the green synthesis of AgNPs, as confirmed by Ultraviolet-visible (UV-Vis) spectroscopy. AgNPs characterization was done using Fourier-transform infrared (FTIR) spectroscopy, Transmission and scanning electron microscopy (TEM and SEM), energy-dispersive X-ray spectroscopy (EDX), and dynamic light scattering (DLS). The antimicrobial efficacy of the fabricated AgNPs was tested against eight clinically relevant pathogens using standard <i>in vitro</i> assays such as the agar disk diffusion method, minimum inhibitory concentration (MIC), minimum bactericidal and fungicidal concentrations (MBC and MFC). Additionally, AgNPs were tested for antibiofilm activity against <i>P. aeruginosa</i> and <i>S. epidermidis</i>. Tested pathogens included Methicillin-Resistant <i>Staphylococcus aureus</i> (MRSA), <i>Staphylococcus epidermidis</i>, <i>Pseudomonas aeruginosa</i>, <i>Klebsiella pneumoniae</i>, <i>Escherichia coli</i>, <i>Candida auris</i>, <i>Candida albicans</i>, and <i>Candida tropicalis</i>. The antibiofilm efficacy was tested using the Crystal violet assay. <b>Results:</b> UV-Vis spectroscopy confirmed AgNP formation with a characteristic absorption peak at 412 nm. FTIR analysis identified the presence of hydroxyl, nitrile, and alkyne functional groups, which are involved in nanoparticle reduction and stabilization. TEM and SEM revealed predominantly spherical AgNPs with sizes ranging from 17 to 72 nm, while EDX confirmed silver as the major elemental component. DLS analysis showed a Z-average particle size of 113.9 ± 67.75 nm and a zeta potential of -24.2 mV. The synthesized AgNPs exhibited concentration-dependent antimicrobial activity, producing inhibition zones of 10-20 mm at 240 µg/mL. MIC values ranged from 6.25 to 25 µg/mL, whereas MBC and MFC values ranged from 6.25 to 50 µg/mL and 25 to 100 µg/mL, respectively. Moreover, bacterial growth kinetics analysis demonstrated a concentration-dependent inhibition of growth by AgNPs at MIC and sub-MIC concentrations. Additionally, AgNPs demonstrated significant antibiofilm activity against <i>P. aeruginosa</i> and <i>S. epidermidis.</i><b>Conclusions</b>: Overall, <i>B. subtilis</i> CG1-mediated AgNPs exhibited promising physicochemical properties and antimicrobial and antibiofilm activities, suggesting their potential as alternatives for combating resistant and biofilm-associated infections.",Escherichia coli,uv,,
42505638,10.3390/antibiotics15070675,PMC13405323,oa,2026,"Antibiotics (Basel, Switzerland)",Activity Against ESKAPE Bacterial Pathogens of Pyrazole-Indol-Ruthenium(II) Complexes.,"This paper presents the synthesis and characterization of Schiff base ligands (L) derived from NH-pyrazole-indole and their ruthenium(II) complexes of the general formula [Ru(p-cymene)(L)Cl<sub>2</sub>]. The structural characterization of the ligands and ruthenium complexes was performed using a range of analytical methods, including infrared spectroscopy (IR), Raman spectroscopy, nuclear magnetic resonance (NMR) spectroscopy, ultraviolet-visible (UV-Vis) spectroscopy, elemental analysis, mass spectrometry(ESI-MS), density functional theory (DFT) calculations, and single-crystal X-ray diffraction crystallography for two of the four synthesized compounds. Schiff base ligands (L) derived from NH-pyrazole-indole and their ruthenium(II) complexes were evaluated against antibiotic-resistant bacteria. The effect of substituting the ligand with methoxy groups on biological activity was assessed. The antibacterial activity, Minimal Inhibitory Concentration (MIC), and Minimal Bactericidal Concentration (MBC) of the free ligands and the ruthenium compounds were measured against six bacterial isolates (<i>Staphylococcus aureus</i>, <i>Klebsiella pneumoniae</i>, <i>Acinetobacter baumannii</i>, <i>Pseudomonas aeruginosa</i>, <i>Escherichia coli</i>, <i>Shigella dysenteriae</i>) and two control strains (<i>Enterococcus faecalis</i> ATCC 29212 and <i>Enterobacter cloacae</i> ATCC 13047) from the ESKAPE group of highly antibiotic-resistant pathogens. The free ligands were inactive, whereas all four ruthenium complexes displayed notable antibacterial activity. In particular, compounds <b>Ru3</b> and <b>Ru4</b> exhibited higher activity against <i>Staphylococcus aureus</i> than the Trimethoprim control, with MIC values of 15.60 µg/mL, compared with an MIC > 64 µg/mL for Trimethoprim. The activity of those two complexes was similar to that of Gentamicin against this strain. Molecular docking calculations suggested a possible mechanism of action through binding of the complexes to the active site of <i>S. aureus</i> PBP2a.",Escherichia coli,uv,,
42505510,10.3390/biomimetics11070477,PMC13406689,oa,2026,"Biomimetics (Basel, Switzerland)",Embedding the Bioactive Agent in Dye Structure for Development of Environmentally Sustainable Bioactive Textiles.,"The growing demand for durable and environmentally sustainable bioactive textiles has created a need for functionalization strategies that minimize the release of active agents during use and laundering. In this study, a novel chloroxylenol-functionalized vinyl sulfone reactive dye was synthesized through the coupling of chloroxylenol with diazotized para-ester and characterized using FTIR, UV-Vis, <sup>1</sup>H-NMR, and <sup>13</sup>C-NMR spectroscopy. The synthesized dye was applied to cotton fabric through an exhaust dyeing process, enabling simultaneous coloration and biofunctionalization in a single step. The dye exhibited high substantivity toward cotton, achieving dye exhaustion and fixation values of 95% and 91%, respectively. The dyed fabric demonstrated excellent antibacterial activity against <i>Staphylococcus aureus</i> (99.99%) and <i>Escherichia coli</i> (94%), antiviral activity of 87%, and antifungal activity of 86% before laundering. After 20 laundering cycles, antibacterial activity remained at 96% against <i>S. aureus</i> and 91% against <i>E. coli</i>, while antiviral and antifungal activities remained at 83% and 82%, respectively, confirming the durability of the bioactive functionality. Optical density measurements further verified substantial bacterial growth inhibition, whereas MTT assays using L929 fibroblasts demonstrated acceptable biocompatibility with cell viability exceeding 80% at the highest tested concentration. The dyed fabrics also exhibited excellent ultraviolet protection (UPF 119) with UVA and UVB blocking efficiencies of 99.35% and 98.98%, respectively, together with good colorfastness properties. Furthermore, UV-Vis analysis of the washing liquor indicated negligible dye release under the investigated laundering conditions. These findings demonstrate an effective and sustainable one-step strategy for producing durable multifunctional bioactive textiles while reducing processing steps and minimizing the potential release of active agents during use.",Escherichia coli,uv,,
42496602,10.1093/jambio/lxag187,,no_pmc,2026,Journal of applied microbiology,Efficiency of controlled UVC dose emission by mercury lamps and LED array against clinically relevant pathogenic bacteria.,"Ultraviolet C radiation (UVC; λ = 100-280 nm) is a well-established physical agent for microbial inactivation, widely applied in surface and environmental disinfection. Considering the increasing demand for efficient, safe, and automated disinfection systems, this study compares the performance of two low-pressure mercury lamps with different wattages and a novel UVC-LED array in terms of UVC irradiance, DNA damage induction, and microbiological inactivation. DNA photodamage was assessed in vitro via cyclobutane pyrimidine dimer detection, and bacteriological inactivation was evaluated with four relevant pathogenic bacteria (Escherichia coli, Staphylococcus aureus, Klebsiella pneumoniae carbapenemase (KPC), and Pseudomonas aeruginosa) exposed to increasing UVC doses (0-50 J/m2). All UVC sources induced a dose-dependent increase of DNA lesions and microbial inactivation, with 50 J/m² achieving an average inactivation rate of 99.98%. Although higher-power mercury lamps delivered higher dose rates (J/m2/s), the UVC-LED device showed comparable germicidal efficacy, with advantages in energy efficiency, operational lifespan, and environmental safety. The results presented in this work indicate the feasibility of complementing the use of mercury-based lamps with UVC-LEDs due to its great potential application for point-of-use disinfection approaches. Furthermore, the obtained results also highlight the importance of controlled digital dosimetry to improve the UVC-based technologies application for disinfection of bacteria of hospital concern.",Escherichia coli,uv,,
42450419,10.3390/foods15132300,PMC13361312,oa,2026,"Foods (Basel, Switzerland)","Preparation of Polyvinyl Alcohol/Chitosan/<i>Antrodia cinnamomea</i> Polysaccharide Composite Film Incorporated with Tea Tree Essential Oil: Structure, Antioxidant, Antibacterial Activities, and Application in Postharvest 'Yuluxiang' Pear Preservation.","Polyvinyl alcohol (PVA)/chitosan (CS)-based films incorporated with <i>Antrodia cinnamomea</i> polysaccharide (ACP) and tea tree essential oil (TTEO) were developed using a solution casting method. The physicochemical, bioactive, and structural attributes, as well as the effects of these films on post-harvest 'Yuluxiang' pears, were assessed. The results demonstrated strong interactions among all functional components. The integration of ACP reinforced the mechanical properties of PVA/CS-based films, whereas the combined incorporation of ACP/TTEO enhanced water resistance, ultraviolet-light shielding ability, and barrier performance against oxygen and water vapor. Contact angle measurements showed that the PVA/CS/ACP/TTEO composite film exhibited superior wettability and adhesion to pear surfaces. Furthermore, the PVA/CS/ACP/TTEO composite film exhibited potent antibacterial activity, recording 99.99% inhibition against <i>Staphylococcus aureus</i> and 99.91% against <i>Escherichia coli</i>. TGA and DTG analyses suggested that ACP improved the thermal stability and restricted the film's degradation rate. Antioxidant assays revealed that the incorporation of ACP and TTEO markedly elevated the antioxidant ability of the PVA/CS-based film. After 21 days of storage, the PVA/CS/ACP/TTEO composite film effectively maintained firmness, titratable acidity, vitamin C levels, and the activities of superoxide dismutase and catalase in post-harvest pears. Moreover, the composite film delayed fruit yellowing and oiliness, lowered the accumulation of hydrogen peroxide and malondialdehyde, and significantly reduced microbial counts (<i>p</i> < 0.05). This study demonstrates that the fabricated PVA/CS/ACP/TTEO composite film possesses the ability to extend the shelf life of perishable fruits under ambient storage conditions.",Escherichia coli,uv,,
42447156,10.1371/journal.pgen.1012246,PMC13387608,oa,2026,PLoS genetics,The B. subtilis translesion polymerase Pol Y1 is not strongly recruited to sites of replication upon different types of DNA damage.,"One challenge to DNA replication is the presence of unrepaired damage on the template strand, which can stall the replication machinery. This stall can be resolved by the translesion synthesis (TLS) pathway, in which specialized translesion polymerases are recruited to copy damaged DNA. Because TLS polymerases are error-prone, their activity is regulated at multiple levels to minimize unnecessary mutagenesis. Although the molecular mechanisms of bacterial TLS have been extensively studied in Escherichia coli, less is known about this pathway in other species. In E. coli, the TLS polymerase Pol IV is minimally enriched at replication forks in the absence of DNA damage but is strongly recruited upon replication stalling, enabling TLS while minimizing mutagenesis. However, we recently showed that the Bacillus subtilis TLS polymerase Pol Y1, the homolog of Pol IV, is moderately enriched near replication sites even during normal growth and is not further enriched upon treatment with the DNA damaging agent 4-nitroquinoline 1-oxide (4-NQO). It is unknown whether this behavior is unique to 4-NQO or general to other types of DNA damage. In this study, we investigate the effects of four different DNA damaging agents (ultraviolet light, methyl methanesulfonate, nitrofurazone, and mitomycin C) in B. subtilis. We first characterize the contributions of the two TLS polymerases, Pol Y1 and Pol Y2, to DNA damage survival and damage-induced mutagenesis after treatment with these agents. We then use single-molecule fluorescence microscopy to measure the localization and dynamics of individual Pol Y1 molecules in live B. subtilis cells. We find that Pol Y1 and Pol Y2 have differing effects on survival and mutagenesis, but that under no circumstances is Pol Y1 strongly recruited to sites of replication upon DNA damage. This study broadens our understanding of TLS in B. subtilis, indicating that there are notable differences in TLS mechanisms across bacteria.",Escherichia coli,uv,,
42347962,10.1007/s00449-026-03372-0,PMC13379424,oa,2026,Bioprocess and biosystems engineering,Eco-friendly synthesis of ZnO nanostructures from yeast strains isolated from kombucha and beetroot kwass for antimicrobial thin film applications.,"The increasing demand for sustainable antimicrobial materials has accelerated the development of environmentally friendly synthesis strategies that minimize the use of hazardous chemicals and energy-intensive processes. However, the application of unconventional yeast strains for integrated nanoparticle production and thin film fabrication remains largely unexplored. In this study, yeast strains isolated from kombucha and beetroot kvass were employed for the extracellular biosynthesis of zinc oxide nanoparticles (ZnO NPs), followed by thin film fabrication, enabling systematic investigation of structure-property-antibacterial relationships. This approach provides a sustainable route for developing biologically derived antimicrobial materials with potential relevance to food and biomedical applications. ZnO NPs were synthesized and deposited as thin films via spin coating. Ultraviolet-visible spectroscopy (UV-Vis) confirmed nanoparticle formation, while scanning electron microscopy (SEM) revealed agglomerated nanoparticles and homogeneous nanoscale films. Energy-dispersive X-ray spectroscopy (EDX) verified elemental composition, and X-ray diffraction (XRD) analysis identified monoclinic and cubic crystalline phases with crystallite sizes ranging from 8.78 to 19.40 nm, whereas thin films displayed predominantly amorphous characteristics. Fourier transform infrared spectroscopy (FTIR) identified characteristic absorption bands associated with Zn-O vibrations and surface functional groups. Water contact angle (WCA) analysis indicated hydrophilic surfaces. ZnO NPs exhibited pronounced antibacterial activity against Staphylococcus aureus ATCC 6538P and Escherichia coli O157:H7. Although thin films produced smaller inhibition zones, complete bacterial inactivation was achieved within 2 h under direct-contact conditions. These findings demonstrate the potential of biosynthesized ZnO nanostructures as sustainable antimicrobial platforms.",Escherichia coli,uv,,
42331166,10.1016/j.ijbiomac.2026.153159,,no_pmc,2026,International journal of biological macromolecules,Functional properties of corn starch films incorporated with carbon quantum dots for potential active packaging applications.,"Incorporating carbon quantum dots (CQDs) is promising to enhance the limited functional properties of starch films for active food packaging applications. This study developed corn starch films containing different CQD concentrations via solvent casting. CQD inclusion improved mechanical properties, with optimal tensile strength and Young's modulus at 1.0 wt% CQDs, exhibiting 96.8 and 171.6% improvements, respectively, ascribed to strong interfacial interactions between CQDs and starch matrix. The maximum degradation temperature increased by 3.83 °C at 3.0 wt% CQDs. Ultraviolet-blocking capabilities were enhanced, with transmittance at 280 nm reduced by 88.29% for films with 5.0 wt% CQDs. However, water vapor permeability increased by 27.43% due to the hydrophilicity of CQDs. Antimicrobial analysis via disc diffusion exhibited no zones of inhibition against Staphylococcus aureus and Escherichia coli, likely due to CQD immobilization within the dense starch matrix, restricting their diffusion into agar medium. However, antioxidant activity was significantly enhanced, reaching a 12.82-fold improvement at 5.0 wt% CQDs. Overall, 1.0 wt% CQDs is considered the most suitable concentration for practical applications. It optimized mechanical integrity, whereas relatively small gains in thermal and active properties at higher concentrations were offset by compromised structural resistance. Films with 1.0 wt% CQDs better maintained the firmness and pH of cherry tomatoes during 6-day storage compared to neat starch films. Driven by their antioxidant and UV-blocking capabilities, these findings demonstrate the potential of starch/CQD films as eco-friendly active food packaging materials to improve the quality attributes and shelf-life of fruit, helping to solve food safety and security issues.",Escherichia coli,uv,,
42321970,10.1111/vop.70214,PMC13282450,oa,2026,Veterinary ophthalmology,Assessment of Ocular Surface Pathogen Susceptibility to Ultraviolet-C (UVC) Light Treatment With a Novel Prototype Device-An In Vitro Study.,"Assess in vitro efficacy of a device emitting 265 nm UVC light against bacteria isolated from veterinary infectious keratitis. Twenty-seven clinically-derived bacterial isolates: Staphylococcus pseudintermedius (n = 10; including n = 2 methicillin-resistant Staphylococcus pseudintermedius [MRSP]), Staphylococcus aureus (n = 1), Streptococcus canis (n = 4), Escherichia coli (n = 4, including n = 2 multidrug-resistant isolates), Pseudomonas aeruginosa (n = 7) and Serratia marcescens. (n = 1), and three type culture strains (n = 1 E. coli, S. aureus, S. pseudintermedius) were lawn cultured. Prototype UVC device (2.50 mW/cm<sup>2</sup> intensity, 23 mm diameter beam) provided triplicate exposures at 1, 2, 3, and 5 s, and plates incubated (37°C, 16-20 h). All experiments were performed in duplicate (n = 6 treatment zones per timepoint, per isolate). Absence of growth in all exposed areas at any time demonstrated complete UVC inhibition; presence of growth was categorized as < 10 or ≥ 10 colonies. UVC inhibition was complete in 11/30 isolates at ≤ 5 s exposure. Partial efficacy was seen in 18/19 remaining isolates at 5 s; ≥ 33% zones demonstrated absence of bacterial growth. Efficacy against MDR-MRSP and MDR-E. coli was comparable to susceptible counterparts. All P. aeruginosa were completely inhibited at ≤ 5 s; the S. marcescens isolate was least susceptible with ≥ 10 bacterial colonies within 50% zones after 5 s. Five seconds of UVC exposure is sufficient to markedly reduce growth of most bacterial species, including MDR-isolates and completely inhibit P. aeruginosa in vitro. These findings support further controlled in vivo safety and efficacy studies of UVC as an adjunct to topical antibiotics in companion animal infectious keratitis.",Escherichia coli,uv,,
42311752,10.3389/ftox.2026.1822843,PMC13271735,oa,2026,Frontiers in toxicology,Biochemical and genomic characterization of last-resort antibiotic resistance and oxidant tolerance in environmental <i>E. coli</i>.,"Colistin is currently reserved as a last-resort antibiotic for multidrug-resistant Gram-negative bacteria such as pan-resistant <i>Escherichia coli</i>. Colistin-resistant <i>E. coli</i> strains have been detected in wastewater, clinical, and agricultural sites, and this resistance is mediated by the plasmid-borne <i>mcr-1</i> gene, which can spread into other sectors, including the food chain. Herein, we isolated several <i>E. coli</i> strains from mixed wastewater that showed varying resistance to colistin with IC<sub>50</sub> values ranging from 6.5 to 27.3 μg/ml as compared to 0.5 μg/mL for the wild-type strain. The strains all contained the <i>mcr-1</i> gene, and there is no gene duplication to account for the increased resistance to colistin. In addition, the strains displayed resistance to several other antibiotics belonging to different classes, including ciprofloxacin, sulfamethoxazole, and tetracycline, while maintaining wild-type sensitivity to other antibiotics such as tazocin and meropenem. Interestingly, some of the strains showed resistance to the powerful DNA-damaging agents, ultraviolet radiation and hydrogen peroxide, used for eradicating bacteria. Measurement of catalase activity, which decomposes hydrogen peroxide, was not significantly elevated, excluding the possibility that catalase is involved in the resistance of the strains to H<sub>2</sub>O<sub>2</sub>. However, we found that H<sub>2</sub>O<sub>2</sub> treatment caused the accumulation of fragmented chromosomal DNA in the wild-type, but not in one of the representative H<sub>2</sub>O<sub>2</sub>-resistant strains. Analysis of whole genome sequencing data revealed that the H<sub>2</sub>O<sub>2</sub>-resistant strains harbour a high level of missense mutations in several genes, including DNA repair genes that could encode variant proteins with elevated capacity to repair damaged DNA.",Escherichia coli,uv,,
42309424,10.1016/j.envres.2026.124985,,no_pmc,2026,Environmental research,BiOI/Bi<sub>4</sub>O<sub>5</sub>Br<sub>2</sub>/BiOBr double S-scheme heterostructure applied in photocatalysis antimicrobial and degradation: mechanisms and pathways.,"The development of high-performance photocatalytic materials is of great significance for addressing water pollution challenges. In this work, a double S-scheme BiOI/Bi<sub>4</sub>O<sub>5</sub>Br<sub>2</sub>/BiOBr heterojunction was successfully fabricated via a combination of hydrothermal and room-temperature deposition strategies. The phase composition, micromorphology, and chemical valence states were characterized by X-ray diffraction (XRD), transmission electron microscopy (TEM), and X-ray photoelectron spectroscopy (XPS). The optical and photoelectrochemical properties were investigated using ultraviolet-visible diffuse reflectance spectroscopy (UV-vis DRS), photoluminescence (PL) spectroscopy, photocurrent measurement, electron paramagnetic resonance (EPR), and electrochemical impedance spectroscopy (EIS). Under light-emitting diode (LED) light irradiation, the optimized BiOI/Bi<sub>4</sub>O<sub>5</sub>Br<sub>2</sub>/BiOBr composite (denoted as IBrB-50) exhibited strong photocatalytic activity, achieving complete inactivation of Escherichia coli (E. coli), Pseudomonas aeruginosa (P. aeruginosa), and Staphylococcus aureus (S. aureus), along with a 75.1% removal rate of tetracycline (TC). The excellent performance is attributed to the double S-scheme heterojunction, which reduces interfacial charge transfer resistance and promotes the efficient separation of photogenerated electron-hole pairs, as confirmed by the enhanced photocurrent and reduced PL intensity. Radical trapping experiments revealed that holes (h<sup>+</sup>) and superoxide anion radicals (•O<sub>2</sub><sup>-</sup>) were the dominant active species driving the photocatalytic reaction. The IBrB-50 composite also demonstrated good stability across four degradation cycles, with XRD confirming the intact crystal structure. Thus, this work provides an effective strategy for water remediation and offers a new material for simultaneous bacterial disinfection and organic pollutant elimination.",Escherichia coli,uv,,
42286065,10.1038/s41598-026-56600-8,,no_pmc,2026,Scientific reports,Optimization of ciprofloxacin removal from aqueous solutions using the TiO<sub>2</sub>/Fe<sub>3</sub>O<sub>4</sub>/UV process and toxicity assessment via resazurin reduction test.,"Ciprofloxacin (CIP) is a widespread environmental pollutant due to its high chemical stability and frequent presence in aquatic environments. Even at low concentrations, it poses serious risks to human health and ecosystems. This study aimed to optimize the photocatalytic degradation of CIP and evaluate the toxicity of the treated effluent from aqueous solutions. The experiments were conducted in batch mode using a 3 L photocatalytic reactor. Experimental optimization was performed using the Central Composite Design (CCD), considering pH, contact time, CIP concentration, and nanoparticle dose as variables. TiO<sub>2</sub>/Fe<sub>3</sub>O<sub>4</sub> nanocomposites were synthesized via the sol-gel method. Their structure, morphology, and elemental composition were analyzed using Scanning Electron Microscopy (SEM), Fourier Transform Infrared Spectroscopy (FTIR), X-Ray Diffraction (XRD (and Energy Dispersive X-Ray Spectroscopy (EDX). CIP residual concentrations were measured using High-Performance Liquid Chromatography )HPLC( according to the experimental design. Effluent toxicity was assessed using a resazurin colorimetric assay based on Escherichia coli activity. The results of the study showed that the synthesized nanoparticles were spherical, with a homogeneous size distribution below 100 nm, smooth surface morphology, and no observable aggregation, indicating successful synthesis of structurally stable and well-dispersed nanoparticles. Based on the CCD model, the optimal conditions were a contact time of 67.50 min, pH 7.50, an initial CIP concentration of 1 mg/L, and a nanocomposite dose of 255 mg/L. Under these conditions, CIP removal reached approximately 95%. ANOVA indicated that a second-order regression model with a high coefficient of determination (R<sup>2</sup> = 0.9895) best fit the data. The untreated CIP solution exhibited high toxicity toward E. coli, with a Half Maximal Effective Concentration (EC<sub>50</sub>) of 1.30 mg/L. After photocatalytic treatment, EC<sub>50</sub>, 100% mortality concentration, and No Observed Effect Concentration (NOEC) in the treated effluent were 1.37, 2.27, and 0.92 mg/L, respectively; the reduction in toxicity was statistically significant (p < 0.05). These results indicate that the synthesized TiO<sub>2</sub>/Fe<sub>3</sub>O<sub>4</sub> nanocomposite, combined with UV-C ) power = 125 W, intensity = 20 mW/cm<sup>2</sup>, λmax = 254 nm) radiation, is an effective and stable method for treating wastewater contaminated with antibiotics. The integration of effluent toxicity assessment with experimental modeling (CCD and statistical analysis) represents a novel aspect of this study. This approach has the potential to be scaled up for large-scale environmental applications and to ensure compliance with effluent discharge standards. However, several limitations, including dependence on operational conditions, the formation of potentially toxic intermediate compounds, and challenges in scalability, require further investigation.",Escherichia coli,uv,,
42283459,10.1128/msystems.00396-26,PMC13386880,oa,2026,mSystems,UV-B-induced DNA repair mechanisms and their effects on mutagenesis and culturability in <i>Escherichia coli</i>.,"Ultraviolet-B (UV-B) radiation, intensified by ozone depletion, induces DNA damage and promotes mutagenesis, shaping evolution. While UV-induced SOS responses are well characterized in bacteria, the cellular consequences of prolonged UV-B exposure remain less clear. Prolonged UV-B exposure disrupts transcription and translation, as well as RecA-mediated SOS induction, without major changes in membrane permeability or reactive oxygen species. This impairs mutagenesis and leads to an early loss of culturability. Genetic analysis reveals both redundant and differential roles for DNA repair pathways in which homologous recombination (RecA, RecB), nucleotide excision repair (UvrA), and translesion synthesis (UmuC/D) are essential for maintaining mutagenesis and culturability, while others (RecN, RmuC) have limited impact. Notably, deletion of UvrD (a repair-associated helicase) exacerbates the early impairment in culturability without affecting mutagenesis, underscoring the complexity of repair networks. Overall, our findings reveal a dose-dependent trade-off in which moderate UV-B promotes mutagenesis with minimal viability loss, whereas prolonged exposure suppresses mutagenesis with an early impairment in colony-forming ability, reflecting an adaptive strategy with significant evolutionary implications.IMPORTANCEUltraviolet radiation, especially UV-B, has shaped microbial evolution for billions of years by generating DNA lesions that activate mutagenic repair pathways. Because it induces both damage and adaptive responses, UV-B serves as a powerful model for examining how environmental stress influences genetic variation. While UV exposure is known to induce SOS-mediated DNA repair, its dual effects on mutagenesis and colony-forming ability are highly interconnected and complex, requiring further mechanistic analysis. This study provides insight into how prolonged UV-B exposure modulates these pathways, linking genetic responses with shifts in cellular states that influence culturability and mutagenic potential. Collectively, these findings can be highly informative for fundamental studies of microbial adaptation and for practical applications, where UV-B is used as a selective or perturbative tool, including biotechnology, directed evolution, and disinfection strategies.",Escherichia coli,uv,,
42226772,10.7717/peerj.21209,PMC13222546,oa,2026,PeerJ,Plant-derived chitosan nanoparticles: antibacterial and improved crop performance under drought stress.,"This study presents plant-assisted synthesis of chitosan nanoparticles (CNPs) using <i>Adansonia digitata</i> extract via ionic gelation, demonstrating their dual role as antimicrobial agents and enhancers of seed germination under polyethylene glycol (PEG)-induced osmotic stress, a model for drought conditions. The CNPs were characterized by ultraviolet-visible spectroscopy, scanning electron microscopy (SEM), and transmission electron microscopy (TEM), and evaluated against <i>Escherichia coli, Staphylococcus aureus, and</i> methicillin-resistant <i>Staphylococcus aureus</i> (MRSA). Seed germination assays involved soaking seeds in a one mg/mL CNP solution for 12 hours. Results revealed that CNPs were efficiently produced via ionic gelation of chitosan with TPP in the presence of <i>A. digitata</i> extract, resulting in spherical particles with a peak absorption at 339 nm and an average size of 13.06 ± 0.05 nm. The nanoparticles exhibited strong antibacterial activity, particularly against <i>E. coli</i>, and significantly enhanced seed germination and growth under both normal and water-limited conditions. These findings highlight that integrating plant-derived bioactive compounds into chitosan nanoparticles not only boosts antimicrobial properties but also improves plant resilience to osmotic stress. This dual functionality positions plant-based CNPs as a sustainable strategy to address drought and pathogen-related challenges in agriculture.",Escherichia coli,uv,,
42215202,10.1016/j.fm.2026.105122,,no_pmc,2026,Food microbiology,Evaluation of plasma chill spray technology for the inactivation of wet and dry biofilms of Escherichia coli on stainless steel surfaces.,"This study developed and evaluated the efficacy of the plasma chill spray process in inactivating Escherichia coli biofilms on stainless steel surfaces. A bubble spark discharge plasma reactor integrated with a vortex tube cooling system generated plasma-activated water (PAW) bubbles at different temperatures (4.4-30.7 °C). High concentrations of reactive oxygen and nitrogen species (RONS), including hydrogen peroxide (10.18-56.96 mg/L), ozone (0.87-2.42 mg/L), and nitrate (70.88-178.43 mg/L) were found in PAW as determined by colorimetric assays. The plasma chill spray, produced by mixing PAW with high-pressure cold air from a vortex tube cooling system, exhibited a low pH (2.97-3.14), elevated oxidation-reduction potential, high electrical conductivity, and enhanced antibiofilm activity compared to the distilled water (DW) spray. Sequential treatments with DW and plasma chill spray reduced E. coli to below the detection limit, corresponding to reductions >6.12 log CFU/cm<sup>2</sup> in wet biofilms and >4.21 log CFU/cm<sup>2</sup> in dry biofilms on stainless steel surfaces. Multiple stresses, including oxidative stress from RONS in PAW, cold stress from the low-temperature treatment (≈6.8 °C), and mechanical stress from high-pressure spray, may have contributed to the high biofilm inactivation potential of the plasma chill spray process. Combining plasma chill spray treatment with 365 nm ultraviolet-A treatment enhanced the biofilm inactivation compared to the individual treatments. Crystal violet staining and confocal laser scanning microscopy revealed a marked reduction in biofilm biomass and viable bacteria, respectively, following plasma chill spray treatments. The plasma chill spray technology is novel, with reduced water use and no chemical residues, and offers a rapid, sustainable approach to decontaminating food-contact surfaces.",Escherichia coli,uv,,
42192729,10.3390/antibiotics15050507,PMC13203153,oa,2026,"Antibiotics (Basel, Switzerland)",Design of a Wireless Ultraviolet Germicidal Irradiation System and Validation of Germicidal Potential Against Biofilm-Forming Bacteria and Fungi.,"<b>Background:</b> A compact, in-house-developed ultraviolet germicidal irradiation (UVGI) system using eight 36 W Philips low-pressure mercury UV-C lamps with a peak emission at 253.7 nm was developed for effective sterilization of bacteria and fungi using a wireless mode of operation. <b>Methods:</b> Under controlled laboratory conditions, the system was tested against representative biofilm-forming microorganisms, including <i>Bacillus subtilis</i>, <i>Escherichia coli</i> K12, and a multidrug-resistant <i>Candida albicans</i> M-207 isolate. Microbial viability was assessed using colony-forming unit (CFU) enumeration and 3-(4,5-dimethylthiazol-2-yl)-2,5-diphenyltetrazolium bromide (MTT) assay, with structural changes analyzed by scanning electron microscopy (SEM). Cultures were exposed to 253.7 nm UV-C radiation at distances of 1-5 m for 15-90 min. <b>Results:</b> UV-C exposure resulted in time- and distance-dependent reductions in viable counts for all tested organisms, as determined by CFU analysis. At 1 m and 15 min exposure, viable counts for all tested organisms were reduced below the limit of detection (LOD) of the CFU assay, indicating substantial microbial inactivation under the tested conditions. Reduced efficacy was observed at increased distances (3 m and 5 m), with log<sub>10</sub> reductions varying depending on organism and exposure conditions. Residual metabolic activity detected by the MTT assay suggests the presence of non-proliferating or damaged cells, consistent with the different endpoints measured by the two assays. The SEM analysis further revealed disruption of biofilm architecture and reduction in cell density with increasing UV dose. <b>Conclusions:</b> The UVGI system demonstrated dose-dependent inactivation of biofilm-forming microorganisms under controlled conditions, supporting its proof-of-concept efficacy. Further studies are required to evaluate performance under real-world conditions.",Escherichia coli,uv,,
42148234,10.1007/s10068-026-02165-1,,no_pmc,2026,Food science and biotechnology,Inactivation of <i>Escherichia coli</i> and <i>Yersinia enterocolitica</i> attached to water-dispersed microplastics using ultraviolet C light-emitting diode irradiation.,"The disinfection effect of ultraviolet C light-emitting diode (UVC-LED) irradiation on pathogenic microorganisms attached to microplastic surfaces has not been investigated. This study quantified the effect of UVC-LED irradiation on the inactivation kinetics of <i>Escherichia coli</i> and <i>Yersinia enterocolitica</i> attached to polycarbonate microplastics (PC-MPs). For comprehensive analysis, disinfection was performed under different agitation speeds (0-300 rpm). A UVC-LED dose of 30 mJ/cm<sup>2</sup> reduced the <i>E. coli</i> and <i>Y. enterocolitica</i> counts by 2.11 log and 4.32 log, respectively, whereas agitation at 300 rpm promoted corresponding reductions of 4.41 log and 5.68 log. Attachment onto PC-MPs affected UVC-LED-induced inactivation of the two pathogenic bacteria, but the disinfection effect could be increased via stirring. An increase in the stirring speed increased the fluidity of MPs and the frequency of exposure of the MP surfaces to the UVC-LED light source, inducing a synergistic effect on the disinfection of microorganisms attached to the MPs. To better characterize inactivation kinetics under heterogeneous conditions, five mathematical models (log-linear, Weibull, double Weibull, biphasic, and biphasic shoulder) were applied as complementary approaches, with model selection was based on goodness-of-fit criteria. This study has elucidated the UVC-LED disinfection effect on pathogenic microorganisms present on MPs in water treatment processes, thus contributing to future strategies for ensuring food safety.",Escherichia coli,uv,,
42126426,10.1007/s00203-026-04946-y,,no_pmc,2026,Archives of microbiology,Antibacterial activity and mechanism of rutin in UV‑A light treatment against Escherichia coli O157:H7.,"The antibacterial strategy that utilizes ultraviolet-A (UVA)-irradiated natural photosensitizers is promising, being particularly effective against multidrug-resistant pathogens with high bactericidal efficiency and minimal resistance-inducing risk. Rutin is a natural flavonoid with wide availability, low cytotoxicity, and diverse pharmacological activities, making it a promising photosensitizer; however, its UVA-induced photodynamic antibacterial properties remain underexplored. The aim of this study is to systematically evaluate the antibacterial efficacy and mechanism of UVA-Rutin against foodborne Escherichia coli O157:H7. In the study, Fourier transform infrared spectroscopy and Raman spectroscopy were used to characterize structural alterations in rutin post-UVA irradiation, focusing on functional groups relevant to photodynamic activity. Antibacterial efficacy was assessed via standardized assays including minimum inhibitory concentration (MIC) determination, while biocompatibility was evaluated using MTT cytotoxicity assays. To confirm the antibacterial effects, physiological/structural perturbations of bacteria were measured, including cell membrane integrity, DNA damage, motility, biofilm formation, and extracellular polysaccharide (EPS) production, as well as the generation of intracellular reactive oxygen species (ROS) measured using fluorescent probes. Reverse transcription quantitative polymerase chain reaction was used to analyze key virulence- and quorum sensing-related genes (luxS, phoP, qseB, qseC). Results showed that UVA-induced structural changes enhanced the photosensitizing activity of rutin. UVA-Rutin exhibited significant antibacterial activity (low MIC) and good biocompatibility, triggering the generation of massive intracellular ROS, disrupting cell membranes, inducing DNA damage, impairing motility, inhibiting biofilm/EPS production, and downregulating target genes. Collectively, UVA-Rutin exerts potent antibacterial effects via ROS-mediated structural/functional disruption and virulence gene regulation, highlighting its potential as a novel food industry antibacterial agent.",Escherichia coli,uv,,
42123829,10.3390/molecules31091465,PMC13164664,oa,2026,"Molecules (Basel, Switzerland)","Synthesis, Spectroscopy Characterization and Biological Evaluation of La(III), Eu(III) and Gd(III) Complexes with Ampicillin: In Vitro Antimicrobial, Cytotoxic and Antiproliferative Activities and Theoretical Frameworks.","This study reports the synthesis, characterization, DFT calculations and in vitro antimicrobial, cytotoxic and antiproliferative evaluation of La(III), Eu(III), and Gd(III) metal complexes with ampicillin. The compounds were characterized by Thermal Gravimetric Analysis (TGA), elemental analysis, ultraviolet-visible spectroscopy (UV-Vis), Fourier-transform infrared spectroscopy (FTIR), and proton nuclear magnetic resonance (<sup>1</sup>H NMR), indicating a 2:1 metal-to-ligand ratio with ampicillin, and likely, a coordination through carbonyl, carboxylic and β-lactam groups, with the general formula [Ln<sub>2</sub>(L)(Cl)<sub>5</sub>(H<sub>2</sub>O)<sub>x</sub>] (Ln = La(III), Eu (III), Gd (III), and x = 2 for La(III), 5 for Eu(III) and Gd(III), L-ampicillin anion). Antimicrobial studies showed activity against ampicillin-resistant <i>Staphylococcus aureus</i> (MIC = 15.6 µg·mL<sup>-1</sup>) but no activity against <i>Escherichia coli</i>. In cytotoxicity studies, all complexes inhibited B16-F10 (murine melanoma) proliferation, with GI<sub>50</sub> values around 140 µg·mL<sup>-1</sup>. Against U251 (glioma) cell line, only [Eu<sub>2</sub>(L)(Cl)<sub>5</sub>(H<sub>2</sub>O)<sub>5</sub>] exhibited cytotoxicity activity, GI<sub>50</sub> = 104 µg·mL<sup>-1</sup>, and notably, [Eu<sub>2</sub>(L)(Cl)<sub>5</sub>(H<sub>2</sub>O)<sub>5</sub>] was active against MCF7 (breast carcinoma) with a GI<sub>50</sub> = 8.1 µg·mL<sup>-1</sup>. However, all complexes exhibited high cytotoxicity in NIH-3T3 cells (GI<sub>50</sub> = 0.030-2.90 µg·mL<sup>-1</sup>), indicating limited selectivity between normal and cancer cells. Nevertheless, except for the La complex, most compounds were less cytotoxic than doxorubicin, highlighting the need for further optimization to improve selectivity.",Escherichia coli,uv,,
42121430,10.3390/foods15091485,PMC13163787,oa,2026,"Foods (Basel, Switzerland)",Effects of UV-C Combined with Different Antioxidants on Storage Quality and Flavor of Selenium-Sand Melon Juice.,"Selenium-sand melon (<i>Cucumis melo</i> L.) juice (SSJ) is valued for its lycopene and organic selenium content, but its shelf-life is limited by heat-labile nutrients and postharvest microbial spoilage. Non-thermal strategies that combine UV-C with natural antioxidants are therefore of interest. This study quantified the individual and interactive effects of UV-C alone or with four antioxidant systems on microbial safety, bioactive retention, and the flavor stability of SSJ under extreme contamination conditions (<i>Escherichia coli</i> D25015 at 5.19 log<sub>10</sub> CFU/mL; <i>Mucor circinelloides</i> D11624 at 4.36 log<sub>10</sub> CFU/mL). For this, we evaluated the efficacy of five treatments: UV-C alone (Group Z) and UV-C combined with catechin (Group EC, 0.01%), sodium erythorbate (Group K, 0.01%), ascorbic acid (Group VC, 0.1%), and catechin-ascorbic acid (Group HH, 0.005% + 0.05%). Conventional pasteurization (high-temperature short-time, HTST; low-temperature long-time, LTLT) served as controls. UV-C alone (Group Z) preserved lycopene and volatile flavor compounds better than HTST or LTLT. The combined use of UV-C and antioxidants exhibited synergistic effects, with no viable bacteria detected in Group K (sodium erythorbate) within four weeks. UV-C combined with antioxidants offer a scalable, non-thermal strategy that maintains nutritional and sensory quality while achieving pathogen reduction. These findings provide a quantitative framework for clean-label preservation of functional melon beverages.",Escherichia coli,uv,,
42096524,10.1093/jambio/lxag109,,no_pmc,2026,Journal of applied microbiology,Recovering viable bacteriophages from human milk: implications for sample storage and processing.,"Molecular methods have shown bacteriophage diversity in human milk, but this does not reflect viability, particularly within donor human milk which has been subjected to multiple freeze-thaw cycles and heat treatment. Our aim was to isolate bacteriophages from frozen human milk and explore the effects of sterilization and storage on bacteriophage survival. Twenty frozen human milk samples were chosen for bacteriophages isolation. Analysis showed that these samples stored for 12 months at -20°C did not contain viable bacteriophages. We artificially inoculated 10 human milk and 10 water control samples with Escherichia coli bacteriophage T4 and subjected them to various treatments. We found that ultraviolet-C irradiation significantly inactivated E. coli phage T4 (P < 0.001), with greater inactivation observed in skimmed milk (P < 0.001) than whole milk. In contrast, Holder and High Temperature Short Time pasteurization had no significant effect (P > 0.05). The E. coli bacteriophage T4 was better preserved at 4°C than at room temperature over 48 h. Over 90 days of storage, bacteriophage viability was higher at -80°C (31.6%) than at -20°C (9.4%). Future work on bacteriophage isolation from human milk should consider the use of fresh samples whenever possible. Where samples are stored prior to analysis this should be at a refrigerated temperature for up to 48 h, and if samples are to be stored longer term, then -80°C is suitable for up to three months and preferable to -20°C, with storage only up to seven days.",Escherichia coli,uv,,
42094284,10.3389/fbioe.2026.1796805,PMC13139332,oa,2026,Frontiers in bioengineering and biotechnology,Assessing cytotoxic and antibacterial effects of high dispersion-stable sub-5 nm silver particles fabricated by ionic liquid-mediated electrochemical synthesis.,"Exploring nanoscale metal particles with high colloidal stability and antibacterial activity is critical for advancing biomedicine in the context of antibiotic resistance. In this study, ultra-small silver nanoparticles (Ag-NPs) with sub-5 nm were synthesized in a one-step electrochemical route in an ionic-liquid-containing electrolyte. The resulting colloid of Ag-NPs remained for more than 400 days without precipitation and ultraviolet-visible spectral shift. Dynamic light scattering gives an average hydrated particle diameter of 2.8 nm and a Zeta potential of -0.6 mV. Cell viability and cytotoxicity results showed high cell compatibility of Ag-NPs at ≤ 4 μg/mL and obvious cell death at 16 μg/mL. The antibacterial potency of Ag-NPs was evaluated using the Oxford cup method and the broth dilution test. The minimum inhibitory concentration of Ag-NPs against the Gram-positive bacteria <i>Bacillus subtilis</i> and <i>Staphylococcus aureus</i> was 4 μg/mL, whereas that for the Gram-negative species <i>Escherichia coli</i> was as low as 2 μg/mL. The minimum bactericidal concentration of Ag-NPs against three types of bacteria was 8 μg/mL. The long-term colloidal stability, acceptable cytotoxicity, and broad-spectrum bactericidal activity of Ag-NPs were demonstrated. These ultra-small nanoscale metal particles hold great potential for antibacterial applications like wound care and antibacterial coating.",Escherichia coli,uv,,
42082597,10.1038/s41598-026-51206-6,PMC13328753,oa,2026,Scientific reports,Evaluation of an ultraviolet C device for hospital pharmacy compounding.,"Aseptic pharmaceutical compounding is a high-risk activity in hospital pharmacies requiring strict environmental control. Ultraviolet-C (UVC) irradiation offers a ""non-touch"" and chemical-free method of disinfection for materials entering in white rooms. The present study aimed to investigate the efficacy of a UVC disinfection device (Artemisia, Byola, Faulquemont, France) for inactivating common hospital pathogens in vitro. Stock solutions of Staphylococcus aureus, Bacillus spizizenii, Escherichia coli, Pseudomonas aeruginosa, and Candida albicans were prepared and spread on Petri dishes. Plates were placed in the disinfection device and exposed to UVC for 1, 2, 3, 4, and 5 min (2, 5, and 10 min for B. spizizenii). After UVC exposure, culture plates were incubated at 32 ± 2 °C and colony forming unit were quantified 24- and 120-hours post-exposure. Microorganisms were chosen as they have different cell wall compositions and are associated with healthcare-associated infections; B. spizizenii spores were included as a surrogate microorganism for pathogenic spore species and strains. For all microorganisms, after 2 min of exposure a reduction > 7 log<sub>10</sub> was observed at 24- and 120-hours post-exposure. The Artemisia tested herein thus demonstrates potential to be used for sterilisation, at least against the microorganisms tested.",Escherichia coli,uv,,
42063509,10.3389/fmicb.2026.1789302,PMC13125036,oa,2026,Frontiers in microbiology,Enhancing UV-C and perchlorate resistance in <i>Arabidopsis thaliana</i> through the introduction of microbial genes from hypersaline environment.,"Ultraviolet (UV) radiation reaching the Earth's surface affects all living organisms. Recent reports show a trend of increasing exposure levels due to stratospheric ozone depletion and contamination. UV-B radiation (280-315 nm), previously largely absorbed by the ozone layer, now reaches the surface in higher doses, posing a particular threat to plants, which are sessile organisms and cannot escape adverse conditions. The intrinsic protective and repair mechanisms in plants may be insufficient to counteract this increase, potentially impacting crop productivity, distribution, and quality, with serious implications for agriculture and ecological stability. This study aims to enhance plant resistance to UV radiation by introducing genes derived from extremophilic microorganism, which have previously shown to confer UV-protective effects in UV resistance to a radiation-sensitive <i>Escherichia coli</i> strain (<i>recA</i> mutant). Extremophile microorganisms have been discovered in high-irradiation environments, such as hypersaline lakes, where survival relies on unique genetic adaptations. In our laboratory, four genes were selected from metagenomic libraries derived from high-altitude hypersaline lakes in Argentina (Diamante and Ojo Seco, at 4,589 m and 3,200 m respectively) and from the Es Trenc salt flat (Mallorca, Spain). Based on these promising results, the genes were introduced into <i>Arabidopsis thaliana</i> to evaluate their potential to enhance UV-B tolerance in plants. The selected genes included one encoding a TATA-box binding protein, and three hypothetical proteins. Each gene was independently transformed into <i>Arabidopsis thaliana</i> lines and subjected to UV-B and UV-C irradiation (4.5 kJ·m<sup>-2</sup>), with UV-C (100-280 nm) ultimately chosen for its higher damaging potential to test the limits of plant tolerance. Additionally, cross-resistance was evaluated using sodium perchlorate, a common soil contaminant and oxidative stressor. Plants were exposed to concentrations between 3.67 and 7.34 g/L, exceeding those used in previous studies. As a result, the plants obtained were more resistant to UV radiation and were also capable of growing in environments containing higher levels of perchlorate in the growth medium. Thus, the expression of these genes in the plant appears to contribute to enhanced stress resistance.",Escherichia coli,uv,,
42026113,10.1038/s41598-026-49402-5,PMC13272894,oa,2026,Scientific reports,Facile synthesis and synergistic cytotoxic effect of Ag/Co-ZnO nanoparticles in epithelial breast cancer cells.,"Here in, silver-cobalt (Ag/Co) incorporated in ZnO nanoparticles (NPs), referred to as Ag/Co-ZnO NPs, were synthesized using a facile co-precipitation method. The as-synthesized samples were characterized using ultraviolet-visible spectroscopy, field-emission scanning electron microscopy, Fourier transform infrared spectroscopy, and X-ray diffraction analysis techniques. The optical band gap of ZnO and Ag/Co-ZnO NPs increased from 3.64 to 3.92 eV when the Ag/Co concentration was increased by 10–30%. The incorporated ZnO exhibits increased antibacterial activities. DPPH and OH radical scavenging showed that the as-synthesized samples were antioxidants. Furthermore, pure ZnO and Ag/Co-ZnO were tested for cytotoxicity on MDA and BHK-21 breast cancer and skin cells, respectively. IC50 values for ZnO and Ag/Co-ZnO NPs against the MDA cell lines were 3.58 and 4.206 µg/mL, respectively. Antibacterial activity against Gram-negative (Escherichia coli) and Gram-positive (Staphylococcus aureus) bacteria were also tested. Ag/Co-ZnO outperformed ZnO in antibacterial activity. Molecular docking was used to predict the interaction and binding affinities of undoped ZnO and Ag/Co incorporated ZnO for antioxidant, anticancer, and antibacterial studies against Gram-negative (Escherichia coli) and Gram-positive (Staphylococcus aureus) bacteria using Auto Dock Vina. The promising biological and antimicrobial activities of Ag/Co-ZnO NPs highlight their potential for development into multifunctional therapeutic and biomedical agents. Future studies may focus on optimizing dopant ratios to further tune optical and biological properties, conducting in vivo evaluations to validate biocompatibility and therapeutic efficacy, and exploring their integration into drug-delivery systems, wound-healing formulations, and antibacterial coatings.",Escherichia coli,uv,,
42024091,10.17219/dmp/199972,,no_pmc,2026,Dental and medical problems,Antimicrobial and cytotoxic evaluation of biosurfactant-coated copper nanoparticles: A study on selected endodontic pathogens.,"Endodontic infections caused by pathogens such as Escherichia coli, Staphylococcus aureus, Streptococcus oralis, and Enterococcus spp. pose significant challenges due to biofilm formation and resistance to conventional treatments. Copper nanoparticles (CuNPs) exhibit promising antimicrobial properties, and coating them with biosurfactants may enhance stability while reducing cytotoxicity. The aim of the study was to synthesize and characterize CuNPs stabilized with biosurfactants derived from Achromobacter xylosoxidans and Pseudomonas aeruginosa, and to evaluate their antimicrobial efficacy and cytotoxicity. Copper nanoparticles were synthesized using a chemical reduction method and coated with biosurfactants to prevent oxidation and aggregation. The nanoparticles were characterized using Fourier transform infrared spectroscopy (FTIR), ultraviolet-visible (UV-Vis) spectroscopy, scanning electron microscopy (SEM), transmission electron microscopy (TEM), and energy-dispersive X-ray spectroscopy (EDX). Antimicrobial activity against E. coli, S. aureus, S. oralis, and Enterococcus spp. was evaluated using the well diffusion method and the minimum inhibitory concentration (MIC). Cytotoxicity was assessed using an MTT assay on L929 fibroblast cell lines. Characterization confirmed the formation of spherical CuNPs with sizes ranging from 90 nm to 100 nm. Both CuO+P5C and CuO+P11 nanoparticles demonstrated potent antimicrobial activity against all tested pathogens, with a MIC value of 125 μg/mL. Cytotoxicity results showed minimal toxicity, with nearly 78-80% cell viability maintained at concentrations of up to 100 μg/mL, indicating excellent biocompatibility. Biosurfactant-coated CuNPs represent a stable, eco-friendly and effective antimicrobial alternative for addressing persistent endodontic infections. Further in vivo studies and extended cytotoxicity evaluations are needed to confirm their clinical application.",Escherichia coli,uv,,
42008076,10.1007/s12223-026-01457-7,,no_pmc,2026,Folia microbiologica,Mesoporous and magnetic nanoparticle-based delivery of 1-hydroxyphenazine extracted from Pseudomonas aeruginosa enhances antimicrobial activity against different bacterial pathogens.,"Antimicrobial resistance (AMR) remains one of the most critical global health challenges, demanding innovative therapeutics beyond conventional antibiotics. In this study, Pseudomonas aeruginosa strain KAEH25, isolated from rhizospheric soil in Menoufia, Egypt, was identified as a potent producer of 1-hydroxyphenazine (1-HPZ), a redox-active phenazine derivative exhibiting broad-spectrum antimicrobial activity. The compound was extracted, purified, and characterized by ultraviolet–visible (UV–Vis) spectrophotometry, Fourier-transform infrared spectroscopy (FTIR), high-performance liquid chromatography (HPLC), nuclear magnetic resonance spectroscopy (NMR), and gas chromatography–mass spectrometry (GC–MS), confirming its molecular identity and purity. To overcome its poor solubility and instability, 1-HPZ was encapsulated into mesoporous silica and magnetic Fe₃O₄ nanoparticles. Nanomaterials were synthesized and characterized using dynamic light scattering (DLS), zeta potential, and transmission electron microscopy (TEM), confirming nanoscale uniformity, high surface area, and successful drug loading. Molecular docking studies (Schrödinger 2023-4) revealed strong binding affinities of 1-HPZ toward key bacterial enzymes including topoisomerase IV (–7.909 kcal/mol), DNA gyrase (–6.650 kcal/mol), and RNA polymerase (–6.750 kcal/mol), implying multitarget inhibition of DNA replication, cell wall biosynthesis, and protein synthesis. Molecular dynamics simulations (Materials Studio 2024, COMPASS III) demonstrated favorable insertion energies (≈–4.8 × 10⁶ kcal/mol) for both free and nanoformulated 1-HPZ into 1-palmitoyl-2-oleoyl-sn-glycero-3-phosphocholine (POPC) lipid bilayers, indicating strong membrane affinity and potential for enhanced cellular uptake. Experimentally, the 1-HPZ-loaded mesoporous nanoparticles showed the most potent antibacterial effect, producing inhibition zones up to 25 mm against Listeria monocytogenes and Escherichia coli, surpassing free 1-HPZ. Time-kill and minimum inhibitory concentration/minimum bactericidal concentration (MIC/MBC) assays confirmed bactericidal activity at low concentrations (MIC 4–16 µg/mL; MBC 8–32 µg/mL), outperforming both magnetic formulations and free 1-HPZ. These findings validate that mesoporous nanocarriers significantly enhance the solubility, stability, and antibacterial potency of 1-HPZ while maintaining biocompatibility. This integrated experimental and computational investigation demonstrates that coupling a microbial natural product with nanotechnology offers a promising route to overcome multidrug resistance. The 1-HPZ–mesoporous system provides a robust platform for next-generation antimicrobial therapies and magnetically guided drug delivery applications.",Escherichia coli,uv,,
41996072,10.1007/s43630-026-00892-2,,no_pmc,2026,Photochemical & photobiological sciences : Official journal of the European Photochemistry Association and the European Society for Photobiology,"Dual-functional cobalt-doped binary metal ferrite: photodegradation of metronidazole, bacterial disinfection, and molecular docking insights.","In this work, Cobalt-doped binary metal ferrite nanoparticles were synthesized and evaluated for dual-functionality: the photodegradation of metronidazole (MTZL) antibiotic and the inactivation of pathogenic bacteria. Characterization of the synthesized catalyst revealed a saturation magnetization (M<sub>s</sub>) of 80.35 [Formula: see text], a total pore volume of 298 [Formula: see text], and a specific surface area of 70.2 [Formula: see text]. Photocatalytic experiments demonstrated that 10 mg of the catalyst achieved 92.8% degradation of MTZL after 6 h under UV irradiation in acidic media (pH 3) supplemented with 4 mmol L<sup>- 1</sup> hydrogen peroxide (H<sub>2</sub>O<sub>2</sub>). To differentiate photocatalysis from physical adsorption-addressing the role of surface interactions-control experiments in the dark yielded 70.2% MTZL removal. Selectivity studies indicated that the presence of tylosin as a co-existing antibiotic (1000 and 500 ppb) reduced MTZL degradation efficiency by approximately 41% and 17.5%, respectively. Furthermore, the material exhibited potent antibacterial activity, inhibiting 1.0 × 10<sup>7</sup> CFU mL<sup>- 1</sup> of Staphylococcus aureus and Escherichia coli within 3 h using dosages of 5.0 mg and 15.0 mg, respectively. Complementing the experimental findings, molecular docking simulations were employed to predict the interaction mechanisms between the Co-doped ferrite cluster and target bacterial proteins. The analysis revealed significant binding affinities (scores of -4.3 and - 4.4 kcal mol<sup>- 1</sup>), driven primarily by hydrogen bonding, electrostatic forces, and metal-residue interactions within the active pocket.",Escherichia coli,uv,,
41990954,10.1016/j.ajic.2026.04.008,,no_pmc,2026,American journal of infection control,AI-enabled autonomous UV-C device pathogen reduction within clinically relevant parameters.,"Wall-mounted UV-C disinfection systems present a promising alternative to robotic approaches for pathogen reduction. We sought to determine the pathogen-reduction efficacy of such devices when operated at a distance, mimicking real-world applications. It was shown that a variety of high-risk pathogens (eg, methicillin-resistant Staphylococcus aureus, Pseudomonas aeruginosa, S epidermidis, Escherichia coli, Clostridium difficile, and Candida auris) could be reduced by more than 3-log units with a short exposure time of 20 to 30 seconds.",Escherichia coli,uv,,
41976206,10.3390/molecules31071165,PMC13074780,oa,2026,"Molecules (Basel, Switzerland)",Multifunctional Dyeing Process and Characterization of Silk Fabric Based on Natural Colorant of Rhubarb.,"To promote the application of natural dyes in eco-textiles and develop multifunctional silk fabrics, this study optimized the extraction of functional pigments from rhubarb and investigated their dyeing performance and functional properties on silk. The optimal extraction conditions were determined as pH 11, 80 °C, 50 min, with three extraction stages. The optimized direct dyeing parameters for silk fabrics were: dye bath pH value of 7, bath ratio of 1:40, dye solution concentration of 5%, and dyeing at 80 °C for 60 min. Post-dyeing metal ion mordanting significantly regulated the hue and dyeing depth of fabrics, with ferrous sulfate mordanting demonstrating the most ideal effect, enabling fabrics to exhibit deep gray coloration and a substantial increase in K/S value. The dyed silk exhibited significantly enhanced Ultraviolet (UV) protection (UPF 18.72 for direct dyeing, reaching 29.80 after Fe<sup>2+</sup> mordanting) and antibacterial activity (inhibition rates of 69.26% and 77.49% against <i>Escherichia coli</i> (<i>E. coli</i>) and Staphylococcus aureus (<i>S. aureus</i>), respectively, exceeding 95% after Fe<sup>2+</sup> treatment). This work demonstrates that rhubarb dyeing can produce functional silk with excellent UV-blocking and antibacterial properties, supporting its potential in ecological textiles.",Escherichia coli,uv,,
41959952,10.7759/cureus.104870,PMC13056596,oa,2026,Cureus,Machine Learning Analysis of Type VII Secretion System Expression and Its Relationships With Virulence Traits and Antibiotic Resistance in Staphylococcus aureus.,"Background <i>Staphylococcus aureus (S. aureus)</i> remains a high-priority pathogen due to its extensive virulence arsenal, immune evasion strategies, and rising multidrug resistance, particularly in methicillin-resistant strains (MRSA). The type VII secretion system (T7SS), encoded by the ess locus, contributes to persistence, immune modulation, and interbacterial competition. Although recognized as a key virulence determinant, its regulatory interplay with other virulence traits and resistance mechanisms remains unclear. Understanding these relationships is essential to identifying novel antivirulence therapeutic targets. Objectives This study aimed to dissect the networks linking the T7SS to enzymatic virulence factors, antibiotic resistance, and environmental triggers using an integrated wet-lab and machine-learning approach. Methods We combined microbiological assays with machine-learning analyses to quantify associations between T7SS and the production of DNase, hemolysin, protease, lipase, and staphyloxanthin. Modulation of T7SS expression was assessed under physical (ultraviolet light), chemical (sodium hypochlorite disinfectant), and biological [coculture with <i>Escherichia coli (E. coli)]</i> conditions. A total of 150 clinical <i>S. aureus</i> isolates were evaluated for resistance profiles and phenotypic clustering. Results Among 150 clinical isolates, 74% were methicillin-resistant, 0.6% were vancomycin-resistant, and 88% were multidrug-resistant. T7SS expression showed positive correlations with virulence factors but no association with MRSA status or antibiotic resistance. Machine learning identified protease as the strongest predictor of T7SS expression and revealed clustering of high-expression phenotypes, highlighting complex interdependencies often overlooked by conventional approaches. Environmental factors significantly influenced T7SS expression: UV light downregulated it 1.5-fold, whereas sodium hypochlorite and <i>E. coli</i> coculture upregulated it by 2.5-fold and 2.2-fold, respectively. The positive correlation between T7SS and other virulence determinants suggests regulation via a shared accessory gene regulator (agr) system, though T7SS appears to function independently of resistance traits. Future studies should explore whether agr inhibitors can suppress T7SS and mitigate infection severity. Discussion The integrative analysis combining wet-lab microbiological assays with machine learning suggests that T7SS expression is associated with multiple virulence determinants in <i>S. aureus</i>. These findings indicate that T7SS may function as part of a broader virulence regulatory network rather than acting independently. Conclusion Overall, this study highlights the potential value of integrating experimental microbiology with computational approaches to explore complex virulence relationships in clinical <i>S. aureus</i> isolates. Further mechanistic and multi-center studies are required to validate these associations and clarify the regulatory pathways underlying T7SS activity.",Escherichia coli,uv,,
41959253,10.64898/2026.04.02.716108,PMC13060242,oa,2026,bioRxiv : the preprint server for biology,"""The <i>B. subtilis</i> translesion polymerase Pol Y1 is not strongly recruited to sites of replication upon different types of DNA damage"".","One challenge to DNA replication is the presence of unrepaired damage on the template strand, which can stall the replication machinery. This stall can be resolved by the translesion synthesis (TLS) pathway, in which specialized translesion polymerases are recruited to copy damaged DNA. Because TLS polymerases are error-prone, their activity is regulated at multiple levels to minimize unnecessary mutagenesis. Although the molecular mechanisms of bacterial TLS have been extensively studied in <i>Escherichia coli</i>, less is known about this pathway in other species. In <i>E. coli</i>, the TLS polymerase Pol IV is minimally enriched at replication forks in the absence of DNA damage but is strongly recruited upon replication stalling, enabling TLS while minimizing mutagenesis. However, we recently showed that the <i>Bacillus subtilis</i> TLS polymerase Pol Y1, the homolog of Pol IV, is moderately enriched near replication sites even during normal growth and is not further enriched upon treatment with the DNA damaging agent 4-nitroquinoline 1-oxide (4-NQO). It is unknown whether this behavior is unique to 4-NQO or general to other types of DNA damage. In this study, we investigate the effects of four different DNA damaging agents (ultraviolet light, methyl methanesulfonate, nitrofurazone, and mitomycin C) in <i>B. subtilis</i>. We first characterize the contributions of the two TLS polymerases, Pol Y1 and Pol Y2, to DNA damage survival and damage-induced mutagenesis after treatment with these agents. We then use single-molecule fluorescence microscopy to measure the localization and dynamics of individual Pol Y1 molecules in live <i>B. subtilis</i> cells. We find that Pol Y1 and Pol Y2 have differing effects on survival and mutagenesis, but that under no circumstances is Pol Y1 strongly recruited to sites of replication upon DNA damage. This study broadens our understanding of TLS in <i>B. subtilis</i>, indicating that there are notable differences in TLS mechanisms across bacteria.",Escherichia coli,uv,,
41938544,10.14202/vetworld.2026.511-522,PMC13044329,oa,2026,Veterinary world,<i>In vitro</i> antimicrobial efficacy of laser-synthesized silver nanoparticles against antibiotic-resistant <i>Escherichia coli</i> isolated from dairy cattle wastewater.,"Poorly managed dairy farm wastewater is a significant reservoir of antibiotic-resistant bacteria, particularly <i>Escherichia coli</i>, contributing to the environmental spread of antimicrobial resistance (AMR) and posing risks to animal and public health. Conventional wastewater treatment systems are often insufficient to inactivate these resistant organisms. Silver nanoparticles (AgNPs), especially those synthesized by pulsed laser ablation (PLA) in liquid, offer a high-purity, chemical-free nanomaterial with promising antimicrobial properties. This study aimed to evaluate the <i>in vitro</i> antimicrobial efficacy of laser-synthesized AgNPs against antibiotic-resistant <i>E. coli</i> isolated from dairy cattle wastewater within a One Health framework. Wastewater samples were collected aseptically from 50 smallholder dairy farms in East Java, Indonesia. <i>E. coli</i> isolates were identified using standard cultural, morphological, Gram staining, and biochemical (Indole, methyl red, Voges-Proskauer, citrate) methods. Antibiotic resistance was screened using the Kirby-Bauer disk diffusion method against streptomycin, erythromycin, penicillin, and tetracycline. AgNPs were synthesized via PLA in polyvinylpyrrolidone medium and characterized using transmission electron microscopy, ultraviolet-visible spectroscopy, and Fourier transform infrared spectroscopy. The minimum inhibitory concentration (MIC) and minimum bactericidal concentration (MBC) of AgNPs were determined by broth microdilution and agar subculture methods, respectively, across concentrations ranging from 0.195 to 100 ppm. Statistical analysis was performed using one-way analysis of variance followed by Tukey's post hoc test at a significance level of p < 0.05. PLA successfully produced monodisperse AgNPs with a mean diameter of 11.62 ± 1.8 nm and a characteristic surface plasmon resonance peak at 418 nm, confirming high-purity and stability. Twenty antibiotic-resistant <i>E. coli</i> isolates were evaluated. MIC values ranged from 37.5 to 100 ppm, with erythromycin-resistant isolates showing the lowest MICs (45.0 ± 10.5 ppm) and streptomycin-resistant isolates the highest (75.0 ± 33.3 ppm). Most isolates (75%) exhibited MBC values >100 ppm, indicating predominantly bacteriostatic activity at the tested concentrations. No statistically significant differences in MIC values were observed among resistance groups (p > 0.05). A concentration of 62.5 ppm was identified as the most effective inhibitory dose across resistance profiles. Laser-synthesized AgNPs demonstrated consistent <i>in vitro</i> inhibitory activity against antibiotic-resistant <i>E. coli</i> from dairy wastewater, with an optimal MIC of approximately 62.5 ppm. These findings highlight the potential application of AgNPs as a supplementary control strategy in dairy waste management and AMR mitigation, supporting an integrated One Health approach.",Escherichia coli,uv,,
41933002,10.1038/s41598-026-44556-8,PMC13195164,oa,2026,Scientific reports,"UV-C LED wavelength effects on inactivation kinetics, DNA damage and membrane integrity in drinking water indicator bacteria.","Ultraviolet (UV) light-emitting diodes (LEDs) have emerged as a promising technology for water disinfection, offering selectable wavelengths that enable more precise targeting of specific cellular components. This study evaluated the inactivation efficiency of water quality indicators with different cell morphologies and envelope organization, Escherichia coli (Gram-negative) and Enterococcus faecium (Gram-positive), including both environmental and culture collection strains, using UV-C LEDs that emit light at 255 nm, 260 nm, 265 nm, 270 nm, and 280 nm. Inactivation kinetics as well as post-exposure repair, under dark and light conditions, were evaluated. Fluorescence microscopy observations and cyclobutane pyrimidine dimer formation were analyzed to elucidate morphological changes and DNA damage. Within the tested range, 265 nm LEDs achieved the highest inactivation rates for E. coli at a given UV fluence, consistent with the DNA absorption maximum in the 260-270 nm region. In contrast, E. faecium showed similar inactivation between 260 and 270 nm. Nevertheless, all tested wavelengths demonstrated high efficacy, achieving up to 6-log inactivation of both culture collection and environmental strains at low UV fluences (below 7 mJ/cm²). E. faecium showed enhanced resilience at lower fluences for all the wavelengths tested. Fluorescence microscopy revealed that both membrane integrity and DNA structure were increasingly affected by higher UV fluences, although signs of DNA damage were more pronounced and detectable even at lower exposure levels. Additionally, none of the strains tested showed considerable photoreactivation or dark repair capability, implying that the induced DNA lesions were largely irreversible under our experimental conditions. This study shows the efficacy of UV-C LEDs for water disinfection across a range of wavelengths, particularly at 265 nm, highlighting the important contribution of DNA damage to bacterial inactivation, and emphasizing their applicability for the water industry.",Escherichia coli,uv,,
41897696,10.3390/foods15060974,PMC13025231,oa,2026,"Foods (Basel, Switzerland)","Post-Harvest UV-C Treatment of Microgreens for Inactivation of <i>Salmonella enterica</i>, <i>Escherichia coli</i> O157:H7 and <i>Listeria monocytogenes</i>.","There is a high risk of transfer of foodborne pathogens to the edible part of microgreens when seeds, irrigation water or soilless substrates are contaminated. Post-harvest sanitizer treatments are generally not preferred due to the fragility of microgreens. In this study, the effectiveness of post-harvest UV-C treatment was evaluated against <i>Salmonella enterica</i>, Shiga toxin-producing <i>Escherichia coli</i> O157:H7, and <i>Listeria monocytogenes</i> in sunflower and radish microgreens. Agricultural perlite soaked with plant nutrient solution was artificially contaminated with foodborne pathogens at a concentration of 10<sup>5</sup>-10<sup>6</sup> CFU/g to serve as the soilless substrate. UV-C was applied to harvested microgreens uni- and bidirectionally with doubled exposure at varying distances (10, 20, and 30 cm) and exposure times (5, 10, 20, 30, 60, and 120 s). UV-C doses ranged from 0.03 to 2.07 kJ/m<sup>2</sup>, depending on treatment distance and exposure time. The survival of pathogens in treated microgreens was also determined at 4 °C for 14 days. The highest pathogen inhibition was achieved with bidirectional UV-C treatment at a 10 cm distance for 120 s (<i>p</i> < 0.05), yielding reductions of up to 3.1, 3.0, and 2.0 log CFU/g for <i>S. enterica</i>, <i>E. coli</i> O157:H7, and <i>L. monocytogenes</i>, respectively. Pathogen inhibition decreased significantly with increasing distance (<i>p</i> < 0.05). During subsequent refrigerated storage after UV-C treatment, pathogen populations increased by 0.3-1.7 log CFU/g. These results demonstrate that UV-C treatment can significantly reduce pathogen populations on microgreens as a post-harvest treatment strategy but cannot fully address food safety concerns about these immature seedlings.",Escherichia coli,uv,,
41896576,10.1038/s41598-026-42384-4,PMC13039887,oa,2026,Scientific reports,Synergetic effect of Camellia sinensis waste extract and zinc oxide nanoparticle for improving performance and appearance attributes of viscose fabrics.,"Eco-friendly textile dyeing technologies are increasingly popular because of raised environmental consciousness and the need for less polluting substitutes wefor synthetic dyes. Waste of black tea is an appropriate source of polyphenols and tannins with ecological as well as functional benefits, such as microbial resistance, and antioxidant activity. Herein, a new method for eco-friendlier dyeing and finishing of viscose fabric using black tea waste extract (BTWE) as a sustainable natural colorant for dyeing and functional finishing of viscose fabric was examined. The dyeing conditions, like pH, temperature, dye concentration, and time, were systematically regulated to assign the proper conditions for maximum color strength (K/S). The colorfastness of the dyed fabric against washing, perspiration, crocking, and light was determined. Using zinc oxide nanoparticles (ZnO-NPs) improved the performance of the dyed fabrics by making them more resistant to some pathogens. The results revealed that the optimum dyeing conditions were found to be pH 3, 45 °C, 4% dye, for 60 min. Finishing the dyed samples with ZnO-NPs enhanced the K/S and antimicrobial activity without negative impact on the mechanical strength. The dyed viscose fabric exhibited excellent resistance towards Gram-positive (Staphylococcus aureus) and Gram-negative (Escherichia coli) bacteria as well as the fungus Candida albicans. The antioxidant activity of the dyed samples was greatly improved compared to undyed viscose fabric. However, enhancement of the ultraviolet protection factor of the dyed fabric was limited, likely due to inadequate surface coverage and lack of coating operations. The discrepancy in the chemical and morphological structures between the undyed and the corresponding dyed viscose fabrics was monitored using Fourier transform infrared spectroscopy and scanning electron microscopy, respectively. The correlation between the different dyeing parameters and the color strength as well as the colorimetric data was assigned using analysis of variance (ANOVA). The findings of this investigation justify the potential application of BTWE as a green colorant for one-pot sustainable dyeing and functional finishing of viscose fabrics.",Escherichia coli,uv,,
41880386,10.1590/1519-6984.299835,,no_pmc,2026,Brazilian journal of biology = Revista brasleira de biologia,Synergistic photodynamic antimicrobial therapy with silver nanoparticle activated by UV irradiation and 405 nm laser diode against Escherichia coli and Staphylococcus aureus.,"This study investigates the antibacterial properties of Moringa oleifera green-synthesized silver nanoparticles (AgNPs-MO) against Escherichia coli (E. coli) and Staphylococcus aureus (S. aureus) when combined with UV radiation and a blue laser set at 405 nm. Exposure to both light treatments increased the antibacterial activity of AgNPs-MO at higher concentrations. The results indicate that photosensitizers generated from Moringa oleifera help photodynamic antimicrobial treatment work better and provide a more environmentally friendly way to manage infections. A control group (T0) was not subjected to laser irradiation, while the other three bacterial groups (A1/A2 and A3/A4) were treated to laser irradiation at different concentrations and times of silver nanoparticles. Groups A2 and A4 bacteria were also given a photosensitizer made from Moringa oleifera, and then they were exposed to varying lengths of laser light. Following incubation, a Quebec colony counter was used to measure the number of bacterial colonies. Bacterial viability was significantly reduced, according to statistical analysis utilizing a post-hoc Tukey test and a two-way ANOVA factorial test. After being exposed to mmol L-1, mmol L-1.5, and mmol L-2 AgNPs-MO for 180 seconds, E. coli showed viability decreases of 70.90%, 76.44%, and 79.87%, respectively. The identical circumstances also resulted in viability decreases of 97.48%, 95.94%, and 94.72% for S. aureus. Our strategy proved to be effective, inactivating E. coli by 79.87% ± 1.92% and S. aureus by 97.48% ± 0.78% at an energy density of 3.44 J/cm2. In order to battle pathogenic germs, this research proposes prospective uses for a blue laser, UV light, silver nanoparticles, and extract from Moringa oleifera.",Escherichia coli,uv,,
41804096,10.1111/1541-4337.70430,,no_pmc,2026,Comprehensive reviews in food science and food safety,Advancing Raw Milk Safety and Quality: A Critical Review of Existing and Emerging Nonthermal Technologies.,"Growing consumer demand for minimally processed, nutritionally intact dairy products has heightened the imperative to enhance raw milk safety while preserving its inherent composition. This review critically evaluates established nonthermal technologies, including ultraviolet-C (UV-C) irradiation, cold plasma (CP), high-pressure processing (HPP), pulsed electric field (PEF), and microfiltration (MF), alongside emerging innovations such as nanotechnology-enhanced filtration, artificial intelligence (AI)-driven optimization, and blockchain traceability. In contrast to conventional pasteurization, which often degrades thermolabile nutrients and modifies sensory attributes, these nonthermal approaches provide effective pathogen inactivation with superior quality retention. Recent developments in multi-hurdle strategies, integrating multiple nonthermal methods, demonstrate substantial promise for bolstering microbial safety and product uniformity. These achieve reductions of up to 6 log<sub>10</sub> in key pathogens like Escherichia coli and Listeria monocytogenes, while maintaining over 80% of vitamins and bioactive compounds (lactoferrin). The review synthesizes contemporary evidence on mechanisms, efficacy, and applicability, emphasizing impacts on vitamins, enzymes, and probiotic retention. It highlights synergistic systems (HPP+PEF, MF+UV-C) and their socioeconomic benefits, including premium market positioning and employment generation, as well as environmental advantages such as reduced energy consumption and lower waste. Moreover, it explores how these technologies address evolving consumer demands, sustainability objectives, and regulatory requirements. By offering a comprehensive, forward-looking analysis, this work illustrates the transformative potential of nonthermal innovations in the dairy sector. This review advances a convergent framework that critically integrates nonthermal processing with digital tools (AI, blockchain), aligning technological efficacy with supply chain transparency, regulatory pathways, and consumer confidence.",Escherichia coli,uv,,
41797147,10.1016/j.virol.2026.110860,,no_pmc,2026,Virology,Characterization of bacteriophage Henu4_2 lytic for Escherichia coli and its therapeutic efficacy in infection models.,"An Escherichia phage, designated Henu4_2, was isolated from hospital sewage sludge. This phage exhibits strict lytic specificity against certain Escherichia coli strains and demonstrates potent antimicrobial and antibiofilm activities in both in vitro and in vivo experiments. It shows an optimal multiplicity of infection (MOI) of 0.1 and displays broad stability across a wide range of temperature (4-55 °C) and pH values (3-12), although it remains sensitive to UV irradiation. The phage features a latent period of 20 min and a lytic cycle of 60 min, with a burst size of 354 PFU per infected cell Genomic analysis revealed a circular double-stranded DNA genome of 50,260 bp with a G + C content of 43%. Phylogenetically, Henu4_2 clusters within the Tlsvirus genus, showing 95.61% sequence identity with Escherichia phage TLS and 93.1% with phage U136B. The genome encodes multiple functional proteins involved in viral replication and maturation, including an endolysin (ORF16), a holin (ORF17), a terminase large subunit (ORF54), and a terminase small subunit (ORF55). Notably, treatment with Henu4_2 at higher MOIs significantly improved the survival of Galleria mellonella larvae upon bacterial challenge. Concurrently, we observed that Henu4_2 rapidly lysed bacterial cells, thereby reducing the bacterial load within infected hosts. These findings indicate that Henu4_2 is a promising candidate for phage therapy against E. coli infections. Moreover, its comprehensive characterization and genomic analysis contribute valuable insights into phage diversity and biological function.",Escherichia coli,uv,,
41788439,10.1007/s13197-025-06231-0,,no_pmc,2026,Journal of food science and technology,Chitosan/Polyvinyl-alcohol Film Bio-composite loaded by <i>Caesalpinea sappan</i> extract with enhanced super bug antimicrobial properties for food packaging application.,"The improvement of the antibacterial properties of chitosan (CS)/polyvinyl alcohol (PVA)-based bio-composites is widely pursued because it holds great promise for a variety of sustainable food packaging applications. This study reports the improvement of the antibacterial properties of CS/PVA by loading <i>C. sappan</i> extract (CSE), a natural bioactive component, against <i>Escherichia coli</i> (<i>E. coli</i>), <i>Staphylococcus aureus</i> (SA), and <i>methicillin-resistant Staphylococcus aureus</i> (MRSA). The effect of CSE on the physical and mechanical properties of the CS/PVA film was also investigated. Notably, the CSE-loaded bio-composites exhibited selectivity for targeting gram-positive bacteria and significantly improved the inhibition zone, reaching 17.4 mm, 29.5 mm (4%), 23.9 mm, and 41.6 mm (6%) for SA and MRSA, respectively. The CS/PVA/CSE film, as a packaging sheet, is also able to preserve bread for up to 1 month by repelling the growth of microorganisms. The addition of CSE to the bio-composite film slightly affects its biodegradability and ultraviolet barrier properties. The CSE added to the CS/PVA bio-composite film acts as a plasticizer, improving its mechanical properties. Hence, CSE-loaded CS/PVA bio-composite films could be prospective eco-friendly bioactive packaging candidates for sustainable food preservation. The online version contains supplementary material available at 10.1007/s13197-025-06231-0.",Escherichia coli,uv,,
41786865,10.1038/s41598-026-42650-5,PMC13079806,oa,2026,Scientific reports,"Cold microwave plasma jets for wound healing: antimicrobial efficacy, mechanisms and changes in microbial cells.","Given the increasing prevalence of antibiotic-resistant microorganisms, alternative disinfection strategies are required. This study explores the antimicrobial potential of cold atmospheric plasma (CAP) as a non-thermal decontamination method for medical applications. The results confirm the efficacy of cold microwave plasma jets in the inactivation of Staphylococcus epidermidis, Escherichia coli, Cutibacterium acnes, and Nakaseomyces glabratus. Optimal treatment conditions ensuring both the antimicrobial efficacy and the safety for living tissue were established. Experiments in enclosed or open-air environment and the use of colorimetric agents confirmed that RONS, rather than UV radiation, are primarily responsible for microbial inactivation. Possible inhibition mechanisms induced by the CAP treatment were examined using scanning (SEM) and transmission (TEM) electron microscopy. The analyses revealed progressive morphological and intracellular changes in yeast cells following the plasma treatment, including localized thinning and perforation of the cell wall, vacuole enlargement, enhanced vesicle formation, protoplast aggregation and leakage of intracellular content.",Escherichia coli,uv,,
41784891,10.1007/s42770-026-01900-4,,no_pmc,2026,Brazilian journal of microbiology : [publication of the Brazilian Society for Microbiology],Antibacterial efficacy and mechanisms of hawthorn leaf extract against poultry-derived Staphylococcus aureus and Escherichia coli: potential as natural food preservatives.,"The search for natural preservatives to enhance food safety is of increasing interest. This study assessed ethanol extracts (30%, 50%, 70%, and 95%) of hawthorn leaves against poultry-derived Staphylococcus aureus (S. aureus) and Escherichia coli (E. coli)—two key pathogens in foodborne illness and antimicrobial resistance spread in the poultry chain—using inhibition zone, minimum inhibitory concentration (MIC), and minimum bactericidal concentration (MBC) assays. Extract stability was evaluated under heat (100 °C), UV radiation, and different pH conditions (5–9). The 70% ethanol extract showed the strongest activity, with MIC and MBC values of 6.25 mg/mL and 25 mg/mL, respectively, and remained stable across treatments. Mechanistic studies suggested that the extract may impair cell wall and membrane integrity, as reflected by increased membrane permeability (1.21-fold higher protein leakage), and reduced metabolic activity by 21.43%. High-Performance Liquid Chromatography Quadrupole Time-of-Flight Tandem Mass Spectrometry (HPLC-QTOF-MS/MS) putatively identified 56 compounds, primarily flavonoids and polyphenols, which are likely responsible for underpinning its antibacterial efficacy. These results position hawthorn leaf extract as a promising multi-mechanism natural agent with potential for application in food preservation against relevant pathogens.",Escherichia coli,uv,,
41763793,10.1016/j.foodres.2026.118471,,no_pmc,2026,"Food research international (Ottawa, Ont.)",Mechanistic insights into the photodynamic inactivation of foodborne pathogens by UVA-mediated protocatechuic acid.,"This study investigated the potential of protocatechuic acid (PCA), a natural polyphenolic compound, as a photosensitizer for antimicrobial photodynamic inactivation (PDI) and elucidated its underlying mechanism. The synergistic effect of PCA combined with UVA LED irradiation (365 nm) was evaluated against major foodborne pathogens, including Escherichia coli O157:H7, Salmonella Typhimurium, Listeria monocytogenes, and Staphylococcus aureus, in peptone water. When applied at doses ranging from 20 to 40 J/cm<sup>2</sup>, the combined treatment of UVA irradiation and 30 mM PCA (UVA + PCA) resulted in markedly enhanced bacterial inactivation. Reductions of 5-7 log CFU/mL were achieved at 20 J/cm<sup>2</sup> for E. coli O157:H7, S. Typhimurium, and L. monocytogenes, while S. aureus required a dose of 40 J/cm<sup>2</sup> to achieve a similar reduction, whereas UVA or PCA alone produced minimal effects (< 1 log CFU/mL). Intracellular reactive oxygen species (ROS) quantification and scavenger assays revealed that PCA acted as an effective photosensitizer under UVA exposure, generating singlet oxygen (<sup>1</sup>O<sub>2</sub>)-a Type II ROS-as the primary reactive species responsible for oxidative damage. The resulting oxidative stress compromised cellular structures, including the membrane and nucleic acids, ultimately leading to cell death. Furthermore, when applied to grape juice, a low-transmittance food matrix, the UVA + PCA system effectively inactivated microorganisms without significant alterations in pH, color, or anthocyanin content, demonstrating its potential applicability in real food systems. Collectively, these findings highlight PCA as a promising natural photosensitizer that enables efficient and quality-preserving microbial control, offering an eco-friendly approach for use in juice sterilization and broader food industry applications.",Escherichia coli,uv,,
41737709,10.1007/s13197-024-06195-7,,no_pmc,2026,Journal of food science and technology,Sustainable packaging films: polylactic acid-surface-modified nanocellulose-pectin biocomposite to extend shelf life of strawberry fruit.,"Surface-modified nanocellulose (SMNC), a biopolymer, has become prevalent in industries. It serves a purpose in fabricating new bioplastics employed for packaging. To improve the mechanical robustness and antibacterial properties of polylactic acid (PLA), one possible approach is to incorporate pectin and SMNC from lignocellulosic biomass. This research extensively investigated the optimization of PLA-SMNC-pectin blends, utilizing precise control over the composition with 88.5 mg of PLA, 3.5% (wt% of PLA) of SMNCs, and 7% (wt% of PLA) of pectin. The main aspect of this study was the use of <i>Borassus</i> <i>flabellifer</i> leaves and fruits for the environmentally friendly synthesis of both SMNC and pectin, respectively. The biocomposite effectively inhibited the growth of both <i>Escherichia coli</i> ATCC 8739 and <i>Bacillus subtilis</i> ATCC21332, indicating its potential for various applications. Additionally, the film exhibited remarkable resistance to UV radiation, with only 9.5247% UVA transmission. This was complemented by a tensile strength of 6.53 MPa and Young's modulus of 0.00299 GPa, surpassing those of pure PLA. Together, these results demonstrate the adaptability and potential of the PLA-SMNC-pectin film in strawberry fruit packaging presenting a countermeasure for alleviating the ecological concerns associated with conventional plastics.",Escherichia coli,uv,,
41722984,10.1016/j.fm.2026.105041,,no_pmc,2026,Food microbiology,"Enhanced environmental stress tolerance in reoccurring, emerging, and persistent (REP) Escherichia coli O157:H7 strains from leafy green associated outbreaks.","Escherichia coli O157:H7, historically associated with undercooked beef, has increasingly been linked to leafy green associated outbreaks in the United States. A subset of strains, termed reoccurring, emerging, and persistent (REP), represented by REPEXH01 and REPEXH02, has repeatedly caused multistate outbreaks since 2017, raising concerns about their enhanced environmental fitness and persistence in leafy green production regions. In this study, we evaluated the stress tolerance profiles of representative REPEXH01 (PNUSAE013458) and REPEXH02 (2705C and PNUSAE019890) strains, using the meat-associated strain EDL933 and the spinach outbreak strain EC4115 as references. REPEXH01 strains exhibited elevated tolerance to starvation, arsenic, gastric acid, and antibiotics, traits consistent with genomic islands encoding multiple resistance determinants. REPEXH02 strains showed increased tolerance to UV-C irradiation, potentially linked to mutations in DNA repair genes. Both REP groups showed significantly higher survival than EDL933 under desiccation and blue light exposure (major antimicrobial spectrum in sunlight), underscoring their enhanced persistence in agricultural and processing environments. These findings highlight distinct adaptation strategies between REPEXH01 and REPEXH02 that may facilitate their continued recurrence in leafy green outbreaks. Understanding these stress response mechanisms provides critical insights into REP strain ecology and informs the development of improved intervention strategies to reduce produce-associated E. coli O157:H7 contamination.",Escherichia coli,uv,,
41720402,10.1016/j.jfp.2026.100726,,no_pmc,2026,Journal of food protection,Inactivation of Foodborne Pathogens on Stainless Steel Surfaces Using Ultraviolet Light-Emitting Diodes (UVC-LED) and Ultrasonic Aerosolization with GRAS Agents.,"The inactivation of Listeria monocytogenes and Escherichia coli on stainless steel surfaces was evaluated using a combination of ultraviolet light-emitting diodes (UVC-LED) and ultrasonic aerosolization with generally recognized as safe (GRAS) agents: sodium hypochlorite (NaOCl), acetic acid (AA), and hydrogen peroxide (H<sub>2</sub>O<sub>2</sub>). Stainless steel coupons (2 cm in diameter) inoculated with 6-7 log CFU/coupons of both pathogens were used as bioindicators. Coupons were treated with: UVC-LED (275 nm) at 2 and 4 cm distance for 5, 10, and 15 min; ultrasonic aerosolization with NaOCl, AA, or H<sub>2</sub>O<sub>2</sub> for 5, 10, and 15 min or with combinations of both technologies. Lethality, sublethal damage, and cell leakage were evaluated. Results showed that UVC-LED treatments were more effective at doses of 30.42 mJ/cm<sup>2</sup> (shorter distance at 2 cm and longer exposure time 15 min), achieving significant reductions in L. monocytogenes (2.27 log CFU/coupon). The aerosolized GRAS agents were also effective, especially at the highest concentrations and longer exposure times, achieving complete inactivation of both bacteria. Combining UVC-LED (5, 10, 15 min) with 0.3% H<sub>2</sub>O<sub>2</sub> aerosolization resulted in a more effective inactivation at lower doses, highlighting the potential of these combined technologies to improve food safety on food contact surfaces in the food industry.",Escherichia coli,uv,,
41715721,10.1364/OE.581002,,no_pmc,2026,Optics express,Multispectral fluorescence imaging to detect and ultraviolet C to disinfect single and dual-species bacterial biofilm on abiotic surfaces.,"Biofilms, because of their persistence on various surfaces such as medical devices or industrial piping, are associated with approximately 65% of all microbial infections. Thus, their detection and inactivation are of great importance to public health. Many detection methods, such as swabbing, require sampling by rubbing, which can be expensive, time-consuming, and require highly trained personnel. This study proposes the use of previously developed, handheld multispectral fluorescence imaging systems to detect and disinfect biofilm in situ and in real-time. We utilized the contamination and sanitization inspection (CSI) and disinfection (CSI-D+), both of which feature various cameras and UV-emitting LEDs to image and disinfect contamination. Biofilms were grown on polyvinyl chloride (PVC) and stainless steel (SS) coupons using an industrial bioreactor, including dual-species biofilms of <i>Listeria monocytogenes/Pseudomonas aeruginosa</i> or Shiga toxin-producing <i>Escherichia coli</i> (STEC)/<i>Pseudomonas aeruginosa</i>, as well as single-species biofilms of <i>Listeria monocytogenes</i> and STEC. Using 275, 365, or 405 nm illumination with combinations of cameras detected biofilm formation visually. Color data image analysis comparing sterile broth and different types of biofilm yielded accuracies of 91% on SS and 89% on PVC coupons. The UVC light significantly reduced these pathogens in single- and dual-species biofilms from surface coupons.",Escherichia coli,uv,,
41678357,10.1177/08853282261420579,,no_pmc,2026,Journal of biomaterials applications,Ultraviolet light-functionalized TiO<sub>2</sub> nanotubes for enhancing antibacterial properties and soft tissue integration of titanium implants.,"Peri-implantitis, a leading cause of dental implant failure, is primarily attributed to suboptimal soft tissue sealing at the implant-tissue interface, which facilitates bacterial colonization and subsequent inflammatory responses. Surface modifications on titanium can expedite good soft tissue sealing and antibacterial action. We engineer titanium surfaces with ultraviolet light-functionalized titanium dioxide nanotubes (UV-TNTs) to achieve good soft tissue sealing and antibacterial effect. Surface properties were characterized via scanning electron microscopy (SEM), surface roughness analysis, wettability assessment and methylene blue (MB) degradation. Antibacterial performance was quantified using <i>Staphylococcus aureus</i> (<i>S. aureus</i>) and <i>Escherichia coli</i> (<i>E. coli</i>) viability assays. Soft tissue integration was evaluated through fibroblast proliferation assays and immunofluorescence staining of vinculin and collagen type I. The UV-TNTs demonstrated significantly enhanced antibacterial efficacy and promoted fibroblast proliferation, adhesion and collagen deposition to improve soft tissue sealing. This surface modification strategy offers a promising approach for enhancing implant biocompatibility and long-term stability, offering useful references for advanced implant design and fabrication.",Escherichia coli,uv,,
41673880,10.1186/s12934-026-02928-9,PMC12930810,oa,2026,Microbial cell factories,"Antibacterial potential, DNA binding and molecular docking investigations of newly green synthesized zinc oxide/chitosan/vancomycin nanocomposite using Bacillus licheniformis ATCC 4527 against some drug-resistant bacteria.","BACKGROUND: The increasing crisis of multidrug-resistant (MDR) bacteria requires the creation of new, highly effective, and safe antibacterial agents. This study introduces a simple and cost-effective green synthesis method for a novel zinc oxide/chitosan/vancomycin (ZnO/CS/VA) nanocomposite to improve antibacterial activity against priority MDR strains. Zinc oxide nanoparticles (ZnO NPs) were biosynthesized using Bacillus licheniformis ATCC 4527 and then combined with vancomycin (VA) and chitosan (CS) in an environmentally friendly process. Transmission electron microscopy (TEM), Fourier transform infrared spectroscopy (FTIR), X-ray diffraction (XRD), ultraviolet-visible spectroscopy (UV-Vis), and zeta potential studies were conducted to validate and characterize the production of ZnO/CS/VA. The antibacterial activity of the nanoparticles was tested against several multidrug-resistant (MDR) strains, including Bacillus cereus HES3, methicillin-resistant S. aureus (MRSA), Escherichia coli D8, Pseudomonas aeruginosa, and Klebsiella pneumoniae H4. Further assessment included molecular docking interactions with E. coli (PDB: 3T88) and MRSA (PDB: 4DKI) targets, CT-DNA binding, and cytotoxicity testing on the Vero cell line. Characterization confirmed the successful formation of the nanocomposite, revealing ZnO nanoparticles ranging from 33.24 to 69.11 nm and high stability (zeta potential: -17.78 mV). The ZnO/CS/VA nanocomposite exhibited superior dose-dependent antibacterial activity compared to ZnO nanoparticles or VA alone against all tested MDR strains, including MRSA and E. coli D8. Molecular docking demonstrated strong binding, with scores ranging from -0.7 to -10.85 kcal/mol. The nanocomposite exhibited a hypochromism when interacting with CT-DNA, suggesting intercalation. Importantly, the CC50 values of ZnO NPs and ZnO/CS/VA against Vero cells were 146.62±1.03 and 162.86±1.07 μg/mL, respectively, indicating their high level of safety. CONCLUSIONS: The green-synthesized ZnO/CS/VA nanocomposite is a promising alternative candidate for treating various MDR bacterial infections. It offers utility in biomedical and pharmaceutical applications due to its high efficacy and low cytotoxicity.",Escherichia coli,uv,,
41653951,10.1016/j.envres.2026.123971,,no_pmc,2026,Environmental research,Evaluation and modeling of environmental stressors affecting enteric microbial survival in soil: Implications for wastewater reuse and risk management.,"The agricultural reuse of wastewater is a crucial solution to water scarcity, especially in arid and semi-arid regions. However, microbial contamination poses significant health risks, necessitating a better understanding of pathogen survival in natural environmental conditions. This study aimed to investigate the survival dynamics of key enteric bacteria, Escherichia coli, Salmonella enterica, Enterococcus faecium, alongside viral particles, including human adenovirus (HAdV) and a double-stranded DNA somatic coliphage, in soil under real-world semi-arid conditions across two distinct seasons. The study further examined the influence of critical environmental variables, including temperature, relative humidity, and ultraviolet (UV) radiation intensity, on microbial survival. Die-off rate constants (k) were calculated to quantify microbial inactivation, and predictive models were developed using adaptive neuro-fuzzy inference system (ANFIS). E. coli and S. enterica exhibited the fastest die-off rates, while E. faecium demonstrated persistence comparable to viral indicators. Coliphage showed the highest T90 value, closely resembling that of HAdV, supporting its use as a reliable surrogate for adenovirus. UV radiation, elevated temperature, and low humidity significantly accelerating microbial die-off. ANFIS models demonstrated high predictive accuracy in estimating die-off rates based on environmental variables. These findings highlight the importance of semi-arid climatic conditions in rapid die-off rate of microorganisms in soil. However, the prolonged survival of microorganisms during the winter warrants greater attention to mitigate potential public health risks associated with the agricultural reuse of wastewater. Overall, the results emphasize the importance of environmental context in ensuring the safe agricultural reuse of wastewater and in refining microbial risk assessment frameworks.",Escherichia coli,uv,,
41652097,10.1038/s41598-026-39138-7,PMC12936206,oa,2026,Scientific reports,Hydrothermal synthesis of ZnO nanoparticles from recycled ZnO obtained from electric Arc furnace dust: morphology control and applications.,"This study presents a sustainable, value-added approach to synthesizing high-quality zinc oxide nanoparticles (ZnO NPs) by utilizing ZnO recovered from industrial electric arc furnace dust (EAFD) waste. The integrated two-stage process involved selective acid leaching for precursor purification, followed by hydrothermal synthesis for morphology control. Optimized leaching using 2 M H<sub>2</sub>SO<sub>4</sub> achieved a high zinc recovery rate of over 90% while effectively minimizing lead contamination. Subsequently, key hydrothermal parameters-including pH (7-12), temperature 100-200 °C, reaction time (1-24 h), and NaOH concentration (0.5-6 M)-were systematically varied. This optimization successfully produced ZnO NPs with diverse, tunable morphologies, including nanorods, nanoplates, and nanogranules. XRD confirmed the high crystallinity and phase purity (wurtzite structure), and UV-Visible spectroscopy showed a strong UV absorption with a calculated band gap of 3.34 eV. The antibacterial activity revealed that the nanoplate morphology produced a larger inhibition zone than the nanorod against both Staphylococcus aureus and Escherichia coli. These findings demonstrate the viability of upcycling industrial waste into high-performance, morphology-controlled nanomaterials, paving the way for sustainable and environmentally friendly production.",Escherichia coli,uv,,
41645165,10.1186/s12906-026-05281-x,PMC12964791,oa,2026,BMC complementary medicine and therapies,Zingiber officinale-mediated zinc oxide nanoparticles: antimicrobial activity against multidrug-resistant bacteria.,"BACKGROUND: The fight against infectious diseases has transformed over the past century with the emergence of multidrug-resistant bacteria, where pathogens that exhibit resistance to multiple antibiotic classes leading to significant challenges to modern medicine. Zingiber officinale is well-documented to exhibit diverse biological activities, including strong antioxidant, antimicrobial, and anti-neuroinflammatory effects. Zinc oxide nanoparticles can be synthesized cost-effectively and are widely utilized in biomedical applications, including their use as anticancer agents and drug-delivery systems, as well as for their intrinsic antibacterial and anti-inflammatory properties. In this study, we aimed to take a combinatorial approach to investigate the antimicrobial effects of Z. officinale zinc oxide nanoparticles (ZnO NPs) against pathogenic bacteria with varying drug resistance profiles. METHODS: Bioactive molecules of Z. officinale confirmed via Gas Chromatography-Mass Spectroscopy analysis. Characterization of ZnO NPs was performed by Ultraviolet-visible (UV-Vis) spectrophotometry, Zetasizer analyser, Fourier-transform infrared spectroscopy (FTIR), X-ray diffraction crystallography (XRD), and Scanning Electron Microscopy (SEM). Furthermore, the antimicrobial activities of zinc oxide nanoparticles, Z. officinale extract, and Z. officinale–mediated ZnO NPs were evaluated against pathogenic microorganisms, including Bacillus cereus ATCC 7064, methicillin-resistant Staphylococcus aureus (MRSA), Enterococcus faecalis ATCC 29212, Listeria monocytogenes Scott A ATCC 49594, Uropathogenic Escherichia coli UTI89, Pseudomonas aeruginosa ATCC 27853, and carbapenem-resistant Klebsiella pneumoniae strains CRKP-239, CRKP-682, and CRKP-692. RESULTS: The zeta sizer analysis showed that the Z. officinale-ZnO NPs had an average size of 89.09 nm, while the unloaded ZnO NPs measured 67.86 nm, confirming that both formulations were within the nanoscale range. ZnO NPs exhibited a well-defined zone of inhibition and low MIC values between 3.25 and 50 µg/ml. Biogenic ZnO NPs (42.42 ± 43.95 at 12.5 ± 100 µg/ml respectively) and Z. officinale extract (32.75 ± 40.22 at 12.5 ± 100 µg/ml respectively) revealed antioxidant potential. CONCLUSION: Thus, our results demonstrate that Z. officinale ZnO NPs demonstrate antimicrobial activity against a wide range of gram-positive and gram-negative multidrug-resistant pathogenic bacteria and can be further researched to target multidrug-resistant bacterial infections.",Escherichia coli,uv,,
41632252,10.1021/acs.jafc.5c14127,,no_pmc,2026,Journal of agricultural and food chemistry,"Comparison of Recombinant <i>Ctenopharyngodon idella</i> Allergen Parvalbumin, Produced in <i>Pichia pastoris</i> and <i>Escherichia coli</i>: From Structure to Functional Properties.","Parvalbumin (PV) is the major allergen in grass carp (<i>Ctenopharyngodon idellus</i>). Recombinant parvalbumins in <i>Escherichia coli</i> (<i>Ec</i>PV) and <i>Pichia pastoris</i> (<i>Pp</i>PV) were successfully expressed, with respective molecular weights of 14 kDa and 16 kDa. Mass spectrometry confirmed the identity of the proteins, while ultraviolet spectroscopy, circular dichroism spectroscopy, and fluorescence spectroscopy were used for structural validation. Physicochemical properties were further evaluated through digestibility assays, sIgE inhibition ELISA, Western blotting, and RBL-2H3 cell degranulation experiments. The results indicated that the recombinant proteins exhibited a high degree of amino acid sequence similarity with the natural protein (<i>Na</i>PV) and shared core immunodominant epitopes, while demonstrating higher IgE-binding efficiency compared to the natural protein. In contrast to <i>Ec</i>PV, <i>Pp</i>PV showed greater resistance to pepsin digestion, displayed differences in secondary structure, and exhibited altered conformational epitopes. Therefore, the degranulation efficiency of RBL-2H3 cells induced by <i>Pp</i>PV was lower than that induced by <i>Ec</i>PV and <i>Na</i>PV.",Escherichia coli,uv,,
41565881,10.1038/s41598-026-36328-1,PMC12894727,oa,2026,Scientific reports,Induced tolerance to UV stress drives survival heterogeneity in isogenic E. coli cell populations.,"The emergence of transiently tolerant bacterial subpopulations challenges our understanding of stress tolerance mechanisms. While much is known about antibiotic tolerance, it remains unclear whether similar mechanisms contribute to survival under ultraviolet (UV) stress. Here, we employed a modified Luria–Delbrück fluctuation test to investigate the presence of pre-existing UV-tolerant subpopulations in Escherichia coli. Our results showed no significant evidence of pre-stress UV tolerance. Instead, the data suggest that survival is primarily driven by inducible DNA repair responses activated after UV exposure. Furthermore, sequential low-dose UV exposures yielded higher-than-expected survival, suggesting that transient tolerance can be induced following initial UV exposure, likely through active DNA repair processes. These findings suggest that E. coli survival under UV stress is more consistent with an induced, rather than pre-existing, mechanism of tolerance.",Escherichia coli,uv,,
41546196,10.1002/ps.70543,,no_pmc,2026,Pest management science,Bd6-4 photolyase facilitates Bactrocera dorsalis (Hendel) adaptation to high UV-B environments.,"Bactrocera dorsalis (Hendel) is a highly destructive agricultural pest in tropical and subtropical regions. Infested areas are typically exposed to intense ultraviolet (UV) light, which can cause serious damage to insects. Extensive research has demonstrated that 6-4 photolyase (6-4phr) repairs UV-induced damage in various organisms. In this study, we found that UV-B stress significantly reduced the hatching, emergence, and adult survival rates of B. dorsalis. Reverse transcription quantitative polymerase chain reaction (RT-qPCR) analysis showed that B. dorsalis 6-4 photolyase (Bd6-4phr) exhibited a distinct expression profile: it was most abundant in reproductive tissues, particularly the ovaries; it was notably up-regulated during key developmental stages; and it increased substantially after short-term UV-B stress. CRISPR/Cas9-generated Bd6-4phr<sup>-/-</sup> mutants showed markedly reduced hatching, emergence, and adult survival rates, which demonstrated significantly greater sensitivity to UV-B stress than wild-type (WT) individuals. After identical UV-B exposure, Bd6-4phr<sup>-/-</sup> mutants also exhibited higher whole-body accumulation of 6-4 pyrimidine-pyrimidone photoproducts (6-4PPs). Furthermore, recombinant Bd6-4phr protein reduced the concentration of 6-4PPs in vitro, indicating its role in 6-4PPs elimination in vivo. Lastly, expression of Bd6-4phr in Escherichia coli enhanced its UV tolerance and photoreactivation capacity, corroborating this enzyme's functional activity. In summary, Bd6-4phr enhances the environmental adaptability of B. dorsalis by mediating UV-induced DNA damage repair. Specifically, Bd6-4phr contributes significantly to B. dorsalis' adaptation to high-UV environments, which represents a molecular mechanism underlying this pest's exceptional environmental adaptability. Our work reveals new insights into explaining the powerful environmental adaptability of B. dorsalis. © 2026 Society of Chemical Industry.",Escherichia coli,uv,,
41545779,10.1038/s41551-025-01600-8,,no_pmc,2026,Nature biomedical engineering,Chemically modified and inactivated bacteria enable intra-biofilm drug delivery and long-term immunity against implant infections.,"Bacterial biofilms, prevalent in human infections, present a major barrier to effective antibacterial therapy due to limited drug permeability and resistance. Here we introduce a 'trick-bacteria-with-bacteria' strategy that employs bacteria modified via calcium chloride treatment and antibiotic loading, followed by ultraviolet inactivation. These modified bacteria integrate selectively into biofilms of the same species, enabling targeted intra-biofilm drug release triggered by local pH and hydrogen peroxide. Species-specific integration is essential, as mismatched strains exhibit spatial segregation due to differences in surface adhesins and protein profiles. The strategy is effective against polymicrobial biofilms and demonstrated efficacy in treating biofilms formed by Staphylococcus aureus, Escherichia coli and Candida albicans. It also reinvigorates biofilm-associated macrophages by inducing the release of biofilm-derived l-arginine, enhancing immune responses. In vivo studies using subcutaneous and bone implant infection models showed stronger biofilm eradication and longer-term immunity in animals treated with modified bacteria compared with those treated with antibiotics, including resistance to re-infection. This approach could be adapted to modify infection-related bacteria from patients for personalized intra-biofilm drug delivery.",Escherichia coli,uv,,
41520611,10.1016/j.jphotobiol.2026.113362,,no_pmc,2026,"Journal of photochemistry and photobiology. B, Biology",Disinfection mechanisms of gram-negative and gram-positive bacteria through multi-target damage under UV-C light at 222 and 254 nm.,"Ultraviolet-C (UV-C) irradiation is a promising approach for inactivating viruses and microorganisms. Germicidal mercury lamps emitting at 254 nm and krypton chloride (KrCl) excimer lamps emitting at 222 nm both possess sterilization properties, but the KrCl lamp is considered less harmful to humans. UV-C at 222 and 254 nm induces cyclobutene pyrimidine dimers (CPDs) in Escherichia coli (E. coli). Although E. coli irradiated at 254 nm can undergo photoreactivation, cells exposed to 222 nm cannot, as CPDs are not effectively repaired. This study aimed to investigate the molecular mechanisms underlying bacterial inactivation by UV-C irradiation at 222 and 254 nm. We measured the absorbance of key bacterial components-peptidoglycan (PG), membrane proteins, phospholipids, and DNA-in Gram-negative and Gram-positive bacteria and confirmed the photodecomposition. At 222 nm, a substantial fraction of the light was absorbed by the membrane proteins, and the cleavage of peptide bonds resulted in structural damage and leakage of cellular contents, leading to cell death. In Gram-positive bacteria, which contain thick PG layers, part of the UV-C was absorbed by PG. Irradiation with 222-nm light of PG and proteins resulted in peptide bond cleavage, liberating amino acids. Degradation of the bacterial cell envelope increased the permeability and efflux of intracellular substances, leading to membrane rupture and, ultimately, bacterial cell death. These findings demonstrate that 222-nm irradiation exerts bactericidal effects through distinct mechanisms in Gram-negative and Gram-positive bacteria. SYNOPSIS: The Gram-negative E. coli strain NBRC 106373 and the Gram-positive S. aureus strain NBRC 12732 undergo DNA mutations when irradiated at 222 nm. Simultaneously, they are killed by the leakage of cellular content. This is because the strong light absorption of peptidoglycan and membrane proteins damages the cell structure.",Escherichia coli,uv,,
41500483,10.1016/j.jsb.2026.108288,,no_pmc,2026,Journal of structural biology,Structural basis for spectral red shift and UVA absorption in the microalgal water-soluble astaxanthin-binding protein AstaP-pink1.,"AstaPs are water-soluble, photooxidative stress-inducible astaxanthin (AXT)-binding proteins found only in Scenedesmaceae microalgae, where they play a central role in survival under severe photooxidative stress. Here, we focused on the unique function of AstaP-pink1, which converts orange AXT into a pink form and generates a UVA absorption spectrum upon protein binding. AstaP-pink1 was expressed in genetically engineered Escherichia coli strains capable of synthesizing AXT. The host strain harboring pAC-Asta produced adonixanthin, AXT, and zeaxanthin in an approximate ratio of 5:3:2, whereas the strain carrying pMF573 predominantly produced AXT (∼90 % of total carotenoid). Co-expression of the gene encoding AstaP-pink1 in these strains resulted in moderate and selective AXT binding, accompanied by a spectral red shift and UVA absorption, thereby generating pink coloration. Crystal structure analysis of AXT-bound recombinant AstaP-pink1 (rAstaP-pink1) revealed both similarities and differences in AXT binding compared with rAstaP-orange1. Density functional theory (DFT) calculations based on the crystal structure suggested that the larger red shift than that of AstaP-orange1 and the distinct UVA absorption are derived from the conformation of AXT that is compelled by binding to AstaP-pink1. This study suggests that AXT binding by AstaP-pink1 not only facilitates the water solubilization of AXT but also generates the observed spectral properties.",Escherichia coli,uv,,
41490292,10.1080/09553002.2025.2599222,,no_pmc,2026,International journal of radiation biology,Concomitant production of exopolysaccharides and carotenoids by the UVC-resistant bacterium <i>Kocuria rosea</i> CV6.,"The current work investigates the potential of exopolysaccharides (EPSs) and carotenoids produced from radioresistant bacteria as radioprotective agents. Twenty strains, isolated from gamma-irradiated roots of <i>Cistanche violacea</i> from Chott El-Djerid (Tunisia), were screened for EPSs and carotenoids production. The most EPS and carotenoids-producing bacterium was selected. The assessment of the impact of UVC-radiation dose effects on the synthesis of EPSs and carotenoids was investigated by response surface methodology (RSM). Both EPS and Carotenoids, from the strain CV6, were characterized by UV-Vis and Fourier transform infrared. The radioprotective potential of EPS and carotenoids on the survival of <i>K. rosea</i> CV6 following UVC dose was evaluated using the 3-[4,5-dimethylthiazol-2-yl]-2,5 diphenyl tetrazolium bromide assay. Finally, in silico analyses of CV6's genome were assessed to identify the mechanisms involved in UVC protection. It was demonstrated that UVC irradiation of <i>Kocuria rosea</i> CV6 generated high amounts of EPSs and a carotenoid-producing strain. The assessment of the impact of radiation dose effects on the synthesis of EPSs and carotenoids by RSM shows that strain CV6 exhibited particular resistance to UVC radiation. The characterization of EPSs revealed the presence of six particular functional groups using Fourier transform infrared spectra. Pigments produced by CV6 were classified as carotenoids based on their spectroscopic characteristics. Also, the 3-(4, 5-dimethylthiazol-2-yl)-2, 5-diphenyltetrazolium bromide survival assay demonstrated a positive correlation between the concentrations of EPSs and carotenoids and viability of the UV-sensitive strain, <i>Escherichia coli DH5α</i>, following exposure to UVC radiation. In addition, the whole-genome analysis of the CV6 strain identified seven biosynthetic gene clusters encoding secondary metabolites, including those involved in the synthesis of EPSs and carotenoids. The present investigation demonstrated that EPSs and carotenoids, extracted from <i>K. rosea CV6</i>, are promising bioactive components that could be used in the protection against UVC radiation.",Escherichia coli,uv,,
41488318,10.3389/fmicb.2025.1698580,PMC12756424,oa,2025,Frontiers in microbiology,Cultivation to consumption: strengthening bacterial safety in plant-based nutraceuticals.,"Plant-based nutraceuticals are increasingly recognized for their bioactive compounds that promote health and assist in preventing chronic diseases. However, the rising demand has raised concerns about microbial safety, as contamination can occur at multiple stages of the production process-ranging from cultivation and harvesting to processing, storage, and distribution. Pathogens such as <i>Escherichia coli, Salmonella, Listeria monocytogenes</i>, and toxin-producing fungi pose risks to product quality, threaten consumer health, and contribute to antimicrobial resistance. This review provides a comprehensive overview of the sources and types of microbial contamination, associated health risks, and the shortcomings of conventional control methods. It highlights recent advancements in safety techniques, including cold plasma, ultraviolet light treatment, high hydrostatic pressure, nanocoatings, probiotic biocontrol, and AI-driven microbial monitoring. Additionally, the analysis addresses the role of regulatory frameworks, quality assurance practices, and consumer education as integral elements of a unified safety approach. It integrates technological progress, regulatory perspectives, and consumer behavior to offer a detailed guide for ensuring the microbial safety of plant-derived nutraceuticals, thereby fostering confidence in these products from production through to consumption.",Escherichia coli,uv,,
41487214,10.1021/acsomega.5c08930,PMC12756813,oa,2025,ACS omega,Synthesis and Characterization of Luminescent and Antibacterial Europium-Titanate nanotubes.,"Antibacterial resistance poses a growing threat to public health by reducing the effectiveness of conventional antibiotics. Nanohybrid materials, such as titanate nanotubes (TiNts), represent a promising alternative owing to their low cost, chemical stability, and biocompatibility. In this study, we functionalized TiNts with europium ions (Eu<sup>3+</sup>) to enhance both optical properties and antibacterial activity. The incorporation of Eu<sup>3+</sup> extended the material's absorption from the ultraviolet into the visible region. Two luminescent hybrids were obtained: (i) TiNts/Eu, prepared by Eu<sup>3+</sup> adsorption onto nanotubes, synthesized via an alkaline hydrothermal treatment, and (ii) TiNts-[Eu-(tta)<sub>3</sub>phen], produced through coordination of Eu<sup>3+</sup> ions with the TiNts and the organic ligands thenoyltrifluoroacetone (tta) and 1,10-phenanthroline (phen). TiNts/Eu displayed the characteristic red emission of Eu<sup>3+</sup>, arising from the <sup>5</sup>D<sub>0</sub> → <sup>7</sup>F <sub><i>J</i></sub> (<i>J</i> = 0-4) transitions, confirming efficient energy transfer from both the inorganic host and organic ligands. The introduction of tta and phen further improved the material's light absorption in the UV region (200-400 nm). Antibacterial assays revealed inhibition zones of 5 and 11 mm against <i>Staphylococcus aureus</i> and <i>Escherichia coli</i>, respectively, for TiNts/Eu. In contrast, the fully coordinated hybrid TiNts-[Eu-(tta)<sub>3</sub>phen] exhibited enhanced antibacterial activity, with inhibition zones of 14 mm. These findings highlight Eu<sup>3+</sup> functionalized titanate nanohybrids as highly potent antimicrobial agents and versatile luminescent materials for biomedical applications.",Escherichia coli,uv,,
41471841,10.3390/molecules30244820,PMC12735727,oa,2025,"Molecules (Basel, Switzerland)",Trimetallic Nanocomposites Grafted on Modified PET Substrate Revealing Antibacterial Effect Against <i>Escherichia coli</i>.,"The microbial resistance era prompts researchers to find new effective antimicrobial agents. Trimetallic nanocomposites consisting of AuAg nanostructures and iron oxide nanoparticles can represent an efficient tool to inhibit bacterial growth as demonstrated here. The trimetallic nanocomposites, prepared by green chemistry approach, are grafted on a modified, plasma-treated, flexible polyethylene terephthalate (PET) substrate. Spectroscopic and microscopic characterization of the trimetallic nanocomposites grafted on modified PET together with antibacterial tests confirm the successful applicability of the newly developed material: a statistically significant antibacterial effect against <i>E. coli</i> is proven. This effect is further pronounced by a short time (5 min) UVA light (365 nm) irradiation. The present work thus reports on the feasible preparation of the brand-new material that is successfully used in <i>E. coli</i> colony growth regulations. The impact of small noble metal nanostructures containing Ag and UVA light-activated iron oxide particles on the bacterium can be combined and results in the improved antibacterial performance of the final material. Employing such material may represent a potential strategy for fighting against the development of bacteria resistance.",Escherichia coli,uv,,
41465335,10.3390/ijms262411911,PMC12733307,oa,2025,International journal of molecular sciences,Whole-Genome Sequencing and Functional Characterization of a Novel <i>Kuravirus</i> Bacteriophage with Antibiofilm Activity Against Multidrug-Resistant Avian Pathogenic <i>Escherichia coli</i>.,"Avian pathogenic <i>Escherichia coli</i> (APEC) infections cause substantial economic losses in the poultry industry, primarily due to high mortality rates, reduced productivity, and increased treatment costs. With the emergence of antibiotic-resistant APEC strains, including multidrug-resistant (MDR) variants, alternative therapeutic strategies have gained increasing attention. This study reports the isolation and characterization of an <i>Escherichia</i> phage, vB_EcoG_APECPW12 (phage vAPECPW12), which specifically targets MDR APEC. Both antibacterial and antibiofilm activities of the phage were evaluated. Phage vAPECPW12 produced small plaques with halos and exhibited strong lytic activity against MDR APEC. Whole-genome sequencing revealed a genome size of 77,812 base pairs with 123 open reading frames. No tRNA, antibiotic-resistant, or lysogenic genes were identified. Phylogenetic analysis and genome comparison suggest that phage vAPECPW12 is a novel member of the genus <i>Kuravirus</i> within the <i>Gordonclarkvirinae</i> family. It also demonstrated good stability across a range of temperatures and pH levels and remained viable after exposure to UV radiation. Phage vAPECPW12 showed a high adsorption rate, a short latent period of 10 min, and a burst size of 258 plaque-forming units per cell. A depolymerase domain was identified in the genome, prompting investigation of its antibiofilm efficacy. Results showed that vAPECPW12 significantly inhibited biofilm formation and removed preformed biofilms, indicating its potential as an alternative antimicrobial agent for controlling MDR APEC and their biofilms in poultry farming.",Escherichia coli,uv,,
41421328,10.1016/j.watres.2025.125199,,no_pmc,2026,Water research,Development and evaluation of a physico-biochemical model for Escherichia coli in bathing waters.,"The risk of infection by enteric pathogens in bathing waters is generally monitored by using fecal indicator bacteria (FIB). Mechanistic models are efficient tools to predict FIB concentrations in bathing waters, both in near-future forecasting and in long-term climate change projections. However, most existing mechanistic FIB models are limited by the availability of observations for validation and incorporation of all relevant physical, biological, and chemical (physico-biochemical) processes. Therefore, the quantitative influence of different physio-biochemical processes and impact factors is missing. To enhance the understanding of FIB fate in different aquatic systems, we developed a comprehensive yet generically applicable physico-biochemical model, focused on Escherichia coli (E. coli). It includes a die-off module and a sediment interaction module. Separate validation of the two sub-modules demonstrated the reliability of our modeling approach. The die-off module shows a higher R<sup>2</sup> value (0.88) and lower RMSE value (1.1 day<sup>-1</sup>) than the existing models (0.48-0.79, and 1.8-7.2 day <sup>-1</sup>). This demonstrated an improvement by adding Ultraviolet-A and Ultraviolet-B (UVB) inactivation and UV spectrum extinction due to colored dissolved organic matter (CDOM) absorption. According to our sediment module validation, considering the impact of sediment composition on E. coli attachment can improve the allocation of E. coli between waters and sediments. Sensitivity analysis showed that 1) photo-inactivation is important in low CDOM waters, but not in high CDOM waters, where the UV penetration is limited; 2) the impact of sediment interaction can extend the duration of a peak event in high turbid waters. This work demonstrated the dominant impact factors in different aquatic systems for E. coli prediction. The new generic model enables better simulation of bathing water quality across different types of aquatic environments, which can be a useful tool to inform management at bathing sites. Future applications can choose processes selectively from the new FIB physico-biochemical model and couple it with appropriate hydrological/hydrodynamic models to address specific environmental conditions and research purposes.",Escherichia coli,uv,,
41417388,10.1590/0001-3765202520250385,,no_pmc,2025,Anais da Academia Brasileira de Ciencias,"Antimicrobial activity and resistance to UV-light by pigmented soil bacteria from Whalers Bay, Deception Island, Maritime Antarctica.","Microorganisms from the Antarctic continent have attracted attention due to their ability to produce bioactive secondary metabolites at low temperatures. The search for pigmented compounds produced by microbial strains from cold environments has been investigated due to their applications in the cosmetics and pharmaceutical industries. This study evaluated the resistance to UV-C (254 nm) light and antimicrobial activity of pigments produced by soil bacteria from Deception Island, Antarctica. Ten pigmented bacteria were isolated and subjected to an assay for resistance to ultraviolet (UV) radiation. All strains showed resistance. However, six, five, and five strains were able to survive after 10, 15, and 30 minutes of light exposure. UV-resistant strains UVBACD.10 and Brachybacterium paraconglomeratum UVBACD.5 were selected for the minimum inhibitory concentration (MIC) assay against pathogenic bacteria. UVBACD.5 showed inhibitory effects on the pathogenic bacteria tested at different concentration levels, assayed in triplicate. The best antimicrobial activity reached a MIC of 0.021 mg mL-1 against Escherichia coli. Soil from Whalers Bay can be considered a source of microorganisms of industrial biotechnological interest. The results of this work encourage studies on the characterization and purification of secondary metabolites produced by isolates from the Antarctic continent for future applications in the pharmaceutical and cosmetic areas.",Escherichia coli,uv,,
41400305,10.1021/acs.langmuir.5c05108,,no_pmc,2025,Langmuir : the ACS journal of surfaces and colloids,Engineering Reactive Oxygen Species-Responsive Supramolecular Gels with Inherent Antibacterial Activity for Combating Bacterial Infections.,"Bacterial infections, particularly those caused by antibiotic-resistant strains, present a serious threat to global public health, highlighting the critical need to develop novel antibacterial agents capable of overcoming multidrug resistance. Supramolecular gels with intrinsic antibacterial activity represent a promising strategy. In this study, we designed and synthesized reactive oxygen species (ROS)-responsive low molecular weight gelators (LMWGs) using a bottom-up approach based on self-antibacterial synthons and ROS-cleavable thioketal. The structure of the gelators was characterized by <sup>1</sup>H NMR spectroscopy and high-resolution mass spectrometry (HRMS). Their gelation behavior was systematically investigated, and the critical gelation concentration (CGC) was determined. The self-assembly mechanism of the LMWGs was elucidated through <sup>1</sup>H NMR, Fourier transform infrared (FT-IR) spectroscopy, ultraviolet-visible (UV-Vis) spectroscopy, and fluorescence spectroscopy (FS). The ROS-triggered degradation and drug release profiles were also evaluated. Biocompatibility was assessed via CCK-8 assays using L929 and 293T cell lines. The antibacterial efficacy of the blank and ciprofloxacin hydrochloride (CIP·HCl)-loaded supramolecular gels was evaluated against <i>Staphylococcus aureus</i> (<i>S. aureus</i>) and <i><i>Escherichia coli</i></i> (<i><i>E. coli</i></i>) through bacterial adhesion assays and plate colony counting methods. The blank supramolecular gel demonstrated strong antibacterial and bactericidal activity against both strains, with efficacy comparable to that of CIP·HCl. The antibacterial application of the blank supramolecular gel was further supported by results from the inhibition zone assay. Notably, due to its membrane-disruptive mechanism, the blank gel also exhibited significant efficacy against methicillin-resistant <i>Staphylococcus aureus</i> (<i>MRSA</i>). This work establishes that the rational design of LMWGs for targeted membrane disruption constitutes a viable strategy to develop novel platforms of self-antibacterial supramolecular gels against drug-resistant bacteria.",Escherichia coli,uv,,
41393065,10.1155/ijfo/4704322,PMC12696034,oa,2025,International journal of food science,"Modeling of <i>Escherichia coli</i> and <i>Listeria monocytogenes</i> Inactivation in Human Milk With a Batch UV-C System: Effect of Agitation, Temperature, and Solids Content.","This study was aimed at evaluating the influence of agitation intensity, initial temperature, and total solids content of milk on the inactivation of <i>Escherichia coli</i> and <i>Listeria monocytogenes</i> by UV-C radiation, with emphasis on a UV-C system in batches for human milk. The kinetic parameters of the inactivation of bacteria were estimated by GInaFiT and modeled to obtain a first-order model. Results showed that the initial temperature of the milk influencing only the <i>E. coli</i> inactivation and 4D reductions were achieved with UV-C dose between 42.7 and 54 J/L for <i>E. coli</i> and 29.2 and 48.6 J/L for <i>L. monocytogenes</i>, all under agitation conditions above 550 rpm. The UV-C dose to the first decimal reduction (<i>δ</i>) for both bacteria was approximately fourfold greater at 220 rpm than at 880 rpm. There is a statistically significant interaction between the effects of agitation intensity and total solids content for the prediction models of the <i>p</i> parameter of both bacteria. The intensity of agitation overcame the short penetration depth of UV radiation by exposing bacteria to irradiated areas more frequently in the inactivation of pathogenic bacteria in milk, and this batch UV-C system demonstrated potential for use in human milk processing.",Escherichia coli,uv,,
41386840,10.1016/j.jgeb.2025.100575,PMC12481060,oa,2025,"Journal, genetic engineering & biotechnology","Biosynthesis, characterization, antibacterial, antibiofilm, and antioxidant activities of sodium nanoparticles from Escherichia coli metabolites.","This study emphasizes the need for strategies to tackle multi-drug resistant pathogens by investigating the antibacterial, antibiofilm, and antioxidant properties of sodium nanoparticles (NaNPs) derived from metabolites of Escherichia coli. The configuration of the NaNPs was examined through X-ray diffraction (XRD), Transmission electron microscopy (TEM), Fourier transform infrared spectroscopy (FTIR), Photoluminescence (PL), and Ultraviolet-visible spectroscopy (UV-Vis). XRD and TEM analyses revealed that NaNPs possess a grain size around 125 nm, exhibiting a crystallinity of 63.45 % and a rod-shaped morphology. The UV-Vis revealed considerable absorbance at 280 nm, leading to an optical bandgap of 4.125 eV. To evaluate antibacterial and antibiofilm characteristics, clinical bacteria including Streptococcus pneumonia, Enterococcus faecium, Klebsiella pneumonia, and Salmonella Typhimurium were identified and examined for multidrug resistance using antibiogram testing. The antibacterial activity was assessed through agar well diffusion, minimum inhibitory and bactericidal concentrations (MIC and MBC) tests, and a time-kill assay. The antibiofilm effect was assessed by preventing biofilm formation and removing established biofilm assays. The antioxidant potential was assessed through the 2,2-diphenyl-1-picrylhydrazyl (DPPH) radical scavenging assay. Antibacterial results demonstrated a bactericidal effect on Enterococcus faecium and Salmonella Typhimurium (MBCs 0.0625 and 0.125 mg/mL, respectively). Inhibition zones ranged from 7.3 to 10.5 mm. NaNPs inhibited bacterial growth following 5 h of incubation. Antibiofilm results revealed an inhibitory effect on biofilm development (with an inhibition percentage of 62 %) and a minimal impact on biofilm elimination (showing a destruction percentage of 21 %). Antioxidant results showed a significant scavenging effect, with the percentage of radical scavenging reaching 23 %. The results suggest positive effects of the NaNPs in biomedical applications.",Escherichia coli,uv,,
41384984,10.1007/s00284-025-04461-1,,no_pmc,2025,Current microbiology,Synergistic Nano-antimicrobial Platform: ZIF-8/Ganoderic Acid A Composite with Dual Bactericidal Mechanisms for Infected Wound Healing.,"Nowadays, bacterial infections pose a threat to human health. Wound infections not only have an impact on individual health, but they also raise the cost of medical care and public health threats, and there is no specific approach for treating bacterial wound infections. Ganoderic Acid A (GA.A) is a naturally occurring triterpenoid with powerful anti-inflammatory and antioxidant activities. Zeolitic imidazolate framework-8 (ZIF-8) has intrinsic antimicrobial capabilities, which are primarily due to its constituents: antimicrobial imidazole chemical ligands and physiologically active Zn<sup>2+</sup>. In the current study, we synthesized the complex antibacterial agent ZIF-8@GA.A at room temperature, and the success of the synthesis was demonstrated by infrared spectroscopy, ultraviolet-visible spectroscopy, X-ray diffraction, scanning electron microscope, transmission electron microscope. In vitro experiments were performed to determine the bacterial viability of Escherichia coli (E. coli) using the co-culture method, and the complex antibacterial agent ZIF-8@GA.A showed significant growth inhibition against E. coli. In vivo experiment, the ZIF-8@GA.A modulates inflammatory responses through down-regulation of IL-1β expression while enhancing phagocytic activity by upregulating CD11b in macrophages and neutrophils, thereby facilitating bacterial clearance and cellular debris removal. Furthermore, it promotes vascular endothelial cell proliferation and migration via upregulation of CD31 gene expression, ultimately accelerating angiogenesis and tissue repair processes. This new complex antibacterial agent ZIF-8@GA.A has great potential in treating wound infections.",Escherichia coli,uv,,
41376884,10.1007/s13205-025-04627-5,,no_pmc,2026,3 Biotech,Molecular cloning and expression analysis of the ultraviolet-B (UV-B) photoreceptor UVR8 in the Antarctic ice Alga <i>Chlamydomonas</i> sp. ICE-L.,"The UV-B photoreceptor UVR8 plays a central role in plant responses to ultraviolet light, but its function in extremophilic algae remains poorly understood. In this study, we isolated and characterized a UVR8 homolog (<i>CiUVR8</i>) from the Antarctic ice alga <i>Chlamydomonas</i> sp. ICE-L. The full-length <i>CiUVR8</i> gene encodes a 406-amino-acid protein highly conserved with <i>Arabidopsis thaliana</i> UVR8, including the key tryptophan residues essential for UV-B perception. Bioinformatics and phylogenetic analyses confirmed its structural conservation and distinct evolutionary placement among polar algae. Quantitative real-time PCR revealed that <i>CiUVR8</i> expression is dynamically regulated in response to temperature (-20 °C to 15 °C), salinity (16‰ to 128‰), and varying intensities of UV-B radiation. Notably, <i>CiUVR8</i> expression generally decreased with increasing UV-B intensity, suggesting a potential photoprotective mechanism. The recombinant CiUVR8 protein was successfully expressed in <i>Escherichia coli</i> and purified, providing a foundation for subsequent functional validation. These results highlight CiUVR8 as a functional UV-B receptor involved in stress adaptation, offering insight into algal survival strategies in extreme polar environments. The online version contains supplementary material available at 10.1007/s13205-025-04627-5.",Escherichia coli,uv,,
41375864,10.3390/jcm14238561,PMC12693322,oa,2025,Journal of clinical medicine,UV-C Light-Based Decontamination of Transvaginal Ultrasound Transducer: An Effective and Fast Way for Patient Safety in Gynecology.,"<b>Background/Objectives</b>: Transvaginal ultrasound is one of the basic diagnostic methods used during gynecological examination. Lack of care during such an examination can lead to a risk of dangerous infection for both the patient and medical staff. Therefore, a crucial part of the preparation for the test is its proper disinfection. The aim of this study was to test the effectiveness of ultraviolet (UV-C) disinfection of ultrasound probes used in transvaginal examination for the prevention of infections in patients and healthcare personnel in ambulatory care settings. <b>Methods</b>: The eradication of microorganisms present (as a microbiota or etiological factors of infections) in the female reproductive tract was tested. They were the following: <i>Staphylococcus aureus</i>, <i>Staphylococcus haemolyticus</i>, <i>Streptococcus agalactiae</i>, <i>Klebsiella pneumoniae</i>, <i>Escherichia coli</i>, <i>Acinetobacter baumannii</i>, <i>Pseudomonas aeruginosa</i>, <i>Candida albicans</i>, and <i>Trichomonas vaginalis</i>. The study consisted of contaminating the ultrasound transducer with microbial strains of known density, then performing disinfection and assessing the number of surviving microbial cells. <b>Results:</b> Almost complete eradication of all tested pathogenic microorganisms was achieved, except <i>T. vaginalis</i>. But for this protozoa eradication of mobile forms reaches around 80%. <b>Conclusions:</b> Although the sample size in our study was limited and statistical significance was not reached, the substantial logarithmic reduction strongly indicates the effectiveness of this method.",Escherichia coli,uv,,
41352825,10.1016/j.foodres.2025.117922,,no_pmc,2026,"Food research international (Ottawa, Ont.)",Resveratrol mediated photodynamic inactivation using UVA light on foodborne pathogens.,"Non-thermal strategies for microbial inactivation are increasingly explored to overcome the drawbacks of conventional thermal processing. In this study, resveratrol, a natural polyphenol with well-documented antioxidant properties, was examined as a food-compatible photosensitizer to improve the antimicrobial efficacy of UVA-driven photodynamic inactivation (PDI). Three representative foodborne pathogens, Escherichia coli O157:H7, Salmonella Typhimurium, and Listeria monocytogenes, were used as target microorganisms. At a dose of 10 J/cm<sup>2</sup>, 365 nm UVA combined with 100 μM resveratrol achieved more than 5 log CFU/ml reductions of pathogens, which were significantly (P < 0.05) higher than either treatment alone. No comparable enhancement was observed at 385 or 405 nm, indicating wavelength-dependent photoactivation of resveratrol. This synergistic effect was more pronounced in L. monocytogenes than in E. coli O157:H7 and S. Typhimurium, likely due to its higher inherent resistance to UV exposure. Mechanistic analysis identified hydroxyl radical (•OH) and singlet oxygen (<sup>1</sup>O<sub>2</sub>) as the major ROS responsible for bacterial inactivation, whereas hydrogen peroxide (H<sub>2</sub>O<sub>2</sub>) and superoxide anion (O<sub>2</sub><sup>•-</sup>) played only minor roles. The combined treatment induced significant membrane damage, intracellular ROS accumulation, and lipid peroxidation, indicating that oxidative stress is the primary mechanism of microbial inactivation. In evaluating the potential in food applications using apple juice, resveratrol-mediated PDI achieved a microbial reduction of nearly 5 log CFU/ml without affecting essential quality attributes, including color, pH, and antioxidant activity. These results demonstrate the potential of resveratrol as a natural, effective, and non-toxic photosensitizer for liquid food applications.",Escherichia coli,uv,,
41352074,10.1016/j.ijfoodmicro.2025.111567,,no_pmc,2026,International journal of food microbiology,Decontamination of black peppercorns using UV-LED technology and its effect on cell viability.,"Ultraviolet light-emitting diodes (UV-LEDs) are being investigated for potential use in food disinfection due to their customisable wavelength and high energy efficiency. The objective of this study was to examine the impact of UV-LED treatments, for up to 30 min, at wavelengths of 280, 300, and 365 nm, as well as simultaneous irradiation with 280 and 300 nm, on the culturability of Escherichia coli, Bacillus cereus spores, and Salmonella enterica in black peppercorns. It resulted in a reduction of up to 1.65, 1.35 and 1 log colony-forming units per gram (CFU/g) for E. coli, S. enterica, and B. cereus spores, respectively. The viability of S. enterica was also evaluated in black pepper using a viability PCR method with DyeTox13. No significant differences were observed between active and inactive non-culturable states. This finding suggests that UV light did not cause substantial lethal damage to the bacteria, but instead rendered them non-culturable, potentially leading to an underestimation of the food safety risk. These findings are encouraging concerning the potential applications of UV-LEDs in the spice industry.",Escherichia coli,uv,,
41345835,10.1186/s12870-025-07842-7,PMC12781847,oa,2025,BMC plant biology,OoAREB1 from Oxytropis ochrocephala binds to the promoters of stress-responsive genes to enhance their expression and improve drought tolerance.,"Oxytropis ochrocephala, one of locoweeds, is widely distributed in arid regions of China. Previous studies have primarily focused on understanding its toxicity to livestock, with limited attention paid to its stress tolerant mechanism. The objective of this study is to elucidate the molecular basis of drought resistance in O. ochrocephala by deciphering the regulatory mechanisms of its internal signaling pathways under drought stress. In this study, we obtained 105 downstream genes for the O. ochrocephala transcription factor OoAREB1 by DNA affinity purification sequencing (DAP-seq). These genes were mostly involved in ABA response and drought adaptation. Yeast one-hybrid (Y1H) and dual-luciferase reporter assays further demonstrated that OoAREB1 directly binds to and activates the promoters of Ultraviolet-B receptor 8 (OoUVR8), Macro domain-containing protein (OoMacroD), Aspartic proteinase nepenthesin-1 (OoAP), HVA22-like protein (OoHVA22), U-box domain-containing protein 19 (OoPUB19) and Late embryogenesis abundant 3 (OoLEA3). Notably, since OoLEA3 is well recognized as a key stress-responsive gene, it was selected as the focus for subsequent functional characterization. Heterologous expression of OoLEA3 in Escherichia coli significantly enhanced the bacterium's tolerance to osmotic stress, while in vitro experiments further demonstrated that OoLEA3 exerts a protective effect against desiccation-induced inactivation of lactate dehydrogenase (LDH). In Arabidopsis, overexpression of OoLEA3 improved drought tolerance and ABA sensitivity. Our findings demonstrate that heterologous overexpression of OoLEA3 - a target gene of the O. ochrocephala transcription factor OoAREB1 - enhances drought resistance in Arabidopsis. This study provides a foundation for future research into the environmental acclimation mechanisms of locoweeds.",Escherichia coli,uv,,
41344768,10.1016/j.fm.2025.104976,,no_pmc,2026,Food microbiology,Efficacy of cold plasma and pulsed UV-light against Salmonella and E. coli O157:H7 on fresh basil leaves.,"This study evaluated the survival of Salmonella enterica and Escherichia coli O157:H7 on watercress (Nasturtium officinale R.Br), mint (Mentha spicata L.), and basil (Ocimum basilicum L.) during refrigerated storage. The efficacy of non-thermal technologies in inactivating these pathogens on basil leaves was investigated, using dielectric barrier discharge (DBD) cold plasma (15 min at 50, 500, and 1000 Hz), glow discharge plasma (15 min at gas flows of 10, 20, and 30 mL/min; and 20 or 30 min at gas flow 20 mL/min), and pulsed UV-light (PL) at doses of 758, 1,516, and 2280 mJ/cm<sup>2</sup> (all below FDA-maximum PL dose of 12 J/cm<sup>2</sup>). Morphological alterations in bacterial cells following DBD and PL treatments were examined using scanning electron microscopy. Basil showed significantly higher survival of S. enterica and E. coli O157:H7 during storage (p < 0.05). DBD 500 Hz treatment caused the higher reduction (∼2.30 log CFU/g) of both pathogens, compared to 50 and 1000 Hz. Glow discharge plasma was more effective at a gas flow rate of 20 mL/min compared to 10 and 30 mL/min after 15 min (p < 0.05) for either pathogen. Treatment with glow discharge plasma at 20 mL/min for 20 min achieved reductions of >5.0 log CFU/g for E. coli O157:H7 and 3.46 log CFU/g for S. enterica. The highest PL dose tested resulted in reductions of 3.60 and 3.10 log CFU/g for E. coli O157:H7 and S. enterica, respectively. These findings highlight the potential of glow discharge plasma, particularly for targeting E. coli O157:H7 on basil leaves.",Escherichia coli,uv,,
41317149,10.1021/acsabm.5c01884,,no_pmc,2025,ACS applied bio materials,"Synergistic Mechanisms Underlying Optical, Antimicrobial, Anticancer, and Antioxidant Activities of Multifunctional Bioactive ZnO/CuO/Clay Nanocomposites.","This study investigates the multifunctional potential of ZnO/CuO/Clay heterojunction nanocomposites (NCs) synthesized via the solution combustion method. Six NCs were prepared by varying ZnO/CuO ratios within two clay molar fractions (0.25 and 0.5 mol). Structural and compositional analyses (field emission scanning electron microscopy (FE-SEM), energy-dispersive X-ray spectroscopy (EDS), inductively coupled plasma optical emission spectroscopy (ICP-OES), dynamic light scattering (DLS), and Brunauer-Emmett-Teller (BET)) confirmed successful heterojunction formation, uniform elemental distribution, stable colloidal behavior, and a mesoporous nanostructure. Ultraviolet-visible diffuse reflectance spectroscopy (UV-vis DRS) revealed enhanced visible-light absorption with increasing CuO and decreasing clay content, thereby improving the NC's optical characteristics and resulting in enhanced photocatalytic performance. Band gap measurements revealed CuO's band gap narrowing effect, while ZnO and clay increased it. Antibacterial assays against <i>Escherichia coli</i> and <i>Staphylococcus aureus</i> showed significantly enhanced activity, with lower MIC values observed for NCs containing 0.25 mol clay. This behavior can be attributed to the smaller particle size, improved nanoparticle (NP) dispersion, reduced aggregation, increased porosity, and greater active surface area of these NCs compared to those with 0.5 mol clay. Transmission electron microscopy (TEM) imaging confirmed membrane disruption as a key antibacterial mechanism, supported by reactive oxygen species (ROS) generation, ion release, and synergistic interaction with clay nanosheets. Cytotoxicity tests on cancerous HT-29 cells demonstrated dose- and time-dependent behavior for the 0.75CuO/0.25Clay NC and dose-dependent behavior for the 0.75ZnO/0.25Clay NC, both with minimal toxicity to normal HFF cells. Antioxidant evaluation showed significant 2,2-diphenyl-1-picrylhydrazyl (DPPH) radical scavenging activity (57%), comparable to ascorbic acid (60.2%). Overall, these results highlight solution combustion-synthesized ZnO/CuO/Clay NCs as promising bioactive materials for photocatalytic, antibacterial, anticancer, and antioxidant applications in medicine, food packaging, and environmental remediation.",Escherichia coli,uv,,
41305371,10.3390/pathogens14111134,PMC12655585,oa,2025,"Pathogens (Basel, Switzerland)",Antimicrobial Resistance Transmission of Multidrug-Resistant Bacteria in Hydroponic Farming Components.,"Hydroponic farming offers sustainability benefits, but its microbial safety remains a concern, particularly regarding antimicrobial resistance (AMR) transmission. This study evaluated the potential for conjugative plasmid transfer of multidrug-resistant bacteria in hydroponic systems, using <i>Salmonella</i> Saintpaul B23 as a donor and various <i>Escherichia coli</i> strains and a self-isolated <i>Salmonella</i> strain from a hydroponic system as recipients. The tested bacteria are human enteric bacteria and may have a chance of being introduced into hydroponic systems. The transconjugation assay was conducted in hydroponic solutions and on different hydroponic components. Results revealed that hydroponic solutions and plant substrates could support significant transconjugation (>4 log CFU transconjugants detected in per mL hydroponic solution and >4 log CFU transconjugants detected in per g plant substrates), while facility surfaces showed minimal transfer (<1 log CFU transconjugants detected on per cm<sup>2</sup> surface). UV irradiation reduced plasmid transfer rates significantly (<i>p</i> < 0.05), suggesting its potential as a mitigation strategy, though proper implementation is critical. Antibiotic residues at sub-minimum inhibitory concentrations exhibited varying effects on AMR propagation, with gentamicin and chloramphenicol unexpectedly reducing transconjugants. These findings highlight the complex dynamics of AMR transmission in hydroponics and underscore the importance of monitoring, UV application, and cautious use of recycled waste to ensure microbial safety and mitigate AMR risks in agricultural production.",Escherichia coli,uv,,
41304933,10.3390/ph18111688,PMC12655614,oa,2025,"Pharmaceuticals (Basel, Switzerland)",Phage Encapsulation and Delivery Technology: A Strategy for Treating Drug-Resistant Pathogenic Microorganisms.,"Antimicrobial resistance (AMR) is one of the most critical challenges to global public health in the 21st century, posing a significant threat to healthcare systems and human health due to treatment failure and high mortality. The World Health Organization (WHO) estimates that, without effective interventions, AMR-associated infections could cause 10 million deaths annually and economic losses of up to 100 trillion US dollars by 2050. The rapid spread of drug-resistant strains, especially in hospital and community settings, has significantly reduced the efficacy of traditional antibiotics. With the continuous advancements in relevant research, bacteriophage (Phage) therapy is constantly innovating in the antimicrobial field. The application of frontier technologies, such as phage cocktails and engineered phages, has significantly enhanced the broad spectrum and high efficiency of phage therapy, which is gradually becoming a new generation of tools to replace antibiotics and effectively combat pathogenic bacteria. However, phage therapy is facing several challenges, including phage inactivation by gastric acid, enzymes, ultraviolet light, and mechanical stress, as well as the potential risk of bacterial phage resistance. Advanced encapsulation technologies such as electrospun fibers, liposomes, chitosan nanoparticles, and electrospray provide solutions to these problems by protecting phage activity and enabling controlled release and targeted delivery. This review addresses phage therapeutic studies of <i>Salmonella</i>, <i>Pseudomonas aeruginosa</i>, <i>Staphylococcus aureus</i>, <i>Escherichia coli</i>, and <i>Listeria monocytogenes</i>, summarizes the recent advances in phage research, and details the current development and applications of encapsulated phage technologies across various delivery modes.",Escherichia coli,uv,,
41259302,10.1371/journal.pone.0334685,PMC12629472,oa,2025,PloS one,"Sustainable green synthesis of zinc oxide nanoparticles utilizing Zingiber officinale peel aqueous extract, characterization, and determination of its anticancer and antimicrobial potential.","This study demonstrates the green synthesis, characterization, and biomedical applications of zinc oxide nanoparticles (ZnONPs) using Zingiber officinale (Z. officinale) (ginger) peel extract. Green synthesis offers advantages over conventional methods, including environmental friendliness, cost-effectiveness, and enhanced biocompatibility. Ultraviolet-Visible (UV-Vis) spectroscopy confirmed ZnONPs formation with a peak at 364 nm. Fourier-Transform Infrared (FTIR) spectroscopy analysis revealed characteristic peaks indicating functional groups involved in nanoparticle formation. Scanning Electron Microscope (SEM) analysis showed spherical/agglomerated nanoparticles, and Energy-Dispersive X-ray Spectroscopy (EDS) confirmed 77.7% zinc oxide by mass%. The X-ray Diffraction (XRD) indicated an average particle size of 24.67 nm with distinct crystal orientations. Phytochemical analysis detected alkaloids, saponins, and steroids in the extract. Optimal synthesis occurred at 50-60°C and pH 10, yielding stable ZnONPs. The ZnONPs exhibited significant antibacterial activity against Staphylococcus aureus (S. aureus), Bacillus subtilis (B. subtilis), Bacillus cereus (B. cereus), Escherichia coli (E.coli), Zymomonas mobilis (Z. mobilis), and Pseudomonas aeruginosa (P. aeruginosa), as well as antifungal activity against Candida albicans (C. albicans). The in vitro cytotoxicity study on M.D. Anderson - Metastatic Breast - 231 (MDA-MB-231) breast cancer cells showed a dose-dependent reduction in cell viability [Half-maximal Inhibitory Concentration (IC50) = 82.13 µg/mL] with notable morphological changes at higher concentrations. The ZnONPs synthesized from ginger peel extract are innovative, environmentally friendly, and economical. Our findings show that biologically generated ZnONPs are effective antibacterial and antifungal agents against several pathogens. This research uniquely demonstrates the potential of ginger peel, a commonly discarded agro-waste, as a sustainable source for ZnONPs synthesis, highlighting its biotechnological and medicinal applications. The novelty of this study lies in the green synthesis approach using ginger peel and the comprehensive evaluation of its antimicrobial and anticancer properties. Further in-depth studies and optimization are needed to validate their therapeutic efficacy and safety.",Escherichia coli,uv,,
41244679,10.3389/fmicb.2025.1658320,PMC12612684,oa,2025,Frontiers in microbiology,"Green synthesis of silver nanoparticles by <i>Kocuria flava</i> isolated from photovoltaic panels for combating infections, cancer, and water pollution.","The extremophilic bacterial community associated with photovoltaic solar panels has demonstrated significant resilience to harsh environmental conditions such as desiccation, thermal fluctuations, and intense solar exposure. The bacterial strain <i>Kocuria flava</i> KKYHNGU1 was isolated from a PV panel and characterized for its resistance to alkaline pH (pH 9), salinity (1-9% w/v), UV radiation (approximately 8 min), and high temperatures (up to 55 °C). Bio-manufactured AgNPs from this isolate were characterized, including UV-visible spectroscopy (with wavelength peaks at 437 nm), FTIR, and X-ray diffraction, validating the crystalline configuration of the AgNPs, exhibiting intensity peaks at 28.02°, 32.46°, and 46.36°. The spherical shape and size (96 nm diameter) along with the silver content (87.06% w/w) of bio-synthesized AgNPs was confirmed through scanning electron microscopy coupled with energy-dispersive X-ray spectroscopy. Metabolomic analysis through LC-MS revealed the presence of bioactive compounds possessing significant antimicrobial and anti-cancer properties, in addition to marked reduction capabilities. They have manifested notable antibacterial potential against <i>Staphylococcus aureus</i> with a 14 mm zone of inhibition and also proved effectiveness against <i>Serratia marcescens</i>, <i>Bacillus cereus</i>, and <i>Escherichia coli</i>. Additionally, the AgNPs effectively removed trimethoprim, achieving a 63.42% removal at 10 ppm within 120 min. These bio-fabricated AgNPs displayed remarkable anti-proliferative and pro-apoptotic activity against the THP-1 monocytic leukemia cell line, yielding an IC50 measurement of 40 μg/mL. These findings underscore the prospective applications of biogenic AgNPs in wastewater treatment and biomedical fields, illustrating their multiple functionalities.",Escherichia coli,uv,,
41231941,10.1073/pnas.2523368122,PMC12646321,oa,2025,Proceedings of the National Academy of Sciences of the United States of America,Genome-wide strand-specific UV mutagenesis in <i><i>Escherichia coli</i></i> is directed by the Mfd translocase.,"Transcription-coupled repair in <i><i>Escherichia coli</i></i> which is mediated by the Mfd translocase is responsible for higher repair rate in <i>lacZ</i> and <i>lacI</i> genes upon induction of transcription. Here, we analyze the entire <i><i>E. coli</i></i> genome for the effect of Mfd on UV-induced mutagenesis. We find genome-wide preferential repair of the transcribed strand (TS) over the nontranscribed strand (NTS), and consequently, fewer mutations are caused by cyclobutane pyrimidine dimers in the TS than the NTS, in a manner proportional to transcription rate. In <i>mfd-</i> cells, most mutations are in the TS, caused by RNA polymerase stalled at template strand damage inhibiting repair. These findings are pertinent to <i>mfd</i><sup>-</sup> phenotypes involving gene expression, recombination, stationary phase mutagenesis, and drug resistance.",Escherichia coli,uv,,
41202426,10.1016/j.ultsonch.2025.107666,PMC12744341,oa,2025,Ultrasonics sonochemistry,Ultrasonic-assisted coating and UV irradiation as hurdle technology to augment anti-browning and disinfection efficacy on fresh-cut apples.,"Fresh-cut fruits are prone to quality deterioration from enzymatic browning and microbial contamination. Ultraviolet (UV) irradiation is a conventional method for disinfection and browning inhibition but does not provide prolonged effects post-treatment. Coating serves as a preservation technique offering continuous protection for fresh produce through solution immersion. However, this method involves solution waste and potential cross-contamination. Ultrasonic atomization coating (UA) is an emerging non-thermal technology that generates less waste and eliminates cross-contamination risk compared to traditional methods. In this study, ascorbic acid (AA), a common anti-browning agent, was selected as coating solution. Results showed that 1 % AA applied via UA for 3 min and UV irradiation for 10 min were optimal single treatment conditions, and 7 min of UV followed by 3 min of UA was optimal combined treatment. The effects of UV-UA, UV, and UA on physiological characteristics and microbial inactivation of fresh-cut apples during storage (0-2 days) were evaluated. UV-UA treatment more effectively inhibited peroxidase and polyphenol oxidase activities, reaching 57-60 % and 72-84 % of control group levels during storage, thereby reducing browning index. The disinfection efficacy against Salmonella Typhimurium and Escherichia coli O157:H showed UV-UA was comparable to UV at day 0, and achieved lowest microbial counts (3.84-4.04 log CFU/g) during storage (days 1-2). Similarly, UV-UA's disinfection efficacy against aerobic mesophilic bacteria, molds, and yeasts matched UV at day 0, resulting in lowest counts (2.09-2.46 log CFU/g) during days 1-2. In conclusion, UV-UA integrates UV disinfection with UA's sustained effects while avoiding liquid waste and cross-contamination issues of traditional coating methods.",Escherichia coli,uv,,
41148456,10.1007/s00792-025-01404-3,,no_pmc,2025,Extremophiles : life under extreme conditions,Co-expression of environmental extremophilic genes strongly enhances Escherichia coli cross-protection to abiotic stress.,"Nature is home to a wide range of species that thrive in extreme conditions. Despite the identification and study of many extremophilic organisms, significant questions remain regarding the limits of life and the potential for enhancing, combining, or transferring extreme characteristics to other organisms. In previous works of our group, several genes retrieved from environmental extremophiles using functional metagenomics were shown to increase the tolerance of the model bacterium Escherichia coli towards different stress conditions. Here, we proposed to evaluate whether the rational combination of those resistance genes isolated from environmental extremophiles and involved in different molecular mechanisms enhanced the cross-protection of E. coli to extreme conditions. Data revealed that the simultaneous introduction in E. coli of environmental extremophilic resistance genes involved in protein degradation, biofilm formation, oxidative stress, and DNA protection resulted in strongly enhanced, non-additive effects, significantly increasing survival rate under perchlorate exposure, UV radiation, and low pH compared to the individual introduction of these genes. Our findings supports that the introduction of multiple resistance genes isolated from environmental extremophiles that belong to diverse biological processes of stress adaptation may be crucial for engineering of multi-resistant species of interest in biomanufacturing and astrobiology.",Escherichia coli,uv,,
41135497,10.1016/j.watres.2025.124782,,no_pmc,2026,Water research,Treatment of wastewater effluents using nanofiltration and low pressure UV photolysis to produce high quality water for food production.,"Agriculture irrigation accounts for approximately 70 % of all water withdrawals. Climate change and the increase in human population will lead to a higher food and water demand. Hence, it is crucial to explore new water sources for agriculture irrigation, such as the reuse of wastewater effluents. Prior to irrigation with wastewater effluents, it is important to evaluate the potential uptake of contaminants by food crops. In this case study, different water sources (three wastewater effluents with different qualities and tap water) were used for the irrigation of raspberries, selected due to their high water demand, rapid fruiting cycle, health benefits, and commercial value. Antibiotics (ciprofloxacin, levofloxacin, meropenem and ampicillin) were targeted due to their widespread clinical use, environmental persistence, and potential to promote antimicrobial resistance. Moreover, water quality indicators total coliforms, Escherichia coli and enterococci as well as Pseudomonas aeruginosa resistant to different antibiotics were monitored in the different irrigation waters over a five-month irrigation period. The combination of nanofiltration and UV photolysis produced high-quality water for irrigation. UV photolysis was tested to further treat the permeate and retentate samples from a nanofiltration process. When ciprofloxacin was present in the permeate samples, after exposure to UV photolysis using a low-pressure mercury lamp, the antibiotic was not detected. In the highly concentrated retentate samples, 57 % of ciprofloxacin and 31 % of levofloxacin were degraded while all the target bacteria were inactivated successfully by UV photolysis, with logarithmic inactivation's higher than 4. Analytical methods were also used for the detection of the target contaminants in the solid matrices and the potential uptake of the target contaminants by the fruits and leaves was evaluated. The target antibiotics were not detected in the fresh fruits and leaves at levels above the detection limit of 10 µg/kg. This short-term research study encompasses wastewater treatment plant effluent characterization, advanced treatment through nanofiltration and UV photolysis, and the subsequent reuse of treated water for crop irrigation, providing a comprehensive evaluation of wastewater reuse as a sustainable solution to meet the growing demands for water in agriculture.",Escherichia coli,uv,,
41130388,10.3168/jds.2025-27238,,no_pmc,2025,Journal of dairy science,Characterization of tea polyphenol-modified lactoferrin complexes and their antimicrobial activity against Escherichia coli.,"Lactoferrin is a bioactive dairy protein with multiple beneficial effects. The use of lactoferrin-based combined strategies is not only effective in combating pathogenic bacteria but also remarkably reduces the emergence of bacterial resistance, which is of great practical significance. In this study, gallic acid and epigallocatechin gallate, tea polyphenols with excellent antimicrobial effects, were selected to bind with lactoferrin (LF) in a non-covalent interaction mode. The complex was characterized using a series of spectral experiments and molecular docking, and its antibacterial activity was evaluated using Escherichia coli as a model. Ultraviolet, fluorescence, and infrared spectroscopy showed that gallic acid and epigallocatechin gallate mainly bind to lactoferrin hydrogen bonding and hydrophobic forces to form stable complexes. Circular dichroism showed that gallic acid and epigallocatechin gallate modified the secondary structure of lactoferrin by transiting from some α-helix to β-sheet. Based on molecular docking results, the binding energies of gallic acid-lactoferrin complex was -4.91 kcal/mol, and epigallocatechin gallate-lactoferrin complex was -4.72 kcal/mol. The minimum inhibitory concentration of gallic acid against E. coli was 4 mg/mL, epigallocatechin gallate against E. coli was 2 mg/mL, and LF against E. coli was 10 mg/mL. Fractional inhibitory concentration experiments indicated that the gallic acid-lactoferrin complex and epigallocatechin gallate-lactoferrin complex acted additively to inhibit E. coli. Scanning electron microscopy and crystal violet staining experiments showed that the complex inhibited the growth of E. coli by disrupting the cell membrane. Metabolomics analysis further indicated that these complexes disrupted the metabolism of E. coli and hindered protein synthesis. In conclusion, gallic acid and epigallocatechin gallate can complex with lactoferrin without compromising its antimicrobial activity and can be used in combination to inhibit the growth of pathogens such as E. coli.",Escherichia coli,uv,,
41083044,10.1016/j.ijid.2025.108120,,no_pmc,2025,International journal of infectious diseases : IJID : official publication of the International Society for Infectious Diseases,Efficacy of the CHRONOlight biodynamic lighting system for control of nosocomial Gram-negative pathogens.,"Health care-associated infections are a growing public health concern, with hospitals acting as reservoirs for pathogens. The rise in antimicrobial resistance worsens the issue. This study tested the effectiveness of the biodynamic lighting system (CHRONOlight) at varying ultraviolet (UV) light times and energy levels to reduce nosocomial gram-negative pathogens. Eight clinical isolates, representing different gram-negative pathogens, were selected from the Andalusian reference laboratory. Escherichia coli, Pseudomonas aeruginosa, and Acinetobacter baumannii ATCC were used as control strains. Different inoculums were exposed to type C UV light (UV-C) doses 2.0, 1.5, and 1.0 W/m<sup>2</sup> (corresponding to an irradiation flux of 100%, 75%, and 50%, respectively, with spectral peaks at 270 nm) during 15, 30, 45, 60, and 300 seconds and type A UV light (UV-A) (380 nm) during 30 minutes. The bactericidal effect was considered when cellular viability decreased by ≥3-log10 colony forming unit/ml. UV-C light-surviving isolates were sequenced (Illumina MiSeq) and analyzed to identify mutations associated with UV-C light survival. The development of antibiotic resistance after UV-C exposure were also studied for the same surviving isolates. The efficacy of the CHRONOlight biodynamic lighting system varied by exposure time, UV dose, and bacterial species. E. coli isolates showed bactericidal effects within 15-30 seconds at 100% UV-C intensity, whereas Klebsiella pneumoniae required 30-45 seconds. P. aeruginosa and A. baumannii showed activity in 15-30 seconds, but clinical A. baumannii needed longer exposure, especially at lower UV-C intensities. No reduction in cell viability was seen with UV-A exposure. Gene mutations related to metabolism, stress response, motility, and virulence were found in survivors, and no cross-antibiotic resistance developed in surviving isolates. CHRONOlight biodynamic lighting system is a novel broad-spectrum lighting prototype designed to effectively reduce the viability of gram-negative bacteria within short exposure times (30-300 seconds) through UV-C emission. This makes it a promising strategy for minimizing nosocomial infections in health care settings.",Escherichia coli,uv,,
41074361,10.1016/j.foodres.2025.117065,,no_pmc,2025,"Food research international (Ottawa, Ont.)",Advanced disinfection system using a 172 nm excimer lamp and citric acid for Escherichia coli O157:H7.,"This study investigates the synergistic effects of a 172 nm Xe-excimer lamp system (EX), consisting of the excimer lamp and a pump, combined with citric acid (CA), for the inactivation of E. coli O157:H7 in distilled water (DW) and on romaine lettuce. In DW, CA alone achieved a 0.55 log CFU/mL reduction, while EX treatment alone resulted in a 3.00 log CFU/mL reduction. The combined CA + EX treatment yielded a 5.38 log CFU/mL reduction, demonstrating a significant synergistic effect. On romaine lettuce, the CA + EX treatment consistently achieved over 4 log CFU/cm<sup>2</sup> reduction across five consecutive treatment cycles, indicating stable disinfection performance. Mechanistic analysis revealed that the combined treatment enhances microbial inactivation through multiple pathways, including bacterial membrane disruption, enzyme inactivation, and DNA damage. CA also enhanced ozone stability in DW, thereby increasing its antimicrobial efficacy through improved oxidative disinfection mechanisms. The application of this system to romaine lettuce confirmed its practical potential, as no significant deterioration was observed in color, texture, or total phenolic content. These findings highlight the efficacy and safety of the CA + EX system as a sustainable and effective strategy for microbial control in fresh food washing and water treatment.",Escherichia coli,uv,,
41067059,10.1016/j.ultsonch.2025.107594,PMC12538680,oa,2025,Ultrasonics sonochemistry,Sterilization effect of power airborn ultrasound combined with ultraviolet radiation on bacteria.,"Controlling acute respiratory infections involves rapidly eradicating bacteria and viruses, which holds great significance. This study examined the effectiveness of combining power airborne ultrasound (US) with ultraviolet (UV) light to eradicate aerosolized pathogenic bacteria. This study evaluated the sterilization efficacy of a custom-built device that simultaneously delivers 40 W airborne ultrasound at 20-30 kHz and 275 nm ultraviolet light emitted by six 0.6 W LEDs. In the experiment, aerosol-encapsulated Escherichia coli was treated using both power airborne US and UV light. The bactericidal efficiency of this combined approach was evaluated, and the underlying mechanisms were explored. The results indicated substantial alterations in both the internal and external structures of the bacteria following gas-mediated, medium-to-high intensity US treatment. The ultrasonic cavitation effect significantly damaged the bacterial surface structure, while the microstreaming effect disrupted the cytoplasmic matrix. A marked increase in conductivity and β-galactosidase activity indicated bacterial wall disruption. Intracellular components, such as soluble proteins and adenosine triphosphate (ATP) content, showed a marked decrease, suggesting intracellular substance leakage. Exposure to airborne, medium-to-high intensity US resulted in a significant reduction in ATPase activity, implying interference with bacterial energy metabolism. The combined airborne ultrasound and UV treatment demonstrated superior bactericidal efficiency. It achieved over 95 % bacterial reduction within 120 s. Viable colonies decreased from 930 ± 156.986 CFU in untreated controls to 56.667 ± 15.965 CFU. Significant efficacy emerged within 15 s, reducing colonies to 442.778 ± 66.879 CFU. This performance substantially exceeded standalone UV or ultrasound treatments across all exposure durations. This work offers an efficient and rapid sterilization method with substantial application value for controlling disease transmission.",Escherichia coli,uv,,
41035313,10.1039/d5nr02267c,,no_pmc,2025,Nanoscale,Silver-decorated boron nitride nanocomposite-infused cotton fabric with durable antimicrobial and multifunctional properties.,"The textile industry is rapidly evolving to meet growing consumer demands for advanced, functional products. While traditional textiles have improved in mechanical strength, durability, and attributes like flame retardancy, cotton fabrics remain vulnerable to microbial degradation due to moisture retention. This study presents a novel approach that utilizes boron nitride (BN) and silver nanoparticles (Ag NPs) to impart antimicrobial properties to cotton fabrics. Silver-decorated BN (BN-Ag) was synthesized and functionalized with carboxyl groups, enabling strong ester bond formation with cotton cellulose, significantly enhancing antimicrobial efficacy against Gram-positive <i>Staphylococcus aureus</i> (<i>S. aureus</i>, 99.57%) and Gram-negative <i>Escherichia coli</i> (<i>E. coli</i>, 99.64%). The BN-Ag treated fabric exhibited impressive antioxidant activity (51.78%) and ultraviolet (UV) protection (98.39% for UVA and 98.4% for UVB), surpassing untreated cotton. Furthermore, thermal resistance was reduced by 21.23%, indicating improved heat dissipation for smart textile applications. UV protection factor (UPF) analysis classified BN-Ag fabrics as excellent UV protectors (UPF 62.56). Long-term stability assessments revealed that the fabrics maintained antimicrobial efficacy (97.61% against <i>S. aureus</i> and 97.11% against <i>E. coli</i>) and antioxidant activity (43.73%) after six months with 20 home washes, demonstrating the durability of functional properties. This innovative approach promises to revolutionize textile materials, enhancing properties and performance for diverse applications.",Escherichia coli,uv,,
41030718,10.7759/cureus.91268,PMC12478982,oa,2025,Cureus,Targeting Photoaging With Heat-Killed Escherichia coli Nissle 1917: A Novel Cellular Model and Anti-photoaging Strategy.,"Ultraviolet (UV) radiation is a major contributor to skin aging, manifesting as wrinkles, pigmentation, and structural dysfunction, collectively termed photoaging. Chronic photoaging is strongly linked to an increased risk of skin cancer. Despite the growing demand for effective anti-photoaging agents, a gap remains in both understanding the molecular basis of photoaging and validating the efficacy of new therapeutic candidates. This study aimed to establish a reliable in vitro photoaging model and evaluate the potential anti-photoaging effects of heat-killed <i>Escherichia coli</i> Nissle 1917 (EcN). Human dermal fibroblast (HDF) cells were exposed to UVB radiation three times at one-day intervals. Cell viability was assessed using the MTT assay. Post-irradiation, cells were treated with varying concentrations of heat-killed EcN. Effects were evaluated through live/dead staining, apoptosis assay, cell cycle analysis, and reactive oxygen species (ROS) quantification. Resveratrol (RES), a known anti-inflammatory and anti-aging compound, was used as a reference control. UVB exposure at 0.3 J/cm² reduced HDF cell viability to approximately 50% compared to the control group. Morphological and biochemical assessments validated the photoaging model's reliability. Treatment with 10% v/v heat-killed EcN and 100 μM RES after each UVB cycle significantly restored cell viability, reduced apoptosis and cell cycle arrest, and markedly decreased intracellular ROS levels. This study demonstrates the efficacy of heat-killed EcN and RES in alleviating UVB-induced photoaging, likely via suppression of oxidative stress and apoptosis. The developed in vitro model offers a robust platform for future investigations into molecular mechanisms of photoaging and the evaluation of emerging photoprotective agents.",Escherichia coli,uv,,
41018600,10.1021/acsomega.5c03475,PMC12461353,oa,2025,ACS omega,"Evaluation of the Antimicrobial and Embryotoxic Effects of Gold Nanoparticles Synthesized Chemically with 4‑(4'-Chlorophenyl)-2-imino-1,3-thiazino [2,3‑<i>b</i>] Benzimidazole (FDM29) and via Green Synthesis Using <i>Baissea gracillima</i> (liana).","The remarkable rise in antibiotic resistance seen in recent years has significantly reduced the effectiveness of most medications. This study aimed at evaluating the antibacterial and toxicological effects of gold nanoparticles (AuNPs), capped with a synthetic heterocyclic compound, 4-(4'-chlorophenyl)-2-imino-1,3-thiazino [2,3-<i>b</i>] benzimidazole (FDM29), and green-synthesized using a leaf extract from <i>Baissea gracillima</i> (<i>B.gracillima</i>-liana) plant. The synthesized AuNPs were characterized by ultraviolet-visible spectroscopy, dynamic light scattering, Fourier transform infrared, transmission electron microscopy, energy-dispersive and diffraction X-ray spectroscopy, supported by ^1H and ^13C nuclear magnetic resonance analysis of the FDM29 ligand. The antibacterial susceptibility of the AuNPs was investigated against Gram-negative (<i>Escherichia coli</i>, <i>Klebsiella pneumoniae</i>, and <i>Proteus mirabilis</i>) and Gram-positive bacteria (<i>Bacillus subtilis</i>, <i>Mycobacterium smegmatis</i>, and <i>Staphylococcus aureus</i>) using the broth microdilution method. The zebrafish embryo development toxicity test (ZFET) was employed to evaluate the toxicity of the synthesized AuNPs. Characterization indicated that AuNPs were successfully synthesized. The AuNPs were stable and spherical, with sizes ranging from 13 to 84 nm, which fall within the nanometer scale. In addition, the AuNPs effectively inhibited the growth of most bacterial strains, excluding <i>P. mirabilis</i> and <i>M. smegmatis</i>. The findings suggest that capping AuNPs enhances their antibacterial efficacy and reduces their toxicity compared to chemically synthesized uncapped AuNPs. The exposure of zebrafish embryos to the synthesized AuNPs revealed that the pristine AuNPs exhibited more significant toxicity at all concentrations compared to AuNPs-FDM29 and AuNPs-<i>B. gracillima</i>-liana. At 24 h post-fertilization, most eggs had coagulated, and by 48 hpf, the majority embryos showed absence of heartbeat and developmental retardation, thus being considered toxic. The mortality rate followed the order pristine AuNPs > AuNP-FDM29 > AuNP-<i>B.gracillima-liana</i>, at 81.6, 61.9, and 14.76%, respectively, at 0.25 mg/mL. These results indicate that biological functionalization of AuNPs significantly improves their biocompatibility and antibacterial properties. Notably, the green synthesis using <i>B. gracillima-liana</i> leaf extract yielded AuNPs with the lowest toxicity and substantial antibacterial efficacy, outperforming chemically synthesized counterparts. This study presents a novel, plant-based green synthesis approach for generating biocompatible AuNPs with dual antibacterial and low-toxicity profiles, offering a sustainable platform for developing next-generation antimicrobial agents with potential applications in nanobiotechnology, biomedicine, and pharmaceutical sciences.",Escherichia coli,uv,,
40985998,10.1039/d5tb01587a,,no_pmc,2025,Journal of materials chemistry. B,"Smart invisible shield: colorless, durable and self-defending contact lens nanocoating combats keratitis on demand.","Contact lens (CL) wearers are confronted with a considerable susceptibility to infectious keratitis (IK). The development of CLs that can prevent IK is challenging since it is difficult to accomplish antibacterial activity without sacrificing optical performance and wearing comfort. To overcome this challenge, a colorless and ultrasmooth polysilazane coating is constructed on CLs, which can release antibacterial ammonium ions once subjected to either an acidic or alkaline stimulus generated by bacterial growth. The released ammonium ions had significant bactericidal effects on <i>Escherichia coli</i> and <i>Staphylococcus aureus</i>, which are the main pathogens of IK. Moreover, this antibacterial coating maintains the intrinsic visible light transmittance (100%) and wearing comfort of the pristine CLs due to its colorless nature and ultrasmooth surface (surface roughness lower than 1 nm). Furthermore, this coating was covalently linked on CLs, ensuring durability after prolonged storage in a standard lens care solution. The Si-N structures and methyl groups in the coating notably augment its ability to shield against ultraviolet radiation, and the intrinsic robustness of the inorganic moieties provides strong resistance to abrasions. Therefore, this facile strategy for preparing a multifunctional coating on CLs holds immense promise for safeguarding CL wearers against the risk of IK.",Escherichia coli,uv,,
40975438,10.1016/j.mimet.2025.107264,,no_pmc,2025,Journal of microbiological methods,Characterization and applications of MSS pigment isolated from Streptomyces ardesiacus.,"Bacteria produce pigments to protect themselves from UV radiation and oxidative damage, aiding their survival and adaptation in various environments. As concerns over synthetic dyes grow, microbial pigments have gained attention for their potential benefits. They offer advantages such as high yield, cost-effectiveness, and ease of extraction. Streptomyces ardesiacus, isolated from Moringa olifera rhizophore soil produced pink/magenta colour pigment. It was characterized by UV-Vis spectrophotometry, FT-IR, HPLC, and NMR. The isolated MSS pigment showed no antimicrobial activity against tested bacterial and fungal strains, including Escherichia coli, Salmonella typhi, Klebsiella pneumoniae, Candida auris and Candida albicans. Moreover, it showed no haemolytic activity, indicating its potential safety for use in various applications. Importantly, the pigment demonstrated durable retention in textile dyeing (even after multiple washes) and stable incorporation in lip balm formulation, highlighting its potential as a safe and eco-friendly alternative to synthetic dyes. This study underscores the promise of microbial pigments in various industrial applications, offering a sustainable and eco-friendly solution.",Escherichia coli,uv,,
40953682,10.1016/j.micpath.2025.108032,,no_pmc,2025,Microbial pathogenesis,Bacteriophage as a promising approach for the biocontrol of typical pathogenic bacteria Escherichia coli in fecal environment.,"Toilet feces are a major source of environmental pollution and public health issues, harboring a wide range of pathogens. Bacteriophage therapy, a promising biological control method for eliminating pathogenic bacteria, offers advantages such as high specificity, safety, and rapid proliferation. In this study, the bacteriophage LYE-01, isolated from feces using Escherichia coli (E. coli) as the target pathogen, demonstrated strong environmental tolerance. It survived within a pH range of 4-11, at temperatures of 10-50 °C, and following ultraviolet irradiation for up to 20 min. Comprehensive genomic analysis of LYE-01 revealed an absence of virulence and antibiotic resistance genes, confirming its safety for both environmental and human health. In the experiments of evaluating the bacteriophage's efficacy in removing pathogenic bacteria, LYE-01 exhibited an inhibitory effect on its host bacteria across different multiplicity of infection (MOI) conditions. The highest inactivation efficiency of LYE-01 on E. coli was 64.5 % at the optimal MOI = 1, providing a crucial experimental basis for the subsequent application of this bacteriophage. This newly isolated bacteriophage represents a promising tool for reducing fecal sewage contamination, mitigating environmental pollution, and improving rural environmental health.",Escherichia coli,uv,,
40950266,10.62347/YELM3779,PMC12432752,pmc_not_oa,2025,American journal of translational research,Antimicrobial drug-derived carbon quantum dots for photodynamic therapy of bedsores and bacterial infections.,"Bedsores (pressure ulcers) exhibit high incidence rates (0.4-38%) and prolonged recovery periods, with bacterial infections posing the most frequent and severe complications, significantly impeding wound healing. Conventional antibiotic therapies face limitations due to antimicrobial resistance, necessitating innovative strategies with enhanced biocompatibility and reduced resistance-inducing potential. This study aimed to develop a photodynamic therapy (PDT)-based antimicrobial approach by converting antimicrobial drugs into N-doped carbon quantum dots (N, CQ-dots) for efficient bacterial inhibition in wound environments. N, CQ-dots were synthesized from protocatechuic acid (a natural antimicrobial metabolite) via solvothermal method, preserving critical functional groups (-COOH, -OH) inherited from the precursor. Structural and optical properties were characterized using transmission electron microscopy (TEM), X-ray photoelectron spectroscopy (XPS), and ultraviolet-to-visible (UV-Vis) spectroscopy. Photodynamic antimicrobial efficacy was evaluated against Staphylococcus aureus and Escherichia coli through colony-count assays, and live/dead staining. The synthesized N, CQ-dots exhibited uniform morphology (~3.5 nm) and abundant oxygen-containing functional groups, as confirmed by XPS and Fourier Transform Infrared (FTIR) spectrometer analysis. Under irradiation, the material demonstrated potent antibacterial activity, achieving >99.9% viability reduction in Gram-positive and Gram-negative strains, with minimal cytotoxicity (MBC >100 μg/mL). This work demonstrates a novel paradigm for transforming antimicrobial drugs into multifunctional N, CQ-dots, leveraging preserved pharmacophores and PDT mechanisms to overcome drug resistance. The system combines intrinsic antibacterial activity with light-triggered responsiveness, offering a promising solution for managing infected bedsores while minimizing systemic toxicity. These findings highlight the translational potential of drug-derived nanomaterials in precision wound care.",Escherichia coli,uv,,
40941207,10.3390/foods14173091,PMC12428618,oa,2025,"Foods (Basel, Switzerland)",Effects of UVC Treatment on Biofilms of <i>Escherichia coli</i> Strains Formed at Different Temperatures and Maturation Periods.,"In the present study, the biofilm formation and ultraviolet-C (UVC) resistance characteristics of <i>Escherichia coli</i> isolated from an occluded biliary stent were compared with those of four <i>E. coli</i> O157:H7 strains (ATCC 35150, 43889, 43890, and 43895). To evaluate biofilm formation, the <i>E. coli</i> isolated from a stent and four <i>E. coli</i> O157:H7 strains were incubated at 37, 25, and 15 °C for 7 days, revealing that peak biofilm formation occurred at 37 °C (day 1), 25 °C (day 3), and 15 °C (day 5), with the stent-isolated strain consistently exhibiting significantly higher biofilm cell counts than the others (<i>p</i> < 0.05). The UVC treatment was less effective at reducing viable biofilm cells as the formation temperature decreased, with the stent-isolated <i>E. coli</i> biofilm formed at 15 °C showing the lowest reduction levels. Exopolysaccharide quantification revealed that all <i>E. coli</i> strains produced more extracellular polymeric substances (EPSs) at lower temperatures, with the stent-isolated <i>E. coli</i> biofilm formed at 15 °C showing significantly higher EPS levels than the other strains (<i>p</i> < 0.05), potentially explaining its greater UVC resistance. Based on these results, it was confirmed that the biofilm formed by the <i>E. coli</i> isolated from the stent at 15 °C exhibited the highest resistance to UVC, which can be attributed to its elevated exopolysaccharide production. This study demonstrates that both temperature and maturation period significantly influence <i>E. coli</i> biofilm characteristics and provides valuable insights into <i>E. coli</i> isolated from the stent, which may pose a risk of cross-contamination in food-related environments.",Escherichia coli,uv,,
40938142,10.1021/acsami.5c14960,,no_pmc,2025,ACS applied materials & interfaces,"Wound Dressing Cryogel Materials Based on Poly(vinyl alcohol), Hyaluronic Acid, and Ag<sub>2</sub>O Nanoparticles.","Hydrogel materials based on poly(vinyl alcohol) (PVA) and silver nanoparticles are used as wound dressings. However, chemical reducing agents, ultraviolet irradiation, and radiation irradiation are mainly used to reduce silver ions to nanoparticles in hydrogel dressings. In this study, polymeric cryogel materials based on poly(vinyl alcohol), hyaluronic acid (HA), and Ag<sub>2</sub>O nanoparticles were synthesized by reducing silver ions with hyaluronic acid followed by freezing and thawing of the samples. Structural features, thermophysical, mechanical, antimicrobial, cytotoxic and genotoxic properties of PVA-Ag-HA polymeric cryogel materials were studied by wide-angle X-ray scattering (WAXS), differential scanning calorimetry (DSC), thermogravimetric analysis (TGA), mechanical tests, antimicrobial, cytotoxic and genotoxic studies. Studies of cryogel materials using wide-angle X-ray scattering showed that the PVA-HA composite has a higher degree of crystallinity compared to the pure PVA. It was found that during the formation of samples, silver ions are reduced in the polymer systems PVA-HA-Ag<sup>+</sup> at <i>T</i> = 85 °C, within 1 h with the formation of Ag<sub>2</sub>O nanoparticles. The addition of hyaluronic acid to the composition of PVA cryogel increases the water absorption of the samples, and a decrease in the freezing time and concentration of nanoparticles leads to an increase in the water absorption of PVA-HA cryogel materials. The thermal stability of all the studied samples, except HA, practically does not change up to a temperature of 200 °C. For the studied cryogel materials, the tensile strength increases with increasing freezing time and concentration of Ag<sub>2</sub>O nanoparticles up to 0.5 wt %. PVA-HA-Ag<sub>2</sub>O cryogel nanocomposites exhibited antimicrobial activity against <i>Staphylococcus aureus</i>, <i>Staphylococcus epidermidis</i>, and <i>Escherichia coli</i> at silver oxide nanoparticle concentrations of ≥0.05 wt %. The obtained nanocomposites with low concentrations of Ag<sub>2</sub>O nanoparticles were not toxic. They did not inhibit the viability of MDCK and L-929 cell cultures at silver oxide nanoparticle concentrations of ≥0.1 wt %. When studying the genotoxic properties of cryogel materials, no mutagenic and clastogenic activity was detected. The obtained materials have potential applications for the creation of dressings for the treatment of wounds of various infectious nature.",Escherichia coli,uv,,
40930017,10.1016/j.ijfoodmicro.2025.111394,,no_pmc,2025,International journal of food microbiology,Photodynamic inactivation of pathogenic bacteria using chlorogenic acid and UV-A (365 nm) irradiation.,"This study explored the antimicrobial efficacy and mechanism of a combined treatment using chlorogenic acid (CGA) and UV-A (365 nm) irradiation against four major foodborne pathogens-Escherichia coli O157:H7, Salmonella Typhimurium, Listeria monocytogenes, and Staphylococcus aureus-in both buffer and acidic beverage matrices. The CGA + UVA treatment showed strong bactericidal effects, particularly in green plum juice, where complete inactivation of L. monocytogenes was achieved (> 8-log reduction). Mechanistic investigations revealed that the CGA + UVA combination induced membrane depolarization, ATP depletion, and lipid peroxidation, ultimately leading to cell death. Importantly, the extent of sublethal injury differed between Gram-negative and Gram-positive bacteria, with Gram-negative strains more likely to survive in an injured state. Transmission electron microscopy confirmed that this pattern was linked to differences in cell envelope architecture-particularly the presence or absence of an outer membrane. The treatment caused minimal changes in juice quality, maintaining color, pH, and antioxidant properties. This study could provide a crucial bridge connecting fundamental discoveries to practical food safety applications, and by validating the efficacy across various pathogenic bacteria and food matrices, demonstrates the feasibility of CGA + UVA combination treatment for commercial implementation.",Escherichia coli,uv,,
40921230,10.1016/j.jep.2025.120546,,no_pmc,2026,Journal of ethnopharmacology,The properties of Ocicmum gratissimum aqueous extract against ultraviolet-C-induced inflammation.,"Ocimum gratissimum L. commonly known as basil, is an herb-like plant frequently mentioned in ethnopharmacological studies due to its widespread availability in local communities and its widespread use in treating inflammatory conditions. In a previous study, we demonstrated that aqueous extracts of Ocimum gratissimum (OGE), which are rich in plant polyphenols such as caffeic acid and isoflavones, can protect skin cells from UVC-induced inflammation and damage in migration and proliferation. Building on these findings, this study aims to investigate the anti-inflammatory effects of OGE on UVC-treated DNA damage and its dermatological treatment potential in a mouse model. Wounds were treated with UVC alone or in combination with OGE, and healing outcomes were monitored over an 11-day period. Key assessments included wound appearance, wound area reduction, healing rates, and DNA damage markers. UVC exposure prolonged the healing time of incisions to 10.00 ± 0.82 days, compared to 7.25 ± 1.26 days in the no-UVC group. However, co-treatment with 0.6 % OGE significantly reduced the healing time to 8.00 ± 1.15 days. After 24 h of UVC irradiation, keratinocytes (a marker of DNA damage) in epidermis were approximately 97.5 % cyclobutane pyrimidine dimer (CPD)-positive in the UVC-only group but decreased to 52.5 % in the 0.6 % OGE + UVC group. Experiments in vitro using HaCaT cells demonstrated that OGE pretreatment significantly preserved cell viability and promoted wound closure during UVC exposure, in addition to reducing UVC-induced PARP activity (a marker for cell apoptosis). Liquid chromatograph/mass spectrometric (LC-MS) and Immunohistochemical (IHC) analyses further revealed that OGE increased levels of protective proteins, such as syntaxin-3, in UVC-treated HaCaT cells and mouse skin tissue. Notably, OGE did not interfere with UVC's toxicity against Escherichia coli (E. coli). These findings suggest that OGE may serve as an effective prophylactic intervention against UVC-induced side effects by enhancing anti-oxidative and anti-inflammatory responses, thereby promoting tissue repair during surgical site disinfection.",Escherichia coli,uv,,
40871313,10.3390/microorganisms13081809,PMC12388672,oa,2025,Microorganisms,Synthesis of Silver Nanoparticles from Bitter Melon (<i>Momordica charantia</i>) Extracts and Their Antibacterial Effect.,"We utilized silver nanoparticles synthesized from bitter melon (<i>Momordica charantia</i>) extracts for testing against the common agricultural pathogen <i>Escherichia coli</i>. The synthesized nanoparticles were characterized and confirmed as silver nanoparticles by using ultraviolet spectroscopy, Fourier transform infrared spectroscopy, and scanning electron microscopy analysis. The results show that AgNPs were effective against <i>E. coli</i> ATCC25922 strain. The AgNPs had an increased potency against the <i>E. coli</i> strain in optimum culture media compared to silver ions alone. AgNP-treated cultures achieved a kill percentage of 100% in less incubation time and at a lower dosage than those treated with silver ions alone. The powder form of the AgNPs also showed remarkable potency against <i>E. coli</i> in solution. Based on these findings, the current method is suitable for the industrial-scale production of AgNPs from a commonly available edible plant with known medicinal benefits in the fight against foodborne pathogens, including antibiotic-resistant strains.",Escherichia coli,uv,,
40882040,10.1021/acsabm.5c01018,,no_pmc,2025,ACS applied bio materials,A Versatile and Bioinspired Hierarchical Nanoflower Coating for Enhanced Photodriven Antimicrobial Efficacy against Foodborne Pathogens.,"Contamination by pathogenic microbes frequently occurs on the surfaces of solid materials, posing serious threats to food safety and human health. To mitigate the spread of pathogens and reduce the risk of antimicrobial resistance, there is an urgent need for nanostructured surface modification materials that offer high bactericidal efficiency without relying on conventional antimicrobial agents or antibiotics. In this study, we report a green and facile approach for fabricating antimicrobial nanoflower (PDA-Cu NFs) coatings on solid substrates, including polystyrene, glass, and stainless steel via one-step biomimetic mineralization. The resulting coatings exhibited uniform nanoflower morphology, strong substrate adhesion, and superhydrophilicity (contact angle = 0°). Under ultraviolet A (UV-A) irradiation, the PDA-Cu NFs coatings demonstrated excellent bactericidal efficacy against <i>Listeria innocua</i> and <i>Escherichia coli</i>, achieving more than 4 log CFU/cm<sup>2</sup> of reduction within 1 h of treatment. This enhanced antimicrobial performance is attributed to a triple-mode synergistic combination of photothermal effects, photoinduced reactive oxygen species generation, and the hierarchical nanoflower structure, which increases bacterial contact with copper ions and induces physical membrane disruption. Durability testing revealed that the coatings maintained their hydrophilic properties even after five cycles of mechanical abrasion with only partial structural damage observed. These findings present a robust and substrate-independent strategy for developing durable, superhydrophilic, and UV-activated antimicrobial coatings, offering significant potential for applications in healthcare, food processing, and environmental sanitation.",Escherichia coli,uv,,
40878883,10.1021/acsabm.5c01281,,no_pmc,2025,ACS applied bio materials,Developing Biocompatible Chitosan-Stabilized Gold Nanoparticles with Anticancer and Antimicrobial Properties: A Computational and Experimental Approach.,"The present study reports an eco-friendly route for the synthesis of chitosan-stabilized gold nanoparticles (Cs@AuNPs) using <i>Perilla frutescens</i> leaf extract and their dual anticancer and antimicrobial activities. The nanoparticles were comprehensively characterized by ultraviolet-visible (UV-vis) spectroscopy, X-ray diffraction (XRD), Fourier transform infrared spectroscopy (FTIR), scanning electron microscopy (SEM), transmission electron microscopy (TEM), and ζ-potential analysis. Cs@AuNPs exhibited a strong surface plasmon resonance peak at 550 nm, face-centered cubic crystallinity with a predominant (111) plane, spherical morphology, particle size ranging from 5-30 nm, and a positive surface charge. Biological assays revealed selective anticancer activity against MCF-7 breast cancer cells with an IC<sub>50</sub> of ∼100 μg/mL, while sparing normal MCF-10A cells (>80% viability). Mechanistic studies confirmed significant reactive oxygen species (ROS)-mediated apoptosis, nuclear fragmentation, and regulation of apoptotic proteins. Cs@AuNPs also displayed potent antibacterial activity against <i>Escherichia coli</i> and <i>Staphylococcus aureus</i>, with inhibition zones of up to 15 mm. Computational investigations supported these findings. Molecular docking demonstrated strong binding affinities with the HER2 kinase (-284.3 kcal/mol) and <i>Candida albicans</i> regulator proteins (-343.4 kcal/mol). Molecular dynamics simulations indicated complex stability, while binding free energy calculations (MM/GBSA) with entropy corrections yielded favorable values (-30 to -45 kcal/mol). Density functional theory (DFT) further validated electronic stability, and ADMET profiling predicted high intestinal absorption, nongenotoxicity, and environmental safety. Together, these experimental and computational insights highlight Cs@AuNPs as a biocompatible, sustainable nanoplatform with promising applications in cancer therapy and antimicrobial treatment.",Escherichia coli,uv,,
40855187,10.1038/s41598-025-16849-x,PMC12379144,oa,2025,Scientific reports,Synthesis and photocatalytic degradation of azithromycin by iron/zinc oxide nanoparticle-reinforced carbon nanofibers.,"Water pollution caused by persistent pharmaceutical contaminants, such as azithromycin, presents serious public health and environmental challenges. This study introduces iron/zinc oxide-reinforced carbon nanofibers (Fe/Zn-CNFs) synthesized via a scalable electrospinning process as a novel solution for treating pharmaceutical waste streams. The synthesized nanofibers showed a crystalline structure (confirmed by XRD and Raman analyses), an optimized bandgap energy of 2.899 eV (determined by DRS), and an impressive specific surface area of 554 m²/g (measured by BET analysis). Their synergistic photocatalytic activity arises from the effective integration of iron/zinc oxide nanoparticles into the carbon nanofiber matrix. Key parameters influencing azithromycin degradation including pH, reaction time, catalyst concentration, and pollutant concentration were systematically optimized. Under optimal conditions (pH 4, 27.1 mg/L catalyst dose, 15.8 mg/L azithromycin concentration), the nanofibers achieved a remarkable 97.5% degradation of azithromycin within 103 min under UV irradiation. The study further proved the photocatalyst's versatility, achieving degradation efficiencies of 98% under UV light and up to 85% under visible light, highlighting its ability to utilize diverse light sources. The reusability testing over five consecutive cycles revealed that the Fe/Zn-CNFs maintained over 80% degradation efficiency in the final cycle, underscoring their excellent stability and practical applicability. Beyond photocatalytic efficiency, the nanofibers exhibited notable antibacterial activity against Escherichia coli and Staphylococcus aureus, which can be attributed to the generation of reactive oxygen species (ROS). These results underscore the potential of iron/zinc oxide-reinforced carbon as a sustainable and effective photocatalyst for treating antibiotic-contaminated wastewater, offering a viable approach to modifying environmental antibiotic resistance.",Escherichia coli,uv,,
40787822,10.1111/1750-3841.70488,PMC12337634,oa,2025,Journal of food science,Inactivation Efficacy of Combination Treatment of Propyl Gallate and UVA LED for Escherichia coli O157:H7 in Apple Juice.,"The objectives of this research were to analyze the synergistic antimicrobial effects of food-grade antioxidant propyl gallate (PG) and ultraviolet A (UVA) irradiation to inactivate Escherichia coli O157:H7 in peptone water (PW) and apple juice. Samples were treated with a final concentration of 2 mM PG and varying doses of UVA irradiation (0, 5, 10, 15, and 20 J/cm<sup>2</sup>), both individually and in combination. The combined 2 mM PG and UVA (20 J/cm<sup>2</sup>) treatment demonstrated significant microbial reductions of 3.12 log CFU/mL in PW and 2.95 log CFU/mL in apple juice. Mathematical modeling provided the D<sub>3d</sub> and D<sub>5d</sub> values, representing the doses required to achieve 3-log and 5-log reductions, respectively. In apple juice, the D<sub>3d</sub> and D<sub>5d</sub> values for the PG+UVA combination treatment were approximately 2 times smaller than those for UVA treatment alone, highlighting the enhanced efficacy of the combined approach. The PG+UVA treatment generated various reactive oxygen species (ROS), as PG acted as a photosensitizer under UVA exposure. These ROS led to cell membrane damage and enzyme inactivation, which ultimately resulted in microbial inactivation. Additionally, this approach maintained the quality of apple juice, preserving its pH, color, cloud value, total phenolic content, and total flavonoid content. The results demonstrate that the PG+UVA treatment is a promising non-thermal pasteurization technology for microbial control in apple juice, effectively maintaining product quality while enhancing food safety and its potential for broader application in the food industry.",Escherichia coli,uv,,
40768830,10.1016/j.jhazmat.2025.139454,,no_pmc,2025,Journal of hazardous materials,Small molecule barrier empowered high-efficiency green electrospinning of fully bio-based nanofibrous membrane for antibacterial and UV-shielding air filtration.,"Green electrospinning of fully bio-based nanofibrous membranes holds significant promise for sustainable development. However, the complex molecular structures and functional groups inherent in bio-based materials often lead to strong intermolecular interactions. It may cause nozzle clogging and hinder the stretching and thinning of electrospinning jets, thereby adversely affecting performance optimization and scalable manufacturing of fibers. This study proposes an innovative ""small-molecule barrier"" strategy by introducing small molecules with controlled hydrogen bonds to shield strong polymer interactions. It reduced the jetting resistance of the microjet, significantly improving the electrospinning efficiency and the fiber formation quality. Resveratrol (RV) and naringin (NRG) were selected as the most suitable small molecules, which increased the jetting continuity of zein solution by 5.75 times and also achieved multifunctional integration. Furthermore, a sheath gas-assisted 8-nozzle electrospinning device was used to significantly increase production efficiency by 11.2 times. Most importantly, high-efficiency electrospinning of bio-based materials using water and ethanol as green solvents has become possible. The zein/RV/NRG membrane showed better filtration performance than the N95 mask core layer, with antibacterial rates against Escherichia coli and Staphylococcus aureus over 97 %, and a ultraviolet protection factor of 107.51. This study advances the green manufacturing of high-performance multifunctional composite nanofibers.",Escherichia coli,uv,,
40766083,10.3389/fmicb.2025.1570334,PMC12321847,oa,2025,Frontiers in microbiology,Assessment of the anti-biofilm effect of UV-C irradiation (254 nm) against healthcare associated infections related microorganisms.,"Biofilm-related Multidrug Resistance (MDR) is a major problem in healthcare-associated infections (HAI). Hospital surface decontamination is essential to ensure the safety of patients and to eliminate the dissemination of MDR pathogens. New eco-friendly decontamination technologies, such as UV-C irradiation, are only gaining popularity now, but their use against the biofilm of common microorganisms causing HAI has not been properly assessed. We aimed to assess the efficacy of UV-C irradiation (254 nm) in a 2-phase study by assessing its anti-biofilm effect against sessile cells from microorganisms of hospital interest. The following strains were tested: methicillin-susceptible <i>Staphylococcus aureus</i> (MSSA) (ATCC 29213), methicillin-resistant <i>Staphylococcus aureus</i> (MRSA) (ATCC 43300), <i>Escherichia coli</i> ATCC 25922, <i>Pseudomonas aeruginosa</i> ATCC 15442, and <i>Candida albicans</i> (ATCC 14053), and a clinical strain of methicillin-resistant <i>Staphylococcus epidermidis</i>. First, the tested strains' UV-susceptibility was evaluated through irradiation tests on plates using different UV doses, considering both planktonic and 24 h-biofilm states. Second, the anti-biofilm effect of UV-C was evaluated on stainless steel discs contaminated with a 24 h-biofilm of each strain. With a UV dose of 946.7 mJ/cm<sup>2</sup>, the UV-C irradiation on MSSA ATCC 29213, MRSA ATCC 43300, and MRSE biofilm showed a log<sub>10</sub> reduction of 4.34 ± 0.70, 4.70 ± 0.60, and 4.85 ± 0.98, respectively, while <i>C. albicans</i> ATCC 14053 showed higher UV-resistance in 24 h-biofilm state, being the log<sub>10</sub> reduction of 3.17 ± 0.08. Against Gram negative bacteria biofilm, a UV dose of 467.8 mJ/cm<sup>2</sup> was enough to achieve a microbial titer <1 CFU/mL. Regarding the 24 h-biofilm on discs, a log<sub>10</sub> reduction >3 logs was achieved with all microorganisms applying a UV dose of 946.7 mJ/cm<sup>2</sup>. The application of UV-C irradiation could be a valid additional approach in the management of biofilm HAI.",Escherichia coli,uv,,
40759789,10.1007/s00775-025-02121-0,PMC12675572,oa,2025,Journal of biological inorganic chemistry : JBIC : a publication of the Society of Biological Inorganic Chemistry,Biogenic silver nanoparticles from chamomile incorporated in hydrogels for high transparent non-infectiveness contact lenses.,"Chamomile extract (CHA) was employed in the synthesis of silver nanoparticles (AgNPs(CHA)). These nanoparticles were incorporated into a hydroxyethyl methacrylate (pHEMA) matrix during polymerization at concentrations of 1 mg/mL (pHEMA@AgNPs(CHA)_1) and 2 mg/mL (pHEMA@AgNPs(CHA)_2). The resulting materials- AgNPs(CHA), pHEMA@AgNPs(CHA)_1, and pHEMA@AgNPs(CHA)_2 -were characterized using a plethora of analytical techniques, including Refractive Index (RI), X-ray fluorescence (XRF) spectroscopy, X-ray powder diffraction (XRPD), thermogravimetric-differential thermal analysis (TG-DTA), differential scanning calorimetry (DSC), ultraviolet-visible (UV-Vis) spectroscopy, and attenuated total reflection Fourier-transform infrared (ATR-FTIR) spectroscopy in the solid state, as well as UV-Vis spectroscopy in solution. XRPD analysis revealed a crystallite size of 8.02 nm, while the diameter of the nanoparticles, estimated using the λmax of the Surface Plasmon Resonance (SPR) spectrum, was 37 nm. The antimicrobial properties of the materials were evaluated against Gram-negative bacteria, Pseudomonas aeruginosa and Escherichia coli, as well as Gram-positive bacteria, Staphylococcus epidermidis and Staphylococcus aureus. These pathogens are commonly implicated in microbial keratitis. Antimicrobial efficacy was assessed using Minimum Inhibitory Concentration (MIC), Minimum Bactericidal Concentration (MBC), and Inhibitory Zones (IZs). The IZs for P. aeruginosa, E. coli, S. epidermidis, and S. aureus following incubation with paper discs soaked in 1 mg/mL of AgNPs(CHA) were 16.0 ± 0.6 mm, 11.1 ± 0.9 mm, 15.8 ± 1.2 mm, and 15.1 ± 0.2 mm, respectively. Bacterial viability after incubation with hydrogel discs of pHEMA@AgNPs(CHA)_1 showed reductions to 0.9 ± 0.2%, 100.0 ± 0.0%, 1.9 ± 1.0%, and 4.4 ± 1.5% for P. aeruginosa, E. coli, S. epidermidis, and S. aureus, respectively. Additionally, no toxic effects were observed on human corneal epithelial cells (HCECs). These findings suggest that pHEMA@AgNPs(CHA)_1 has potential as a promising candidate for developing non-infectious contact lenses.",Escherichia coli,uv,,
40725269,10.3390/ijms26147022,PMC12296188,oa,2025,International journal of molecular sciences,Harnessing Plant-Based Nanoparticles for Targeted Therapy: A Green Approach to Cancer and Bacterial Infections.,"This study investigates the antioxidant, antimicrobial, and antitumor activities of <i>Taraxacum officinale</i> (Dandelion) and <i>Artemisia annua</i> (Sweet Wormwood) extracts, along with their role in the green synthesis of gold (AuNPs) and silver nanoparticles (AgNPs). Bioreduction was achieved using aqueous and ethanolic extracts (100 mg/mL), enabling solvent-dependent comparisons. Nanoparticles were characterized using ultraviolet-visible spectroscopy (UV-Vis), fluorescence spectroscopy, scanning electron microscopy (SEM), dynamic light scattering (DLS), high-resolution transmission electron microscopy (HRTEM), and zeta potential analysis. Each technique revealed complementary aspects of nanoparticle morphology, size, and stability, with UV-Vis indicating aggregation states and DLS confirming solvent-related size variation even at 3-5% ethanol. Gold nanoparticles synthesized from Dandelion showed strong antibacterial activity against <i>Staphylococcus aureus</i>, while silver nanoparticles from both plants were effective against <i>Escherichia coli</i>. Cytotoxicity assays indicated that silver nanoparticles obtained from ethanolic Dandelion extract containing 3% ethanol in aqueous solution (AgNPsE<sub>ETOH3%</sub>-D) significantly reduced LoVo (<i>p</i> = 4.58 × 10<sup>-3</sup>) and MDA-MB-231 (<i>p</i> = 7.20 × 10<sup>-5</sup>) cell viability, with high selectivity indices (SI), suggesting low toxicity toward normal cells. Gold nanoparticles synthesized from aqueous Dandelion extract (AuNPsEaq-D) also showed favorable SI values (2.16 for LoVo and 8.41 for MDA-MB-231). Although some formulations demonstrated lower selectivity (SI < 1.5), the findings support the therapeutic potential of these biogenic nanoparticles. Further in vivo studies and pharmacokinetic evaluations are required to validate their clinical applicability.",Escherichia coli,uv,,
40712360,10.1016/j.jhazmat.2025.139305,,no_pmc,2025,Journal of hazardous materials,Assessing crAss-like phages as indicators of antibiotic resistance genes under environmental and disinfection conditions.,"Wastewater systems act as reservoirs for the dissemination of antibiotic resistance genes (ARGs), contributing to the global issue of antimicrobial resistance. CrAss-like phages, such as the prototypical p-crAssphage and the recently identified crAssBcn phages, exhibit high specificity for human fecal contamination, notable environmental persistence, and strong correlations with ARGs. This study assessed their potential as ARG indicators by comparing the persistence of naturally occurring crAss-like phages and three ARGs (tetW, sul1, and bla<sub>TEM)</sub> in urban wastewaters under natural seasonal conditions (winter and summer) using a mesocosm approach. Additionally, inactivation rates were evaluated after disinfection treatments including UV irradiation (5.94-178.2 mJ/cm²), chlorination (10 ppm), and thermal inactivation (60°C and 80°C). Escherichia coli and somatic coliphages served as reference microbial indicators. CrAssBcn phages displayed greater environmental persistence than p-crAssphage in both seasons, showing stability comparable to or exceeding that of ARGs. Notably, crAssBcn remained stable throughout winter, whereas sul1 was the most persistent ARG, showing no detectable inactivation. Both crAss-like phages and ARGs were highly stable after chlorination and thermal treatments, while UV irradiation caused higher reductions in crAss-like phages than in ARGs. These findings highlight crAssBcn's potential as a reliable indicator for ARGs of anthropogenic origin under environmental conditions.",Escherichia coli,uv,,
40686953,10.1021/acsomega.5c02971,PMC12268417,oa,2025,ACS omega,Hydrogen Peroxide Augments the Disinfection Efficacy of 280 nm Ultraviolet LEDs against Antibiotic-Resistant Uropathogenic <i>Escherichia coli</i> Otherwise Tolerant to Germicidal Irradiation.,"The 280 nm ultraviolet light-emitting diode (UV LED) has emerged as a promising water disinfection technology and has been applied from point-of-use devices to municipal-scale systems. Accumulating evidence suggests that small numbers of antimicrobial-resistant bacteria can survive UV treatment; however, little research has been done to evaluate 280 nm UV alone or as part of advanced oxidation processes against these organisms. Here, we investigated 280 nm UV LED inactivation of a high-risk uropathogenic <i>Escherichia coli</i> (<i>E. coli</i>) strain belonging to clade A of the globally distributed, antimicrobial-resistant ST131 lineage known to persist in treated wastewater (ST131-A). We measured disinfection efficacy with and without hydrogen peroxide (H<sub>2</sub>O<sub>2</sub>) and assessed the reactivation of the treated bacteria in the light and dark. Our bench-scale modeling revealed that ST131-A displays UV tolerance, requiring 2.8 times more UV dose (35 mJ/cm<sup>2</sup>) for 6-log<sub>10</sub> inactivation compared to the reference strain <i>E. coli</i> ATCC 25922 (12.5 mJ/cm<sup>2</sup>). Furthermore, we observed ∼1% photoreactivation of <i>E. coli</i> ST131-A even after UV doses of 90 mJ/cm<sup>2</sup>, which is significantly greater than the operational minimums reported for the world's first 280 nm UV wastewater treatment plant. Analysis of a genome-edited bacterial model (<i>Pseudomonas aeruginosa</i>) suggests that bacterial reactivation following 280 nm UV treatment is linked to photolyase activity. The addition of 10-200 mg/L H<sub>2</sub>O<sub>2</sub> increased the inactivation of <i>E. coli</i> ST131-A 6,000-300,000-fold compared to UV or H<sub>2</sub>O<sub>2</sub> treatments alone, respectively. Chemical and microbiological analyses revealed that the mechanism of increased inactivation by combined treatments relied on UV photolysis of H<sub>2</sub>O<sub>2</sub> to generate hydroxyl radicals and residual H<sub>2</sub>O<sub>2</sub> activity that inhibited bacterial reactivation after treatment. Our findings suggest that some <i>E. coli</i> ST131 strains possess high UV tolerance, and that UV/H<sub>2</sub>O<sub>2</sub> treatment may effectively inactivate these multidrug- and UV-tolerant uropathogenic strains and thwart their reactivation in treated water.",Escherichia coli,uv,,
40621032,10.1021/acsomega.5c03575,PMC12223810,oa,2025,ACS omega,Enhanced Antimicrobial and Biofilm-Disrupting Properties of Gallium-Doped Carbon Dots.,"Antibiotic resistance continues to be a global health threat caused by microbial biofilms, yet carbon dots (CDs) offer a promising countermeasure. Doping CDs with metals or nonmetals further enhances their properties while maintaining biocompatibility. This work reports the sonochemical synthesis of gallium-boronic acid carbon dots (Ga-BACDs) under conditions (20 kHz, 2000 W, 60% amplitude, 60 °C, and 60 min), achieving significant gallium incorporation. Ultraviolet-visible and fluorescence analyses reveal characteristic CD absorbance peaks at 286 and 355 nm and strong emission at 397-400 nm. Fourier transform infrared spectral changes on Ga-BACDs suggest successful incorporation of gallium and confirm Ga-H/Ga-O-C (2000-2600 cm<sup>-</sup> <sup>1</sup>) and Ga-O/Ga-O-Ga (400-700 cm<sup>-</sup> <sup>1</sup>) vibrations. X-ray diffraction and Raman spectroscopy data indicate the retention of the amorphous carbon framework with enhanced local ordering. High-resolution scanning electron microscopy (HR-SEM) and high-resolution transmission electron microscopy images demonstrate morphological alterations compared to BACDs with a particle mean diameter of 8.6 ± 4.1 nm. The gallium doping in Ga-BACDs was quantified as 3.66 ppm by using inductively coupled plasma-atomic emission spectroscopy. X-ray photoelectron spectroscopy results indicated that Ga is chemically integrated inside the carbon dot framework. The zeta potential shifts from -32.5 mV (BACDs) to -23.3 mV (Ga-BACDs), evidencing surface charge modulation. The antimicrobial activity of Ga-BACDs was tested against Gram-positive (<i>Staphylococcus epidermidis</i>) and Gram-negative (<i>Escherichia coli</i>) bacterial strains; the presence of gallium contributed to improved bioactivity at 37 °C. HR-SEM images of Ga-BACD-treated bacteria presented significant structural damage, membrane rupture, and surface irregularities. Ga-BACDs inhibited biofilm formation at concentrations as low as 2.5 mg/mL and efficiently eradicated preformed biofilms, highlighting their promise for preventing biofilm-associated infections. MTT assays on normal human brain cells confirm the biocompatibility of Ga-BACD-coated cellulose discs and CD solution (0.1 mg/mL), supporting the safe use of Ga-BACD-modified fibers. Overall, our findings highlight Ga-BACDs as metal-doped carbon nanoparticles, with strong potential for novel antibacterial treatments.",Escherichia coli,uv,,
40615046,10.1016/j.jfp.2025.100575,,no_pmc,2025,Journal of food protection,Effect of Ultraviolet Water Treatment on Survival and Growth of Escherichia coli in Recirculating Hydroponic Systems.,"Hydroponic nutrient solution can serve as a distribution mechanism for human pathogens to spread throughout an indoor farm since many hydroponic farms do not include water treatment during the crop growth period. Contamination can be introduced to recirculating nutrient solution through various routes, including growing media and worker contact. In leafy green production, it is common for nutrient solution to inadvertently contact produce during harvest or packaging. Therefore, it is critical that such water be free of human pathogens. Ultraviolet (UV) treatment of water could reduce contamination in nutrient solution without disrupting production or introducing new chemical inputs to the nutrient solution. This study investigated the survival of generic Escherichia coli (E. coli) in hydroponic systems and assessed the efficacy of a 254 nm UV-C light treatment for E. coli reduction. Romaine lettuce was grown in hydroponic systems for six weeks. E. coli was inoculated into hydroponic nutrient solution at 6.02 average log CFU/mL UV-C treatments of water were performed biweekly. Hydroponic controls grew plants but received no UV-C treatment, and nonhydroponic controls neither grew plants nor received treatment. The efficacy of the treatment was assessed in terms of bacterial reduction in log CFU/mL. The UV-C treatments resulted in significant (P < 0.001) reductions of 1.4-1.5 log<sub>10</sub> CFU/mL of E. coli in the nutrient solution. However, the E. coli population declined naturally over the weeks following the inoculation, independent of the UV-C treatment. Survival of E. coli beyond one week is limited in the nutrient solution. Still, UV-C treatment has the potential to be used as a preventative safeguard for the microbial safety of the hydroponic production system by reducing contamination within the nutrient solution during crop growth. This can help maintain the safety of hydroponically grown fresh produce and reduce the likelihood of future outbreaks.",Escherichia coli,uv,,
40611966,10.3389/fmicb.2025.1591202,PMC12222215,oa,2025,Frontiers in microbiology,Sustainable water reuse in food production: risks of extended-spectrum β-lactamase (ESBL)-producing <i>Escherichia coli</i> and antimicrobial resistance gene release from tertiary-treated reclaimed water.,"Wastewater reuse for agricultural irrigation is increasingly essential, but it carries potential public health risks due to the dissemination of antimicrobial resistance (AMR). This study evaluates the effectiveness of four tertiary wastewater treatment technologies-peracetic acid (PAA), PAA combined with low-intensity ultraviolet-C (PAA/UV Low), high-intensity UV-C (UV High), and ultrafiltration (UF)-in reducing extended-spectrum β-lactamase-producing <i>Escherichia coli</i> (ESBL-<i>E. coli</i>) and antimicrobial resistance genes (ARGs) in reclaimed water used for irrigation. The relative abundance of the genes, normalized to the 16S RNA gene present in the water samples, was then estimated to assess whether there is an amplification of these genes during the reuse process in the wastewater treatment plant (WWTP). The results indicate that while all treatments significantly reduced ESBL-<i>E. coli</i> (≥3 logs cfu/100 mL) and ARGs (≥ 1.5 logs gc/100 mL), complete elimination was not achieved in any WWTP. Among the treatments, UF demonstrated the highest removal efficiency (≈4 log gc ARG/100 mL), against ARGs, followed by UV High (≈3 log gc ARG/100 mL), whereas PAA and PAA/UV Low were less effective (≈2 log gc ARG/100 mL). The study also found that while absolute ARG levels were reduced, their relative abundance remained stable or showed minimal decline, suggesting a persistent environmental reservoir of resistance genes. Among the ARGs analyzed, the most frequently detected were associated with tetracyclines (<i>tetW, tetA</i>), quinolones (<i>qnrB, qnrS</i>), and sulfonamides (<i>sul1, sul2</i>), highlighting potential public health concerns. Moreover, multidrug-resistant (MDR) ESBL-<i>E. coli</i> isolates were present across all WWTPs, exhibiting resistance to β-lactams, quinolones, tetracyclines, and sulfonamides. Nevertheless, notably low levels of resistance to last-resort antibiotics (tigecycline, colistin, and meropenem) were observed. These findings underscore the critical role of tertiary treatments in mitigating antimicrobial resistance (AMR) risks in water reuse systems. However, the persistence of ARGs in effluents suggests that current WWTP processes require further optimization.",Escherichia coli,uv,,
40573197,10.3390/ph18060800,PMC12196204,oa,2025,"Pharmaceuticals (Basel, Switzerland)",Fluoroquinolones for Dermatologists: A Practical Guide to Clinical Use and Risk Management.,"<b>Background:</b> Fluoroquinolones, available in topical and oral formulations, are used to manage bacterial skin and soft tissue infections, including <i>Pseudomonas aeruginosa</i>, atypical mycobacteria, and select multidrug-resistant Gram-negative organisms. Their excellent tissue penetration, bactericidal activity, and convenient dosing make them effective for certain skin and soft tissue infections. However, their use is limited by potential safety concerns, including tendinopathy (odds ratio up to 9.1 in corticosteroid users), QT interval prolongation with risk of torsades de pointes, phototoxicity, and rising antimicrobial resistance. <b>Methods:</b> A literature search of PubMed, Scopus, and Web of Science was conducted for articles from January 1985 to April 2025 with the search terms (quinolone OR fluoroquinolone) AND (dermatology OR ""skin and soft tissue infection"" OR ""skin structure infection""). Abstracts and presentations were excluded. A Google search used the same terms for articles from government regulatory agencies. <b>Results:</b> This review provides practical guidance on the clinical use of topical and oral fluoroquinolones in dermatology. Delafloxacin demonstrated over 90% cure rates in trials for complicated skin infections. However, serious safety concerns remain, including a ninefold increase in tendinopathy risk among older adults on corticosteroids and corrected QT intervals exceeding 500 milliseconds in high-risk patients. Phototoxicity varies, with agents like sparfloxacin linked to heightened ultraviolet sensitivity. Resistance to ciprofloxacin exceeds 20 percent in <i>Escherichia coli</i> and <i>P. aeruginosa</i> in some populations. Culture-based prescribing, shorter treatment courses, and preference for topical treatments can reduce risk and preserve efficacy. <b>Conclusions:</b> Fluoroquinolones remain clinically useful in dermatology when prescribed selectively. Their appropriate use requires careful attention to patient risk factors along with their evolving resistance patterns and ongoing stewardship efforts.",Escherichia coli,uv,,
40572078,10.3390/microorganisms13061190,PMC12194870,oa,2025,Microorganisms,"A Bifidobacterium Strain with Antibacterial Activity, Its Antibacterial Characteristics and In Vitro Probiotics Studies.","The search for natural antimicrobials has intensified with rising food safety demands. This study evaluated 23 probiotic strains, identifying <i>Bifidobacterium</i> sp. strain TF04 as a potent inhibitor against pathogens, with inhibition zone diameters of 12.85 ± 0.12 mm (<i>Escherichia coli</i>), 14.85 ± 0.10 mm (<i>Staphylococcus aureus</i>), and 17.50 ± 0.23 mm (<i>Staphylococcus epidermidis</i>). Preliminary analysis shows that the main antibacterial compounds produced by TF04 in the process of bacterial growth inhibition are antibacterial active proteins. TF04 exhibits optimal bacteriostatic activity within the pH range of 2-4, with a notable decline in effectiveness as the pH value increases. At the same time, the bacteriostat produced by TF04 showed strong thermal stability and ultraviolet stability. TF04 demonstrated excellent probiotic potential: surviving acidic (pH 2.0, >45% viability) and bile conditions (3% bile salts, >55% survival). It showed strong auto-aggregation (40.10%) and hydrophobicity (>30%), indicating gut colonization potential, along with notable antioxidant capacity. Safety was confirmed by absent hemolytic and gelatinase activities. These properties position TF04 as a promising multifunctional candidate for food preservation, combining antimicrobial efficacy with probiotic benefits. Further studies will purify its bioactive compounds and validate applications in food systems.",Escherichia coli,uv,,
40565667,10.3390/foods14122056,PMC12191651,oa,2025,"Foods (Basel, Switzerland)",Functional Quality and Microbiological Stability of Grape Juice During Processing by UV-C Light Compared to Mild Heat Treatment and Evolution of the Parameters During Cold Storage.,"The effect of UV-C was assessed on microbiological stability, functional compounds, and quality factors of white grape juice compared to mild thermal treatment (MTT). The inactivation kinetics of <i>Escherichia coli</i> (target microorganism) and <i>Saccharomyces cerevisiae</i> in grape juice by UV-C and MTT (75 °C) were evaluated to define the processing time. The comparative effect on the functional compounds was evaluated. Additionally, microbiological stability and quality factors were assessed during storage at 4 °C. The grape juice was characterized (pH 3.7, 25 °Brix, absorption coefficient 44.2 cm<sup>-1</sup>, total phenols (TP) 214 mg GAE/L). UV-C (569 mJ/cm<sup>2</sup>) reduced <i>E. coli</i> to 5.03 log CFU/mL in 12.5 min, preserved TP (235 mg GAE/L), and antioxidant capacity (AC 4.5 mM TE/L). Thermal treatment reduced <i>E. coli</i> to 5.14 log CFU/mL in 180 s, increased TP (237-312 mg GAE/L), and maintained the AC of the juice. During storage, UV-C and MTT controlled microbiota growth, extending the time of microbiological stability by 42%. All the treatments showed a similar gradual loss of TP during storage. However, MTT has better-preserved color parameters. In conclusion, UV-C was effective from a microbiological perspective without compromising the functional quality of juice. However, further research is needed to improve color.",Escherichia coli,uv,,
40556377,10.1021/acssynbio.5c00212,,no_pmc,2025,ACS synthetic biology,UV-Resistant Cell-Free Reactions with Synthetic Melanin Additives.,"<i>Escherichia coli</i> lysate-based cell-free systems have gained traction for a variety of point-of-use biological applications. Lysate-based cell-free reactions can be freeze-dried, deployed without requiring cold chain, and have a high ease of use through simple rehydration. To maximize their potential, it is of interest to stabilize these reactions to withstand a variety of conditions for long-term storage and use, including stabilization to UV exposure. To address this issue and aid in point-of-use applications, we investigate the use of synthetic melanin nanoparticles as UV-protective additives that are compatible with cell-free reactions. These particles have broadband absorption properties and radical scavenging activity that allow for protection from free radical generation during prolonged UV exposure. Stabilizing cell-free reactions in this way may prolong the stability for use in the field where exposure to sunlight is inevitable.",Escherichia coli,uv,,
40555013,10.1016/j.jhazmat.2025.139026,,no_pmc,2025,Journal of hazardous materials,Beyond cold chain: Exploring bacterial-viral interactions and disinfection strategies for norovirus persistence on organic lettuce under temperature fluctuations.,"Storage temperature and microbial interactions are critical to human norovirus transmission and food safety in fresh produce. This study examined the survival of murine norovirus (MNV-1), a surrogate of human norovirus, and co-contaminating bacteria on organic lettuce, being a significant vehicle, and its packaging materials during cold-chain transportation, focusing on temperature fluctuations and microbial interactions. Samples contaminated with Pseudomonas sp. SC006 [Histo-Blood Group Antigen (HBGA)-expressing bacteria], Escherichia coli O157:H7, and MNV-1 were exposed to 4°C, fluctuating temperatures between 4°C and 25°C, and a constant 25°C. Both bacteria showed temperature-dependent growth, proliferating faster at 25°C. MNV-1 survival varied with temperature, persisting longer at lower temperatures. HBGA-expressing bacteria increased MNV-1 survival during temperature fluctuations. Disinfection experiments using chlorine dioxide (ClO<sub>2</sub>, initial concentration of 0.03 %, pH 1.5) revealed that the interaction between MNV-1 and Pseudomonas SC006, particularly the high expression of HBGA in SEPS-SC006, protected MNV-1. Combined ClO<sub>2</sub> (180 ppm) and ultraviolet (UV, 200 mJ/cm<sup>2</sup>) treatment effectively disinfected MNV-1, overcoming resistance from indigenous bacteria. Transmission electron microscopy (TEM) and molecular docking analysis showed MNV-1 particles binding to HBGA-like substances in SEPS-SC006, potentially enhancing viral resistance. Overall, temperature fluctuations and bacterial-viral interactions affected MNV-1 survival, and the combination of UV and ClO<sub>2</sub> offers a promising approach for ensuring fresh produce safety throughout the food cold chain.",Escherichia coli,uv,,
40509452,10.3390/foods14111924,PMC12155466,oa,2025,"Foods (Basel, Switzerland)","Emerging and Innovative Technologies for the Sanitization of Fresh Produce: Advances, Mechanisms, and Applications for Enhancing Food Safety and Quality.","The consumption of fresh produce has significantly increased in recent years, contributing to improved diets through the provision of essential nutrients, vitamins, and fiber. However, there has been a rise in foodborne illness outbreaks linked to fruits and vegetables, often caused by pathogens such as <i>Escherichia coli</i> O157:H7, <i>Salmonella</i> spp., and <i>Listeria monocytogenes</i>. These outbreaks have led to severe health consequences, including illnesses, hospitalizations, and even deaths. Once produce is contaminated by foodborne pathogens, these pathogens are difficult to eliminate. Traditional decontamination methods, such as water washes and chlorine-based sanitizers, have been widely used to address these microbial concerns. However, these methods may not be effective against pathogens in crevices or biofilms on the surface of produce, and their effectiveness varies depending on the type of produce and pathogens. Moreover, the chemicals used may raise health and environmental concerns. As a result, novel technologies for pathogen inactivation are gaining attention. These include ozone, ultraviolet light, cold plasma, pulsed light, ultrasound, microbubbles, nanobubbles, electrolyzed water, high-pressure processing, chlorine dioxide gas, and among others. This paper reviews a range of emerging and innovative technologies for the sanitization of fresh produce. The mechanisms, advancements, and practical applications of these technologies are examined with a focus on enhancing food safety and preserving produce quality. These innovative methods provide new opportunities for both research and industry to develop practical, affordable, and safe solutions for maintaining produce safety and quality. Recent studies highlight the effectiveness of combining methods, showing that using multiple sanitization techniques can significantly improve pathogen inactivation on fresh produce. For example, more than 5 log reductions of <i>Listeria innocua</i> and <i>E. coli</i> on avocado, watermelon, and mushroom can be achieved with the combined application of pulsed light and malic acid in previous research. In this review, we recommend the application of combined sanitization methods, emphasizing that integrating multiple techniques can provide a more effective and comprehensive approach to pathogen inactivation. This combined-method strategy has become a promising and innovative trend in the ongoing efforts to improve produce safety and quality.",Escherichia coli,uv,,
40505407,10.1016/j.jhazmat.2025.138864,,no_pmc,2025,Journal of hazardous materials,Reactive chlorine species inhibiting interspecies spread of antibiotic resistance via disrupting donor - Recipient cells and regulating plasmid conjugation genes.,"Current drinking water treatment plant (DWTP) disinfection technologies face limitations, allowing plasmid-mediated antibiotic resistance genes (ARGs) transfer to occur among viable but nonculturable (VBNC) bacteria, heightening the risk of antibiotic-resistant infections. While UV/Chlorine has been adopted to curb ARGs abundance, its impacts on the interspecies transfer of ARG-carrying plasmids remain hardly explored. This study investigated how reactive chlorine species (RCS) in the UV/Chlorine system inhibited the transfer of antibiotic resistance from antibiotic-resistant Escherichia coli (AR E. coli) to Bacillus subtilis (B.S) by inactivating both donor and recipient strains and regulating plasmid conjugation genes. RCS reduced plasmid transfer frequencies by 2.1-log and 3.2-log compared to UV or chlorine alone. By impairing <sup>•</sup>OH scavenging ability, it led to ROS accumulation in AR E. coli, disrupting cellular energy metabolism and DNA repair, ultimately causing DNA degradation and membrane damage, resulting in AR E. coli inactivation rather than entering the VBNC state. Additionally, RCS induced structural and intracellular disruption in B.S, compromising its capacity for plasmid uptake and stable maintenance. Finally, RCS inhibited plasmid horizontal transfer while enhancing vertical transfer, with its damage to outer membrane proteins further restricting interspecies plasmid conjugation transfer. This study provides novel insights for DWTPs to better control ARGs interspecies transfer and improve drinking water safety.",Escherichia coli,uv,,
40499852,10.1016/j.ijbiomac.2025.145129,,no_pmc,2025,International journal of biological macromolecules,"Development and characterization of an innovative UV-resistant biocomposite film based on Hyptis suaveolens mucilage, black gram husk lignin, and Citrus macroptera essential oil.","The study aimed to fabricate a novel biodegradable UV barrier composite food packaging by integrating Hyptis suaveolens seed mucilage (HSSM), black gram husk (BGH) lignin, and Citrus macroptera peel essential oil (CMEO). The resulting HSSM/BGH-lignin/CMEO were characterized by Fourier transform infrared spectroscopy (FTIR), thermogravimetric analysis (TGA-DTG), scanning electron microscopy (SEM), and energy dispersive X-ray (EDX) spectroscopy. In addition, the mechanical properties, water resistance, color, and UV-blocking abilities of the films were also evaluated. UV-spectroscopy, FTIR, and SEM-EDS validated BGH-lignin's successful extraction and reinforcement in active food packaging. The GC-MS study identified 23 distinct bioactive components in CMEO that are responsible for the films' antioxidants and antibacterial properties. Optimal BGH-lignin incorporation (0.12-0.18 % w/v) improved the films' tensile strength and elongation at break, while CMEO addition (0.05-0.15 % v/v) conferred antibacterial activity against Escherichia coli and Staphylococcus aureus. At the same time, the addition of lignin and essential oil reduced the moisture content, enhanced the water resistance properties, and improved UV-blocking capabilities, with the F5 film achieving 100 % UVA protection at higher concentrations. TGA-DTG analysis indicated superior thermal stability and reduced weight loss in the HSSM/BGH-lignin/CMEO composite film compared to the HSS-mucilage control. The biodegradability test confirmed that the composite films had almost disintegrated, losing over 90-95 % of their original weight, demonstrating substantial biodegradability. Overall findings of the current study showed that HSSM/BGH-lignin/CMEO films had significant potential as biodegradable, antimicrobial, and UV-resistant films for developing active food packaging.",Escherichia coli,uv,,
40480437,10.1016/j.jfp.2025.100555,,no_pmc,2025,Journal of food protection,"Effectiveness of UVC-Assisted Fenton Reaction Wash-Based System to Inactivate Salmonella Typhimurium, Escherichia coli O157:H7, and Listeria monocytogenes on Cherry Tomatoes.","The Fenton reaction results when hydrogen peroxide (H<sub>2</sub>O<sub>2</sub>) interacts with the ferrous ion, producing highly antimicrobial hydroxyl free radicals (OH). In this study, a UVC-assisted Fenton reaction was tested against cocktails of Salmonella Typhimurium, E. coli O157:H7, and Listeria monocytogenes, inoculated onto cherry tomatoes. Inoculated cherry tomatoes were subjected to 2% H<sub>2</sub>O<sub>2</sub> wash, 1 mM Fe<sup>3+</sup> wash, or exposed to UVC during washing, and simultaneously in the following combinations: H<sub>2</sub>O<sub>2</sub> + Fe<sup>3+</sup>, H<sub>2</sub>O<sub>2</sub> + UVC, or H<sub>2</sub>O<sub>2</sub> + Fe<sup>3+</sup> + UVC for 2 min at ambient temperature (∼20 °C). In addition, OH were measured using the methylene blue dye test, after combining Fenton reaction components in water. Results revealed that H<sub>2</sub>O<sub>2</sub> alone, or in combination, reduced significantly higher populations of the three bacterial pathogens, when compared with water wash alone. The H<sub>2</sub>O<sub>2</sub> + Fe<sup>3+</sup> + UVC treatment inactivated 5.24 ± 1.17 log CFU Salmonella/fruit, which was significantly (P < 0.05) greater than those reduced by Fe<sup>3+</sup> or UVC alone. However, the reduction was not statistically significant when compared to H<sub>2</sub>O<sub>2</sub>, H<sub>2</sub>O<sub>2</sub> + Fe<sup>3+,</sup> or H<sub>2</sub>O<sub>2</sub> + UVC. Similarly, the combinations did not inactivate significantly (P > 0.05) more E. coli O157:H7 and L. monocytogenes than individual H<sub>2</sub>O<sub>2</sub> or UVC treatments, with reductions of 2.31-3.20 and 1.96-3.17 log CFU/fruit, respectively, although OH were produced in water during the H<sub>2</sub>O<sub>2</sub> + Fe<sup>3+</sup> + UVC treatments. Overall, our results demonstrate that UVC-assisted Fenton washing does not consistently exhibit advantages over individual H<sub>2</sub>O<sub>2</sub> or UVC treatments during cherry tomato washing to inactivate foodborne pathogens, presumably due to the inability of short-lived hydroxyl radicals to reach the bacteria on tomatoes.",Escherichia coli,uv,,
40462972,10.1101/2025.05.14.654146,PMC12132193,oa,2025,bioRxiv : the preprint server for biology,Induced tolerance to UV stress drives survival heterogeneity in isogenic <i>E. coli</i> cell populations.,"The emergence of transiently tolerant bacterial subpopulations challenges our understanding of stress tolerance mechanisms. While much is known about antibiotic tolerance, it remains unclear whether similar mechanisms contribute to survival under ultraviolet (UV) stress. Here, we employed a modified Luria-Delbrück fluctuation test to investigate the presence of pre-existing UV-tolerant subpopulations in <i>Escherichia coli</i>. Our results showed no significant evidence of pre-stress UV tolerance. Instead, the data suggest that survival is primarily driven by inducible DNA repair responses activated after UV exposure. Furthermore, sequential low-dose UV exposures yielded higher-than-expected survival, suggesting that transient tolerance can be induced following initial UV exposure, likely through active DNA repair processes. These findings indicate that <i>E. coli</i> survives UV stress via an induced, rather than pre-existing, mechanism of tolerance.",Escherichia coli,uv,,
40435650,10.1016/j.foodchem.2025.144866,,no_pmc,2025,Food chemistry,Enhancement of oil-resistance and antibacterial property of cellulose paper by coated with natural compound for eco-friendly cake packaging.,"The amphipathic property of paper inhibits its applications in cake packaging. Herein, sodium alginate, calcium chloride, and cinnamaldehyde were mixed, and the process was precisely controlled to maintain homogenously aqueous coating solution. Sodium alginate and Ca<sup>2+</sup> chelation is helpful to the intermolecular hydrogen bonding, which improves oil resistance of the coated papers. Kit number of the coated papers were 12 at 30, 45, 60, 75, 90, 105 and 120 °C, and soybean oil resistance time was over 24 h. The coated papers exhibited good biocompatibility, and the bacterial inhibition zones reached 28 (Escherichia coli) and 34 mm (Staphylococcus aureus). Additionally, the mechanical property, air permeability, ultraviolet and high-energy blue light blocking, and antioxidative property were all improved. Cake preservation results showed that the coated paper inhibited oil penetration and bacterial proliferation. This biomass-based coated papers can be an alternative for grease food packaging.",Escherichia coli,uv,,
40430511,10.3390/ph18050691,PMC12115169,oa,2025,"Pharmaceuticals (Basel, Switzerland)",From Flower to Medicine: Green-Synthesized Silver Nanoparticles as Promising Antibacterial Agents.,"<b>Background:</b> Breast cancer and chronic bacterial infections are pressing global health issues, and traditional treatments are often hampered by resistance and adverse side effects. This study sought to create silver nanoparticles (AgNPs) through eco-friendly synthesis using Hibiscus rosa sinensis (HRS) flower extract and to assess their antibacterial, antibiofilm, and anticancer properties. <b>Methods:</b> HRS extract functioned as both a reducing and stabilizing agent in the synthesis of AgNPs. The nanoparticles were characterized using ultraviolet-visible spectroscopy (UV-Vis), Fourier-transform infrared (FTIR) spectroscopy, and transmission electron microscopy (TEM). Antibacterial and antibiofilm properties were evaluated against gram-positive (<i>Staphylococcus aureus</i> and <i>Enterococcus faecalis</i>) and gram-negative (<i>Escherichia coli</i> and <i>Pseudomonas aeruginosa</i>) bacteria using agar well diffusion and XTT reduction assays. The cytotoxic effects on MDMB-231 breast cancer cells and normal splenocytes were measured using the MTT assay, whereas fluorescence microscopy was used to observe reactive oxygen species (ROS) production, changes in mitochondrial membrane potential, and caspase-3 activation. <b>Results:</b> The synthesized HRS-AgNPs, primarily ranging from 10 to 50 nm, displayed a distinct surface plasmon resonance (SPR) peak at 428 nm. They exhibit notable antibacterial activity, especially against gram-positive bacteria, and effectively disrupt bacterial biofilms. Cytotoxicity evaluations showed that HRS-AgNPs decreased the viability of MDMB-231 cells in a dose-dependent manner, with minimal toxicity observed in normal splenocytes. The increase in ROS levels, reduction in mitochondrial membrane potential, and heightened caspase-3 activity collectively suggest apoptosis-driven cell death in cancer cells. <b>Conclusions:</b> HRS-AgNPs demonstrated dual functionality, with strong antibacterial and selective anticancer effects. Their environmentally friendly synthesis, stability, and significant biological activities suggest their potential for further development, including in vivo safety and efficacy assessments for clinical applications in treating infections and breast cancer.",Escherichia coli,uv,,
40409131,10.1016/j.jphotobiol.2025.113180,,no_pmc,2025,"Journal of photochemistry and photobiology. B, Biology",Effect of various carbon supports for TiO<sub>2</sub> and N-doped TiO<sub>2</sub> photocatalysts for inactivation of Escherichia coli in water under UV-visible light.,"This study evaluates the effectiveness of various carbon nanostructures carbon glassy spheres (CGS), carbon nanopowder (CNP), and activated carbon (AC) as supports for TiO<sub>2</sub> and N-TiO<sub>2</sub> photocatalysts in the inactivation of Escherichia coli (E. coli) in water. The photocatalysts were synthesized using a sol-gel method. Transmission electron microscopy (TEM) and X-ray diffraction (XRD) analyses confirmed the presence of anatase-phase TiO<sub>2</sub> on the carbon supports, with the synthesized TiO<sub>2</sub> nanoparticles exhibiting particle sizes below 10 nm. Fourier transform infrared (FTIR) spectroscopy identified metal‑oxygen bonds and surface hydroxyl groups on the photocatalyst surface, while X-ray photoelectron spectroscopy (XPS) confirmed the Ti<sup>4+</sup> oxidation state and nitrogen incorporation in nitrogen-doped TiO<sub>2</sub> (N-TiO<sub>2</sub>) samples. The photocatalytic performance of these materials was investigated for E. coli inactivation under both UV and UV-visible light irradiation. Results demonstrated that carbon-supported TiO<sub>2</sub> and N-TiO<sub>2</sub> nanocomposites exhibited significantly enhanced photocatalytic activity compared to their unsupported counterparts. Superior photocatalytic performance was observed under UV-visible light compared to UV light. Among the three carbon-supported systems, TiO<sub>2</sub> and N-TiO<sub>2</sub> nanocomposites deposited on CGS achieved the highest photocatalytic activity. The enhanced performance was attributed to the morphology and particle size of the carbon supports, which played critical roles in optimizing photocatalytic inactivation of E. coli in water.",Escherichia coli,uv,,
40378341,10.1080/14786419.2025.2505604,,no_pmc,2025,Natural product research,"Biological activities of BY2-melanin, a plant-type eumelanin, isolated from cultured tobacco BY-2 cells.","BY2-melanin, a plant eumelanin distinct from nitrogen-free plant allomelanins, was previously isolated from cultured BY-2 tobacco cells. Herein, the biological activities of BY2-melanin, including its ability to protect against ultraviolet radiation (UVR) and antioxidant activity, were investigated. Based on the survival rate of <i>Escherichia coli</i>, the ability of BY2-melanin to protect against UVR was three and eight times higher than that of melanins isolated from fungi and bacteria, respectively. Its antioxidant activities, determined as ferrous iron-chelating activity and reducing power, were 1.7-4.9 and 0.3-0.4 times higher than those of animal melanins, respectively. Its 2,2-diphenyl-1-picrylhydrazyl and superoxide radical scavenging activities were similar to those of mushroom melanin, whereas its hydroxyl radical scavenging activity was one-fourth of that of melanins derived from mushroom and black tea. These findings shed light on the development of a class of melanin biopolymers that can be used as a broad-spectrum sunscreen with antioxidant activity.",Escherichia coli,uv,,
40361577,10.3390/foods14091494,PMC12071400,oa,2025,"Foods (Basel, Switzerland)",A Comprehensive Study on the Development of an Isotonic Sports Drink Preserved by UV-C Light Assisted by Mild Heat and Loaded with Yerba Mate (<i>Ilex paraguariensis</i> St. Hill.) Extract.,"A unique isotonic sports drink (ISD) was created in this study using a pilot-scale short-wave ultraviolet light (UV-C, 892 mJ/cm<sup>2</sup>, 20 °C) assisted by mild heat (UV-C/H, 534 mJ/cm<sup>2</sup>, 50 °C), which was followed by the addition of yerba mate (<i>Ilex paraguariensis</i>) extract (YME). Consumer perception and microbiological and physicochemical stability during refrigerated storage (4 °C/23 d) were assessed for the ISD. <i>Alicyclobacillus acidoterrestris</i> (AA) spores and cocktails of yeasts and <i>Escherichia coli</i> were considerably inactivated by UV-C/H. The TEM and SEM micrographs showed that AA evidenced sustained severe structural damage. Furthermore, UV-C/H completely inactivated the native microbiota, while YME incorporation increased the initial aerobic mesophilic and mold-and-yeast populations by 0.48 and 0.70 log cycles, remaining stable during storage. YME addition enhanced total polyphenols, flavonoids and antioxidant activity by 2.7-3.7, 16.5-16.7 and 6.6-24.0 times compared to the untreated ISD and ISD-UVC/H samples. Except for sedimentation and turbidity, the other physical characteristics mostly did not change (going from 1494 ± 382 to 2151 ± 106 NTU). The initial 5-HMF value in the ISD was raised by UV-C/H treatment and YME addition. Notwithstanding, it stayed below the allowed threshold throughout storage. ISD-UVC/H+YME had a high overall acceptability score; 60% of panelists gave the drink a score of seven or higher. Additionally, the herbal taste of YME was well liked, and its bitterness was perceived as mild. These findings suggest that including YME and the UV-C/H treatment can produce an ISD of superior quality with distinct sensory attributes.",Escherichia coli,uv,,
40341646,10.1002/bip.70023,,no_pmc,2025,Biopolymers,Studies on Gelatin-Keratin-Chitosan Functionalized Silver Nanoparticles Based Bionanocomposite Films With Improved Antimicrobial and UV-Blocking Properties.,"This study investigates the properties of a biocomposite film made from gelatin and sustainably sourced keratin incorporating chitosan-functionalized silver nanoparticles. Varied concentrations of chitosan solution (i.e., 0.4%, 0.6%, 0.8%, and 1% w/v) were used in the synthesis of silver nanoparticles, and their particle size, distribution, and antibacterial and antifungal activities were evaluated against foodborne pathogens (Escherichia coli, Staphylococcus aureus, Rhizopus stolonifer, and Aspergillus niger). The addition of keratin enhanced the film's tensile strength to 16.64 MPa, a 403% increase compared to the gelatin film. However, incorporating 2% chitosan functionalized silver nanoparticles reduced the tensile strength to 9.07 MPa compared to the Gelatin-Keratin film. The distribution of nanoparticles and the interaction between the polymer chains were analyzed using scanning electron microscopy and Fourier transform infrared spectroscopy. The composite films also exhibited significant UV blocking efficiency, achieving 99% blockage of ultraviolet A and 100% blockage of ultraviolet B. The biocompatibility of the films was tested with MG63 cell lines, showing that silver nanoparticle concentrations (0.3%-2%) improved cell viability to 87% after 96 h of incubation. These findings reveal that the bionanocomposite films exhibit strong antibacterial and antifungal properties, along with excellent biocompatibility, making them ideal materials for wound healing and tissue engineering applications.",Escherichia coli,uv,,
40334892,10.1016/j.ijbiomac.2025.143947,,no_pmc,2025,International journal of biological macromolecules,Preparation and characterization of κ-carrageenan/yam starch composite films incorporated with cinnamaldehyde Pickering emulsions.,"Plastic packaging is highly resistant to degradation, leading to significant environmental pollution. Therefore, it is necessary to develop a new type of packaging material, especially natural polymer-based packaging materials. This study aimed to prepare a κ-carrageenan/yam starch (KC/YS) composite film incorporating cinnamaldehyde-based Pickering emulsions (CA-PE) to resolve the aforementioned issue and to investigate the impact of the CA-PE on the physicochemical characteristics and bioactivity of the composite films. The scanning electron microscopy image analysis revealed that the CA Pickering emulsion with a 15 % volume fraction (CA-PE-15 %) was homogeneously dispersed within the composite films. The thermogravimetric analysis revealed enhanced thermal stability of the composite films after CA-PE addition. The water contact angle measurements demonstrated a significant improvement (P < 0.05) in hydrophobicity. The composite films exhibited superior barrier properties in the ultraviolet spectrum and significantly enhanced antioxidant capacity (P < 0.05) following the incorporation of the CA-PE emulsion. Moreover, the composite film containing CA-PE-15 % exhibited potent inhibitory effects against Escherichia coli and Staphylococcus aureus, demonstrating excellent antibacterial activity. In summary, the KC/YS composite films incorporating cinnamaldehyde-based PE exhibited superior properties and displayed immense potential for diverse applications.",Escherichia coli,uv,,
40334545,10.1016/j.ijfoodmicro.2025.111234,,no_pmc,2025,International journal of food microbiology,Antimicrobial activity and mechanism of ferulic acid in combination with UV-A light against Escherichia coli and its application on chicken preservation.,"More attention has been paid to developing new antibacterial drugs from natural products due to antibacterial resistance. Ferulic acid (FA) is a natural phenolic acid with demonstrated antimicrobial effects. However, its bactericidal activity is insufficient to achieve a rapid bacteria reduction in a short time. This study demonstrates the antimicrobial activity and synergistic interaction of FA in combination with ultraviolet A (UV-A) against Escherichia coli (E. coli). The synergistic activity against E. coli was concentration and time-dependent. A set of associated changes in cellular functions of E. coli including membrane integrity, cell membrane permeability and DNA damages were measured. Morphologically, the treated cells exhibited a bacterial membrane and DNA dysfunction. Furthermore, the photostability and photochemical pathway of FA upon UV-A exposure was investigated. A rapid photochemical degradation of FA upon UV-A irradiation was observed due to the photoisomerization process of FA. Type II reaction was assumed as the main photochemical pathway as evidenced by the actions of different quenching agents. Antibacterial activity of FA + UV-A was also tested on chicken breast meat. A reduction of the loads of E. coli bacteria on chicken and good maintenance of its quality was achieved. This combination of methods helps to reduce the use of chemical food preservatives and provide new ways to control pathogenic microorganisms in food industry.",Escherichia coli,uv,,
40332206,10.1590/1519-6984.288042,,no_pmc,2025,Brazilian journal of biology = Revista brasleira de biologia,The effect of coffee as a bio reductant in the synthesis of silver nano particles combined with laser photodynamics for bacteria inactivation.,"Silver nanoparticles (AgNPs) have gained significant attention in antimicrobial treatments due to their potent antibacterial properties and potential applications in combating antibiotic-resistant pathogens. Green synthesis of AgNPs using natural extracts provides an eco-friendly and scalable alternative to chemical methods, leveraging plant bioactive compounds to enhance nanoparticle efficacy. Coffee extract, rich in polyphenols, effectively reduces mixed silver ions into pure silver nanoparticles at the nanoscale. This process not only provides an eco-friendly and sustainable method for AgNP synthesis but also ensures the production of high-quality nanoparticles with enhanced antibacterial properties, making it a promising alternative to traditional chemical reduction methods. This study investigates the biosynthesis of AgNPs using robusta, excelsa, and arabica coffee extracts as bioreductors, capitalizing on coffee's abundance and richness in polyphenols to produce efficient, customizable nanoparticles with improved antibacterial properties. The synthesized AgNPs were characterized using Ultraviolet-Visible (UV-Vis) spectroscopy and a Particle Size Analyzer (PSA). Antimicrobial photodynamic therapy (aPDT) with red laser exposure was employed to evaluate the effect of various energy densities on bacterial samples. Antibacterial efficacy was assessed using the diffusion well and Total Plate Count (TPC). The UV-Vis analysis revealed peak absorbance wavelengths of 425 nm, 450 nm, and 500 nm for robusta, arabica, and excelsa coffee extracts, respectively. PSA results indicated particle sizes at D50 of 73.08 nm (AgNPs-Arabica), 67.85 nm (AgNPs-Robusta), and 67.67 nm (AgNPs-Excelsa), confirming their nanoscale range (1-100 nm). Antibacterial tests showed the highest Escherichia coli bacterial death rate (95.73%) with AgNPs-Arabica and red laser treatment. Compared, Staphylococcus aureus bacterial death peaked at 94.97% with AgNPs-Excelsa and red laser treatment. These findings highlight the potential of green-synthesized AgNPs as effective antimicrobial agents, particularly when combined with laser-based therapies, offering innovative approaches for treating bacterial infections.",Escherichia coli,uv,,
40321010,10.1515/bmt-2025-0070,,no_pmc,2025,Biomedizinische Technik. Biomedical engineering,Chamber design and intensity-modulated ultraviolet-C LEDs for advanced pulsed photonic disinfection.,"Contaminated apparatus and surgical tools pose serious health risks. For such purpose, disinfection chambers are employed. However, these systems rely on mercury-based UV lamps which comes with various drawbacks. These limitations have driven interest in Ultraviolet-C Light Emitting Diode (UV-C LED) technology as a safer and more efficient alternative. However, existing studies have not thoroughly explored the impact of varying intensities of pulse width modulation (PWM) on disinfection efficacy. To addess this, the present study designed and tested a LED-based disinfection chamber by employing 4-W 275 nm Surface Mount Device (SMD) LEDs against frequently isolated bacteria. By following prior approach, irradiation time was alternated at 30-s intervals and antibacterial efficacy was assessed through various parameters. Additionally, scanning electron microscopy (SEM) was performed to examine the morphological changes. Results indicated that the reduction was significantly influenced (p<0.05) with varying PWM levels (60-100 %), achieving 2.05-log<sub>10</sub> and 1.54-log<sub>10</sub> inactivation against <i>Escherichia coli</i> and <i>Staphylococcus aureus,</i> respectively, upon exposure to 51.24 mJ/cm<sup>2</sup> under maximum exposure settings. Moreover, complete cellular damage leading to bleb protrusion and cell-leakage confirmed the disruption of bacterial DNA. In conclusion, UV-LEDs show great potential for disinfection, with efficiency influenced by PWM and dosage.",Escherichia coli,uv,,
40314679,,,no_pmc,2025,The new microbiologica,Green synthesis of silver nanoparticles using Mung bean and the probiotic Bacillus clausii and their evaluation as single or synergistic antibacterial agents.,"Biological green synthesis of silver nanoparticles (AgNPs) offers potent antimicrobial properties and provides a promising approach against drug-resistant microbes. The present study aims to synthesize AgNPs using Mung bean (Vigna radiate) aqueous extract and the probiotic Bacillus clausii, and to evaluate their antibacterial activity individually and in combination against several bacterial strains. Synthesized AgNPs were characterized by ultraviolet-visible spectroscopy (UV-vis) and scanning electron microscopy (SEM). V. radiata AgNPs were revealed at 450 nm, with spherical to oval shapes ranging in size from 15.9 to 23.0 nm; probiotic AgNPs were observed at 425 nm, also with a spherical shape ranging in size from 16.4 to 23.7 nm. The antibacterial assay was performed using the agar well diffusion method against Staphylococcus aureus, Bacillus subtilis, Pseudomonas aeruginosa, and Escherichia coli. Results indicated that V. radiata aqueous extract and the probiotic solution did not exhibit any effect, whereas synthesized V. radiata and probiotic AgNPs showed antibacterial activity against all tested bacteria. AgNPs possessed higher antibacterial activity than individual AgNPs when used in combination against almost all bacteria studied. Therefore, it is suggested that using natural antimicrobial agents to synthesize NPs could serve as an eco-friendly alternative to antibiotics.",Escherichia coli,uv,,
40312475,10.1038/s41598-025-00128-w,PMC12045969,oa,2025,Scientific reports,Microwave-assisted biosynthesis of silver nanoparticles using two marine microalgal extracts and their antimycobacteriosis activity against bacteria isolated from Betta splendens.,"This study explores the synthesis and antibacterial properties of silver nanoparticles (AgNPs) as a safer, eco-friendly alternative to traditional chemical treatments for bacterial infections. AgNPs were synthesized using aqueous extracts of marine microalgae, Isochrysis galbana and Chaetoceros calcitrans, via conventional and microwave-assisted methods, with the latter accelerating nanoparticle production. Extracts in ethanol, hexane, and acetone were tested, with the ethanolic extract of I. galbana showing the strongest antibacterial effects. The AgNPs exhibited broad-spectrum antibacterial activity against pathogens such as Staphylococcus aureus, Bacillus subtilis, Escherichia coli, Pseudomonas aeruginosa, and fish pathogens like Aeromonas veronii. Microwave-assisted synthesis with ethanolic extracts resulted in the highest inhibition, particularly against fish and tuberculosis-related pathogens, including Mycobacterium marinum. Nanoparticle formation was confirmed using various characterization methods, including ultraviolet-visible (UV-Vis) spectroscopy, X-ray diffraction (XRD), fourier transform infrared spectroscopy (FTIR), scanning electron microscopy (SEM), which revealed crystalline structures. Transmission electron microscopy (TEM) analysis revealed that AgNPs varied in size, with an average diameter of less than 50 nm and all particles being smaller than 100 nm. This research demonstrates the potential of AgNPs as an effective alternative to antibiotics, offering targeted bacterial inhibition while reducing the risk of antibiotic resistance. This makes it a promising approach for treating bacterial infections in ornamental fish.",Escherichia coli,uv,,
40299823,10.1021/acsabm.5c00581,,no_pmc,2025,ACS applied bio materials,Design and Development of ZnO/BMP-2 Sustained-Release Hydrogel for Enhanced Bone Tissue Repair.,"Bone infections caused by microbial invasion often lead to tissue damage and functional impairment. Although bone implants are a primary clinical approach to reduce recurrence and promote healing, the growing challenge of antimicrobial resistance necessitates innovative postoperative therapies to improve patient outcomes. In this study, a CG@ZnO/BMP-2 hydrogel with rapid antibacterial and bone regeneration capabilities was developed via a self-assembly technique. This approach leverages the chelation interaction between CG and ZnO, as well as the strong hydrogen bonding between CG and BMP-2. The resulting CG@ZnO/BMP-2 hydrogel exhibited a honeycomb-like structure with excellent swelling, water retention, and biodegradability. Antibacterial assays revealed that, under UV irradiation, the hydrogel achieved antibacterial rates of 85.4% against <i>Escherichia coli</i> and 87.3% against <i>Staphylococcus aureus</i>. The incorporation of ZnO conferred sustained antibacterial activity to the hydrogel. In <i>vitro</i> osteogenesis studies demonstrated that BMSCs gradually differentiated into osteoblasts over time, indicating robust osteogenic potential. Collectively, the CG@ZnO/BMP-2 hydrogel demonstrated a combination of effective antibacterial performance and accelerated bone-inducing functionality. This composite hydrogel holds significant promise for applications in bone infection treatment and bone tissue repair, especially for enhancing bone healing and minimizing postoperative infection recurrence.",Escherichia coli,uv,,
40295535,10.1038/s41598-025-96461-1,PMC12037914,oa,2025,Scientific reports,Time-dose reciprocity mechanism for the inactivation of Escherichia coli using X-ray irradiation.,"The time-dose reciprocity has long been a cornerstone in understanding ultraviolet (UV) sterilization. However, recent studies have demonstrated significant deviations from this law, attributed to complex mechanisms involving reactive oxygen species (ROS). This study investigates whether similar deviations occur at much shorter wavelengths of electromagnetic radiation than UV, specifically in the X-ray region, with a focus on the dose-rate dependence of bacterial inactivation. Using Escherichia coli as a model organism, it is found that dose-rate effects were highly dependent on the bacterial growth phase. In the stationary phase, lower dose rates with prolonged irradiation resulted in greater inactivation efficacy. The inactivation ratio obtained by the dose rate of 15.3 mGy/s shows more than 3 times larger than that obtained by the dose rate of 147 mGy/s at the dose of 200 Gy, which is consistent with findings from previous UV studies. On the other hand, in the exponential phase, higher dose rates with shorter irradiation durations were more effective. The inactivation ratio obtained by the dose rate of 147 mGy/s shows 40 times larger than that obtained by the dose rate of 15.3 mGy/s at the dose of 200 Gy. These results can be effectively explained by a stochastic multi-hit model that accounts for three terms of linearly proportional to dose, nonlinearly proportional to dose, and binary fission. This work bridges fundamental physical biology with practical applications, such as gamma sterilization, offering a robust framework for optimizing dose-rate strategies across diverse fields.",Escherichia coli,uv,,
40286401,10.1016/j.jcis.2025.137698,,no_pmc,2025,Journal of colloid and interface science,Versatile corn starch-based sustainable food packaging with enhanced antimicrobial activity and preservative properties.,"Biodegradable active packaging has garnered significant research interest owing to growing concerns over plastic pollution and food safety. However, current food packaging materials still suffer from drawbacks such as complex synthesis processes, high production costs, and inadequate safety performance in terms of antimicrobial resistance and biodegradability. Typically, their performance in preserving fresh food is also inferior to that of plastics. Herein, a versatile corn starch-based sustainable food packaging (DC) was proposed, utilizing natural corn starch (CS) and carboxymethyl chitosan (CMCS) as raw materials. The focus was on evaluating the mechanical properties, antioxidant properties, and antimicrobial activity, and to further explore the degradability and biocompatibility of the DC films, as well as their application in fruit preservation. The results confirmed the good water vapor barrier properties, antioxidant activity (DPPH scavenging of the DC4 film reached 98.10 ± 0.32 %), Ultraviolet (UV) resistance (more than 99.8 % absorption of both UV-A and UV-B radiation), water resistance, mechanical properties, and bacteriostatic and bactericidal effect (the DC4 film reached 99.67 ± 0.58 % against Escherichia coli and 99.83 ± 0.29 % against Staphylococcus aureus) of the DC. Meanwhile, the DC exhibited favorable biodegradability in the natural environment. Finally, fruit preservation experiments confirmed that the DC could significantly extend the shelf life of fresh fruits at room temperature. Overall, this research presented a sustainable and cost-effective biomass-derived packaging film that could replace conventional petroleum-based plastics, thereby reducing environmental pollution and showing significant potential for use in food packaging.",Escherichia coli,uv,,
40284526,10.3390/pharmaceutics17040532,PMC12030525,oa,2025,Pharmaceutics,"Salicylic Acid-Mediated Silver Nanoparticle Green Synthesis: Characterization, Enhanced Antimicrobial, and Antibiofilm Efficacy.","<b>Objectives:</b> Silver nanoparticles (AgNPs) were synthesized via an easy and rapid biogenic synthesis approach, utilizing the dual capabilities of salicylic acid as both a reducing and capping agent. <b>Methods:</b> The characterization of Salicylic Acid-Mediated Silver Nanoparticle (SA-AgNPs) was conducted using a variety of techniques, including ultraviolet-visible spectroscopy, dynamic light scattering, scanning electron microscopy combined with energy dispersive X-ray spectroscopy, transmission electron microscopy, X-ray diffraction, Fourier transform infrared spectroscopy, as well as thermogravimetric analysis paired with differential scanning calorimetry. <b>Results:</b> SA-AgNPs demonstrated significant antibacterial properties against both Gram-positive (methicillin-resistant <i>Staphylococcus epidermidis</i>, <i>Staphylococcus aureus</i>, <i>Cutibacterium acnes</i>, methicillin-resistant <i>Staphylococcus aureus</i>) and Gram-negative (<i>Escherichia coli</i>), with minimum inhibitory concentrations (MICs) of 8, 9, 8, 4, and 6 μg/mL, respectively. At a concentration of 32 μg/mL, SA-AgNPs exhibited 99.9% killing efficiency against <i>Escherichia coli</i> (<i>E. coli</i>), <i>Cutibacterium acnes</i> (<i>C. acnes</i>), and methicillin-resistant <i>Staphylococcus aureus</i> (MRSA), within 4, 16, and 12 h, respectively. At the same concentration, SA-AgNPs effectively inhibited 95.61% of MRSA biofilm formation. SA-AgNPs induced the leakage of intracellular macromolecular substances by increasing the membrane permeability, which ultimately caused bacterial apoptosis. <b>Conclusions:</b> Overall, this study presents a fast and environmentally friendly approach for synthesizing SA-AgNPs, with potential applications as nano antibiotics antibacterial coatings for implantable medical devices and wound dressings.",Escherichia coli,uv,,
40252549,10.1016/j.envint.2025.109453,,no_pmc,2025,Environment international,Irradiation with Ultraviolet-C Light-Emitting Diodes: Evaluation of the potential and limitations in controlling the spread of mobile genetic elements.,"Recent reports of multispecies outbreaks show that, in addition to multidrug-resistant bacteria, the accumulation and spread of antibiotic resistance-conferring genes (ARGs) in clinical settings is a growing concern. Ultraviolet-C (UV-C) technology is an effective method for inactivating microorganisms. This study aims to investigate whether it also offers a potential method to inactivate mobile genetic elements that confer antibiotic resistance by examining the effects of UV-C irradiation on plasmid-encoded resistance genes, focusing on DNA degradation and whether sublethal doses impact bacterial competence. We examined the effects of UV-C on the plasmids pCR™-Blunt II-TOPO and pUC19, focusing on DNA integrity and functionality post-irradiation. DNA concentration measurements and gel electrophoresis were used to assess plasmid integrity, while transformation assays evaluated gene functionality and the impact of sub-inhibitory UV-C doses on bacterial competence in Escherichia coli and Citrobacter freundii. Results showed a dose-dependent change in plasmid integrity and transformation efficiency. Significant DNA damage was observed at higher UV-C doses, particularly in the TOPO plasmid, which exhibited more pronounced structural damage compared to pUC19. This damage led to a loss of gene functionality, as evidenced by reduced transformation efficiency. Sub-inhibitory doses of UV-C irradiation did not enhance transformation frequency in Escherichia coli or Citrobacter freundii, indicating that UV-C does not promote bacterial competence. UV-C irradiation effectively damages plasmid DNA, reducing the functionality of ARGs. The study confirms that sub-inhibitory single doses of UV-C do not promote bacterial transformation through increased competence.",Escherichia coli,uv,,
40252329,10.1016/j.jphotobiol.2025.113154,,no_pmc,2025,"Journal of photochemistry and photobiology. B, Biology",Rapid penetrating inactivation and disinfection through ice layers by light-condensed deep ultraviolet LED irradiation.,"The longer survival of virus and bacteria under low temperature greatly accelerates the infection risk and duration. How to effectively and rapidly inactivate them beneath ice layer in cold chain logistics has been an important issue never being well studied. Here, we demonstrate a novel light condenser design of high power UVC-LED device for rapid penetrating inactivation through ice layers. With fish-scale, ellipsoidal and alumina coated condenser, a portable UVC (275 nm) LED device in ultrahigh light output power (> 3 W) was fabricated in a narrowed propagation angle (< 60<sup>o</sup>). Such condensed light beams are able to overcome the interfacial refringence at the ice and bubble interfaces in different types of ice layers for enhancing the transmission rate. As a result, the penetrating UVC light could give rise to the effective necrosis and apoptosis influence as well as DNA/RNA destruction on cells. A 99.99 % inactivation rate of Escherichia coli and Staphylococcus aureus has been obtained through 5-mm-thickness opaque ice layer. By 1.5 s irradiation, SARS-COV-2 virus can be completely inactivated and disinfected. This work proved the strong power of UVC-LED for cold chain disinfection applications.",Escherichia coli,uv,,
40240002,10.1093/nar/gkaf282,PMC12000880,oa,2025,Nucleic acids research,UV induces codirectional replication-transcription conflicts and an alternative DnaA-dependent replication origin in the rnhAB mutants of Escherichiacoli.,"The rnhAB mutants of Escherichia coli lacking both RNase H enzymes are unexpectedly UV-sensitive, being unable to restore normal levels of post-UV replication. Examining patterns of chromosomal replication in the rnhAB mutants after UV could identify the problem sites. We show that normal rnhA (B) mutant replication initiates at three distinct oriK areas in the origin macrodomain, none of them coinciding with oriC proper, the dominant origin being some 400 kb away. Interestingly, initiation after UV switches to the DnaA-dependent oriK closest to oriC and continues from there until the growth replication pattern is restored, like in the rnhA single mutants. However, in the rnhAB double mutant, post-UV forks initiated at the new origin have difficulty reaching the terminus, with the major stalling sites at the rrn operons. In the rnhAB recBC mutants, additionally deficient in linear DNA degradation/repair, post-UV replication forks cannot traverse the origin-distal ribosomal RNA operons, rrnG and rrnH, showing that restoration of disintegrated replication forks is essential for replication in the rnhAB mutant. In contrast, the rnhAB rpoB* mutant, in which transcription complexes are unstable, is UV-resistant and resumes normal replication even faster than WT cells, indicating that the rnhAB mutants suffer from UV-induced replication-transcription conflicts.",Escherichia coli,uv,,
40222222,10.1016/j.watres.2025.123602,,no_pmc,2025,Water research,"Removal of disinfection residual bacteria in UV<sub>222</sub>, UV<sub>222</sub>/H<sub>2</sub>O<sub>2</sub> and UV<sub>222</sub>/peroxymonosulfate systems: what is the safe usage for wastewater reclamation.","Disinfection residual bacteria (DRB) are widely present in the reclaimed treatment effluents and can regrow during the downstream distribution and storage, posing a threat to the biosafety of reuse applications. Recently, far ultraviolet (UV<sub>222</sub>) have garnered augmented attention due to the highly efficient and energy-intensive oxidation, making them a potential approach for the deep inactivation of DRB. However, there remains a lack of quantitative analyses on how to monitor the disinfection intensity to mitigate the health risks associated with DRB. In this study, we used the UV<sub>222</sub>, UV<sub>222</sub>/H₂O₂ and UV<sub>222</sub>/peroxymonosulfate (PMS) systems to treat model DRB including Escherichia coli, Pseudomonas aeruginosa, and Bacillus subtilis, and developed a multiparameter model to accurately present the dose-culturability relationship. On this basis, we conducted the simulated disinfection, and detected the viability status and regrowth potential of DRB during the post-disinfection processes. It turned out that UV<sub>222</sub> alone exhibited the superiority over UV<sub>254</sub>, especially for treating Pseudomonas aeruginosa. UV<sub>222</sub>/H<sub>2</sub>O<sub>2</sub> and UV<sub>222</sub>/PMS systems further improved the inactivation rates. The practical UV doses for full-scale reclaimed disinfection (10-200 mJ/cm²) were sufficient for the UV<sub>222</sub>-based systems to inactivate DRB (initial 10<sup>7</sup> CFU/mL) to the safe level in effluent measured by culture methods. But substantial DRB still persisted in VBNC state, which necessitated higher doses of 200-450 mJ/cm<sup>2</sup> to further inhibit the regrowth under accidental contamination and prolonged transport/storage culture. Fortunately, H<sub>2</sub>O<sub>2</sub> provided residual disinfection for Bacillus subtilis, and PMS performed promising sustained disinfection for all the three DRB. This study provided valuable insights for the expanded application of UV<sub>222</sub> disinfection and future updates of pathogen standards in reclaimed water treatment.",Escherichia coli,uv,,
40220833,10.1016/j.ijbiomac.2025.142949,,no_pmc,2025,International journal of biological macromolecules,Chitosan-capped TiO<sub>2</sub> hybrid nanomaterials for antibacterial and photocatalytic application of crystal violet.,"Antibiotic-resistant bacteria and environmental dye pollutants necessitate the development of multifunctional hybrid nanomaterials (HNs) with antibacterial and photocatalytic properties. Nanotechnology offers advanced solutions through the synthesis of smart and sustainable HNs. This study investigates the development of chitosan-capped titanium dioxide (CHTiO<sub>2</sub>) that was synthesized using ascorbic acid as a nucleation agent via a facile co-precipitation technique. The resulting HNs were calcinated to obtain advanced bio-physicochemical properties. The prepared HNs were characterized using spectral, morphological and thermal instrumentation techniques. Fourier transform infrared spectroscopy analysis revealed that the chitosan functioned effectively as a capping agent, while X-ray diffraction studies revealed that the synthesized HNs exhibited a TiO<sub>2</sub> anatase phase. The calcinated HNs have a bandgap energy of ⁓2.93 eV, indicative of its photocatalytic potential as observed in Ultraviolet-visible spectroscopy. Morphological studies conveyed spherical nanostructures with an average diameter of ~26.9 nm, and the HNs exhibited excellent thermal stability. Finally, the prepared HNs antibacterial activity and photocatalytic studies were evaluated against Escherichia coli, Staphylococcus aureus, and crystal violet dye, respectively. These results indicate that the prepared HNs showed potential as an effective antibacterial agent for various biomedical applications, such as wound dressings, medical device coating, and water purification systems, offering sustainable solutions to pressing global issues.",Escherichia coli,uv,,
40190850,10.7759/cureus.80601,PMC11972100,oa,2025,Cureus,"In Vitro Evaluation of the Ultraviolet Ceed Mobile Disinfection Device: A Rapid, Portable Approach for Surface Sterilization.","Introduction<i>:</i> Ultraviolet-C (UVC) sterilization technologies have garnered significant attention for their potential to inactivate pathogens. The UVCeed device, a smartphone-enabled UVC sterilization tool, offers a portable and user-friendly option for disinfection. This study investigates the disinfection efficacy of UVCeed against bacterial and viral pathogens, including <i>Staphylococcus aureus</i>, <i>Escherichia coli</i>, <i>Klebsiella pneumoniae</i>, and <i>SARS-CoV-2</i>. Methods<i>:</i> Pathogens were inoculated onto sterile surfaces such as urine cups (bacteria) or glass slides (virus) and exposed to the UVCeed device at controlled distances (65 mm, 100 mm, and 165 mm) and durations ranging from 0 to 64 seconds. Laboratory conditions were standardized at 72°F and 40-50% relative humidity. Assessment methods included viable plate counts for bacterial colonies and cytopathic effect (CPE) measurements for <i>SARS-CoV-2</i> using Vero E6 cell cultures. Crystal violet staining confirmed viral cell viability post-exposure. Key metrics, such as log reductions in pathogen concentration, were calculated to quantify disinfection efficacy. Results<i>:</i> UVCeed achieved significant pathogen reductions, with log reductions exceeding 6.0 for <i>Staphylococcus aureus</i>, <i>Escherichia coli</i>, and <i>Klebsiella pneumoniae </i>after 64 seconds at 65 mm. For <i>SARS-CoV-2</i>, viral concentrations decreased by over four log-units within the same exposure time. Threshold times for effective disinfection varied by distance, with shorter distances achieving reductions faster. Compared to Lysol® wipes, which required up to four minutes of wetness for similar effectiveness, UVCeed disinfected a 6""x 6"" surface in ~15 seconds and an 8""x 8"" surface in ~37 seconds. Discussion<i>:</i> These results highlight UVCeed's efficiency as a rapid and portable disinfection solution. Its ability to inactivate pathogens within seconds makes it a valuable alternative to chemical disinfectants, especially for high-touch surfaces. The device's efficacy varied with distance and exposure time, underscoring the importance of proper usage. Future research should explore real-world applications and expand pathogen testing to validate these findings further.",Escherichia coli,uv,,
40180272,10.1016/j.ejphar.2025.177576,,no_pmc,2025,European journal of pharmacology,The antibacterial efficacy of nitroxoline against multidrug resistant Escherichia coli associated with copper binding.,"Nitroxoline (NIT) has been approved for the treatment of uncomplicated urinary tract infections (UTIs) for more than half a century, yet its antimicrobial properties remain incompletely understood. Here, we determined the intricate connections between NIT's metal-chelating capabilities and its antibacterial activity. Metal ion binding characteristics were measured by Ultraviolet-visible (UV-vis) spectroscopy. Biochemical assays and molecular docking studies were performed to elucidate the underlying mechanism. We found that NIT could interact with a diverse array of metal ions, including Cu<sup>2+</sup>, Fe<sup>2+</sup>, Zn<sup>2+</sup> and Mn<sup>2+</sup>. While, the addition of Cu<sup>2+</sup> significantly decreased NIT's antibacterial effect against uropathogenic Escherichia coli (UPEC) strain J96 and multidrug resistant E coli B2, with the minimum inhibitory concentration (MIC) increased from 8 mg/L to 64 mg/L. Mechanically, NIT significantly decreased the intracellular copper ion levels and reduced bacterial transmembrane electrical potential. Furthermore, NIT promoted production of nitric oxide, peroxynitrite (ONOO-), and reactive oxygen species (ROS). However, the interaction of Cu<sup>2+</sup> with NIT suppressed the induced generation of ROS but not the generation of ONOO- in E coli, suggesting that the antibacterial activity of NIT arose from multiple functional groups within its molecular structure. Moreover, NIT triggered intracellular acidification concomitant with enhanced glucose uptake, yet paradoxically suppressed ATP generation, suggesting a potential uncoupling between glycolytic flux and oxidative phosphorylation. Finally, the action of NIT was predicted to bind to the CuB-metal redox centers of cytochrome bo(3) ubiquinol oxidase through molecular docking analyses. Collectively, these data illuminate the antibacterial activity of NIT as a potent copper-related metalloantibiotic against UPEC.",Escherichia coli,uv,,
40157267,10.1016/j.psj.2025.105023,PMC11995050,oa,2025,Poultry science,"Inactivation of Salmonella and avian pathogens on hatchery eggs using gas phase hydroxyl-radical process vs formaldehyde fumigation: Efficacy, hatching performance and grow-out of Chickens.","Hatcheries have been identified as a significant source of Salmonella within poultry production. Consequently, there is a need for effective egg disinfection methods that can reduce the pathogen burden while preserving the egg integrity and embryo. The metrics for a successful egg disinfection method are typically a reduction in Total Aerobic Count (TAC) while retaining hatching rates. In this study, a gas phase hydroxyl-radical process was validated and verified as a hatchery egg disinfection method. The process is based on applying a hydrogen peroxide mist in combination with ozone gas and UV-C to generate antimicrobial hydroxyl radicals. The treatment (2 % hydrogen peroxide, 20 ppm ozone and 19 mJ/cm<sup>2</sup> UV-C; designated as HR) for inactivating Salmonella (serotypes Enteritidis and Typhimurium) inoculated onto eggs could eliminate the pathogen (>5 log CFU/egg reduction) but left residual TAC (1.53 log CFU/egg reduction). Surface sterilization was achieved by a pre-treatment of eggs with the photo-catalyst riboflavin (13.75 mM) followed by 3 % hydrogen peroxide delivered at 70 °C prior to the hydroxyl-radical treatment (3 % hydrogen peroxide, 20 ppm ozone and 114 mJ/cm<sup>2</sup> designated HRS). The surface sterilization of eggs coincided with the removal of the cuticle layer with the HRS treatment but not HR. The cuticle layer was also compromised by formaldehyde treatment. When the different treatments were applied to fertile hatchery eggs (n=50 eggs per treatment group), there was no significant difference in hatchery rate (64-74 %), with hatch to fertility being higher for disinfected eggs (89-97 %) compared to the non-treated control (80 %). The seven-day mortality (0 - 2 birds) and feed conversion ratio (1.59 - 1.75 kg/kg feed) did not significantly differ between the treated vs controls. The HR treatment could eliminate Enterococcus faecium, Escherichia coli (>5 log CFU/egg reduction) although HRS was required to inactivate Pseudomonas aeruginosa (>5 log CFU/egg reduction) and reduce Aspergillus niger spores (3.08±2.25 log CFU reduction). The study has provided treatment options for hatchery egg disinfection and alternative to formaldehyde treatment.",Escherichia coli,uv,,
40142540,10.3390/microorganisms13030648,PMC11945173,oa,2025,Microorganisms,Process Technologies for Disinfection of Food-Contact Surfaces in the Dry Food Industry: A Review.,"The survival characteristics of bacterial pathogens, including <i>Salmonella</i> spp., <i>Listeria monocytogenes</i>, <i>Staphylococcus aureus,</i> and <i>Escherichia coli,</i> in foods with a low water activity (<i>a<sub>w</sub></i>) have been extensively examined and reported. Microbial attachment on the food-contact surfaces can result in cross-contamination and compromise the safety of low-<i>a<sub>w</sub></i> foods. The bactericidal potential of various conventional and novel disinfection technologies has been explored in the dry food industry. However, the attachment behavior of bacterial pathogens to food-contact surfaces in low-<i>a<sub>w</sub></i> conditions and their subsequent response to the cleaning and disinfection practices requires further elucidation. The review summarizes the elements that influence disinfection, such as the presence of organic residues, persistent strains, and the possibility of microbial biotransfer. This review explores in detail the selected dry disinfection technologies, including superheated steam, fumigation, alcohol-based disinfectants, UV radiation, and cold plasma, that can be used in the dry food industry. The review also highlights the use of several wet disinfection technologies employing chemical antimicrobial agents against surface-dried microorganisms on food-contact surfaces. In addition, the disinfection efficacy of conventional and novel technologies against surface-dried microorganisms on food-contact surfaces, as well as their advantages and disadvantages and underlying mechanisms, are discussed. Dry food processing facilities should implement stringent disinfection procedures to ensure food safety. Environmental monitoring procedures and management techniques are essential to prevent adhesion and allow the subsequent inactivation of microorganisms.",Escherichia coli,uv,,
40113287,10.13227/j.hjkx.202401163,,no_pmc,2025,Huan jing ke xue= Huanjing kexue,[Synergistic Disinfection Effects of Dual-wavelength Ultraviolet and Its Impact on Photoreactivation and Dark Repair].,"Ultraviolet-C （UV-C） irradiation can effectively deactivate pathogenic microorganisms. The far UV-C （200-230 nm） and conventional UV-C （250-280 nm） can damage the proteins and nucleic acids of pathogenic microorganisms, respectively. The combination of far and conventional UV-C has the potential of synergistic inactivation. However, relevant studies remain limited owing to the lack of appropriate experimental setups. Therefore, this study established a mini-fluidic photoreaction system equipped with a KrCl excimer lamp and a low-pressure mercury lamp. This system could independently/simultaneously deliver stable 222 nm （far UV-C） and 254 nm （conventional UV-C） irradiations. Subsequently, the system was used to investigate the synergistic effect of dual-wavelength UV-C （the combination of 222 nm and 254 nm UV-C） on <i>Escherichia coli</i> （<i>E. coli</i>） inactivation and the subsequent impact on photo- and dark-reactivation. The results indicated that dual-wavelength UV-C had a significant synergistic effect on <i>E. coli</i> inactivation, with a synergistic coefficient up to 2.2. Additionally, comparing to 254 nm UV irradiation, the photo-reactivation of <i>E. coli</i> after dual-wavelength UV-C irradiation was weakened, with the maximum lg reactivation percentage reducing from 50.8% to 36.1%. Furthermore, <i>E. coli</i> after dual-wavelength UV-C irradiation exhibited dark decay, in which the inactivation efficiency was further enhanced during dark treatment. Therefore, these results suggest that dual-wavelength UV-C could inhibit the light reactivation and dark repair of <i>E. coli</i>, ensuring the water biosafety, as well as providing reference for the development of effective and safe water disinfection technologies.",Escherichia coli,uv,,
40093634,10.5851/kosfa.2024.e56,PMC11907423,oa,2025,Food science of animal resources,Effect of Ultraviolet-C (UV-C) Irradiation on Foodborne Pathogen Inactivation in Prosciutto and Changes on Its Physicochemical Properties.,"Ready-to-eat sliced prosciutto samples were treated with ultraviolet (UV) light (wavelength: 265 and 275 nm/intensity: 10 and 50 mW) after inoculation with hepatitis E virus (HEV), <i>Escherichia coli</i> O157:H7, or <i>Listeria monocytogenes</i>. The parameters of prosciutto quality assessed were color, texture, pH, water content, water holding capacity, oxidative rancidity, and freshness. The prosciutto sample under UV-C light was influenced on changes of color, lipid oxidation, and protein oxidation due to free radical generation. UV-C light reduced <i>E. coli</i> O157:H7 and <i>L. monocytogenes</i> counts by up to 2.23 Log and 1.85 Log colony forming units/g, respectively. The amount of HEV was also significantly reduced after treatment (p<0.05). HEV was no longer detected after 10 min of treatment at an intensity of 50 mW. Consequently, UV-C treatment above 265 nm at 50 mW for 10 min is an effective strategy for maintaining product quality and improving food safety. The results of this study advance the application of non-thermal food preservation.",Escherichia coli,uv,,
40070046,10.1177/10820132251324685,,no_pmc,2026,Food science and technology international = Ciencia y tecnologia de los alimentos internacional,Microbial safety and quality indicators of UV-treated tropical fruit beverages.,"The inactivation of <i>Escherichia coli</i> ATCC 25922, using a commercial UV light processing unit, in tropical fruit beverages (pineapple, blackberry, star fruit, soursop, mango, passion fruit, <i>naranjilla</i>, tamarind, hibiscus, and sour guava) was evaluated. Also, the effect on carotenoid content and microbial spoilage indicators (aerobic mesophilic bacteria and molds and yeasts counts) of UV light exposure (delivered UV dose: 14 mJ/cm<sup>2</sup> at 25 °C automatically adjusted by measuring the UV transmittance through the liquid) compared to thermal pasteurization (71.1 °C for 3 s) in a mango beverage was analyzed. A > 5 log reduction of <i>E. coli</i> was achieved in the pineapple, star fruit, soursop, mango, passion fruit, <i>naranjilla,</i> and tamarind beverages. The treatments did not significantly influence (<i>p </i>> 0.05) microbial spoilage indicators nor the carotenoid content in the mango beverage. Thus, the commercially used UV processing conditions evaluated are not suitable for the safety assurance of all tropical fruit beverages and, based on the spoilage and bioactive compound tested, both thermal and nonthermal approaches may be equally used in a mango beverage.",Escherichia coli,uv,,
40036120,10.1080/09593330.2025.2464983,,no_pmc,2025,Environmental technology,Influence of aspect ratios on water disinfection efficiency in a serpentine flow channel using ultraviolet C light-emitting diode.,"The flow channel configuration affects microbial inactivation efficiency in water because it considerably influences hydrodynamics and ultraviolet (UV) light distribution. The ratio of channel length to breadth (α) and the ratio of channel width to depth (β) of a serpentine flow channel on <i>Escherichia coli</i> inactivation efficiency were investigated. Simulations revealed that when α was 1.0, the flow channel had a uniform velocity distribution and performed the longest microbial residence time. Furthermore, biodosimetry tests indicated that when β was 1.0, the reactor resulted in a maximum inactivation efficiency of 3.7 log when the distance between the UV LEDs and the water was 11.5 mm. The optimal aspect ratio β led to the ideal balance between microbial residence time and UV irradiance, resulting in the highest UV fluence (10.6 mJ/cm<sup>2</sup>) for the bacteria. The inactivation efficiency observed at the aforementioned aspect ratio was approximately 48% higher than that observed at an aspect ratio of 2.56. Additionally, decreasing the distance between the UV LEDs and the water from 11.5 to 3.5 mm enhanced the inactivation efficiency at all aspect ratios because of the considerable increase in UV irradiance in the water.",Escherichia coli,uv,,
40023569,10.1016/bs.afnr.2024.02.001,,no_pmc,2025,Advances in food and nutrition research,Modeling and optimization of non-thermal technologies for animal-origin food decontamination.,"Non-thermal technologies (NTT) have been primarily studied for obtaining animal-origin products with improved bacteriological stability, aiming to eliminate the main foodborne pathogens associated with outbreaks, e.g., Salmonella spp., Escherichia coli, Campylobacter jejuni, Listeria monocytogenes, Staphylococcus aureus, Bacillus spp., and Clostridium perfringens, but avoiding the use of heat, leading to energy savings. On the other hand, due to the novelty of these technologies, there is a lack of standardization in their use and, consequently, a reduction in the process efficiency and undesirable changes in the physicochemical, nutritional, and sensory characteristics of food. Therefore, there is a need to utilize mathematical approaches for developing the modeling, validation, and optimization of NTT aiming the pathogen inactivation. In this context, the Box-Behnken design (BBD) and the central composite rotatable design (CCRD) have been severely explored due to the possibility of developing second-order polynomial models based on the linear, quadratic and interaction behaviors of the independent variables, but with a lower number of experiments. In this chapter, we summarized the principles and fundamentals of pathogen inactivation using the main NTT, e.g., high-pressure processing (HPP), ultraviolet C radiation (UV-C), high-intensity ultrasound (HIUS), cold atmospheric plasma (CAP) and pulsed electric field (PEF), as well as the principles of use of BBD and CCRD and their recent application for modeling and optimization of the NTT.",Escherichia coli,uv,,
40003817,10.3390/insects16020187,PMC11856044,oa,2025,Insects,<i>Bombyx mori</i> RPL12 Participates in UV-Induced DNA Damage Repair and Interacts with BmNPV Bm65 Protein Only After Ultraviolet Radiation.,"Solar ultraviolet radiation (UV) may cause DNA damage. We first report in this study that the large subunit ribosome protein RPL12, from <i>Bomby mori</i> (BmRPL12), participated in UV-induced DNA damage repair. BmRPL12 enhanced the resistance of <i>Escherichia coli</i> (<i>E. coli</i>) to UV radiation and facilitated faster repair of UV-induced DNA damage in silkworm cells. BmRPL12 mainly existed in the cytoplasm in the dimer forms, and the N-terminal nuclear export signal was crucial for the localization of BmRPL12. After UV radiation, BmRPL12 was unable to localize at the UV-induced DNA damage sites to participate in damage repair directly and might indirectly regulate UV-induced DNA damage repair. Our previous research found that BmNPV Bm65 was an important UV damage-induced endonuclease. Here, it was further found that in BmNPV-infected silkworm cells, BmRPL12 in monomeric forms interacted with the virus Bm65 protein only after UV radiation, and BmRPL12 specifically localized at the UV-induced DNA damage sites only in the presence of Bm65. We speculate that after viral infection in cells subjected to UV-induced DNA damage, viral protein Bm65 interacts with BmRPL12 and localizes BmRPL12 to sites of UV-damaged DNA.",Escherichia coli,uv,,
39977951,10.1021/acsabm.4c01943,,no_pmc,2025,ACS applied bio materials,Blue TiO<sub>2</sub>-Based Photocatalysis under Ambient Indoor Light for Prolonged Food Storage.,"Conventional food preservation techniques often require external devices, increasing costs and posing challenges in maintaining food quality. In this study, we developed blue titanium dioxide-tungsten trioxide-carboxymethyl cellulose (BTO-WO<sub>3</sub>-CMC) photocatalyst surfaces integrated onto inert substrates for food preservation. The inclusion of CMC enhanced <i>Z</i>-scheme heterojunction formation, improving visible light absorption, as confirmed by ultraviolet-visible spectra. Sodium silicate (SS) improved adhesion between BTO-WO<sub>3</sub>-CMC and the target substrate via hydrogen bonding. Analysis with X-ray diffraction (XRD), scanning electron microscopy (SEM), atomic force microscopy (AFM), and energy-dispersive X-ray spectroscopy (EDS) confirmed the crystalline integrity of BTO and WO<sub>3</sub> and a consistent coating smoothness. BTO-WO<sub>3</sub>-CMC coatings extended the shelf life of strawberries to 14 days under ambient indoor lighting at 600 lx. Optimal preservation was achieved with a 0.01 g, 4 μm thick catalyst coating. Comparative experiments showed BTO-WO<sub>3</sub>-CMC's superior efficacy over P25-WO<sub>3</sub>-CMC and BTO-CMC. The coating was nontoxic in darkness and minimally reduced cell viability under room light. Antibacterial effects, attributed to reactive oxygen species (ROS) generation, were confirmed against <i>Escherichia coli</i> (<i>E. coli</i>) and <i>Staphylococcus aureus</i> (<i>S. aureus</i>). This study presents a noninvasive, device-free method to extend food longevity, presenting a promising solution to the food waste challenge.",Escherichia coli,uv,,
39927374,10.5455/OVJ.2024.v14.i12.39,PMC11799647,oa,2024,Open veterinary journal,Anti-MRSA effects of synergism of recombinant lysostaphin with biosynthesized silver nanoparticles.,"Methicillin-resistant <i>Staphylococcus aureus</i> (MRSA) strains become a major challenge to public health and health provider due to their wide spread and resistance to wide spectrum of antibacterial agents. This study aimed to characterize recombinant lysostaphin produced by <i>Escherichia coli</i> BL21(DE3) and to investigate the biosynthesis of silver nanoparticles (SNPs) by <i>Candida albicans</i> against MRSA. Samples were collected from vaginal samples. The methods included efficient cloning, expression, and purification of recombinant lysostaphin, a potent antibacterial enzyme targeting <i>S. aureus</i>, and achieved with advanced molecular techniques in <i>E. coli</i> BL21(DE3). The SNPs were synthesized using a biogenic approach with <i>C. albicans</i>, demonstrating stable and efficient silver ion reduction, as confirmed by ultraviolet-visible spectroscopy, scanning electron microscope, and Fourier-transform infrared spectroscopy (FTIR) analyses. The antibacterial assays against MRSA strains of <i>S. aureus</i> showed significant inhibition by both lysostaphin and SNPs. The combination of biosynthesized SNPs/polyethylene glycol with lysostaphin exerted significant activity against tested bacteria, resulting in zone of growth inhibition of 20.33 ± 0.88 mm. These findings suggest a promising synergistic antibacterial strategy, offering hope in the fight against MRSA. The study findings reveal that lysostaphin and SNPs could be effective in the treatment of MRSA-related infections, especially when used in combination.",Escherichia coli,uv,,
39897969,10.1016/j.fochx.2025.102182,PMC11786908,oa,2025,Food chemistry: X,Resveratrol-derived carbon dots integrated into gelatin/chitosan multifunctional films for intelligent packaging.,"In this study, multifunctional Resveratrol-derived carbon dots (Res-CDs) were prepared using a hydrothermal method. Res-CDs exhibited good free-radical scavenging activities, attributed to abundant surface hydroxyl groups, and effectively inhibited <i>Staphylococcus aureus</i> and <i>Escherichia coli</i> growth at a concentration of 2 mg/mL. Composite films were prepared by combining Res-CDs with gelatin/chitosan. As well as excellent mechanical properties, the prepared films exhibited smooth surfaces, thermal stability, and good antioxidant, ultraviolet-shielding, antibacterial, and pH-responsive properties. Furthermore, cell viability measurements showed that the films were safe. When applied to keeping pork fresh, the gelatin/chitosan/Res-CDs film significantly reduced the total viable bacterial count on the pork surface and effectively prevented pork discoloration. Additionally, pH, total volatile basic nitrogen, and weight loss measurements confirmed the preservative effects of the film on pork. This work provides a new approach for synthesizing bionanocomposite films with applicability in the food industry.",Escherichia coli,uv,,
41816278,,PMC7618840,pmc_not_oa,2025,"Resonance (Bangalore, India)","Evolution in Action: Interplay of Environment, Constraint, and Chance.","On a humid morning in coastal India, an ecologist walks through a rice-wheat field and pulls up a small weed called <i>Phalaris minor</i>. A few decades ago, this grass succumbed easily to herbicides. Today it shrugs off multiple chemicals and continues to choke the crop. Nearby, a doctor reads a report warning that <i>Mycobacterium tuberculosis</i> strains resistant to multiple antibiotics are rising across India. At a laboratory, researchers watch <i>Escherichia coli</i> bacteria adapt to UV irradiation. Halfway across the world, the medium ground finches of Daphne Major in the Galápagos Islands evolve larger or smaller beaks as the climate flips between drought and rain. Though these examples span organisms, levels of biological organization, and continents, they are united by a common logic. Each scene reflects well-documented evolutionary change unfolding in the real world, shaped by the interplay of environment, biological constraint, and chance, which forms the central focus of this article.",Escherichia coli,uv,,
39889979,10.1016/j.ijbiomac.2025.140510,,no_pmc,2025,International journal of biological macromolecules,A highly transparent cellulose film for shielding ultraviolet and high-energy visible blue light.,"The ultraviolet (UV) and high-energy visible blue (HEVB) light can cause damage to the eyes and skin. In this study, a cellulose composite film with UV and HEVB light shielding properties was prepared through the incorporation of a shielding agent into a carboxymethyl cellulose (CMC) solution. The shielding agent was synthesized through a Schiff base reaction between vanillin (VA) and 3-aminopropyltriethoxysilane (APS). The composite films exhibited excellent shielding performance against UV and HEVB light and maintained high visible light transmittance. Additionally, the films achieved shielding ratios of 100 % for UV (200 to 400 nm) and 93 % for HEVB (400 to 450 nm), respectively. Even under prolonged UV irradiation, the composite films maintained excellent shielding stability. The composite films exhibited higher performance in blocking UV and HEVB light than commercial shielding films. Moreover, the composite films achieved 100 % antibacterial efficiency against both Staphylococcus aureus and Escherichia coli, even with minimal amounts of the shielding agent. Furthermore, the films exhibited significant improvements in thermal stability, oxidation resistance, and mechanical properties. The multifunctional UV and HEVB shielding films have broad potential applications in food packaging, anti-UV/HEVB radiation display screens, and mobile phone screens.",Escherichia coli,uv,,
39887235,10.1128/aem.01886-24,PMC11837496,oa,2025,Applied and environmental microbiology,Reactive oxygen species generated by irradiation with bandpass-filtered 222-nm Far-UVC play an important role in the germicidal mechanism to <i>Escherichia coli</i>.,"Ultraviolet (UV) C light emitted by a krypton chloride (KrCl) lamp consists of mainly less harmful 222-nm Far-UVC (unfiltered 222-mm Far-UVC) compared with conventionally used 254-nm UVC. It also contains wavelengths that are harmful to mammalian cells. By contrast, UVC from a KrCl lamp with optical filter (filtered 222-nm Far-UVC) consists of much less harmful 222-nm Far-UVC and is available for sterilization of dwelling spaces. The germicidal mechanisms of the 254-nm UVC and unfiltered 222-nm Far-UVC have been partially elucidated; however, the mechanism of action of filtered 222-nm Far-UVC remains unknown. It is known that 254 nm UVC induces cyclobutene pyrimidine dimers (CPDs), which are DNA lesions in <i>Escherichia coli</i> (<i>E. coli</i>); however, the CPDs are repaired by photoreactivation. In the present study, it was demonstrated that filtered 222-nm Far-UVC also generated CPDs, which were not repaired by photoreactivation. Therefore, a germicidal mechanism of filtered 222-nm Far-UVC may be different from a 254-nm UVC. It was reported that unfiltered 222-nm Far-UVC induced reactive oxygen species (ROS) in <i>E. coli</i>. In the present study, filtered 222-nm Far-UVC also induced ROS production. In accordance with increased ROS production, the levels of carbonylated proteins were increased, and morphological alteration was observed in <i>E. coli</i>. From these results, it was suggested that ROS generated by filtered 222-nm Far-UVC inactivated ROS scavenger enzymes and the enzyme photolyase that is involved in photoreactivation. The increased ROS levels and unrepaired CPDs impaired photoreactivation in <i>E. coli</i> and may be involved in the germicidal mechanism of action of the filtered 222-nm Far-UVC.IMPORTANCEThe 222 nm Far-ultraviolet (UV) C light (UVC) emitted from a krypton chloride lamp with an optical filter is currently available for the sterilization of dwelling spaces. To use the filtered 222-nm Far-UVC more effectively and safely for sterilization, it is necessary to understand its germicidal mechanism. The present study suggests that the germicidal effect of filtered 222-nm Far-UVC on <i>E. coli</i> may not only involve CPD but also ROS. These results could be useful in establishing more effective preventive methods in dwelling spaces for infectious diseases by UVC irradiation.",Escherichia coli,uv,,
39861323,10.3390/polym17020251,PMC11769405,oa,2025,Polymers,Antimicrobial Activity of UV-Activated and Cysteamine-Grafted Polymer Foils Against Bacteria and Algae.,"Surface modification of various polymer foils was achieved by UV activation and chemical grafting with cysteamine to improve surface properties and antimicrobial efficacy. UVC activation at 254 nm led to changes in surface wettability and charge density, which allowed the introduction of amino and thiol functional groups by cysteamine grafting. X-ray photoelectron spectroscopy (XPS) confirmed increased nitrogen and sulfur content on the modified surfaces. SEM analysis revealed that UV activation and cysteamine grafting resulted in distinct surface roughness and texturing, which are expected to enhance microbial interactions. Antimicrobial tests showed increased resistance to algal growth (inhibition test) and bacterial colonization (drop plate method), with significant improvement observed for polyethylene terephthalate (PET) and polyetheretherketone (PEEK) foils. The important factors influencing the efficacy included UV exposure time and cysteamine concentration, with longer exposure and higher concentrations leading to bacterial reduction of up to 45.7% for <i>Escherichia coli</i> and 55.6% for <i>Staphylococcus epidermidis</i>. These findings highlight the potential of combining UV activation and cysteamine grafting as an effective method for developing polymeric materials with enhanced antimicrobial function, offering applications in industries such as healthcare and packaging.",Escherichia coli,uv,,
39860974,10.3390/pathogens14010013,PMC11769392,oa,2024,"Pathogens (Basel, Switzerland)",The Evaluation of Antibacterial Coatings Against Commonly Found Pathogenic Bacteria in the Environment-Implications for Environmental Safety and Infection Prevention.,"Microorganisms, including pathogens that cause skin, respiratory, and urinary tract infections, are widespread in our environment. Despite routine cleaning with bleach and disinfectants, the transmission of pathogens still occurs, leading to potential infectious diseases. This study aimed to determine the antibacterial effect of two coating formulas against common environmental pathogens like <i>Escherichia coli</i>, <i>Staphylococcus aureus</i>, <i>Acinetobacter baumannii</i>, <i>Pseudomonas aeruginosa</i>, <i>Salmonella</i> sp., vancomycin-resistant <i>Enterococcus faecium</i>, and <i>Klebsiella pneumoniae</i>. The antibacterial coatings exhibited efficacy against these pathogens, with a bacterial reduction rate (R) greater than two, even after prolonged bleach cleaning. However, UV exposure may affect the efficacy of such coatings. The antibacterial coatings can eliminate the need for repetitive consumption of toxic detergents and reduce cleaning manpower, making them an environmentally friendly product for safety control and infection prevention.",Escherichia coli,uv,,
39826254,10.1016/j.chemosphere.2025.144109,,no_pmc,2025,Chemosphere,Degradation of plasmid-mediated resistance genes in poultry slaughterhouse wastewater employing a UV/H<sub>2</sub>O<sub>2</sub> process: A metagenomic approach.,"Poultry slaughterhouse effluents are important hotspots for the spread of both antibiotic-resistant bacteria (ARBs) and antibiotic resistance genes (ARGs), contributing to the antimicrobial resistance (AMR). This study reports a novel investigation to assess the effects of UV/H<sub>2</sub>O<sub>2</sub> treatment on the removal of metaplasmidome-mediated ARGs from poultry slaughterhouse effluents. The effluent samples were subjected at 0.005-0.15 mol L<sup>-1</sup> of H<sub>2</sub>O<sub>2</sub> and pH conditions (3, 5, 7 and 9). Bacterial community (rrs 16S rRNA), Escherichia coli (uidA) antimicrobial resistance (sul1 and int1) and metagenomic plasmid DNA removal were assessed. The UV/H<sub>2</sub>O<sub>2</sub> treatment employing H<sub>2</sub>O<sub>2</sub> = 0.01 mol L<sup>-1</sup> at pH 3 resulted in decreased of several markers (uidA, sul1 and int1). A metaplasmidome indicated the persistence of Burkholderiales order. The UV/H<sub>2</sub>O<sub>2</sub> process reduced plasmid-associated ARGs by 92.5% and 90.4% at pH 3 and 7, respectively. Persistent genes were mainly composed of genes associated with efflux pumps and resistance to beta-lactams and fluoroquinolones. These findings contribute to mitigate the spread of AMR in the agricultural sector, especially through the implementation of more efficient treatments, and reducing the use of antibiotics in livestock farming.",Escherichia coli,uv,,
39821476,10.1111/1744-7917.13492,,no_pmc,2025,Insect science,Elasticity of trachea in the silkworm: A role of gene BmMuc91C.,"Respiration is a vital process essential for organism survival, with most terrestrial insects relying on a sophisticated tubular tracheal network. In the current study, a gene with repetitive sequence was identified within the silkworm genome. Designated as BmMuc91C, it contains a dozen repeated motifs ""PSSSYGAPX"" and ""GGYSSGGX"" in its sequence. BmMuc91C exhibits specific expression in the tracheal system of silkworm larvae, with significantly higher expression levels during the molting stage. Overexpression of BmMuc91C in individual silkworms resulted in a marked increase in tracheal diameter, particularly during the molting stage. Immunofluorescence staining using a BmMuc91C antibody revealed a noticeable thickening of the apical extracellular matrix in the trachea. Tensile testing confirmed a considerable enhancement in tracheal elasticity. Additionally, a BmMuc91C mutation strain of silkworms was generated using the clustered regularly interspaced short palindromic repeats (CRISPR) / CRISPR-associated nuclease 9 system. Although no significant differences were observed in the growth, development, and molting of BmMuc91C mutant silkworms, mechanical tests demonstrated a decrease in tracheal elasticity. Transcriptomic techniques revealed that a significant number of cuticular and chitin-binding proteins were among the differentially expressed genes between mutant and wild-type silkworms. Furthermore, the recombined BmMuc91C protein was successfully expressed using the Escherichia coli system. Cross-linking experiments with horseradish peroxidase demonstrated the formation of macromolecular complexes of BmMuc91C, which exhibited spontaneous luminescent properties under ultraviolet light. This research sheds light on the role of elastic proteins in insect tracheae and provides valuable insights for the development of elastic biomaterials.",Escherichia coli,uv,,
39799909,10.1016/j.watres.2025.123122,,no_pmc,2025,Water research,Why the disinfection efficiency of ultraviolet radiation may become unsatisfactory at low suspended solid concentrations: The mechanism of extracellular polymeric substances secretion induced by different particles.,"Due to the global outbreaks caused by pathogens, disinfection has attracted widespread attention, especially as the final inactivation step in wastewater treatment plants (WWTPs). Ultraviolet (UV) radiation is regarded as one of low carbon disinfection methods without chemical agents, but in practice, the effects are sometimes unsatisfactory, e.g., Escherichia coli (E. coli) still stay alive excessively at low concentrations of suspended solids (SS) that meets the discharge standards (<10 mg l<sup>-1</sup>). WWTPs focus on each process's efficiency, while the particle influence of different upstream processes on UV radiation is ignored. This study investigated the changes in extracellular polymeric substances (EPS) structure and biofilm from the perspective of single cell and cell-to-cell interactions at low SS concentrations before and after UV radiation. We disclosed that the effective characteristics of effluent SS particles were mainly related to some specific operation units, like coagulation sedimentation or sand filtration, which induced EPS secretion and biofilm formation, and subsequently caused the different responses of cells within the biofilm to UV radiation. Compared with filtrating sand particles, the magnetic coagulant induced more polysaccharide secretion and expanded the EPS structure, leading to a thicker and more effective protective layer to weaken UV intensity and reduce reactive oxygen species levels inside cells. The microbial community analysis of a real WWTP confirmed the survival of microorganisms with abilities of EPS secretion and sheltering others. Therefore, considering the potential positive effect of particles (such as metal particles) in the upstream process on the microbial aggregation in the subsequent process, it is recommended that the UV disinfection requires a lower SS concentration standard or a higher UV radiation dose. This study provides a basis for effective UV disinfection at the present application standards.",Escherichia coli,uv,,
39770735,10.3390/microorganisms12122532,PMC11678793,oa,2024,Microorganisms,Pharmacodynamic Evaluation of Phage Therapy in Ameliorating ETEC-Induced Diarrhea in Mice Models.,"Enterotoxigenic <i>Escherichia coli</i> (ETEC) is a major pathogen causing diarrhea in humans and animals, with increasing antimicrobial resistance posing a growing challenge in recent years. Lytic bacteriophages (phages) offer a targeted and environmentally sustainable approach to combating bacterial infections, particularly in eliminating drug-resistant strains. In this study, ETEC strains were utilized as indicators, and a stable, high-efficiency phage, designated vB_EcoM_JE01 (JE01), was isolated from pig farm manure. The genome of JE01 was a dsDNA molecule, measuring 168.9 kb, and a transmission electron microscope revealed its characteristic T4-like Myoviridae morphology. JE01 effectively lysed multi-drug-resistant ETEC isolates. Stability assays demonstrated that JE01 retained its activity across a temperature range of 20 °C to 50 °C and a pH range of 3-11, showing resilience to ultraviolet radiation and chloroform exposure. Furthermore, JE01 effectively suppressed ETEC adhesion to porcine intestinal epithelial cells (IPEC-J2), mitigating the inflammatory response triggered by ETEC. To investigate the in vivo antibacterial efficacy of phage JE01 preparations, a diarrhea model was established using germ-free mice infected with a drug-resistant ETEC strain. The findings indicated that 12 h post-ETEC inoculation, intragastric administration of phage JE01 significantly reduced mortality, alleviated gastrointestinal lesions, decreased ETEC colonization in the jejunum, and suppressed the expression of the cytokines IL-6 and IL-8. These results demonstrate a therapeutic benefit of JE01 in treating ETEC-induced diarrhea in mice. Additionally, a fluorescent phage incorporating red fluorescent protein (RFP) was engineered, and the pharmacokinetics of phage therapy were preliminarily assessed through intestinal fluorescence imaging in mice. The results showed that the phage localized to ETEC in the jejunum rapidly, within 45 min. Moreover, the pharmacokinetics of the phage were markedly slowed in the presence of its bacterial target in the gut, suggesting sustained bacteriolytic activity in the ETEC-infected intestine. In conclusion, this study establishes a foundation for the development of phage-based therapies against ETEC.",Escherichia coli,uv,,
39766551,10.3390/antibiotics13121161,PMC11672500,oa,2024,"Antibiotics (Basel, Switzerland)",Local Electric Field-Incorporated In-Situ Copper Ions Eliminating Pathogens and Antibiotic Resistance Genes in Drinking Water.,"Pathogen inactivation and harmful gene destruction from water just before drinking is the last line of defense to protect people from waterborne diseases. However, commonly used disinfection methods, such as chlorination, ultraviolet irradiation, and membrane filtration, experience several challenges such as continuous chemical dosing, the spread of antibiotic resistance genes (ARGs), and intensive energy consumption. Here, we perform a simultaneous elimination of pathogens and ARGs in drinking water using local electric fields and in-situ generated trace copper ions (LEF-Cu) without external chemical dosing. A 100-μm thin copper wire placed in the center of a household water pipe can generate local electric fields and trace copper ions near its surface after an external low voltage is applied. The local electric field rapidly damages the outer structure of microorganisms through electroporation, and the trace copper ions can effectively permeate the electroporated microorganisms, successfully damaging their nucleic acids. The LEF-Cu disinfection system achieved complete inactivation (>6 log removal) of <i>Escherichia coli</i> O157:H7, <i>Pseudomonas aeruginosa</i> PAO1, and bacteriophage MS2 in drinking water at 2 V for 2 min, with low energy consumption (10<sup>-2</sup> kWh/m<sup>3</sup>). Meanwhile, the system effectively damages both intracellular (0.54~0.64 log) and extracellular (0.5~1.09 log) ARGs and blocks horizontal gene transfer. LEF-Cu disinfection holds promise for preventing horizontal gene transfer and providing safe drinking water for household applications.",Escherichia coli,uv,,
39760758,10.1021/acs.est.4c10128,,no_pmc,2025,Environmental science & technology,Water Disinfection with Dual-Wavelength (222 + 275 nm) Ultraviolet Radiations: Microbial Inactivation and Reactivation.,"Emerging mercury-free ultraviolet (UV) sources, such as krypton chloride excimer (KrCl*) lamps and UV light emitting diodes (UV-LEDs), emit diverse wavelengths with distinct inactivation mechanisms. The combined application has the potential to improve disinfection effectiveness through synergism. In this study, a mini-fluidic photoreaction system equipped with a KrCl* lamp (222 nm) and a strip of UV-LEDs (275 nm) was developed, which could individually/simultaneously deliver accurate UV radiation(s) at 222 nm (0.32 mW cm<sup>-2</sup>) or/and 275 nm (0.50 mW cm<sup>-2</sup>). Dual-wavelength UV (DWUV) radiations demonstrated a substantial synergistic effect on <i>Escherichia coli</i> (<i>E. coli</i>) inactivation with synergistic coefficients reaching up to 1.92, while no synergistic effect was observed for PR772 bacteriophage (PR772) inactivation. Moreover, DWUV radiations significantly (<i>p</i> < 0.05) suppressed the reactivation of <i>E. coli</i> and PR772 in the subsequent light/dark treatment. For <i>E. coli</i>, the underlying mechanism could be ascribed to the increased level of reactive oxygen species induced by DWUV radiations, which not only enhanced inactivation by damaging proteins and lipids, but also suppressed the reactivation by damaging DNA repair enzymes. For PR772, although the DNA and protein damages caused by DWUV radiations did not yield a synergistic effect, the protein damage prevented the viral DNA from entering host cells for repair, thereby suppressing reactivation. This study helps develop more effective UV disinfection technologies by using DWUV radiations.",Escherichia coli,uv,,
39754914,10.1016/j.jphotobiol.2024.113089,,no_pmc,2025,"Journal of photochemistry and photobiology. B, Biology",Comparative investigation of structural properties and biological applications of chemical and biogenic synthesis of zirconium dioxide (ZrO<sub>2</sub>) nanoparticles using Passiflora edulis.,"Over the last decade, the environmental and wellness cost of antibiotic drug resistance to the societies have been astounding and require urgent attention Metal oxide nanomaterials have been achieved a pull-on deal with its entire applications in biological and photocatalytic applications. The present study conducts a comparative investigation on chemical and biogenic synthesis of zirconium dioxide (ZrO<sub>2</sub>) nanoparticles aimed at enhancing their efficacy in their applications. The plant extract of Passiflora edulis act as a reducing and capping properties offering a sustainable and eco-friendly alternative. ZrO<sub>2</sub> nanoparticles have drawn a lot of scrutiny owing to their potential uses in numerous fields, including medicine and environmental remediation. Thereby produced ZrO<sub>2</sub> nanoparticles were synthesized by employing sustainable techniques, and their successful production and their uses were confirmed by characterization by XRD, FTIR, UV-visible spectroscopy, SEM, EDAX, PL, TEM, XPS, TGA and Raman spectroscopy. The zirconia nanoparticles synthesized using chemical and green methods exhibited ultraviolet-visible (UV-Vis) absorption maxima at 221 and 224 nm, respectively, demonstrating their synthesis. X-ray diffraction research revealed that the nanoparticles possess a tetragonal shape, with mean particle sizes of 11 nm and 7 nm, respectively. The synthesized ZrO<sub>2</sub> nanoparticles (ZrO<sub>2</sub> and Ext-ZrO<sub>2</sub>) exhibited inhibitory effects against Gram-positive strains (Bacillus subtilis and Staphylococcus aureus) and Gram-negative germs (Escherichia coli and Pseudomonas aureus), with zones of inhibition measuring (12, 8 mm), (8, 11 mm), (12, 15 mm), and (7, 12 mm) correspondingly. The antitumor activity of ZrO<sub>2</sub> and Ext-ZrO<sub>2</sub> was assessed using human colon cancer cells (HT29). The MTT assay was employed to assess the cytotoxicity of ZrO<sub>2</sub> nanospheres on the HT-29 cell line at various concentrations (7.5, 15.6, 31.2, 62.5, 125, 250, and 500 μg/ml). The HT29 cell line exhibits a reduction in cell viability from 96 % to 34 % when the concentration of ZrO<sub>2</sub> nanoparticles escalates. The photocatalytic activity of ZrO<sub>2</sub> and Ext-ZrO<sub>2</sub> exhibited absorbance deterioration at around 445 nm, resulting in the discoloration of Rh B dye under UV light irradiation after 100 min, achieving maximal degradation rates of 96 % and 99 %, respectively. Consequently, the synthesized ZrO<sub>2</sub> and Ext-ZrO<sub>2</sub> may be utilized in antibiotic formulation, pharmaceutical sectors, and photocatalysts.",Escherichia coli,uv,,
39733748,10.1016/j.jhazmat.2024.136925,,no_pmc,2025,Journal of hazardous materials,"Effective management of pre-existing biofilms using UV-LED through inactivation, disintegration and peeling.","Managing undesirable biofilms is a persistent challenge in water treatment and distribution systems. Although ultraviolet-light emitting diode (UV-LED) irradiation, an emerging disinfection method with the chemical-free and emission-adjustable merits, has been widely reported effective to inactivate planktonic bacteria, few studies have examined its effects on biofilms. This study aims to fill this gap by exploring the performance and mechanism of UV-LEDs on the prefabricated Escherichia coli (E. coli) biofilms under varying irradiation conditions. The results showed that the wavelength of 275 nm exhibited the best inactivation effect on the biofilm-bound E.coli compared to 268, 312 and 370 nm, achieving 3.2 log inactivation at a fluence of 346.5 mJ/cm<sup>2</sup> and an irradiance of 660 μW/cm<sup>2</sup>. Furthermore, irradiance and irradiation time are proposed for the first time to be a pair of conjugate variables correlated to log inactivation, as a modification of the Bunsen-Roscoe reciprocity law. Additionally, the effect of UV irradiation on extracellular polymeric substances (EPS) in terms of the structure and chemical properties was investigated. The findings support that the oxidative degradation of the polysaccharides and proteins in EPS matrix should be the primary reason for destroying the biofilm framework. Finally, additional hydraulic shear was applied on the irradiated biofilms, suggesting an effective approach for enhancing biofilm removal.",Escherichia coli,uv,,
39710107,10.1016/j.freeradbiomed.2024.12.042,,no_pmc,2025,Free radical biology & medicine,Quantitative redox proteomics links thioredoxin to heavy ion resistance in Deinococcus radiodurans.,"Heavy ion radiotherapy is an effective treatment for tumors, but its therapeutic efficacy is limited in cancer cells with radiation resistance. Deinococcus radiodurans, well known for its extremely resisting various stresses, was used to explore radioresistant mechanism. We used quantitative redox proteomics to track the dynamic changes in the global redox state after <sup>12</sup>C<sup>6+</sup> irradiation. The redox-relevant metabolic signaling pathway was significantly changed, where thioredoxin 2 (DrTrx2) was found to shift towards more reduced status than other redox proteins, promoting great interest to explore the role of DrTrx2 redox in radioresistance. Both the reduction ratio and expression level of DrTrx2 were shown to affect the radioresistant phenotype under varying doses of <sup>60</sup>Co irradiation. Additionally, the reduction at the active site was confirmed to provide the radioresistance to DrTrx2, further revealing the universality of DrTrx2 in radiation protection. Furthermore, we used radiation-sensitive Escherichia coli strain as host cells to analyze change of DrTrx2 interactome after UV radiation. Compared with the control, UV radiation induction altered the interaction of DrTrx2 with substrate proteins. The significantly altered proteins were enriched in DNA repair, base analogs metabolism, mitochondrial metabolism, RNA metabolism, transcription, translation, antioxidation, and so on. Therefore, DrTrx2 improved radioresistance by changing interaction with substrate proteins and their reduced states. Overall, this study provides a landscape of the radiation-induced dynamic change of redox state and the protein interaction, which provides novel insights for better understanding radioresistant mechanism and improving therapeutic efficiency of heavy ion irradiation for cancers.",Escherichia coli,uv,,
39708182,10.1007/s11356-024-35297-0,PMC11732779,oa,2025,Environmental science and pollution research international,Synergistic effects of a sequential recirculation electrochemical system combined with low-cost UV-LEDs on the gram-negative bacteria inactivation.,"In this work, an electrochemical system combined with low-cost UV-LEDs was implemented for the inactivation of Escherichia coli and Pseudomonas aeruginosa. The individual elimination of these bacteria was followed by plate counting and flow cytometry, as complementary techniques to establish the cell inactivation and non-viability, respectively. The contribution of the different parts of the disinfection system (anode, cathode, and light) was determined. In addition, the efficiency of the UV-LEDs/GDE/DSA system in the disinfection of an irrigation water sample was studied. It was found that the combination of the electrochemical system with UV-LEDs was highly synergistic (φ > 7), having low electric energy consumptions per order of magnitude (E<sub>EO</sub>: 1.13 × 10<sup>-2</sup> and 1.55 × 10<sup>-2</sup> kWh/m<sup>3</sup> order). Moreover, some differences in the inactivation kinetics and synergy between E. coli and P. aeruginosa were observed and linked to the structural/morphological characteristics of the two bacteria. Remarkably, the electrochemical system combined with low-cost UV-LEDs inactivated both target microorganisms after only 2 min of treatment. The flow cytometry analyses evidenced the damage to the cell membrane of the bacteria by the simultaneous and synergistic action of the electrogenerated H<sub>2</sub>O<sub>2</sub> and active chlorine species (ACS), plus the attacks of photo-generated reactive oxygen species. This synergistic combination in the UV-LEDs/GDE/DSA system demonstrated remarkable efficiency in the disinfection of an irrigation water sample, achieving the elimination of culturable bacteria in 45 min of treatment. The results of this research demonstrated the capacity and great potential of an easy combination of electrochemistry with UV-LEDs as an alternative system for the elimination of gram-negative bacteria in water.",Escherichia coli,uv,,
39703815,10.1016/j.reth.2024.11.020,PMC11655690,oa,2025,Regenerative therapy,"Cleaning methods for biosafety cabinet to eliminate residual mycoplasmas, viruses, and endotoxins after changeover.","Cell-processing operations can potentially contaminate biosafety cabinets, which should be maintained sterile. However, unintended contamination can occur owing to the presence of viruses, mycoplasmas, and bacteria in the raw materials. Moreover, although several methods for expunging these contaminants have been proposed, an optimal method has not yet been determined. Additionally, the effectiveness of conventional methods for eliminating these contaminants remains unclear owing to their unique characteristics and potential resistances to cleaning. Therefore, this paper proposes a risk-based approach to identify appropriate cleaning methods and reduce the likelihood of cross-contamination in biosafety cabinets by these contaminants. Various cleaning methods for eliminating mycoplasmas, viruses, and endotoxins from biosafety cabinets were evaluated, including ultraviolet (UV) irradiation at 200 mJ/cm<sup>2</sup> for 20 min and wiping with disinfectants such as distilled water, benzalkonium chloride (BKC), and 70 % ethanol (ETH). The effectiveness of each method was evaluated by applying the contaminants on stainless steel plates and cleaning them using each method. <i>Mycoplasma orale</i> was cultured for 2 weeks in a liquid medium after cleaning. <i>Feline calicivirus</i> (FCV) was used for evaluating the virus-cleaning effectiveness and its presence was tested using the TCID50 test, whereas endotoxins obtained from the dried extract of <i>Escherichia coli</i> were measured via endotoxin testing. UV irradiation and wiping with BKC inhibited the growth of mycoplasma and significant decreased their presence compared with the other cleaning methods. Notably, mycoplasma were detected after wiping all SUS304 plates with ETH, which is a widely used cleaning method. Additionally, the cleaning efficacy for virus showed that the TCID<sub>50</sub> of the wet group was 132,000 TCID<sub>50</sub>/plate, whereas those after UV irradiation or cleaning with BKC or DW were below the detection limit. Finally, UV irradiation did not significantly reduce the endotoxin production compared with that in the dry group. Additionally, wiping with ETH did not significantly reduce endotoxins compared with the dry group and their residues were higher than those detected after wiping with BKC or DW. The changeover protocols currently employed in most cell-processing facilities may be ineffective as pathogenic or nonpathogenic materials may remain even after ETH wiping, leading to unintended cross-contamination. To the best of our knowledge, this is the first study to provide reference data of different cleaning methods for mycoplasmas, viruses, and endotoxins in cell-product manufacturing facilities, and can potentially support the development of evidence-based management strategies for ensuring safe cell-product processing.",Escherichia coli,uv,,
39690306,10.1007/s00284-024-04021-z,,no_pmc,2024,Current microbiology,"Expression of Multiple Copies of the Lon Protease Gene Resulted in Increased Antibiotic Production, Osmotic and UV Stress Resistance in Streptomyces coelicolor A3(2).","The genus Streptomyces is a group of gram-positive bacteria that exhibit a distinctive growth pattern characterised by elongated, branched hyphae. Streptomyces coelicolor A3(2), which produces at least five different antibiotics, is a model organism that is widely used in genetic studies. There are very few studies in Streptomyces on the ATP-dependent Lon protease, which has very important functions in every organism and is particularly responsible for protein homeostasis. The aim of this study was to construct and characterize a recombinant S. coelicolor strain expressing the lon gene on a multicopy plasmid. For this purpose, the lon gene was first cloned in Escherichia coli under the control of the glycerol-inducible promoter of pSPG, and its expression in S. coelicolor A3(2) cells was demonstrated by RT-qPCR. In contrast with the initial hypothesis, increased lon expression did not affect cell growth seriously. Instead, it increased the cell's tolerance to osmotic and UV stress and led to a significant increase in antibiotic production. The recombinant strain produced 27 times more actinorhodin and 43 times more undecylprodigiosin than the wild-type strain after 120 h of fermentation. To our knowledge, this is the first study to demonstrate the effects of expression of the lon gene on a high copy number plasmid in Streptomyces.",Escherichia coli,uv,,
39690121,10.1021/acs.langmuir.4c03077,,no_pmc,2024,Langmuir : the ACS journal of surfaces and colloids,Thiamethoxam-Loaded Ethyl Cellulose Microspheres for Extending the Efficacy Duration and Reducing the Toxicity on the Growth of Maize (<i>Zea mays</i> L.).,"Thiamethoxam has been widely used in agriculture due to its excellent insecticidal activity. However, thiamethoxam is prone to loss during practical applications, especially in soil application, which seriously reduces its performance. In this work, thiamethoxam is loaded in ethyl cellulose microspheres to solve this issue, and the thiamethoxam-loaded ethyl cellulose microspheres (thiamethoxam/EC) are facilely and effectively fabricated by emulsified solvent volatilization. The exceptional embedding capacity of thiamethoxam/EC was elucidated through a systematic investigation of its controlled release and antiphotolysis properties. The encapsulation efficiency of thiamethoxam/EC was found to be ∼70.36%. Even after 130 h in a phosphate-buffered saline solution, the release of thiamethoxam from the thiamethoxam/EC complex continued, with a cumulative release of ∼52.38%. In contrast, the cumulative release of thiamethoxam/EC in soil after being flushed with 580 mL of water was a mere 14.74%, significantly lower than the value of 42.73% observed for unencapsulated thiamethoxam at the same volume. Additionally, thiamethoxam/EC demonstrated benign biocompatibility with <i>Escherichia coli</i> and maize (<i>Zea mays</i> L.) seedlings. The ultraviolet resistance of thiamethoxam in the thiamethoxam/EC formulation was nearly 3 times greater than that of uncoated thiamethoxam, and the insecticidal efficacy against <i>Mythimna separata</i> improved by 11.46% at a low concentration of 1 mg/L after a 10 day incubation in a greenhouse. The microspheroidization process not only extended the efficacy duration of fluazinam on target crops but also contributed to the sustainable use of pesticides and environmental protection.",Escherichia coli,uv,,
39659604,10.1039/d4ra06818a,PMC11629303,oa,2024,RSC advances,"Preparation and properties of a novel alginate/carrageenan crosslinked coordination polymer and evaluation of the antibacterial, antioxidant and anticancer potential of its Co(ii), and Cr(iii) polymeric complexes.","Natural polysaccharides play a crucial role across diverse fields such as medicine, food, and cosmetics, for their various physiochemical and biological properties. In this study, we developed a new crosslinked biopolymer using sodium alginate (AG) and carrageenan (CAR) polysaccharides. Various metal complexes involving different metal salts such as CoCl<sub>2</sub>·6H<sub>2</sub>O and CrCl<sub>3</sub>·6H<sub>2</sub>O were synthesized using the crosslinked biopolymer formed above. The two polymeric complexes were characterized using Fourier-transform infrared spectroscopy (FT-IR), elemental analysis, ultraviolet-visible spectroscopy (UV-Vis), magnetic susceptibility, molar conductivity techniques, and thermogravimetric analysis. The Co(ii) polymeric complex exhibits a tetrahedral X-ray crystal structure and belongs to the monoclinic crystal system. Cr(iii) complex is octahedral and crystal data are in compliance with the cubic crystal system. The antimicrobial study showed a significant activity improvement for all the developed complexes against both Gram-positive as well as Gram-negative bacterial pathogens - <i>Staphylococcus aureus</i>, <i>Microscus luteum</i>, <i>Escherichia coli</i> and <i>Salmonella typhimurium.</i> Similarly, the different polymeric complexes showed an efficient activity against <i>Candida albicans</i> as anti-fungal effect. Moreover, higher antioxidant values of the two complexes were obtained with DPPH scavenging activity ranging between 73% and 94%. In addition, both the polymeric complexes were subjected to biocompatibility cell viability assays along with <i>in vitro</i> anticancer evaluation. The alginate/carrageenan crosslinked coordination complexes revealed excellent cytocompatibility with normal human breast epithelial cells (MCF10A) and a high anticancer potential with human breast cancer cells (MCF-7) which increase significantly in a dose-dependent manner.",Escherichia coli,uv,,
39658156,10.1016/j.foodres.2024.115352,,no_pmc,2025,"Food research international (Ottawa, Ont.)","Inactivation of Listeria monocytogenes, Escherichia coli O157:H7, and Staphylococcus aureus by sequential light-emitting diodes (LEDs) treatment at 365 nm and 420 nm.","Frequent outbreaks caused by foodborne pathogens pose long-term risks to consumer health. To proactively reduce the load of pathogenic bacteria during food processing, a novel light-based antibacterial approach was developed by sequential application of 365 nm and 420 nm light-emitting diodes (LEDs). Results demonstrated that after treatment with 365 nm (480 J/cm<sup>2</sup>) followed by 420 nm (307.2 J/cm<sup>2</sup>), the reduction of Listeria monocytogenes reached 4.05 ± 0.31 log CFU/mL, significantly higher (an additional 1.8 log CFU/mL, P < 0.05) than cumulative reductions achieved by each 365 nm (2.25 ± 0.92 log CFU/mL) and 420 nm (0.02 ± 0.15 log CFU/mL) treatments. Further analysis revealed that the enhancement in bacterial reduction achieved through the sequential treatment with 365 nm and 420 nm was primarily driven by the exposure time to 365 nm. The inactivation mechanisms were investigated, considering possible photothermal, physical, and oxidative effects. Findings showed that the antibacterial effect of sequential treatment was mainly ascribed to intracellular oxidation generated by reactive oxidative species (ROS), namely hydrogen peroxide and superoxide anion. The antibacterial mechanism of two LEDs may result from the sensitization of bacterial cells to excessive ROS, as evidenced by fluorescent intensity measurements and chemical scavenger assays. This research provides new insight for improving the efficacy of UVA and blue light treatment to control food contamination by Listeria.",Escherichia coli,uv,,
39653282,10.1016/j.micpath.2024.107196,,no_pmc,2025,Microbial pathogenesis,Changes in antibiotic resistance patterns of Gram-negative bacilli across three different wastewater treatment plants in northwest Algeria; first comparative study.,"Changes in antibiotic resistance of bacteria in three different wastewater treatment plants (WTP) were investigated to determine their role they play in the dissemination of multidrug resistant bacteria (MDR). Water samples were collected from downstream of three (WTP) from where pollution parameters were detected and high-performance Liquid chromatography (HPLC) coupled with an ultraviolet (UV) detector was used to measure antibiotic residues. In addition, 88 bacilli Gram-negative (BGN) were collected; activated sludge, aerated lagoons and natural lagoons, and tested for resistance against 18 βeta-lactam antibiotics. We evaluated the production of Extended-spectrum β-lactamases (ESBLs) in isolates that were further confirmed by applying the automated VITEK-2 system. Among the 88 isolates, Klebsiella pneumoniae (60 %),Escherichia coli (23,33 %) and Serratia marcescens(32,14 %) were the most isolated species. The abundance of the CTX ESBL-producers strains was significantly higher in natural lagoons that may have a greater influence on the occurrence and prevalence of MDR, with the MAR index being the lowest for Serratia marcescens (0,27) and the highest for Citrobacter koseri (0,88), serving as a hotspot environment for the evolution of Antibiotic resistance. Controlling or avoiding this kind of treatment can reduce the chance of MDRs entrance to the environment.",Escherichia coli,uv,,
39653231,10.1016/j.ijbiomac.2024.138558,,no_pmc,2025,International journal of biological macromolecules,"Preparation of eco-friendly multifunctional lyocell fabric with flame retardant, antibacterial and UV resistant using glucose-derived NP compounds.","A biomass-based finishing agent (ArCP) rich in nitrogen and phosphorus was synthesized from glucose, arginine and phosphorous acid, which was then used for lyocell fabrics to prepare flame retardant, antibacterial and UV resistant properties lyocell fabrics (ArCP-lyocell). The elemental composition, surface morphology, combustion performance, antibacterial and UV resistant properties for the lyocell fabrics before and after modification were investigated. ArCP-lyocell fabrics showed excellent self-extinguishing properties with a limiting oxygen index (LOI) of 35.1 % and maintained an LOI of 30.7 % even after 30 laundering cycles (LCs). Antibacterial experiments confirmed the antibacterial effect of ArCP-lyocell against Escherichia coli (E. coli) and Staphylococcus aureus (S. aureus), with 99.9 % and 92.8 % inhibition rates, respectively. In addition, the modified fabrics exhibited excellent UV resistant properties with a UV production factor (UPF) of up to 184.54, and lower transmittance both UVA and UVB rays under 2 %. This study provides a simple and efficient approach for developing eco-friendly multifunctional textiles.",Escherichia coli,uv,,
39616761,10.1016/j.foodchem.2024.141844,,no_pmc,2025,Food chemistry,Facile synthesis of highly efficient fluorescent silicon quantum dots used for highly sensitive sensor of tetracycline in honey samples and antibacterial agent.,"The excessive use of antibiotics and the presence of tetracycline (TC) residues poses a significant threat to human health. It is imperative to develop antibacterial materials which address the issue of bacterial resistance as well as to establish reliable methods for detecting TC to ensure food safety. This study reports the synthesis of silicon quantum dots (SiQDs) with blue fluorescence emission at 420 nm via a hydrothermal method, using allyloxytrimethylsilane, triacetoxy(methyl)silane as the silicon sources and sodium citrate as a reducing agent. The synthesized SiQDs demonstrated remarkable photostability in 60 min of UV irradiation as well as pH-stability across a range from 2.09 to 11.92. They exhibited salt tolerance and anti-oxidant capacity, even when the concentrations of NaCl and H<sub>2</sub>O<sub>2</sub> were up to 4 mol/L and 1000 μmol/L, respectively. Notably, the SiQDs displayed efficient antibacterial activity without resistance by electrostatic interaction and excessive production of reactive oxygen species (ROS), which would damage the bacterial cell walls and subsequently inhibit bacterial growth and reproduction. The minimum inhibitory concentration of SiQDs was 0.45 mg/mL against Escherichia coli and 0.25 mg/mL against Staphylococcus aureus, respectively. Besides, a fluorescence nanoprobe based on SiQDs was meaningfully constructed to sensitively and rapidly determine TC owing to the internal filtration effect. The limit of detection for SiQDs to TC was 0.0006 μmol/L with a linear range from 0.001 to 0.010 μmol/L. The probe's practicality was confirmed in spiked honey samples from different manufacturers with an approximate 100 % recovery of TC. Consequently, this research presents a promising avenue for enhancing the detection of TC in food safety and the development of antibacterial agents without bacterial resistance.",Escherichia coli,uv,,
39614588,10.1016/j.foodres.2024.115132,,no_pmc,2024,"Food research international (Ottawa, Ont.)",Synergistic antimicrobial action of chlorogenic acid and ultraviolet-A (365 nm) irradiation; mechanisms and effects on DNA integrity.,"Chlorogenic acid (CGA) is abundant in various plants and notably in coffee beans. This study investigated the bactericidal activity of CGA combined with ultraviolet-A light (UVA, 365 nm) (CGA + UVA) against Escherichia coli DH5α, with the aim of developing novel strategies for food preservation and healthcare. CGA + UVA treatment was superiorin reducing bacterial survival than either treatment alone. At 20 J/cm<sup>2</sup> and pH 7, CGA (0.3%) + UVA treatment resulted in only about a 3-log reduction in bacterial survival, whereas at 15 J/cm<sup>2</sup> and pH 3, no surviving bacteria could be detected, demostrating that the treatment was more effective at acidic pH. CGA + UVA treatment was also bactericidal in green plum juice, confirming that its low pH-dependent property could be effective in acidic food products. To elucidate the bactericidal mechanism of CGA + UVA treatment, its effects on reactive oxygen species (ROS) generation, membrane integrity, and enzyme activity were measured. ROS generated via the type-1 reaction, such as hydrogen peroxide (H<sub>2</sub>O<sub>2</sub>) and hydroxyl radicals (·OH), were mainly detected. CGA + UVA disrupted the bacterial cell membrane, causing the leakage of cellular components, particularly proteins. CGA + UVA treatment also led to deoxyribonucleic acid (DNA) degradation and reduced succinate-coenzyme Q reductase activity by approximately 72 %. Furthermore, CGA + UVA treatment decreased β-lactamase activity and plasmid transforming efficacy with maximal reductions of 68 % and 98 %, respectively, highlighting its potential for increasing antibiotic susceptibility and preventing the spread of antimicrobial resistance. The results demonstrate that CGA + UVA treatment could be used to effectively combat antibiotic-resistant bacteria and prevent the spoilage of preserved foods or food poisoning.",Escherichia coli,uv,,
39609279,10.1007/s00284-024-04000-4,,no_pmc,2024,Current microbiology,Nature-Inspired Antimicrobial Agents: Cinnamon-Derived Copper Oxide Nanoparticles for Effective Aspergillus Niger Control.,"The emergence of resistant bacterial and fungal strains poses significant challenges in various industrial processes including food, medicines, and leather industry. It necessitates the development of novel and effective antimicrobial agents. In the present work, we have developed an ecofriendly and sustainable approach to synthesize silver-doped copper oxide nanoparticles by using cinnamon bark extract (C-CuO/Ag). The nanoparticles were characterized via UV-visible spectroscopy at 190-800 nm, FT-IR, SEM-EDAX, XRD, and further subjected to determine antimicrobial potential, minimum inhibitory concentration (MIC), and anti-biofilm potential against both bacterial and fungal species. UV-visible spectrum showed maximum absorption at 210 nm in ultraviolet range and 419 nm in visible range. Various strong and weak peaks were obtained in FT-IR spectra, which defined the presence of corresponding functional groups in C-CuO/Ag nanoparticles. SEM analysis revealed the tightly packed confirmation, while EDS confirmed the elemental analysis of C-CuO/Ag nanoparticles. XRD spectrum of C-CuO/Ag nanoparticles showed strong diffraction peaks at 2Ө of 31.92˚, 35.67˚, and 48.51˚, which confined with the plane indices of (-110), (111), and (- 202), respectively, while weak diffraction peaks at 2Ө of 56.31˚, 58.9˚, and 77.4˚, which leads to the crystal planes of (202), (- 220), and (311), respectively. Antimicrobial assays showed clear zones of inhibition against microbial strains as maximum inhibition diameter was observed against Aspergillus niger (31.5 ± 0.7 mm) followed by Escherichia coli (30.1 ± 0.3 mm) and Staphylococcus aureus (29.5 ± 0.7 mm). These findings provide support clear evidence that CuO nanoparticles can serve as potent antibacterial and antifungal compounds against highly resistive and pathogenic microbial strains.",Escherichia coli,uv,,
39605428,10.1101/2024.11.14.623584,PMC11601333,oa,2025,bioRxiv : the preprint server for biology,UV-B-Induced DNA Repair Mechanisms and Their Effects on Mutagenesis and Culturability in <i>Escherichia coli</i>.,"Ultraviolet-B (UV-B) radiation, intensified by ozone depletion, induces DNA damage and promotes mutagenesis, shaping evolution. While UV-induced SOS responses are well characterized in bacteria, the cellular consequences of prolonged UV-B exposure remain less clear. Prolonged UV-B exposure disrupts translation and RecA-mediated SOS induction without major changes in membrane permeability or reactive oxygen species. This impairs mutagenesis and induces a reversible loss of culturability. Genetic analysis reveals both redundant and differential roles for DNA repair pathways: homologous recombination (RecA, RecB), nucleotide excision repair (UvrA), and translesion synthesis (UmuC/D) are essential for maintaining mutagenesis and culturability, while others (RecN, RmuC) have limited impact. Notably, deletion of UvrD (a repair-associated helicase) intensifies transient non-culturability without affecting mutagenesis, underscoring complexity in repair networks. Overall, our findings reveal a dose-dependent trade-off: moderate UV-B promotes mutagenesis with minimal viability loss, whereas prolonged exposure suppresses mutagenesis via transient dormancy, reflecting an adaptive strategy with significant evolutionary implications.",Escherichia coli,uv,,
39570036,10.1128/aem.01093-24,PMC11784281,oa,2025,Applied and environmental microbiology,Inactivation of deposited bioaerosols on food contact surfaces with UV-C light emitting diode devices.,"The airborne transmission of infectious diseases and bioaerosol-induced cross-contamination pose significant challenges in the food, dairy, and pharma industries. This study evaluated the effectiveness of 279 nm UV-C LED irradiation for decontaminating bioaerosols, specifically containing microorganisms such as <i>Escherichia coli</i> (C3040- Kanamycin resistant), <i>Salmonella</i> Enteritidis (ATCC 4931), and <i>Pseudomonas fragi</i> (ATCC 4973), on food contact surfaces. Borosilicate glass, silicon rubber, and stainless steel (316L) surfaces were selected for experimentation for their usage in the food industry. A 50 µL cell suspension was aerosolized at 25 psi pressure using a 4-jet BLAM Nebulizer within a customized glass chamber and then deposited onto the surface of the coupons. The serial dilution approach was used for the microbial enumeration, followed by duplicate plating. With a low Root Mean Square Error (RMSE) and high <i>R</i><sup>2</sup> values, the biphasic kinetic model for UV-C inactivation curves of all three pathogens demonstrated the excellent goodness of fit parameters. At a UV-C dose of 6 mJ cm<sup>-2</sup>, glass surfaces showed the maximum microbial inactivation (i.e., 2.80, 3.81, and 3.56 log CFU/mL for <i>E. coli</i>, <i>Salmonella</i>, and <i>P. fragi</i>, respectively). Stainless steel and silicon rubber surfaces showed significant microbial inactivation, but log<sub>10</sub> reductions observed were consistently lower than glass surface. Our research indicates that UV-C LEDs (279 nm) can effectively disinfect bioaerosols on food contact surfaces.IMPORTANCEFood safety is a major public health concern, with contaminated food causing serious illnesses. UV-C light, used for germicidal action, is effective in disinfecting surfaces and is not subject to the same strict legal restrictions as chemical disinfectants, simplifying compliance with food safety regulations. In this study, we evaluated the efficacy of UV-C (279 nm) LED systems for inactivation of surface-deposited bioaerosols of kanamycin-resistant <i>Escherichia coli</i> (C3040), <i>Salmonella</i> Enteritidis (ATCC 4931), and <i>Pseudomonas fragi</i> (ATCC 4973). The research outcomes can be used to develop UV-based surface disinfection systems to minimize the risk of foodborne illnesses and enhance safety in high-traffic food preparation areas.",Escherichia coli,uv,,
39561479,10.1016/j.ijfoodmicro.2024.110979,,no_pmc,2025,International journal of food microbiology,Effect of texturization on microbial inactivation in UV-C treated orange juice: Predictive modeling and analysis of Alicyclobacillus acidoterrestris physiological and morphological changes.,"UV-C light is an alternative for preserving clear fruit-based drinks, replacing existing thermal treatments that degrade product quality and are ineffective against some microorganisms, including Alicyclobacillus acidoterrestris, a spoiling agent of concern in the juice sector. Texturizing agents are essential since consumers' preferences for these products strongly depend on the mouthfeel. However, the complexity of the treated texturized system may have an essential influence on UV-C effectiveness. The main goal of this study was to evaluate the effect of texturization on the UV-C inactivation of A. acidoterrestris spores (AA) and separate cocktails of Escherichia coli (ECC), yeast (YC), and Salmonella (SC) in orange juice. Binary combinations (0.0 to 0.3 % w/v) of carboxymethyl cellulose (CMC) and guar gum (GG) were added to orange juice (OJ). A multiple regression analysis identified suitable CMC and GG combinations with optimal viscosity (~ 20 mPa.s) and maximum suspended particles (%S), leading to two formulations: TOJ<sub>1</sub> (0.075 % w/v CMC + 0.15 % w/v GG at five °C) and TOJ<sub>2</sub> (0.045 % w/v CMC + 0.165 % w/v GG). A consumer field test confirmed the advantages of sweetness, bitterness, flavor, color, and body/viscosity, establishing it as the best formulation. UV-C assisted by mild heat (UV-C/H) inactivation in OJ and TOJ<sub>1</sub> was determined (1651 mJ/cm<sup>2</sup>, 50 °C, 1.8 L/min). Single treatments (UV-C and H) were also performed to evaluate synergy. The UV-C/H induced damage on AA spores was measured by flow cytometry (FC) labeling with fluorescein diacetate (FDA) and propidium iodide (PI) for monitoring membrane integrity. The bacterial cocktails were the most sensitive to the UV-C treatments, followed by YC and AA. UV-C achieved moderate inactivation (1.6-4.6 log reductions) in non-texturized OJ, while UV-C/H significantly enhanced microbial sensitivity (3.4-7.5 log reductions). Texturization slightly reduced UV-C effectiveness, achieving 2.9-5.2 log reductions in TOJ<sub>1</sub>. The Weibull model provided the best fit characterizing UV-C inactivation with evidence of subpopulations of different resistances. In TOJ<sub>1</sub> treated by UV-C/H, the flow cytometry study revealed membrane-compromised AA spores with a gradual increase of PI+ cells with treatment time. The scanning electron micrographs showed structural damage, less evident in the texturized system. The results suggest that UV-C can be used to process texturized orange juice and could be a promising alternative for controlling Alicyclobacillus spp. spores and other microbial strains in industrialized orange juice.",Escherichia coli,uv,,
39551829,10.1007/s11274-024-04195-5,,no_pmc,2024,World journal of microbiology & biotechnology,Galactose-1-phosphate uridylyltransferase GalT promotes biofilm formation and enhances UV-B resistance of Bacillus thuringiensis.,"Ultraviolet radiation (UV) is a major abiotic stress resulting in relative short duration of Bacillus thuringiensis (Bt) biopesticides in the field, which is expected to be solved by formation of Bt biofilm with higher UV resistance. Therefore, one of the important prerequisite works is to clarify the functions of biofilm-associated genes on biofilm formation and UV resistance of Bt. In this study, comparative genomics and bioinformatic analysis indicated that BTXL6_19475 gene involved in biofilm formation of Bt XL6 was likely to encode a galactose-1-phosphate uridylyltransferase (GalT, E.C. 2.7.7.12). Heterologous expression of the BTXL6_19475 gene in Escherichia coli and detection of its GalT enzyme activity in vitro proved that the gene did encode GalT. Comparing the wild type Bt strain XL6 with galT gene knockout mutant Bt XL6ΔgalT and its complementary strain Bt XL6ΔgalT::19,475, GalT promoted the biofilm formation and enhanced the UV-B resistance of Bt XL6 likely by increasing its D-ribose production and reducing its alanine aryldamidase activity. GalT did not affect the growth and the cell motility of Bt XL6. A regulation map had been proposed to elucidate how GalT promoted biofilm formation and enhanced UV-B resistance of Bt XL6 by the cross-talk between Leloir pathway, Embden-Meyerhof glycolysis pathway and pentose phosphate pathway. Our finding provides a theoretical basis for the efficient use of biofilm genes to improve the UV resistance of Bt biofilms and thus extend field duration of Bt formulations based on biofilm engineering.",Escherichia coli,uv,,
39531431,10.1371/journal.pone.0311552,PMC11556692,oa,2024,PloS one,Bactericidal effect of far ultraviolet-C irradiation at 222 nm against bacterial peritonitis.,"Far ultraviolet-C irradiation at 222 nm has potent bactericidal effects against severe infections such as peritonitis, with minimal cytotoxicity. Bacterial peritonitis due to bowel perforation is a serious condition with high mortality despite current treatments. This study investigated the safety and efficacy of intraperitoneal far ultraviolet-C irradiation at 222 nm. In vitro experiments optimized the fluid conditions for bacterial or protein concentrations prior to in vivo evaluation. In vivo efficacy was assessed in a rat peritonitis model induced by Escherichia coli, measuring intra-abdominal bacterial concentration, blood cytokine levels, and mortality rates. Safety was evaluated by analyzing cyclobutane pyrimidine dimers as markers of DNA damage in five abdominal organs: stomach, small intestine, colon, liver, and spleen. Statistical analyses employed parametric methods for normally distributed data and non-parametric methods for data without normality. Optimal in vitro conditions included 106 CFU/mL bacteria, 0.5 mW/cm2 irradiation, and 10-3 mg/mL protein. In the rat model, far ultraviolet-C irradiation at 222 nm significantly decreased intra-abdominal bacteria, reduced blood cytokines (interleukin-1β and interleukin-6), and elevated survival rates from 20% to 60%, compared to lavage alone. The formation of cyclobutane pyrimidine dimers was significantly lower with 222 nm irradiation than with 254 nm, suggesting reduced DNA damage. These findings indicate that far ultraviolet-C irradiation at 222 nm, when combined with lavage, represents a promising therapeutic strategy for bacterial peritonitis, providing effective bacterial reduction and a favorable safety profile. Further research is needed to verify these findings and investigate long-term safety and potential clinical applications.",Escherichia coli,uv,,
39520806,10.1016/j.carres.2024.109306,,no_pmc,2024,Carbohydrate research,Preparation of N-(2-hydroxypropyltrimonium chloride)-O-dodecylylpyridine chitosan quaternary ammonium salt and its antibacterial activities.,"Chitosan derivatives, including O-carboxymethyl chitosan (CMC), N-(2-hydroxypropyltrimonium chloride)-O-carboxymethyl chitosan (QCMC), and N-(2-hydroxypropyltrimonium chloride)-O-dodecylylpyridine chitosan quaternary ammonium salt (DQCMC), were synthesized and characterized using Fourier transform infrared (FTIR) spectroscopy, <sup>1</sup>H nuclear magnetic resonance (<sup>1</sup>H NMR) spectroscopy, Ultraviolet-visible (UV-vis) spectroscopy, and element analysis (EA). The antibacterial activities of chitosan and chitosan derivatives against Escherichia coli (E. coli) and Staphylococcus aureus (S. aureus) were evaluated through the minimum inhibitory concentration (MIC), minimum bactericidal concentration (MBC), and antibacterial rate assays. Results demonstrated that DQCMC exhibited significantly higher antibacterial efficacy compared to chitosan, CMC, and QCMC. The MIC of DQCMC against E. coli and S. aureus were 31 μg/mL and 7 μg/mL, respectively, with a 100 % antibacterial rate at a concentration of 0.5 mg/mL. Furthermore, assessment of mouse fibroblast (L929) cell viability using cell counting kit-8 (CCK-8) methods revealed no toxicity associated with the material.",Escherichia coli,uv,,
39510479,10.1016/j.ijbiomac.2024.137287,,no_pmc,2024,International journal of biological macromolecules,Preparation and characterization of ferulic oligosaccharides from different sources by cell-free GH10 and GH11 xylanases.,"The feruloyl oligosaccharides (FOs) produced by the decomposition of plant hemicellulose have broad potential applications in the food and biomedical areas. FOs were prepared through the specific enzymatic degradation of insoluble dietary fiber from different sources by cell-free GH10 and GH11 xylanases. The cell-free GH10 and GH11 xylanases were obtained by the heterologous expression in Escherichia coli. The enzymatic hydrolysis conditions were optimized as follows: temperature 50 °C, pH 5.5, hydrolysis time 12 h, GH10 xylanase addition 101.74 U, and GH11 xylanase addition 121.60 U. The compositions and structural characterization of wheat bran FOs (WB-FOs), corncob FOs (CC-FOs), and buckwheat straw FOs (BS-FOs) were identified by fourier transform infrared spectroscopy (FTIR), nuclear magnetic resonance spectroscopy (NMR), high-performance liquid chromatography (HPLC), and electrospray ionization tandem mass spectrometry (ESI-MS). Degrees of polymerization (DP) of WB-FOs, CC-FOs, and BS-FOs were 3-11, 3-7, and 3-6, respectively. Ultraviolet (UV) radiation was investigated in vitro. The results demonstrated that BS-FOs possessed excellent UV resistance and photostability, followed by effectiveness in WB-FOs and CC-FOs. These results have improved our understanding of the relationship between FOs with different structural types and their UV radiation.",Escherichia coli,uv,,
39504039,10.1021/acsami.4c09955,,no_pmc,2024,ACS applied materials & interfaces,Enhancing Strawberry Freshness: Multifunction Sustainable Films Utilizing Two Types of Modified Carbon Nanotubes for Photothermal Food Packaging.,"Currently, antimicrobial films with stable and efficient antibacterial activities are receiving considerable attention in the food packaging industry. Herein, a chemically/physically linked konjac glucomannan-sodium alginate (KGM-SA)@carbon nanotubes (CNTs)/Fe<sup>3+</sup> composite film with outstanding resistance to ultraviolet radiation, oxidation, and bacteria, as well as excellent photothermal effects and mechanical properties, was successfully prepared using a solvent flow method. Tannic acid-modified carboxyl-functionalized CNTs (TCCNTs), l-cysteine-modified carboxyl-functionalized CNTs (LCCNTs), and Fe<sup>3+</sup> were incorporated into the prepared film. The film structure of KGM-SA@CNTs/Fe<sup>3+</sup> was characterized using various methods, confirming the formation of a dual-cross-linked network through metal-coordination bonds and hydrogen bonding. This unique structure endowed the film with excellent water vapor permeability (3.58 g mm/m<sup>2</sup> day kPa), water resistance (water contact angle = 93.66°), and thermal stability. Further, the film exhibited outstanding photothermal conversion efficiency and stability under near-infrared irradiation (300 mW/cm<sup>2</sup>) as well as excellent bactericidal properties against <i>Staphylococcus aureus</i> and <i>Escherichia coli</i>, achieving a bacterial inhibition rate of >99%. In a strawberry preservation experiment, the KGM-SA@CNTs/Fe<sup>3+</sup> composite film exhibited remarkable preservation effects, extending the shelf life of strawberries by 4-6 d. Thus, this photothermal antibacterial film offers a new approach for the application of CNTs in food packaging.",Escherichia coli,uv,,
39493097,10.7759/cureus.70856,PMC11531801,oa,2024,Cureus,Antibacterial Activity of Phyto-Synthesized Silver Nanoparticles From Dryopteris cristata Against Staphylococcus aureus ATCC 28923 and Escherichia coli ATCC 28922.,"Introduction Nanotechnology has emerged as a vital field, particularly in synthesizing nanoparticles. Silver nanoparticles (AgNPs) are recognized for their strong antimicrobial properties against various pathogens, including <i>Staphylococcus aureus</i> and <i>Escherichia coli</i>, due to their small size and high surface area. Green synthesis using plant extracts offers an eco-friendly alternative. The rise of multidrug-resistant bacteria underscores the urgent need for new antimicrobial agents. This study investigates the antibacterial activities of <i>Dryopteris cristata</i> AgNPs (DC-AgNPs) against <i>S. aureus</i> and <i>E. coli</i>, employing antimicrobial susceptibility testing (AST), minimum inhibitory concentration (MIC), and minimum bactericidal concentration (MBC) assessments, along with nanoparticle characterization. Materials and method The antimicrobial activity ofDC-AgNPs was evaluated using clinical isolates of <i>E. coli</i> and <i>S. aureus</i>. Bacterial inoculums were standardized to 0.5 MacFarlard (1.5 × 10<sup>8</sup> CFU/mL) and tested via a modified agar-well diffusion method. The MIC and MBC were determined using broth microdilution and sub-culturing methods, respectively. Characterization of the nanoparticles was conducted using Ultraviolet-visible (UV-Vis) spectroscopy, X-ray diffraction (XRD), Fourier-transform infrared spectroscopy (FTIR), and scanning electron microscopy (SEM). Results and conclusion <i>D. cristata</i> was identified as the plant used to synthesize AgNPs, confirmed by the University of Ilorin, Nigeria. Phytochemical screening revealed the presence of tannins, flavonoids, glycosides, and phenolics. The AgNPs were synthesized by adding the aqueous extract to silver nitrate, resulting in a color change. Characterization via UV-Vis spectrophotometry confirmed nanoparticle formation. Antimicrobial testing showed that DC-AgNPs effectively inhibited <i>S. aureus</i> and <i>E. coli</i>, with minimum inhibitory concentrations of 125 μg and 250 μg, respectively, indicating their potential as antimicrobial agents.",Escherichia coli,uv,,
39451044,10.1128/spectrum.04251-23,PMC11619345,oa,2024,Microbiology spectrum,Far-UVC light (222 nm) efficiently inactivates clinically significant antibiotic-resistant bacteria on diverse material surfaces.,"In recent years, there has been a gradual increase in the prevalence of drug-resistant bacteria, primarily attributed to the widespread use of antibiotics. This has resulted in heightened mortality rates, morbidity, and exorbitant healthcare costs associated with antibiotic-resistant bacterial infections. In order to mitigate the spread of antibiotic-resistant bacteria, environmental disinfection plays a crucial role. Ultraviolet radiation C (UVC) light disinfection has emerged as a potent technique to limit the transmission of nosocomial pathogens and prevent healthcare-associated infections. Different types of high-touch surfaces were used. A serial disinfected experiment with different 222 nm UVC dosages was conducted on clinically isolated antibiotic-resistant bacteria, including methicillin-resistant <i>Staphylococcus aureus</i> (MRSA), vancomycin-resistant <i>Enterococcus</i> species (VRE), carbapenem-resistant <i>Escherichia coli</i> (CREC), carbapenem-resistant <i>Klebsiella pneumonia</i> (CRKP), carbapenem-resistant <i>Acinetobacter baumannii</i> (CRAB), and carbapenem-resistant <i>Pseudomonas aeruginosa</i> (CRPA) on different material surfaces. The bactericidal efficacy was evaluated by The Clinical & Laboratory Standards Institute (CLSI) guidelines. 222 nm UVC irradiation had a potent bactericidal efficacy on clinical antibiotic-resistant bacteria on different high-touch surfaces that are commonly found in the environment and healthcare facilities. 222 nm UVC irradiation time was tested from 10 s to 1 h. Different surfaces affect the efficiency of 222 nm UVC. The more adsorptive a material is, the higher the dosage of 222 nm UVC irradiation energy is required for effective disinfection. The use of 222 nm UVC lamps for disinfection on different materials has been shown to be a useful method. However, it is crucial to pay attention to the energy required for effective sterilization. This study is crucial, providing compelling evidence on Far-ultraviolet radiation C (Far-UVC) light's efficacy against clinically significant antibiotic-resistant bacteria-a pressing issue in microbiology and infection control. Our research employs antibiotic-resistant strains from clinically isolated bacteria, emphasizing real-world relevance. Simultaneously, we assess Far-UVC light (222 nm) across diverse material surfaces commonly found in clinical settings. This dual approach ensures practical applicability and broad relevance. Our comprehensive setup and rigorous methodologies unequivocally demonstrate Far-UVC light's potency in combating antibiotic-resistant bacteria. Since 222 nm far-UVC has a disinfection capability and is harmless to mammalian cells, this dual effectiveness positions Far-UVC as a secure tool for infection control, with potential applications in healthcare settings, mitigating antibiotic-resistant bacteria spread, and reducing healthcare-associated infections.",Escherichia coli,uv,,
39441633,10.1073/pnas.2416877121,PMC11536166,oa,2024,Proceedings of the National Academy of Sciences of the United States of America,Dynamics of transcription-coupled repair of cyclobutane pyrimidine dimers and (6-4) photoproducts in <i>Escherichia coli</i>.,"DNA repair processes modulate genotoxicity, mutagenesis, and adaption. Nucleotide excision repair removes bulky DNA damage, and in <i>Escherichia coli</i>, basal excision repair, carried out by UvrA, B, C, and D, with DNA PolI and DNA ligase, occurs genome-wide. In transcription-coupled repair (TCR), the Mfd protein targets template strand (TS) lesions that block RNA polymerase for accelerated repair by the basal repair enzymes. Accelerated repair is also seen with particular adducts. Notably, of the two major UV photoproducts, basal repair of (6-4) photoproducts [(6-4)PPs] is about 10× faster than repair of cyclobutane pyrimidine dimers (CPDs). To better understand repair prioritization in <i>E. coli</i>, we used XR-seq to measure TCR of UV photoproducts genome-wide. With CPDs, we found that TCR occurred at early time points, increased with transcription level, and was Mfd dependent; later, with completion of TS repair, nontranscribed strand (NTS) repair predominated. With (6-4)PP, when analyzing all genes, TCR was not observed; in fact, among the most highly transcribed genes, slightly more repair of (6-4)PPs in the NTS was evident. Thus, the very rapid basal repair of (6-4)PP in the NTS was faster than TCR of (6-4)PPs in the TS. Overall, TCR is of limited importance in (6-4)PP repair, and TCR of CPDs is limited to the TS of more highly transcribed genes. These results are consistent with the significant role of Mfd in mutagenesis and the modest effect of <i>mfd</i> deletion on UV survival and bear upon the response of <i>E. coli</i> to bulky DNA damage.",Escherichia coli,uv,,
39413207,10.1093/nar/gkae899,PMC11602152,oa,2024,Nucleic acids research,Pathogen-encoded Rum DNA polymerase drives rapid bacterial drug resistance.,"The acquisition of multidrug resistance by pathogenic bacteria is a potentially incipient pandemic. Horizontal transfer of DNA from mobile integrative conjugative elements (ICEs) provides an important way to introduce genes that confer antibiotic (Ab)-resistance in recipient cells. Sizable numbers of SXT/R391 ICEs encode a hypermutagenic Rum DNA polymerase (Rum pol), which has significant homology with Escherichia coli pol V. Here, we show that even under tight transcriptional and post-transcriptional regulation imposed by host bacteria and the R391 ICE itself, Rum pol rapidly accelerates development of multidrug resistance (CIPR, RifR, AmpR) in E. coli in response to SOS-inducing Ab and non-Ab external stressors bleomycin (BLM), ciprofloxacin (CIP) and UV radiation. The impact of Rum pol on the rate of acquisition of drug resistance appears to surpass potential contributions from other cellular processes. We have shown that RecA protein plays a central role in controlling the ability of Rum pol to accelerate antibiotic resistance. A single amino acid substitution in RecA, M197D, acts as a 'Master Regulator' that effectively eliminates the Rum pol-induced Ab resistance. We suggest that Rum pol should be considered as one of the major factors driving development of de novo Ab resistance in pathogens carrying SXT/R391 ICEs.",Escherichia coli,uv,,
