pmid,doi,pmcid,oa_status,year,journal,title,abstract,organism,condition,screened,screen_reason
42497282,10.1126/sciadv.aed6937,PMC13398475,oa,2026,Science advances,A programmable fungal platform for engineered living textiles.,"A central challenge in engineered living materials (ELMs) is the seamless integration of macroscopic structural assembly with sustained cellular viability and programmable function. Here, we report a fungal-based living material that addresses this challenge by preserving the metabolic activity of <i>Cordyceps militaris</i> mycelia within macroscale, cohesive films fabricated via a low-energy process. These living textiles retain the capacity for environmental response, demonstrated by nutrient-induced aerial hyphal growth that enables surface renewal. The native mycelial architecture further allows for volumetric integration of engineered microbial partners, exemplified by coculture with pigment-producing <i>Saccharomyces cerevisiae</i> for in situ patterning and melanized <i>Aspergillus niger</i> for built-in ultraviolet shielding. This modular design decouples bulk structural fabrication from genetic functionalization, offering a plug-and-play platform for synthetic biology. Environmental assessments confirm near-complete morphological degradation within 41 days. Our work establishes a scalable and sustainable chassis for functional ELMs, bridging a critical gap between structural integrity and biological programmability.",Saccharomyces cerevisiae,uv,,
42410741,10.4014/jmb.2605.05017,PMC13352001,oa,2026,Journal of microbiology and biotechnology,"<i>In Vitro</i> Skin-Protective Effects of Sumyong Nature, a Kimchi- and Soybean-Derived Fusion-Fermented Microbial Supernatant, in Human Keratinocytes: Involvement of MAPK-Related Signaling.","Sumyong Nature (SN) is a kimchi- and soybean-derived fusion-fermented microbial supernatant prepared from <i>Lactobacillus acidophilus, Saccharomyces cerevisiae, Weissella cibaria</i>, and <i>Bifidobacterium longum</i>. This study examined the <i>in vitro</i> effects of SN on UVB-induced damage and skin-related cellular responses in human keratinocytes. Cell viability assays, gene expression analysis, luciferase reporter assays, immunoblotting, scratch wound-healing assays, and LC-Q-TOF-MS analysis were conducted. SN showed no significant cytotoxicity in HaCaT or HEK293T cells at concentrations up to 75 μg/mL. In UVB-irradiated HaCaT cells, SN improved cell viability, suppressed MMP-1 expression, increased HAS-1 expression, and modulated UVB-responsive stress-related markers, including SOD-1, Nrf2, and HO-1. SN also promoted wound closure in keratinocytes and was associated with changes in NF-κB-, AP-1-, CREB-, and MAPK-related signaling responses under the tested conditions. LC-Q-TOF-MS analysis tentatively identified several candidate constituents, including pectolinarin and aloeresin-related compounds. Collectively, these findings suggest that SN exerts multiple beneficial <i>in vitro</i> effects in keratinocyte-based assays, warranting further mechanistic investigation and validation in advanced experimental models.",Saccharomyces cerevisiae,uv,,
42217807,10.1016/j.biortech.2026.135026,,no_pmc,2026,Bioresource technology,Engineering Saccharomyces cerevisiae for α-terpineol production from corn stover hydrolysate via UV mutagenesis and PCL1-mediated tolerance enhancement.,"Engineered Saccharomyces cerevisiae offers a sustainable platform for converting lignocellulosic hydrolysates into high-value chemicals, supporting circular bioeconomy goals. However, multicomponent inhibitors in lignocellulosic hydrolysates often hinder bioconversion efficiency. In this study, strain T1 with enhanced tolerance to corn stover hydrolysate (CSH) was developed by optimizing the xylose metabolic pathway and applying UV mutagenesis. Transcriptomic analysis showed that in strain T1, genes encoding cell cycle regulatory proteins, such as PCL1, were upregulated, thereby contributing to CSH resistance. Physiological analyses showed that improved robustness was associated with stable cell morphology, budding efficiency, and cytoskeletal integrity. Interestingly, strain T1 exhibited superior performance in converting CSH into acetyl-CoA derivatives. Therefore, strain T1 was utilized as a chassis for converting CSH into α-terpineol through engineering modifications, including enhancement of intracellular precursor biosynthesis, optimization of key enzyme copy numbers, and dynamic regulation of ergosterol synthesis. Finally, the engineered strain D22 achieved an α-terpineol titer of 13.6 mg/L from CSH in shake-flask cultivation, representing the first demonstration of α-terpineol biosynthesis directly from CSH. This work offers insights into robust strain design and efficient lignocellulosic biomass valorization, contributing to sustainable biomanufacturing.",Saccharomyces cerevisiae,uv,,
42077780,10.1007/s10068-026-02118-8,PMC13129182,oa,2026,Food science and biotechnology,"Effects of simultaneous and sequential irradiation with pulsed ultraviolet, visible, and near-infrared light on microbial inactivation.","The bactericidal efficacy of simultaneous and sequential irradiation with ultraviolet (UV), visible (VIS), and near-infrared (NIR) light was evaluated using an intense pulsed light (IPL) device equipped with optical bandpass filters. <i>Salmonella enterica</i> serovar Enteritidis, <i>Staphylococcus aureus</i>, and <i>Saccharomyces cerevisiae</i> were subjected to three treatment modes: simultaneous UV + VIS + NIR, sequential UV followed by VIS + NIR [UV-(VIS + NIR)], and sequential VIS + NIR followed by UV [(VIS + NIR)-UV]. Simultaneous irradiation achieved ≥ 5 log reductions at lower energy doses than both sequential irradiation modes. Between sequential treatments, (VIS + NIR)-UV exhibited faster microbial reduction than UV-(VIS + NIR), highlighting the importance of irradiation sequence. Notably, (VIS + NIR)-UV induced a photoreactivation mechanism that increased the <i>S. aureus</i> population. These results demonstrate that both spectral composition and timing of exposure significantly affect microbial susceptibility to IPL. The findings provide new insights into optimizing wavelength integration and sequencing strategies for effective nonthermal microbial inactivation in food safety applications.",Saccharomyces cerevisiae,uv,,
42056863,10.1186/s12866-026-05047-y,PMC13237927,oa,2026,BMC microbiology,A novel yeast extract from a multi-stress-resistant Saccharomyces cerevisiae confers potent antioxidant and UV-protective activities to skin cells.,"Yeast extract derived from Saccharomyces cerevisiae is a well-established cosmetic ingredient known for its diverse biological benefits, including UV protection. However, the directed optimization of yeast strains to obtain extracts with enhanced UVA protection for skin cells has not been previously reported. In this study, we developed a novel directed screening strategy to isolate a UVA-tolerant mutant strain, A154, which also exhibits multi-stress tolerance, including resistance to heat, oxidative stress, and UV radiation. Yeast extract from the A154 strain demonstrated significantly stronger UVA-protective and reactive oxygen species (ROS)-scavenging properties in human skin cell lines compared with the parental strain. In the presence of 0.5% A154 yeast extract, cell viability was increased by approximately 1.7-fold (HFF, 120 kJ/m<sup>2</sup>), 1.4-fold (A431, 120 kJ/m<sup>2</sup>), and 1.9-fold (HaCaT, 360 kJ/m<sup>2</sup>) after UVA irradiation. Further analysis of functional components in yeast extracts from the A154 and parental strains revealed an approximately 1.5-fold increase in glutathione and a 1.6-fold increase in polysaccharides. Additionally, whole-genome sequencing coupled with functional validation using knockout strains identified multiple previously uncharacterized genes in the A154 strain that are unrelated to DNA repair and contribute to UVA tolerance. In conclusion, yeast extract derived from A154 exhibits potent UV-protective and antioxidant activities, highlighting its potential applications in mitigating photoaging and UV-induced skin damage.",Saccharomyces cerevisiae,uv,,
42025082,10.1016/j.ijfoodmicro.2026.111786,,no_pmc,2026,International journal of food microbiology,Development of a GMO-free de novo lager yeast with reduced phenolic off-flavor production through interspecific hybridization and UV mutagenesis.,"Lager beers are traditionally brewed using Saccharomyces pastorianus, a natural hybrid between S. cerevisiae and S. eubayanus that combines robust fermentation with cold tolerance. However, commercial lager yeasts originate from a narrow genetic pool, limiting strain diversity and aromatic complexity. To meet growing demand for new lager beer profiles, the development of novel non-GMO strains is increasingly important. Many wild yeasts from non-brewing environments can ferment wort but produce phenolic off-flavor (POF<sup>+</sup>) by converting ferulic acid (FA) into 4-vinyl guaiacol (4-VG), restricting their industrial applicability. In this study, a de novo POF<sup>+</sup> lager-like hybrid (FM1) generated by spore-to-spore mating between a monosporic culture of the sourdough strain S. cerevisiae Y15 and S. eubayanus x S. uvarum NBRC1948, was submitted to UV mutagenesis to reduce POF formation. Screening on FA-supplemented medium identified a POF-reduced mutant, FM1.45, showing lower ferulic acid conversion and higher cinnamic acid sensitivity than FM1. Wort microfermentation trials demonstrated that FM1 and FM1.45 both outperformed the parental strains in fermentation kinetics and produced similar aroma profiles, with FM1.45 generating substantially less 4-VG than FM1. Sanger sequencing results were consistent with a loss of the S. eubayanus PAD1-FDC1 gene cluster and a frameshift mutation in the S. cerevisiae FDC1 gene, leading to a non-functional ferulic acid decarboxylase. Flow cytometry supported a ploidy increase from 3n to 4n in FM1.45, which likely accounts for the restored spore viability observed in this mutant compared with the sterile FM1. Overall, this work demonstrates that combining interspecific hybridization with UV mutagenesis represents an effective GMO-free strategy for generating novel lager yeast strains with robust fermentation performance and reduced POF production.",Saccharomyces cerevisiae,uv,,
41897824,10.3390/foods15061102,PMC13024916,oa,2026,"Foods (Basel, Switzerland)","Ultraviolet Technologies for Yeast Control and Functional Modulation in the Food Industry: Mechanisms, Resistance and Applications.","Yeasts play a vital role in food fermentation processes, where their viability, stress tolerance, and metabolic performance directly influence product quality and process efficiency. Controlling and modulating yeast behavior represents a challenge in the food industry, particularly in non-thermal processing contexts. Ultraviolet (UV) technology has traditionally been applied as a microbial control tool; however, yeast response mechanisms to UV irradiation extend beyond simple inactivation. Depending on wavelength, dose, and treatment conditions, UV exposure can lead to complete inactivation, partial reduction in viability, or induce stable phenotypic changes associated with cellular stress responses and Deoxyribonucleic Acid (DNA) damage processing. This review examines current knowledge on yeast-UV interactions across different food matrices, highlighting how UV treatments influence yeast physiology and functionality. In addition, recent studies suggest that UV-induced genetic alterations, when properly controlled, may contribute to yeast diversification and functional modulation without the use of genetically modified organisms. The review discusses technological opportunities, practical limitations, and future research needs, emphasizing the dual role of UV technology as a tool for yeast control and as a potential driver of functional modulation.",Saccharomyces cerevisiae,uv,,
41671236,10.1371/journal.pone.0333568,PMC12893587,oa,2026,PloS one,Proteomic profiling of a Sporobolomyces yeast reveals global responses to UV-B-induced oxidative stress.,"Ultraviolet-B (UV-B) radiation induces oxidative stress through the generation of reactive oxygen species, affecting organisms across all domains of life. While UV-stress responses have been extensively studied in the ascomycete yeast Saccharomyces cerevisiae and animal systems, little is known about the molecular mechanisms underlying UV tolerance in basidiomycete, UV-resistant yeasts. Carotenoid-producing yeasts of the genus Sporobolomyces represent an attractive model to investigate whether conserved oxidative stress pathways, including bZip transcription factor signalling analogous to the vertebrate Nrf2 pathway, contribute to UV tolerance. The UV-tolerant yeast Sporobolomyces sp. LEV-2 was exposed to UV-B irradiation for up to 24 hours. Quantitative multidimensional protein identification technology (MudPIT) mass spectrometry using tandem mass tag (TMT) labelling was applied to identify and quantify protein expression changes over time. Identified proteins were functionally annotated using InterProScan, KEGG tools and literature-based curation, and proteomic data were integrated with measurements of antioxidant activity and cell viability. A total of 751 proteins were identified, including 105 stress-response proteins. UV-B exposure induced a coordinated oxidative stress response involving conserved signalling pathways (bZip, MAPK, FoxO, Ras and calcium signalling), antioxidant enzymes, heat-shock proteins and DNA repair factors. A bZip protein (LEV-2_XP_007274754.1) displayed Nrf2/Yap1-like behaviour, suggesting a central regulatory role in UV-induced stress signalling. A four-step model of UV adaptation was proposed, encompassing signalling, metabolic stress, antioxidant-driven adaptation and establishment of a stress-resistant state. These responses closely parallel UV- and oxidant-induced stress responses described in other fungi and in animal cells. This study provides the first proteome-level analysis of UV-B stress adaptation in a Sporobolomyces yeast and demonstrate that UV tolerance relies on ancient, evolutionarily conserved oxidative stress mechanisms shared across eukaryotes, rather than yeast-specific pathways.",Saccharomyces cerevisiae,uv,,
41233258,10.1016/j.jbiosc.2025.10.006,,no_pmc,2026,Journal of bioscience and bioengineering,Breeding bafilomycin A1-resistant sake yeast to improve fermentative capacity.,"Sake yeast exhibits remarkable fermentative capacity in mash environments, even under various stress conditions. Although breeding techniques aimed at improving the flavor of sake by modifying aroma compounds and organic acid composition have been employed, these approaches often result in reduced fermentative capacity. Furthermore, existing breeding methods aimed at enhancing fermentative capacity often result in increased acidity in the final product. In this study, we aimed to improve sake yeast fermentative capacity while limiting sake acidity. Depletion of intracellular ATP may enhance fermentative capacity, suggesting that strains with high vacuolar-type ATPase (V-ATPase) activity exhibit improved fermentative capacity. Thus, we subjected sake yeast to ultraviolet mutagenesis and bafilomycin A1 (Baf), a V-ATPase inhibitor, to select resistant strains. The selected Baf-resistant strains exhibited no changes in growth rate, cell morphology, or vacuolar morphology compared to the parent strain. However, increased vacuolar acidity and decreased intracellular ATP levels indicated enhanced V-ATPase activity. Moreover, evaluation of brewing characteristics confirmed improved fermentative capacity without increases in acidity or amino acid content. The results of this study suggest that obtaining a Baf-resistant strain can reduce intracellular ATP levels, thereby increasing fermentative capacity without increasing acidity.",Saccharomyces cerevisiae,uv,,
41106771,10.1016/j.fgb.2025.104041,,no_pmc,2025,Fungal genetics and biology : FG & B,Abf1 participates in the response to DNA damage and replicative stress in Candida glabrata (Nakaseomyces glabratus).,"ARS binding factor 1 (Abf1) is a DNA-binding protein found in various fungal species. In the opportunistic pathogenic fungus Candida glabrata (Nakaseomyces glabratus), Abf1 (CgAbf1) is encoded by the ABF1 gene. Our research has demonstrated that CgAbf1 is essential for the viability of C. glabrata and is involved in the subtelomeric silencing of several EPA genes, which encode adhesins that mediate adhesion to epithelial cells, underscoring its significance as a virulence factor in this pathogen. Our previous findings established that both the depletion and overexpression of CgAbf1 result in growth defects and induce a delay in cell cycle progression. In this work, we wanted to determine if CgAbf1 is involved in the response to replicative and DNA damage stresses. We analyzed the CgAbf1 protein levels under these conditions and the activity of the CgABF1 promoter and found that CgAbf1 negatively regulates its own transcription. A Bimolecular Fluorescence Complementation assay showed that CgAbf1 localizes to the nucleus and forms homodimers. We also found that CgAbf1 is involved in the survival to DNA damage caused by UV light and we demonstrated that Saccharomyces cerevisiae Abf1 (ScAbf1) can complement the lethality of the C. glabrata abf1∆ strain.",Saccharomyces cerevisiae,uv,,
41072655,10.1016/j.nbt.2025.10.002,,no_pmc,2025,New biotechnology,Reengineering of ergosterol biosynthesis in Saccharomyces cerevisiae and its sustainable application in citrus peel processing industry.,"Ergosterol is an important sterol primarily found in fungi, yeast, and certain plants, with particularly high concentrations in yeast and fungus. As the precursor to vitamin D<sub>2</sub>, it is converted into vitamin D<sub>2</sub> upon exposure to ultraviolet (UV) radiation. In this study, we successfully reengineered the ergosterol biosynthesis in Saccharomyces cerevisiae through a systematic synthetic biology strategy, and explored its sustainable application in citrus peel processing industry by using the citrus peel hydrolysate as a fermentation substrate. Through the MVA pathway module, the post-squalene pathway module, and the ergosterol biosynthesis module strategies, the titer of ergosterol was significantly increased to 23.38 mg/g DCW, which was nearly 19.15-fold higher than that of the original strain. The engineered strain was capable of producing 2.35 and 5.65 g/L of ethanol at 24 h in shake flasks and 5-L bioreactor fermentation by using the citrus peel hydrolysate as a fermentation substrate, respectively. The conversion rate of ethanol from citrus peel powder was approximately 3.3 %. To the best of our knowledge, this is the first report on the reengineering of ergosterol biosynthesis in Saccharomyces cerevisiae for resisting the stress of D-limonene, implying the engineered strain offers a promising avenue for the development of sustainable and eco-friendly bioenergy solutions in citrus peel processing industry.",Saccharomyces cerevisiae,uv,,
40999103,10.1007/s11274-025-04319-5,,no_pmc,2025,World journal of microbiology & biotechnology,Efficient fermentative production of SAM through multidimensional engineering of Saccharomyces cerevisiae.,"S-Adenosyl-L-methionine (SAM), an important biochemical substance, is experiencing increased demand due to its versatile applications in the medical field. Although Saccharomyces cerevisiae has been adapted as a promising platform for SAM production, the issue of SAM productivity is still very interesting. In this study, a systematic approach that consists of genome shuffling, genetic engineering, and fermentation process optimization strategies was established. Firstly, haploids of mutant T11-1 and P15-33 were prepared and treated with ultraviolet irradiation (UV) and atmospheric and room temperature plasma (ARTP) compound mutagenesis, which aids to increase SAM production to 1.25, 1.34 g/L, respectively. Genome shuffling was performed with cycloheximide-resistant protoplast of mutant T5-8-1 and hygromycin B-resistant protoplasts of mutant P4-2-4. The resulting fusant TRP60, with a SAM titer of 1.36 g/L, was subjected to transcriptome analysis. Subsequently, hemoglobin from vitreoscilla has been introduced into fusant TRP60 to increase ATP supply and then strengthening the synthesis pathway of SAM, which significantly elevated SAM titer to 2.06 g/L. Finally, the SAM titer of fusant TRP60-vgb-SAM2 reached 14.22 g/L in a 5 L bioreactor with an optimized fed-batch fermentation. Therefore, fusant TRP60-vgb-SAM2 may serve as a candidate for industrial production of SAM.",Saccharomyces cerevisiae,uv,,
40931463,10.1111/ics.70008,PMC12877990,oa,2026,International journal of cosmetic science,New alternatives in photoprotection: Preparation and evaluation of lamellar silicate derivatives and their use as sunscreens.,"The objective of this work is to investigate different sunscreens and Viscogel group organoclays for the preparation of new intercalated sunscreens to improve the effectiveness and safety in photoprotection using new approach methodology (NAMs). For this study, we examined Diethylamino hydroxybenzoyl hexyl benzoate (DHHB), octyl methoxycinnamate (OMC), Bemotrizinol (BEMT) and Viscogel S4®, S7®, and B8® using a set of Saccharomyces cerevisiae mutant strains that are sensitive to UVA, UVB and Solar Simulated Light (SSL) to evaluate their photoprotective and mutagenic potential. Additionally, we developed delaminated nanocomposites by chemical intercalation reactions followed by ultrasonic treatment to enhance clay exfoliation. These nanocomposites were then characterized using X-ray Powder Diffraction (XRPD), Differential Scanning Calorimetry (DSC), Thermogravimetric Analysis (TGA) and Dynamic Light Scattering (DLS). As a function of photoprotective action and safety, the combination of Viscogel S4® and OMC filter was chosen for nanocomposite development. Our results evidenced the intercalation of the OMC in the organoclay (S4 + OMC-NC). Survival and mutagenesis tests indicated a positive effect of the formulation, as it increased cell survival to SSL, even without reducing mutagenesis, while its respective physical mixture was unable to provide antimutagenic protection. S4 + OMC-NC showed promising results for photoprotection, offering cellular protection combined with antimutagenic effects upon SSL exposure. This formulation enables prospects for the preparation of new, effective and safe photoprotective formulations.",Saccharomyces cerevisiae,uv,,
40565667,10.3390/foods14122056,PMC12191651,oa,2025,"Foods (Basel, Switzerland)",Functional Quality and Microbiological Stability of Grape Juice During Processing by UV-C Light Compared to Mild Heat Treatment and Evolution of the Parameters During Cold Storage.,"The effect of UV-C was assessed on microbiological stability, functional compounds, and quality factors of white grape juice compared to mild thermal treatment (MTT). The inactivation kinetics of <i>Escherichia coli</i> (target microorganism) and <i>Saccharomyces cerevisiae</i> in grape juice by UV-C and MTT (75 °C) were evaluated to define the processing time. The comparative effect on the functional compounds was evaluated. Additionally, microbiological stability and quality factors were assessed during storage at 4 °C. The grape juice was characterized (pH 3.7, 25 °Brix, absorption coefficient 44.2 cm<sup>-1</sup>, total phenols (TP) 214 mg GAE/L). UV-C (569 mJ/cm<sup>2</sup>) reduced <i>E. coli</i> to 5.03 log CFU/mL in 12.5 min, preserved TP (235 mg GAE/L), and antioxidant capacity (AC 4.5 mM TE/L). Thermal treatment reduced <i>E. coli</i> to 5.14 log CFU/mL in 180 s, increased TP (237-312 mg GAE/L), and maintained the AC of the juice. During storage, UV-C and MTT controlled microbiota growth, extending the time of microbiological stability by 42%. All the treatments showed a similar gradual loss of TP during storage. However, MTT has better-preserved color parameters. In conclusion, UV-C was effective from a microbiological perspective without compromising the functional quality of juice. However, further research is needed to improve color.",Saccharomyces cerevisiae,uv,,
39893828,10.1016/j.enzmictec.2025.110591,,no_pmc,2025,Enzyme and microbial technology,The combination of ultraviolet mutagenesis and PPX1 overexpression synergistically enhanced S-adenosyl-L-methionine synthesis in industrial Saccharomyces cerevisiae.,"S-adenosyl-L-methionine (SAM) is the only injectable drug among the hepatoprotective and choleretic drugs, which has remarkable efficacy and is favored by hepatopaths. The demand for SAM is constantly increasing in clinical settings. Therefore, many efforts have been made to increase SAM biosynthesis from L-methionine and ATP in Saccharomyces cerevisiae. This study aimed to construct a stable and high-accumulating SAM industrial strain through successive ultraviolet irradiation (UV) mutations coupled with three resistant (ethionine, nystatin, and cordycepin, respectively) screening procedures and metabolic engineering strategies. Following multiple UV mutagenesis, a higher production mutant strain ZJT15-33 was successfully obtained. In addition, the recombinant strain spe2△-PPX1 was derived from ZJT15-33 by deleting the SPE2 and overexpressing the PPX1, resulting in a 2.5-fold enhanced ATP accumulation, which promoted the synthesis of 2.41 g/L SAM in the shake-flask, representing an 11.4-fold enhancement over the original strain (0.21 g/L). Furthermore, 11.65 g/L SAM was accumulated with 113 mg/g DCW SAM content in a 5-L fermenter at 96 h, marking a 36.57 % increase compared to strain ZJT15-33 (8.53 g/L). These results indicated that UV mutagenesis combined with PPX1 overexpression could effectively improve SAM synthesis in S. cerevisiae, providing a feasible approach for developing highly SAM industrial production.",Saccharomyces cerevisiae,uv,,
39860091,10.3390/molecules30020221,PMC11767371,oa,2025,"Molecules (Basel, Switzerland)",UV-C and Nanomaterial-Based Approaches for Sulfite-Free Wine Preservation: Effects on Polyphenol Profile and Microbiological Quality.,"Controlling the microorganisms employed in vinification is a critical factor for successful wine production. Novel methods aimed at lowering sulfites used for wine stabilization are sought. UV-C irradiation has been proposed as an alternative for reducing the viable cell count of microorganisms in wine and grape juice. Nevertheless, UV-C treatment poses the risk of altering the chemical properties of wine. Therefore, this study aimed to test and implement iron oxide-silica core-shell nanomaterial functionalized with TiO<sub>2</sub> in UV-C treatment of white and red wines. Material for the study consisted of the synthesized nanocomposite, <i>Saccharomyces cerevisiae</i> as a model yeast, and Muscaris and Cabernet Cortis wines. The viability of yeasts under treatment, the physiochemical properties of wine, and polyphenol content were tested. Studies have shown that nanomaterial can modulate the effects of UV-C treatment regarding yeast viability and polyphenol content, and the effectiveness of the treatment depends on the wine type. These results open up discussion on the possible use of the proposed hurdle technology in winemaking to control the polyphenol composition and alcohol reduction.",Saccharomyces cerevisiae,uv,,
39643497,10.1016/j.jbiosc.2024.10.010,,no_pmc,2025,Journal of bioscience and bioengineering,Efficient yeast breeding using a sake metabolome analysis for a strain evaluation.,"Breeding sake yeast typically involves generating several gene mutants through UV irradiation or mutagen treatment and selecting those with desired traits based on indicators such as analog resistance. However, this approach often alters traits beyond the target trait due to the random and numerous mutations introduced. To address this issue, we used a previously established metabolome analysis, a sake metabolome analysis, to evaluate the selected yeast strain. After screening for target traits, 110 sake yeast candidates were cultured in yeastnitrogen-based liquid medium using test tubes. The contents were extracted and subjected to comprehensive metabolite analysis through sake metabolome analysis. A phylogenetic tree was then constructed using the metabolome analysis data, enabling the selection of candidate yeasts with only the target traits modified and other traits similar to the parental strain. Selected 21 candidate strains underwent fermentation tests, and the resulting sakes were analyzed using liquid chromatography quadrupole/time-of-flight mass spectrometry (LC-Q/TOF-MS). The findings suggested that the metabolomic data of yeast extracts obtained by simple small-scale culture was similar to the data of resulting sake in the larger-scale fermentation tests. This underscores the utility of metabolome analysis data of yeast extracts in the yeast breeding process, marking the first report proposing the use of the sake metabolome analysis method for yeast breeding.",Saccharomyces cerevisiae,uv,,
39292329,10.1007/s11274-024-04134-4,,no_pmc,2024,World journal of microbiology & biotechnology,The divergence of DHN-derived melanin pathways in Metarhizium robertsii.,"The important role of dihydroxynaphthalene-(DHN) melanin in enhancing fungal stress resistance and its importance in fungal development and pathogenicity are well-established. This melanin also aids biocontrol fungi in surviving in the environment and effectively infecting insects. However, the biosynthetic origin of melanin in the biocontrol agents, Metarhizium spp., has remained elusive due to the complexity resulting from the divergence of two DHN-like biosynthetic pathways. Through the heterologous expression of biosynthetic enzymes from these two pathways in baker's yeast Saccharomyces cerevisiae, we have confirmed the presence of DHN biosynthesis in M. roberstii, and discovered a novel naphthopyrone intermediate, 8, that can produce a different type of pigment. These two pigment biosynthetic pathways differ in terms of polyketide intermediate structures and subsequent modification steps. Stress resistance studies using recombinant yeast cells have demonstrated that both DHN and its intermediates confer resistance against UV light prior to polymerization; a similar result was observed for its naphthopyrone counterpart. This study contributes to the understanding of the intricate and diverse biosynthetic mechanisms of fungal melanin and has the potential to enhance the application efficiency of biocontrol fungi such as Metarhizium spp. in agriculture.",Saccharomyces cerevisiae,uv,,
39279250,10.1002/bab.2663,,no_pmc,2025,Biotechnology and applied biochemistry,Silver secnidazole nano-hybrid emulsion-based probiotics as a novel antifungal formula against multidrug-resistant vaginal pathogens.,"This study presents a novel approach to manage vaginal infections due to Candidiasis, utilizing a novel silver secnidazole nano-hybrid emulsion (Ag-Secn-NHE)-based probiotics and free Ag-Secn-NHE. Ag-Secn-NHE was prepared by simple homogenization‒ultrasonication technique and validated by using a ultraviolet‒visible scan, dynamic light scattering, transmission electron microscopy (TEM), Fourier-transform infrared spectroscopy, and zeta potential. Saccharomyces cerevisiae (RCMB 002Y001) is the most effective probiotic-producing organism that demonstrates significant effects when combined with Ag-Secn-NHE. Ag-Secn-NHE-based probiotics showed significant antifungal effect compared to free Ag-Secn-NHE, silver nitrate, silver nanoparticles, secnidazole, secnidazole nanoemulsion, and commercial vaginal wash against multidrug-resistant vaginal pathogens. The highest inhibitory effect was achieved with Ag-Secn-NHE-based probiotic against Candida auris, Candida albicans, and Cryptococcus neoformans with minimal inhibitory concentration (MIC) 0.625 ± 0.002, 0.00625:1.25 ± 0.012 and 0.00625:1.25 ± 0.032 mg/mL, respectively, in comparison with Ag-Secn-NHE that show MIC at 0.00625:1.25 ± 0.612, 0.0125:2.5 ± 0.812, and 0.0125:2.5 ± 0.112 mg/mL (Ag:Secn). Ag-Secn-NHE-based- probiotic show minimum fungicidal concentration (MFC) at range from 2.5 to 20 mg/mL, wherever free Ag-Secn-NHE show MFC range from 5 to >20 mg/mL. Additionally, Ag-Secn-NHE-based probiotics have 75% inhibition of biofilm formation against C. auris and 60% inhibition of biofilm formation against both Cryptococcus neoformans and C. albicans in comparison with free Ag-Secn-NHE. Time-kill curves showed that the antifungal effect of Ag-Secn-NHE-based probiotics was fungistatic at 2MIC value after 4 h and after 16 h for Ag-Secn-NHE. TEM photographs showed that C. auris cells treated with Ag-Secn-NHE-based probiotic formula revealed severe deformations and distored ultrastructural changes. furthermore, results indicated that the Gamma radiation up to 15 kGy increases production of Ag-Secn-NHE in comparison with non-irradiated one.",Saccharomyces cerevisiae,uv,,
39219750,10.3934/microbiol.2024032,PMC11362276,oa,2024,AIMS microbiology,Fungal photoinactivation doses for UV radiation and visible light-a data collection.,"Nearly two million people die each year from fungal infections. Additionally, fungal crop infections jeopardize the global food supply. The use of 254 nm UVC radiation from mercury vapor lamps is a disinfection technique known to be effective against all microorganisms, and there are surveys of published UVC sensitivities. However, these mainly focus on bacteria and viruses. Therefore, a corresponding overview for fungi will be provided here, including far-UVC, UVB, UVA, and visible light, in addition to the conventional 254 nm UVC inactivation. The available literature was searched for photoinactivation data for fungi in the above-mentioned spectral ranges. To standardize the presentation, the mean log-reduction doses were retrieved and sorted by fungal species, spectral range, wavelength, and medium, among others. Additionally, the median log-reduction dose was determined for fungi in transparent liquid media. Approximately 400 evaluable individual data sets from publications over the last 100 years were compiled. Most studies were performed with 254 nm radiation from mercury vapor lamps on <i>Aspergillus niger</i>, <i>Candida albicans</i>, and <i>Saccharomyces cerevisiae</i>. However, the data found were highly scattered, which could be due to the experimental conditions. Even though the number of individual data sets seems large, many important fungi have not been extensively studied so far. For example, UV irradiation data does not yet exist for half of the fungal species classified as ""high priority"" or ""medium priority"" by the World Health Organization (WHO). In addition, researchers should measure the transmission of their fungal suspensions at the irradiation wavelength to avoid the undesirable effects of either absorption or scattering on irradiation results.",Saccharomyces cerevisiae,uv,,
38496885,10.1016/j.heliyon.2024.e27406,PMC10944226,oa,2024,Heliyon,High-altitude balloon platform for studying the biological response of living organisms exposed to near-space environments.,"The intangible desire to explore the mysteries of the universe has driven numerous advancements for humanity for centuries. Extraterrestrial journeys are becoming more realistic as a result of human curiosity and endeavors. Over the years, space biology research has played a significant role in understanding the hazardous effects of the space environment on human health during long-term space travel. The inevitable consequence of a space voyage is space ionizing radiation, which has deadly aftereffects on the human body. The paramount objective of this study is to provide a robust platform for performing biological experiments within the Earth's stratosphere by utilizing high-altitude balloons. This platform allows the use of a biological payload to simulate spaceflight missions within the unique properties of space that cannot be replicated in terrestrial facilities. This paper describes the feasibility and demonstration of a biological balloon mission suitable for students and scientists to perform space biology experiments within the boundary of the stratosphere. In this study, a high-altitude balloon was launched into the upper atmosphere (∼29 km altitude), where living microorganisms were exposed to a hazardous combination of UV irradiation, ultralow pressure and cold shock. The balloon carried the budding yeast <i>Saccharomyces cerevisiae</i> to investigate microbial survival potential under extreme conditions. The results indicated a notable reduction in biosample mortality two orders of magnitude (2-log) after exposure to 164.9 kJ m<sup>-2</sup> UV. Postflight experiments have shown strong evidence that the effect of UV irradiation on living organisms is stronger than that of other extreme conditions.",Saccharomyces cerevisiae,uv,,
38446403,10.1007/s43630-024-00543-4,,no_pmc,2024,Photochemical & photobiological sciences : Official journal of the European Photochemistry Association and the European Society for Photobiology,Photoinactivation by UVA radiation and visible light of Candida auris compared to other fungi.,"In addition to the rising number of patients affected by viruses and bacteria, the number of fungal infections has also been rising over the years. Due to the increase in resistance to various antimycotics, investigations into further disinfection options are important. In this study, two yeasts (Candida auris and Saccharomyces cerevisiae) and a mold (Cladosporium cladosporioides) were irradiated at 365, 400, and 450 nm individually. The resulting log 1 reduction doses were determined and compared with other studies. Furthermore, fluorescence measurements of C. auris were performed to detect possible involved photosensitizers. A roughly exponential photoinactivation was observed for all three fungi and all irradiation wavelengths with higher D90 doses for longer wavelengths. The determined log 1 reduction doses of C. auris and S. cerevisiae converged with increasing wavelength. However, S. cerevisiae was more photosensitive than C. auris for all irradiation wavelengths and is therefore not a suitable C. auris surrogate for photoinactivation experiments. For the mold C. cladosporioides, much higher D90 doses were determined than for both yeasts. Concerning potential photosensitizers, flavins and various porphyrins were detected by fluorescence measurements. By excitation at 365 nm, another, so far unreported fluorophore and potential photosensitizer was also observed. Based on its fluorescence spectrum, we assume it to be thiamine.Graphic abstract.",Saccharomyces cerevisiae,uv,,
37895257,10.3390/genes14101908,PMC10606518,oa,2023,Genes,Characterization of the <i>RAD52</i> Gene in the Budding Yeast <i>Naumovozyma castellii</i>.,"Several sources of DNA damage compromise the integrity and stability of the genome of every organism. Specifically, DNA double-strand breaks (DSBs) can have lethal consequences for the cell. To repair this type of DNA damage, the cells employ homology-directed repair pathways or non-homologous end joining. Homology-directed repair requires the activity of the <i>RAD52</i> epistasis group of genes. Rad52 is the main recombination protein in the budding yeast <i>Saccharomyces cerevisiae</i>, and <i>rad52Δ</i> mutants have been characterized to show severe defects in DSB repair and other recombination events. Here, we identified the <i>RAD52</i> gene in the budding yeast <i>Naumovozyma castellii</i>. Our analysis showed that the primary amino acid sequence of <i>N. castellii</i> Rad52 shared 70% similarity with <i>S. cerevisiae</i> Rad52. To characterize the gene function, we developed <i>rad52Δ</i> mutant strains by targeted gene replacement transformation. We found that <i>N. castellii rad52Δ</i> mutants showed lowered growth capacity, a moderately altered cell morphology and increased sensitivity to genotoxic agents. The decreased viability of the <i>N. castellii rad52Δ</i> mutants in the presence of genotoxic agents indicates that the role of the Rad52 protein in the repair of DNA damage is conserved in this species.",Saccharomyces cerevisiae,uv,,
37372422,10.3390/genes14061242,PMC10298286,oa,2023,Genes,The Role of Chromatin Assembly Factors in Induced Mutagenesis at Low Levels of DNA Damage.,"The problem of low-dose irradiation has been discussed in the scientific literature for several decades, but it is impossible to come to a generally accepted conclusion about the presence of any specific features of low-dose irradiation in contrast to acute irradiation. We were interested in the effect of low doses of UV radiation on the physiological processes, including repair processes in cells of the yeast <i>Saccharomyces cerevisiae</i>, in contrast to high doses of radiation. Cells utilize excision repair and DNA damage tolerance pathways without significant delay of the cell cycle to address low levels of DNA damage (such as spontaneous base lesions). For genotoxic agents, there is a dose threshold below which checkpoint activation is minimal despite the measurable activity of the DNA repair pathways. Here we report that at ultra-low levels of DNA damage, the role of the error-free branch of post-replicative repair in protection against induced mutagenesis is key. However, with an increase in the levels of DNA damage, the role of the error-free repair branch is rapidly decreasing. We demonstrate that with an increase in the amount of DNA damage from ultra-small to high, <i>asf1Δ</i>-specific mutagenesis decreases catastrophically. A similar dependence is observed for mutants of gene-encoding subunits of the NuB4 complex. Elevated levels of dNTPs caused by the inactivation of the <i>SML1</i> gene are responsible for high spontaneous reparative mutagenesis. The Rad53 kinase plays a key role in reparative UV mutagenesis at high doses, as well as in spontaneous repair mutagenesis at ultra-low DNA damage levels.",Saccharomyces cerevisiae,uv,,
36997813,10.1007/s10123-023-00352-2,PMC10622344,oa,2023,International microbiology : the official journal of the Spanish Society for Microbiology,Pulsed magnetic field increases the effect of ultraviolet C radiation and thermal shock in aged yeasts.,"The study of the effects of the magnetic field (MF) on living matter continues to be a dilemma. Until now, the interaction mechanisms of MF with living matter that explain the observed phenomena are unknown. Despite the existing literature and the multiple effects described to date, there are few published articles that study the combined effect of MF with other physical agents during the cellular aging process. In this sense, the aim of this work is to study whether low frequency and intensity pulsed and sinusoidal MF exposure produce alterations in the cell killing effect of ultraviolet C (UVC) radiation and thermal shock during the chronological aging of S. cerevisiae. Yeast cells were exposed to 2.45 mT (50 Hz) sinusoidal MF and 1.5 mT (25 Hz) pulsed MF, during 40 days of aging, in combination with UVC radiation (50 J/m<sup>2</sup>) and/or thermal shock (52°C). Cell survival was evaluated by clonogenic assay. The exposure of yeast to pulsed MF produces an acceleration of aging, which is not observed in cells exposed to sinusoidal MF. The pulsed MF modifies the cellular response to damaging agents only in aged S. cerevisiae cells. In this sense, the pulsed MF applied increases the damage induced by UVC radiation and by thermal shock. In contrast, the sinusoidal MF used has no effect.",Saccharomyces cerevisiae,uv,,
36771204,10.3390/nu15030501,PMC9921891,oa,2023,Nutrients,Enhancement of Human Epidermal Cell Defense against UVB Damage by Fermentation of <i>Passiflora edulis</i> Sims Peel with <i>Saccharomyces cerevisiae</i>.,"The processing of <i>Passiflora edulis</i> Sims results in large amounts of wasted peel resources and environmental pollution. In order to improve the utilisation of natural plant resources and economic benefits, this study uses <i>Saccharomyces cerevisiae</i> to ferment <i>Passiflora edulis</i> Sims peel to obtain <i>Passiflora edulis</i> Sims peel fermentation broth (PF). The content of active substances in unfermented <i>Passiflora edulis</i> Sims peel water extract (PW) and PF is then determined, as well as their in vitro antioxidant capacity. The protective effects of PF and PW on UVB-induced skin inflammation and skin barrier damage in human immortalised epidermal keratinocytes (HaCaT) cells (including cell viability, ROS, HO-1, NQO1, IL-1β, IL-8, TNF-α, KLK-7, FLG, AQP3 and Caspase 14 levels) are investigated. Studies have shown that PF enhances the content of active substances more effectively compared to PW, showing a superior ability to scavenge free radical scavenging and antioxidants. PW and PF can effectively scavenge excess intracellular ROS, reduce the cellular secretion of pro-inflammatory factors, regulate the content of skin barrier-related proteins and possibly respond to UVB-induced cell damage by inhibiting the activation of the PI3K/AKT/mTOR signalling pathway. Studies have shown that both PW and PF are safe and non-irritating, with PF exploiting the efficacy of <i>Passiflora edulis</i> Sims peel more significantly, providing a superior process for the utilisation of <i>Passiflora edulis</i> Sims waste. At the same time, PF can be developed and used as a functional protective agent against ultraviolet damage to the skin, thereby increasing the value of the use of <i>Passiflora edulis</i> Sims waste.",Saccharomyces cerevisiae,uv,,
36552240,10.3390/biology11121730,PMC9774441,oa,2022,Biology,"MaCts1, an Endochitinase, Is Involved in Conidial Germination, Conidial Yield, Stress Tolerances and Microcycle Conidiation in <i>Metarhizium acridum</i>.","Entomopathogenic fungi are promising biocontrol agents of insect-mediated crop damage. Microcycle conidiation has shown great potential in enhancing the conidial yield and quality of entomopathogenic fungi. Homologs of Cts1, an endochitinase of <i>Saccharomyces cerevisiae</i>, participate in cell separation in several fungal spp. and may contribute to the morphological differences that occur during the shift to microcycle conidiation. However, the precise functions of <i>Cts1</i> in entomopathogenic fungi remain unclear. Herein, the endochitinase gene, <i>MaCts1</i>, was characterized in the model entomopathogen, <i>Metarhizium acridum</i>. A loss of function line for <i>MaCts1</i> led to a delay of 1 h in the median germination time, a 28% reduction in conidial yield and significant defects in fungal resistances to UV-irradiation (18%) and heat-shock (15%), while fungal tolerances to cell wall stressors, oxidative and hyperosmotic stresses and virulence remained unchanged. The <i>MaCts1</i>-disruption strain displayed typical conidiation on the microcycle conidiation induction medium, SYA. In contrast, deletion of key genes in the morphogenesis-related NDR kinase network (MOR pathway)/regulation of Ace2 and morphogenesis (RAM pathway) did not affect the SYA-induction of microcycle conidiation. This indicates that <i>MaCts1</i> makes contributions to the microcycle conidiation, which may not be dependent on the MOR/RAM pathway in <i>M. acridum</i>.",Saccharomyces cerevisiae,uv,,
36305512,10.1002/yea.3819,,no_pmc,2022,"Yeast (Chichester, England)",A rapid and simple spectroscopic method for the determination of yeast cell viability using methylene blue.,"Determination of cell viability is important in various microbiological studies. The microscopic method, counting dead cells stained by methylene blue (MB), has often been used for the determination of viability, although it is not efficient for the measurement of a large number of samples. Alternatively, some spectroscopic methods have been proposed to avoid tedious cell counting. One of these proposed methods detects the decrease in MB absorbance in the supernatant of cell suspension, because dead cells incorporate MB more efficiently than viable cells. However, at present, this spectroscopic method is rarely used due to its low throughput. Therefore, we devised a small-scale, rapid and simple method by improving several points as follows. (1) The peak wavelength of MB absorbance, 665 nm, was used to detect MB efficiently at the microtube scale. (2) The composition of the MB solution was improved by adding trisodium citrate. (3) The reaction time was shortened. And (4) the concentration ranges of both MB and cells, with which absorbance is linearly related to cell viability, were determined. The improved method enabled us to evaluate the dose-dependent toxicities of alcohols, antifungal/antimalarial quinacrine, and UV-C irradiation. The results were compatible with those of conventional microscopic counting and colony formation. The method would be applicable to automated determination and to various organisms such as bacteria and filamentous fungi which are difficult to be counted microscopically.",Saccharomyces cerevisiae,uv,,
36090078,10.3389/fmicb.2022.976321,PMC9453260,oa,2022,Frontiers in microbiology,Screening and transcriptomic analysis of the ethanol-tolerant mutant <i>Saccharomyces cerevisiae</i> YN81 for high-gravity brewing.,"Ethanol stress is one of the major limiting factors for high-gravity brewing. Breeding of yeast strain with high ethanol tolerance, and revealing the ethanol tolerance mechanism of <i>Saccharomyces cerevisiae</i> is of great significance to the production of high-gravity beer. In this study, the mutant YN81 was obtained by ultraviolet-diethyl sulfate (UV-DES) cooperative mutagenesis from parental strain CS31 used in high-gravity craft beer brewing. The ethanol tolerance experiment results showed that cell growth and viability of YN81 were significantly greater than that of CS31 under ethanol stress. The ethanol tolerance mechanisms of YN81 were studied through observation of cell morphology, intracellular trehalose content, and transcriptomic analysis. Results from scanning electron microscope (SEM) showed alcohol toxicity caused significant changes in the cell morphology of CS31, while the cell morphology of YN81 changed slightly, indicating the cell morphology of CS31 got worse (the formation of hole and cell wrinkle). In addition, compared with ethanol-free stress, the trehalose content of YN81 and CS31 increased dramatically under ethanol stress, but there was no significant difference between YN81 and CS31, whether with or without ethanol stress. GO functional annotation analysis showed that under alcohol stress, the number of membrane-associated genes in YN81 was higher than that without alcohol stress, as well as CS31, while membrane-associated genes in YN81 were expressed more than CS31 under alcohol stress. KEGG functional enrichment analysis showed unsaturated fatty acid synthesis pathways and amino acid metabolic pathways were involved in ethanol tolerance of YN81. The mutant YN81 and its ethanol tolerance mechanism provide an optimal strain and theoretical basis for high-gravity craft beer brewing.",Saccharomyces cerevisiae,uv,,
35986361,10.1186/s13072-022-00464-5,PMC9392361,oa,2022,Epigenetics & chromatin,An epigenetically inherited UV hyper-resistance phenotype in Saccharomyces cerevisiae.,"Epigenetics refers to inheritable phenotypic changes that occur in the absence of genetic alteration. Such adaptations can provide phenotypic plasticity in reaction to environmental cues. While prior studies suggest that epigenetics plays a role in the response to DNA damage, no direct demonstration of epigenetically inheritable processes have been described in this context. Here we report the identification of an epigenetic response to ultraviolet (UV) radiation in the baker's yeast Saccharomyces cerevisiae. Cells that have been previously exposed to a low dosage of UV exhibit dramatically increased survival following subsequent UV exposure, which we refer to as UV hyper-resistance (UVHR). This phenotypic change persists for multiple mitotic generations, without any indication of an underlying genetic basis. Pre-exposed cells experience a notable reduction in the amount of DNA damage caused by the secondary UV exposure. While the mechanism for the protection is not fully characterized, our results suggest that UV-induced cell size increases and/or cell wall changes are contributing factors. In addition, we have identified two histone modifications, H3K56 acetylation and H3K4 methylation, that are important for UVHR, potentially serving as mediators of UV protective gene expression patterns, as well as epigenetic marks to propagate the phenotype across cell generations. Exposure to UV radiation triggers an epigenetically inheritable protective response in baker's yeast that increases the likelihood of survival in response to subsequent UV exposures. These studies provide the first demonstration of an epigenetically inheritable dimension of the cellular response to DNA damage.",Saccharomyces cerevisiae,uv,,
35946552,10.1093/genetics/iyac115,PMC9434230,pmc_not_oa,2022,Genetics,Diploid-associated adaptation to chronic low-dose UV irradiation requires homologous recombination in Saccharomyces cerevisiae.,"Ultraviolet-induced DNA lesions impede DNA replication and transcription and are therefore a potential source of genome instability. Here, we performed serial transfer experiments on nucleotide excision repair-deficient (rad14Δ) yeast cells in the presence of chronic low-dose ultraviolet irradiation, focusing on the mechanisms underlying adaptive responses to chronic low-dose ultraviolet irradiation. Our results show that the entire haploid rad14Δ population rapidly becomes diploid during chronic low-dose ultraviolet exposure, and the evolved diploid rad14Δ cells were more chronic low-dose ultraviolet-resistant than haploid cells. Strikingly, single-stranded DNA, but not pyrimidine dimer, accumulation is associated with diploid-dependent fitness in response to chronic low-dose ultraviolet stress, suggesting that efficient repair of single-stranded DNA tracts is beneficial for chronic low-dose ultraviolet tolerance. Consistent with this hypothesis, homologous recombination is essential for the rapid evolutionary adaptation of diploidy, and rad14Δ cells lacking Rad51 recombinase, a key player in homologous recombination, exhibited abnormal cell morphology characterized by multiple RPA-yellow fluorescent protein foci after chronic low-dose ultraviolet exposure. Furthermore, interhomolog recombination is increased in chronic low-dose ultraviolet-exposed rad14Δ diploids, which causes frequent loss of heterozygosity. Thus, our results highlight the importance of homologous recombination in the survival and genomic stability of cells with unrepaired lesions.",Saccharomyces cerevisiae,uv,,
35734128,10.1007/s13197-022-05468-3,PMC9206946,pmc_not_oa,2022,Journal of food science and technology,Insights on the effectiveness of pneumatic and ultrasonic atomization in combination with UVC light for processing of fruit juices.,"This study evaluated the effectiveness of spraying juices, during shortwave ultraviolet irradiation (UVC) treatments as an alternative to promote more contact area, by means of ultrasonic atomization (UA) and pneumatic atomization (PA). Four juices with dissimilar physical characteristics were processed to assess the effect of suspended solids and turbidity. Antioxidant activity, anthocyanins, ascorbic acid, and inactivation of <i>Saccharomyces cerevisiae</i> inoculated in the juices were evaluated. Five decimal reduction cycles were reached after two passes of orange or grapefruit juice through the UVC + UA arrangement. On the other hand, five decimal reduction cycles were achieved after three passes in the UVC + PA arrangement. Losses of 11% and 14% of ascorbic acid were observed in orange and grapefruit juice, respectively, while anthocyanin content presented losses of 50% and antioxidant activity decreased by 40% for pomegranate and blueberry juice, correspondingly.",Saccharomyces cerevisiae,uv,,
35612987,10.1093/bbb/zbac075,,no_pmc,2022,"Bioscience, biotechnology, and biochemistry",Uracil-auxotrophic marker recycling system for multiple gene disruption in Pseudozyma antarctica.,"The basidiomycetous yeast Pseudozyma antarctica, which has multiple auxotrophic markers, was constructed, without inserting a foreign gene, as the host strain for the introduction of multiple useful genes. P. antarctica was more resistant to ultraviolet (UV) irradiation than the model yeast Saccharomyces cerevisiae, and a Paura3 mutant (C867T) was obtained after 3 min of UV exposure. A uracil-auxotrophic marker (URA3) recycling system developed in ascomycetous yeasts and fungi was applied to the P. antarctica Paura3 strain. The PaLYS12 and PaADE2 loci were disrupted via site-directed homologous recombination of PaURA3 (pop-in), followed by the removal of PaURA3 (pop-out). In the obtained double auxotrophic strain (Palys12Δ, Paura3), PaADE2 was further disrupted, and PaURA3 was removed to obtain the triple auxotrophic strain PGB800 (Paura3, Palys12Δ, Paade2Δ). The whole-genome sequence of the PGB800 strain did not contain foreign genes used for genetic manipulation and disrupted PaADE2 and PaLYS12, and removed PaURA3, as planned.",Saccharomyces cerevisiae,uv,,
35442018,10.1021/acsami.2c03109,,no_pmc,2022,ACS applied materials & interfaces,Digitally Programmable Manufacturing of Living Materials Grown from Biowaste.,"Material manufacturing strategies that use little energy, valorize waste, and result in degradable products are urgently needed. Strategies that transform abundant biomass into functional materials form one approach to these emerging manufacturing techniques. From a biological standpoint, morphogenesis of biological tissues is a ""manufacturing"" mode without energy-intensive processes, large carbon footprints, and toxic wastes. Inspired by biological morphogenesis, we propose a manufacturing strategy by embedding living <i>Saccharomyces cerevisiae</i> (Baker's yeast) within a synthetic acrylic hydrogel matrix. By culturing the living materials in media derived from bread waste, encapsulated yeast cells can proliferate, resulting in a dramatic dry mass and volume increase of the whole living material. After growth, the final material is up to 96 wt % biomass and 590% larger in volume than the initial object. By digitally programming the cell viability through UV irradiation or photodynamic inactivation, the living materials can form complex user-defined relief surfaces or 3D objects during growth. Ultimately, the grown structures can also be designed to be degradable. The proposed living material manufacturing strategy cultured from biowaste may pave the way for future ecologically friendly manufacturing of materials.",Saccharomyces cerevisiae,uv,,
34894031,10.1111/jam.15407,,no_pmc,2022,Journal of applied microbiology,Antifungal action of the combination of ferulic acid and ultraviolet-A irradiation against Saccharomyces cerevisiae.,"To examine the antifungal action of photocombination treatment with ferulic acid (FA) and ultraviolet-A (UV-A) light (wavelength, 365 nm) by investigating associated changes in cellular functions of Saccharomyces cerevisiae. When pre-incubation of yeast cells with FA was extended from 0.5 to 10 min, its photofungicidal activity increased. Flow cytometry analysis of stained live and dead cells revealed that 10-min UV-A exposure combined with FA (1 mg ml<sup>-1</sup> ) induced a ~99.9% decrease in cell viability although maintaining cell membrane integrity when compared with pre-exposure samples. When morphological and biochemical analysis were performed, treated cells exhibited an intact cell surface and oxidative DNA damage similar to control cells. Photocombination treatment induced cellular proteins oxidation, as shown by 2.3-fold increasing in immunostaining levels of ~49-kDa carbonylated proteins compared with pre-irradiation samples. Pyruvate kinase 1 (PK1) was identified by proteomics analysis as a candidate protein whose levels was affected by photocombination treatment. Moreover, intracellular ATP levels decreased following FA treatment both in darkness and with UV-A irradiation, thus suggesting a possible FA-induced delay in cell growth. FA functions within the cytoplasmic membrane; addition of UV-A exposure induces increased oxidative modifications of cytosolic proteins such as PK1, which functions in ATP generation, without causing detectable genotoxicity, thus triggering inactivation of yeast cells. Microbial contamination is a serious problem that diminishes the quality of fruits and vegetables. Combining light exposure with food-grade phenolic acids such as FA is a promising disinfection technology for applications in agriculture and food processing. However, the mode of photofungicidal action of FA with UV-A light remains unclear. This study is the first to elucidate the mechanism using S. cerevisiae. Moreover, proteomics analyses identified a specific cytosolic protein, PK1, which is oxidatively modified by photocombination treatment.",Saccharomyces cerevisiae,uv,,
34741705,10.1007/s11033-021-06917-6,,no_pmc,2022,Molecular biology reports,Identification of the ergC gene involved in polyene drug sensitivity in the Mucorales species Phycomyces blakesleeanus.,"A strain of Phycomyces blakesleeanus (Mucorales, Mucoromycota) that was previously isolated after ultraviolet mutagenesis has altered responses to polyene antifungal drugs, sterol profiles, and phototropism of its sporangia. In this study, the genetic basis for these changes was sought. Two base pair substitutions were identified in the mutant within a P. blakelesleeanus gene that is homologous to others characterized from fungi, such as the Saccharomyces cerevisiae ERG3 gene, encoding sterol Δ5,6-desaturase. The polyene resistance and growth reduction phenotypes co-segregated with mutations in the gene in genetic crosses. The P. blakelesleeanus wild type ergC gene complemented a S. cerevisiae deletion strain of ERG3. This gene discovery may contribute towards better antifungal use in treating mucormycoses diseases caused by related species in the order Mucorales.",Saccharomyces cerevisiae,uv,,
34359924,10.3390/cells10071755,PMC8304177,oa,2021,Cells,Changes in Chromatin Organization Eradicate Cellular Stress Resilience to UVA/B Light and Induce Premature Aging.,"Complex interactions among DNA and nuclear proteins maintain genome organization and stability. The nuclear proteins, particularly the histones, organize, compact, and preserve the stability of DNA, but also allow its dynamic reorganization whenever the nuclear processes require access to it. Five histone classes exist and they are evolutionarily conserved among eukaryotes. The linker histones are the fifth class and over time, their role in chromatin has been neglected. Linker histones interact with DNA and the other histones and thus sustain genome stability and nuclear organization. <i>Saccharomyces cerevisiae</i> is a brilliant model for studying linker histones as the gene for it is a single-copy and is non-essential. We, therefore, created a linker histone-free yeast strain using a knockout of the relevant gene and traced the way cells age chronologically. Here we present our results demonstrating that the altered chromatin dynamics during the chronological lifespan of the yeast cells with a mutation in <i>ARP4</i> (the actin-related protein 4) and without the gene <i>HHO1</i> for the linker histone leads to strong alterations in the gene expression profiles of a subset of genes involved in DNA repair and autophagy. The obtained results further prove that the yeast mutants have reduced survival upon UVA/B irradiation possibly due to the accelerated decompaction of chromatin and impaired proliferation. Our hypothesis posits that the higher-order chromatin structure and the interactions among chromatin proteins are crucial for the maintenance of chromatin organization during chronological aging under optimal and UVA-B stress conditions.",Saccharomyces cerevisiae,uv,,
34356099,10.3390/genes12071083,PMC8307810,oa,2021,Genes,Genetic Analysis of the Hsm3 Protein Function in Yeast <i>Saccharomyces cerevisiae</i> NuB4 Complex.,"In the nuclear compartment of yeast, NuB4 core complex consists of three proteins, Hat1, Hat2, and Hif1, and interacts with a number of other factors. In particular, it was shown that NuB4 complex physically interacts with Hsm3p. Early we demonstrated that the gene <i>HSM3</i> participates in the control of replicative and reparative spontaneous mutagenesis, and that <i>hsm3Δ</i> mutants increase the frequency of mutations induced by different mutagens. It was previously believed that the <i>HSM3</i> gene controlled only some minor repair processes in the cell, but later it was suggested that it had a chaperone function with its participation in proteasome assembly. In this work, we analyzed the properties of three <i>hsm3Δ</i>, <i>hif1Δ</i>, and <i>hat1Δ</i> mutants. The results obtained showed that the Hsm3 protein may be a functional subunit of NuB4 complex. It has been shown that <i>hsm3</i>- and <i>hif1</i>-dependent UV-induced mutagenesis is completely suppressed by inactivation of the Polη polymerase. We showed a significant role of Polη for <i>hsm3</i>-dependent mutagenesis at non-bipyrimidine sites (NBP sites). The efficiency of expression of <i>RNR</i> (RiboNucleotid Reducase) genes after UV irradiation in <i>hsm3Δ</i> and <i>hif1Δ</i> mutants was several times lower than in wild-type cells. Thus, we have presented evidence that significant increase in the dNTP levels suppress <i>hsm3</i>- and <i>hif1</i>-dependent mutagenesis and Polη is responsible for <i>hsm3</i>- and <i>hif1</i>-dependent mutagenesis.",Saccharomyces cerevisiae,uv,,
33767750,10.1111/eva.13155,PMC7980265,oa,2021,Evolutionary applications,Interspecific hybrids show a reduced adaptive potential under DNA damaging conditions.,"Hybridization may increase the probability of adaptation to extreme stresses. This advantage could be caused by an increased genome plasticity in hybrids, which could accelerate the search for adaptive mutations. High ultraviolet (UV) radiation is a particular challenge in terms of adaptation because it affects the viability of organisms by directly damaging DNA, while also challenging future generations by increasing mutation rate. Here we test whether hybridization accelerates adaptive evolution in response to DNA damage, using yeast as a model. We exposed 180 populations of hybrids between species (<i>Saccharomyces cerevisiae</i> and <i>Saccharomyces paradoxus</i>) and their parental strains to UV mimetic and control conditions for approximately 100 generations. Although we found that adaptation occurs in both hybrids and parents, hybrids achieved a lower rate of adaptation, contrary to our expectations. Adaptation to DNA damage conditions comes with a large and similar cost for parents and hybrids, suggesting that this cost is not responsible for the lower adaptability of hybrids. We suggest that the lower adaptive potential of hybrids in this condition may result from the interaction between DNA damage and the inherent genetic instability of hybrids.",Saccharomyces cerevisiae,uv,,
33578051,10.1016/j.mrfmmm.2021.111738,,no_pmc,2021,Mutation research,Protection of nuclear DNA by lifespan-extending compounds in the yeast Saccharomyces cerevisiae.,"DNA damage has been hypothesized to be a driving force of the aging process. At the same time, there exists multiple compounds that can extend lifespan in model organisms, such as yeast, worms, flies, and mice. One possible mechanism of action for these compounds is a protective effect against DNA damage. We investigated whether five of these lifespan-extending compounds, dinitrophenol, metformin, rapamycin, resveratrol, and spermidine, could protect nuclear DNA in the yeast Saccharomyces cerevisiae at the same doses under which they confer lifespan extension. We found that rapamycin and spermidine were able to decrease the spontaneous mutation rate at the CAN1 locus, whereas dinitrophenol, metformin, and resveratrol were able to protect yeast against CAN1 mutations induced by ethyl methanesulfonate (EMS). We also tested whether these compounds could enhance survival against EMS, ultraviolet (UV) light, or hydrogen peroxide (H<sub>2</sub>O<sub>2</sub>) insult. All five compounds conferred a protective effect against EMS, while metformin and spermidine protected yeast against UV light. Somewhat surprisingly, none of the compounds were able to afford a significant protection against H<sub>2</sub>O<sub>2</sub>, with spermidine dramatically sensitizing cells. We also examined the ability of these compounds to increase lifespan when growth-arrested by hydroxyurea; only spermidine was found to have a positive effect. Overall, our results suggest that lifespan-extending compounds may act in part by protecting nuclear DNA.",Saccharomyces cerevisiae,uv,,
33526454,10.1128/MCB.00044-20,PMC8088132,pmc_not_oa,2021,Molecular and cellular biology,A Conserved Histone H3-H4 Interface Regulates DNA Damage Tolerance and Homologous Recombination during the Recovery from Replication Stress.,"In eukaryotes, genomic DNA is packaged into nucleosomes, which are the basal components coordinating both the structures and functions of chromatin. In this study, we screened a collection of mutations for histone H3/H4 mutants in <i>Saccharomyces cerevisiae</i> that affect the DNA damage sensitivity of DNA damage tolerance (DDT)-deficient cells. We identified a class of histone H3/H4 mutations that suppress methyl methanesulfonate (MMS) sensitivity of DDT-deficient cells (referred to here as the histone SDD mutations), which likely cluster on a specific H3-H4 interface of the nucleosomes. The histone SDD mutations did not suppress the MMS sensitivity of DDT-deficient cells in the absence of Rad51, indicating that homologous recombination (HR) is responsible for DNA damage resistance. Furthermore, the histone SDD mutants showed reduced levels of PCNA ubiquitination after exposure to MMS or UV irradiation, consistent with decreased MMS-induced mutagenesis relative to that of wild-type cells. We also found that histone SDD mutants lacking the INO80 chromatin remodeler impair HR-dependent recovery from MMS-induced replication arrest, resulting in defective S-phase progression and increased Rad52 foci. Taken together, our data provide novel insights into nucleosome functions, which link INO80-dependent chromatin remodeling to the regulation of DDT and HR during the recovery from replication blockage.",Saccharomyces cerevisiae,uv,,
33467428,10.3390/microorganisms9010172,PMC7830970,oa,2021,Microorganisms,Microbiological Evaluation of the Disinfecting Potential of UV-C and UV-C Plus Ozone Generating Robots.,"This study examined the microbicidal activity of ultraviolet (UV)-C<sub>185-256-nm</sub> irradiance (robot 1) and ozone generated at UV-C<sub>185-nm</sub> by low-pressure mercury vapor lamps (robot 2) adapted to mobile robotic devices for surface decontamination, which was achieved in less than 1 h. Depending on their wall structure and outer envelopes, many microorganisms display different levels of resistance to decontaminating agents. Thus, the need for novel disinfection approaches is further exacerbated by the increased prevalence of multidrug-resistant bacteria, as well as the potential of novel microorganisms, with the ability to cause disease outbreaks. To set up a rapid and effective approach for microorganisms propagation prevention, we focused on the effects of UV-C and ozone on a distinct microorganism survival ratio. A set of microorganisms, including <i>Escherichia coli</i>, <i>Micrococcus luteus</i>, <i>Saccharomyces cerevisiae</i>, <i>Trichoderma harzianum</i>, and <i>Bacillus subtilis,</i> were used to evaluate the disinfection power of UV-C and UV-C plus ozone generating robots. UV-C disinfection can be suited to ad hoc tasks, is easy to operate, requires low maintenance, does not have the need for the storage of dangerous chemicals, and does not produce by-products that may affect human health and the environment. The robotic cumulative irradiation technology developed (fluence accumulated values of 2.28 and 3.62 mJ cm<sup>-2</sup>, for robot 1 and 2, respectively), together with the production of ozone (with a maximum peak of 0.43 ppm) capable of reaching UV-C shaded surfaces, and analyzed in the current study, despite being designed for the need to reduce the risk of epidemic outbreaks in real-life scenarios, represents a versatile tool that could be employed for air and surface disinfection within many circumstances that are faced daily.",Saccharomyces cerevisiae,uv,,
33438418,10.1021/acsbiomaterials.0c01617,,no_pmc,2021,ACS biomaterials science & engineering,Synthesis of a Removable Cytoprotective Exoskeleton by Tea Polyphenol Complexes for Living Cell Encapsulation.,"Cell encapsulation is a chemical tool for endowing living cells with exogenous properties and enhancing their <i>in vitro</i> tolerance against lethal factors, which has shown promising prospects and potential applications in many fields such as cell transplantation, drug delivery, and tissue engineering. One-pot precipitation of a polyphenol-metal complex on cells protects cells from UV irradiation and lytic enzymes. However, the involvement of metal ions brings side effects on cell viability and growth. Moreover, an external removal agent is needed for cell division and growth. Herein, a polymer shell composed of hydrogen bonded constituents without affecting cell viability and growth by the precipitation of tea polyphenol and polyvinyl pyrrolidone is reported. The formation of the polymer shell was verified by the Au nanoparticle's laser scanning confocal reflectance and quartz crystal microbalance measurement. The thickness of the shell was managed by the concentration of the complex. When exposed to UV irradiation for 15 or 30 min, polymer-coating-protected <i>Saccharomyces cerevisiae</i> (yeast) had much higher cell viability than the native one. Exposed to a high temperature environment (60 °C), most of the coated yeasts survived in contrast to uncoated ones. For the cell division and growth curve, the polymer coating with various thicknesses had no difference to the native one, which indicated no suppression of cell growth and no external side effects involved. As applied to mammalian HeLa cells under UV irradiation for 15 min, the coated cells had an obvious higher cell viability than that of untreated ones. Therefore, the tea polyphenol-poly(vinylpyrrolidone) shell is a versatile tool for chemically controlling the external properties of cells without side effects on cell viability and growth.",Saccharomyces cerevisiae,uv,,
33128582,10.1007/s00294-020-01115-6,PMC7886746,oa,2021,Current genetics,Participation of the HIM1 gene of yeast Saccharomyces cerevisiae in the error-free branch of post-replicative repair and role Polη in him1-dependent mutagenesis.,"In eukaryotes, DNA damage tolerance (DDT) is determined by two repair pathways, homologous repair recombination (HRR) and a pathway controlled by the RAD6-epistatic group of genes. Monoubiquitylation of PCNA mediates an error-prone pathway, whereas polyubiquitylation stimulates an error-free pathway. The error-free pathway involves components of recombination repair; however, the factors that act in this pathway remain largely unknown. Here, we report that the HIM1 gene participates in error-free DDT. Notably, inactivation RAD30 gene encoding Polη completely suppresses him1-dependent UV mutagenesis. Furthermore, data obtained show a significant role of Polη in him1-dependent mutagenesis, especially at non-bipyrimidine sites (NBP sites). We demonstrate that him1 mutation significantly reduces the efficiency of the induction expression of RNR genes after UV irradiation. Besides, this paper presents evidence that significant increase in the dNTP levels suppress him1-dependent mutagenesis. Our findings show that Polη responsible for him1-dependent mutagenesis.",Saccharomyces cerevisiae,uv,,
33033113,10.1534/genetics.120.303494,PMC7768261,oa,2020,Genetics,"Post-translational Regulation of DNA Polymerase η, a Connection to Damage-Induced Cohesion in <i>Saccharomyces cerevisiae</i>.","Double-strand breaks that are induced postreplication trigger establishment of damage-induced cohesion in <i>Saccharomyces cerevisiae</i>, locally at the break site and genome-wide on undamaged chromosomes. The translesion synthesis polymerase, polymerase η, is required for generation of damage-induced cohesion genome-wide. However, its precise role and regulation in this process is unclear. Here, we investigated the possibility that the cyclin-dependent kinase Cdc28 and the acetyltransferase Eco1 modulate polymerase η activity. Through <i>in vitro</i> phosphorylation and structure modeling, we showed that polymerase η is an attractive substrate for Cdc28 Mutation of the putative Cdc28-phosphorylation site Ser14 to Ala not only affected polymerase η protein level, but also prevented generation of damage-induced cohesion <i>in vivo</i> We also demonstrated that Eco1 acetylated polymerase η <i>in vitro</i> Certain nonacetylatable polymerase η mutants showed reduced protein level, deficient nuclear accumulation, and increased ultraviolet irradiation sensitivity. In addition, we found that both Eco1 and subunits of the cohesin network are required for cell survival after ultraviolet irradiation. Our findings support functionally important Cdc28-mediated phosphorylation, as well as post-translational modifications of multiple lysine residues that modulate polymerase η activity, and provide new insights into understanding the regulation of polymerase η for damage-induced cohesion.",Saccharomyces cerevisiae,uv,,
32916700,10.4315/JFP-20-200,,no_pmc,2021,Journal of food protection,Antimicrobial Effect of UVC Light-Emitting Diodes against Saccharomyces cerevisiae and Their Application in Orange Juice Decontamination.,"UVC light-emitting diodes (UVC-LEDs) are a novel eco-friendly alternative source of UV light. This study evaluated the inactivation and membrane damage of spoilage yeast Saccharomyces cerevisiae by UVC-LEDs and their application in orange juice pasteurization. The results demonstrated that the antimicrobial effect of UVC-LED treatment against S. cerevisiae was enhanced by increased radiation dose. When the dose of UVC-LED radiation was 1,420 mJ/cm2, the population of S. cerevisiae in yeast extract peptone dextrose broth was reduced by 4.86 log CFU/mL. Through scanning electron microscopy and fluorescent staining, the structure and function of plasma membrane was observed to be severely damaged by UVC-LED treatment. The inactivation efficacy of UVC-LEDs against S. cerevisiae in orange juice also increased with increasing radiation dose. Radiation at 1,420 mJ/cm2 greatly reduced S. cerevisiae in orange juice by 4.44 log CFU/mL and did not induce remarkable changes in pH, total soluble solids, titratable acidity, and color parameters. However, the total phenolic content in orange juice was found to be significantly decreased by UVC-LEDs. These findings contribute to a better comprehension of UVC-LED inactivation and provide theoretical support for its potential application in fruit and vegetable juice processing.",Saccharomyces cerevisiae,uv,,
32835914,10.1016/j.ijfoodmicro.2020.108811,,no_pmc,2020,International journal of food microbiology,Hurdle processing of turbid fruit juices involving encapsulated citral and vanillin addition and UV-C treatment.,"The aim of this study was to evaluate a hurdle strategy for orange-tangerine (OT) and orange-banana-mango-kiwi-strawberry (OBMKS) juices processing based on UV-C treatment assisted or not by mild heat and the addition of natural antimicrobials. Vanillin and citral emulsions were successfully encapsulated using maltodextrin and HI-CAP (5,18,3) and characterized. The susceptibility of Lactobacillus plantarum ATCC 8014, Escherichia coli ATCC 25922, and Saccharomyces cerevisiae KE 162 to binary mixtures of the encapsulated agents was examined in culture media according to the Berenbaum experimental design. The boundary between growth and non-growth as a function of vanillin and citral concentrations was predicted by means of the probabilistic model using logistic regression. Microbial inactivation achieved by pilot-scale UV-C light (0-390 mJ/cm<sup>2</sup>) on its own, assisted by mild heat (50 °C, UV-C/H) and combined with antimicrobials (1000 ppm vanillin plus 100 ppm citral) addition (UV-C + A/UV-C/H + A) was assessed in OT and OBMKS. Yeast induced damage in a model solution treated by UV-C + A was studied by flow cytometry (FC). All the antimicrobial mixtures resulted in additive effects (FIC<sub>index</sub> = 1), thus offering through the probabilistic models a range of formulation possibilities with antimicrobial capacity encompassing lower vanillin and citral concentrations compared to those required when used alone (V<sub>range</sub> = 0-1875 ppm plus C<sub>range</sub> = 392-0 ppm). UV-C led up to 3.7-3.8, 2.4-3.6 and 1.5-1.6 log-reductions of E. coli, L. plantarum and S. cerevisiae in OT and OBMKS, respectively. A significant increase of 1.7-2.2, 2.1-2.7 and 4.1-5.3 log cycles in microbial inactivation was observed after UV-C/H treatment. Additional inactivation of 0.7-3.1 and 0.5-2.7 log reductions were observed for E. coli and S. cerevisiae, respectively, when UV-C + A and UV-C/H + A were applied in both juices. Therefore, the addition of antimicrobials to the UV-C treated juices, showed additive to synergistic effects on E. coli and S. cerevisiae, respectively along refrigerated storage. A shift from yeast cells with intact membrane and esterase activity in control samples to cells with permeabilized membrane in C + A, UV-C and UV-C + A samples were determined by FC. The shift was more noticeable in UV-C + A samples. Sublethally damaged cells were only detected in C + A and UV-C samples. This study demonstrates that combining a pilot-scale UV-C treatment with the addition of chosen binary mixtures of vanillin and citral, can ensure more than 5 log-reductions of E. coli, L. plantarum and S. cerevisiae in OT and OBKMS juice blends.",Saccharomyces cerevisiae,uv,,
32593099,10.1016/j.ijfoodmicro.2020.108767,,no_pmc,2020,International journal of food microbiology,"Effect of pilot-scale UV-C light treatment assisted by mild heat on E. coli, L. plantarum and S. cerevisiae inactivation in clear and turbid fruit juices. Storage study of surviving populations.","Consumer growing demands for high-quality and safe food and beverages have stimulated the interest in alternative preservation technologies. Short-wavelength ultraviolet light (UV-C, 254 nm) has proven to be useful for the decontamination of a great variety of clear juices while improving their quality compared to traditional thermal treatments. Suspended solids and coloured compounds in turbid juices, diminish light transmission. The use of UV-C under a hurdle approach, may be a promising strategy for their treatment. The purpose of this study was to analyse Escherichia coli ATCC 25922, Saccharomyces cerevisiae KE 162 and Lactobacillus plantarum ATCC 8014 inactivation in clear pear juice (PJ), turbid orange-tangerine (OT) and orange-banana-mango-kiwi-strawberry (OBMKS) juices processed by single UV-C (390 mJ/cm<sup>2</sup>, 20 °C) and UV-C assisted by mild heat (UV-C/H, 50 °C) at pilot-scale in a coiled tubing unit and stored under refrigeration (5 °C). Inactivation studies were also conducted in peptone water (PW) and model solution (MS). The adequacy of the Coroller, Weibull and Biphasic Plus Shoulder models was studied. UV-C was highly effective in PW, MS and PJ, achieving up to 5.5-6.3-4.7, 4.8-5.1-4.6 and 4.4-5.5 log reductions for L. plantarum, E. coli,and S. cerevisiae, respectively. Whereas, a moderate inactivation by single UV-C was recorded in the turbid blends, reducing up to 2.4-3.8-1.6 and 3.6-3.7-1.3 log-cycles in OT and OBMKS, respectively. When the UV-C/H treatment was applied, high bacterial inactivation was observed achieving 5.2-5.6, 6.3-6.6 and 5.5-6.7 log reductions in OT, OBMKS and PJ, respectively, while 4.6-4.9 log reductions were determined for the yeast in OBMKS and OT, respectively. Thus, additive inactivation effects between UV-C and H were observed. All the models tested gave useful information regarding the existence of microbial subpopulations with varying resistances. However, the cumulative Weibull distribution function was the most versatile one, fitting inactivation curves with different shapes. Additionally, the frequency distributions of resistances showed that UV-C/H not only increased the UV-C microbicidal effect but changed the distribution of inactivation times. Principal component analysis revealed that UV-C effectiveness was associated to low particle size, a⃰, turbidity and high UV-C transmittance. An increase on the inactivation of treated bacterial populations was recorded along storage, while no yeast recovery was observed, thus emphasizing the contribution of refrigerated storage to microbial inactivation. Microbial inactivation in clear and turbid juices achieved by UV-C (390 mJ/cm<sup>2</sup>) assisted by mild heat (50 °C) and subsequent refrigerated storage may represent an useful alternative for multiple applications in the juice industry.",Saccharomyces cerevisiae,uv,,
31808535,10.1093/rpd/ncz200,,no_pmc,2019,Radiation protection dosimetry,ETHANOL AS A MODIFIER OF RADIATION SENSITIVITY OF LIVING CELLS AGAINST UV-C RADIATION.,"The protection of Escherichia coli bacteria and the yeast Saccharomyces cerevisiae against UV-C radiation by ethanol was studied. It was found that the fraction of surviving cells increases with increasing ethanol concentration. The specific protection depends on the dose rate, concentration range of ethanol, and it is higher for yeast compared to the bacteria.",Saccharomyces cerevisiae,uv,,
31693105,10.1093/gbe/evz242,PMC7145719,oa,2019,Genome biology and evolution,Limited DNA Repair Gene Repertoire in Ascomycete Yeast Revealed by Comparative Genomics.,"Ascomycota is the largest phylogenetic group of fungi that includes species important to human health and wellbeing. DNA repair is important for fungal survival and genome evolution. Here, we describe a detailed comparative genomic analysis of DNA repair genes in Ascomycota. We determined the DNA repair gene repertoire in Taphrinomycotina, Saccharomycotina, Leotiomycetes, Sordariomycetes, Dothideomycetes, and Eurotiomycetes. The subphyla of yeasts, Saccharomycotina and Taphrinomycotina, have a smaller DNA repair gene repertoire comparing to Pezizomycotina. Some genes were absent from most, if not all, yeast species. To study the conservation of these genes in Pezizomycotina, we used the Gain Loss Mapping Engine algorithm that provides the expectations of gain or loss of genes given the tree topology. Genes that were absent from most of the species of Taphrinomycotina or Saccharomycotina showed lower conservation in Pezizomycotina. This suggests that the absence of some DNA repair in yeasts is not random; genes with a tendency to be lost in other classes are missing. We ranked the conservation of DNA repair genes in Ascomycota. We found that Rad51 and its paralogs were less conserved than other recombinational proteins, suggesting that there is a redundancy between Rad51 and its paralogs, at least in some species. Finally, based on the repertoire of UV repair genes, we found conditions that differentially kill the wine pathogen Brettanomyces bruxellensis and not Saccharomyces cerevisiae. In summary, our analysis provides testable hypotheses to the role of DNA repair proteins in the genome evolution of Ascomycota.",Saccharomyces cerevisiae,uv,,
31418026,10.1093/nar/gkz723,PMC6846816,oa,2019,Nucleic acids research,iDamage: a method to integrate modified DNA into the yeast genome.,"In order to explore the mechanisms employed by living cells to deal with DNA alterations, we have developed a method by which we insert a modified DNA into a specific site of the yeast genome. This is achieved by the site-specific integration of a modified plasmid at a chosen locus of the genome of Saccharomyces cerevisiae, through the use of the Cre/lox recombination system. In the present work, we have used our method to insert a single UV lesion into the yeast genome, and studied how the balance between error-free and error-prone lesion bypass is regulated. We show that the inhibition of homologous recombination, either directly (by the inactivation of Rad51 recombinase) or through its control by preventing the polyubiquitination of PCNA (ubc13 mutant), leads to a strong increase in the use of Trans Lesion Synthesis (TLS). Such regulatory aspects of DNA damage tolerance could not have been observed with previous strategies using plasmid or randomly distributed DNA lesions, which shows the advantage of our new method. The very robust and precise integration of any modified DNA at any chosen locus of the yeast genome that we describe here is a powerful tool that will enable the exploration of many biological processes related to replication and repair of modified DNA.",Saccharomyces cerevisiae,uv,,
31213515,10.1534/g3.119.400291,PMC6686910,oa,2019,"G3 (Bethesda, Md.)","UV Laser-Induced, Time-Resolved Transcriptome Responses of <i>Saccharomyces cerevisiae</i>.","We determined the effect on gene transcription of laser-mediated, long-wavelength UV-irradiation of <i>Saccharomyces cerevisiae</i> by RNAseq analysis at times T15, T30, and T60 min after recovery in growth medium. Laser-irradiated cells were viable, and the transcriptional response was transient, with over 400 genes differentially expressed at T15 or T30, returning to basal level transcription by T60. Identification of transcripts exhibiting enhanced differential expression that were unique to UV laser-irradiation were identified by imposing a stringent significance cut-off (<i>P</i> < 0.05, log<sub>2</sub> difference >2) then filtering out genes known as environmental stress response (ESR) genes. Using these rigorous criteria, 56 genes were differentially expressed at T15; at T30 differential expression was observed for 57 genes, some of which persisted from T15. Among the highly up-regulated genes were those supporting amino acid metabolic processes sulfur amino acids, methionine, aspartate, cysteine, serine), sulfur regulation (hydrogen sulfite metabolic processes, sulfate assimilation, sulfate reduction), proteasome components, amino acid transporters, and the iron regulon. At T30, the expression profile shifted to expression of transcripts related to catabolic processes (oxidoreductase activity, peptidase activity). Transcripts common to both T15 and T30 suggested an up-regulation of catabolic events, including UV damage response genes, and protein catabolism via proteasome and peptidase activity. Specific genes encoding tRNAs were among the down-regulated genes adding to the suggestion that control of protein biosynthesis was a major response to long-wave UV laser irradiation. These transcriptional responses highlight the remarkable ability of the yeast cell to respond to a UV-induced environmental insult.",Saccharomyces cerevisiae,uv,,
30846712,10.1038/s41598-019-39082-9,PMC6405770,oa,2019,Scientific reports,Green tea extract promotes DNA repair in a yeast model.,"Green tea polyphenols may protect cells from UV damage through antioxidant activities and by stimulating the removal of damaged or cross-linked DNA. Recently, DNA repair pathways have been predicted as possible targets of epigallocatechin gallate (EGCG)-initiated signaling. However, whether and how green tea polyphenols can promote nucleotide excision repair and homologous recombination in diverse organisms requires further investigation. In this report, we used the budding yeast, Saccharomyces cerevisiae, as a model to investigate the effects of green tea extract on DNA repair pathways. We first showed that green tea extract increased the survival rate and decreased the frequency of mutations in yeast exposed to UVB-irradiation. Furthermore, green tea extract increased the expression of homologous recombination genes, RFA1, RAD51 and RAD52, and nucleotide excision repair genes, RAD4 and RAD14. Importantly, we further used a specific strand invasion assay to show that green tea extract promotes homologous recombination at double-strand breaks. Thus, green tea extract acts to preserve genome stability by activating DNA repair pathways in yeast. Because homologous recombination repair is highly conserved in yeast and humans, this study demonstrates yeast may be a useful platform for future research to investigate the underlying mechanisms of the bioactive compounds in DNA repair.",Saccharomyces cerevisiae,uv,,
29696514,10.1007/s12192-018-0900-7,PMC6111083,pmc_not_oa,2018,Cell stress & chaperones,Characterizing functional differences in sea anemone Hsp70 isoforms using budding yeast.,"Marine organisms experience abiotic stressors such as fluctuations in temperature, UV radiation, salinity, and oxygen concentration. Heat shock proteins (HSPs) assist in the response of cells to these stressors by refolding and maintaining the activity of damaged proteins. The well-conserved Hsp70 chaperone family is essential for cell viability as well as the response to stress. Organisms possess a variety of Hsp70 isoforms that differ slightly in amino acid sequence, yet very little is known about their functional relevance. In this study, we undertook analysis of three principal Hsp70 isoforms NvHsp70A, B, and D from the starlet sea anemone Nematostella vectensis. The functionality of Hsp70 isoforms in the starlet sea anemone was assessed through transcriptional analysis and by heterologous expression in budding yeast Saccharomyces cerevisiae. Interestingly, these isoforms were found to not only differ in expression under stress but also appear to have functional differences in their ability to mediate the cellular stress program. These results contribute to an understanding of Hsp70 isoform specificity, their shared and unique roles in response to acute and chronic environmental stress, and the potential basis of local adaptation in populations of N. vectensis.",Saccharomyces cerevisiae,uv,,
29541065,10.3389/fmicb.2018.00318,PMC5835529,oa,2018,Frontiers in microbiology,Protective Role of Intracellular Melatonin Against Oxidative Stress and UV Radiation in <i>Saccharomyces cerevisiae</i>.,"Melatonin (Mel) is considered a potent natural antioxidant molecule given its free-radical scavenging ability. Its origin is traced back to the origin of aerobic life as early defense against oxidative stress and radiation. More complex signaling functions have been attributed to Mel as a result of evolution in different biological kingdoms, which comprise gene expression modulation, enzyme activity, and mitochondrial homeostasis regulation processes, among others. Since Mel production has been recently reported in wine yeast, we tested the protective effect of Mel on <i>Saccharomyces cerevisiae</i> against oxidative stress and UV light. As the optimal conditions for <i>S. cerevisiae</i> to synthesize Mel are still unknown, we developed an intracellular Mel-charging method to test its effect against stresses. To assess Mel's ability to protect <i>S. cerevisiae</i> from both stresses, we ran growth tests in liquid media and viability assays by colony count after Mel treatment, followed by stress. We also analyzed gene expression by qPCR on a selection of genes involved in stress protection in response to Mel treatment under oxidative stress and UV radiation. The viability in the Mel-treated cells after H<sub>2</sub>O<sub>2</sub> stress was up to 35% greater than for the untreated controls, while stress amelioration reached 40% for UVC light (254 nm). Mel-treated cells showed a significant shortened lag phase compared to the control cells under the stress and normal growth conditions. The gene expression analysis showed that Mel significantly modulated gene expression in the unstressed cells in the exponential growth phase, and also during various stress treatments.",Saccharomyces cerevisiae,uv,,
29526194,10.1016/j.fm.2017.12.012,,no_pmc,2018,Food microbiology,Effectiveness of UV-C light assisted by mild heat on Saccharomyces cerevisiae KE 162 inactivation in carrot-orange juice blend studied by flow cytometry and transmission electron microscopy.,"The aim of this study was to analyze the effectiveness of UV-C light (0-10.6 kJ/m<sup>2</sup>) assisted by mild heat treatment (50 °C) on the inactivation of Saccharomyces cerevisiae KE 162 in peptone water and fresh carrot-orange juice blend (pH: 3.8; 9.8°Brix; 707 NTU; absorption coefficient: 0.17 cm<sup>-1</sup>). Yeast induced damage by single UV-C and mild heat (H) and the combined treatment UV-C/H, was investigated by flow cytometry (FC) and transmission electron microscopy (TEM). When studying induced damage by FC, cells were labeled with fluorescein diacetate (FDA) and propidium iodide (PI) to monitor membrane integrity and esterase activity. UV-C/H provoked up to 4.7 log-reductions of S. cerevisiae; whereas, only 2.6-3.3 log-reductions were achieved by single UV-C and H treatments. FC revealed a shift with treatment time from cells with esterase activity and intact membrane to cells with permeabilized membrane. This shift was more noticeable in peptone water and UV-C/H treated juice. In the UV-C treated juice, double stained cells were detected, suggesting the possibility of being sub-lethally damaged, with compromised membrane but still metabolically active. TEM images of treated cells revealed severe damage, encompassing coagulated inner content, disorganized lumen and cell debris. FC and TEM provided additional information regarding degree and type of damage, complementing information revealed by the traditional plate count technique.",Saccharomyces cerevisiae,uv,,
29101061,10.1016/j.micpath.2017.10.055,,no_pmc,2017,Microbial pathogenesis,Antimicrobial efficacy of drug blended biosynthesized colloidal gold nanoparticles from Justicia glauca against oral pathogens: A nanoantibiotic approach.,"Antimicrobial resistance is a challenging task for researchers to develop new strategies. Green synthesis of AuNPs is an eco-friendly approach, which can be utilized in the microbistatic and microbicidal activities. The current study is focused on Justicia glauca (aqueous leaf extract) mediated AuNPs synthesis at room temperature by treating chloroaurate ions, that shows an antagonistic effect with Azithromycin (AZM) and Clarithromycin (CLR) antibiotics against oral pathogenic bacteria and fungi (Micrococcus luteus, Bacillus subtilis, Staphylococcus aureus, Streptococcus mutans, Lactobacillus acidophilus, Escherichia coli, Pseudomonas aeruginosa, Saccharomyces cerevisiae and Candida albicans). Characterization of green synthesized AuNPs was done by using Ultraviolet-visible (UV-vis) spectroscopy, Fourier Transform Infrared (FTIR) spectroscopy, Transmission Electron Microscopy (TEM), X-Ray Diffraction (XRD) analysis and Energy Dispersive X-ray analysis (EDAX). Biosynthesized AuNPs were stable, hexagonal and spherical shaped with a size ∼32.5 ± 0.25 nm. The AuNPs and drug conjugated AuNPs showed potential antibacterial and antifungal activity against the oral pathogens. Minimum Inhibitory Concentration (MIC) values of biogenic AuNPs were observed in the range of 6.25-25 μg/mL against selected oral pathogens. Overall, we conclude that biogenic drug delivery system for AZM and CLR can be exploited as potential antimicrobial therapy in future, subject to detailed in-vitro and in-vivo cytotoxicity.",Saccharomyces cerevisiae,uv,,
28637712,10.1534/genetics.117.204206,PMC5560798,pmc_not_oa,2017,Genetics,Shrinking Daughters: Rlm1-Dependent G<sub>1</sub>/S Checkpoint Maintains <i>Saccharomyces cerevisiae</i> Daughter Cell Size and Viability.,"The Rlm1 transcription factor is a target of the cell wall integrity pathway. We report that an <i>rlm1</i>Δ mutant grown on a nonfermentable carbon source at low osmolarity forms cell groups in which a mother cell is surrounded by smaller ""satellite-daughter"" cells. Mother cells in these groups progressed through repeated rounds of cell division with normal rates of bud growth and genetic stability; however, these cells underwent precocious START relative to wild-type mothers. Thus, once activated, Rlm1 delays the transition from G<sub>1</sub> to S, a mechanism we term the cell wall/START (CW/START) checkpoint. The <i>rlm1</i>Δ satellite-cell phenotype is suppressed by deletion of either <i>SLT2</i>, which encodes the kinase that activates Rlm1, or <i>SWI4</i>, which is also activated by Slt2; suggesting that Slt2 can have opposing roles in regulating the START transition. Consistent with an Rlm1-dependent CW/START checkpoint, <i>rlm1</i>Δ satellite daughters were unable to grow or divide further even after transfer to rich medium, but UV irradiation in G<sub>1</sub> could partially rescue <i>rlm1</i>Δ satellite daughters in the next division. Indeed, after cytokinesis, these satellite daughters shrank rapidly, displayed amorphous actin staining, and became more permeable. As a working hypothesis, we propose that duplication of an ""actin-organizing center"" in late G<sub>1</sub> may be required both to progress through START and to reestablish the actin cytoskeleton in daughter cells.",Saccharomyces cerevisiae,uv,,
28173693,10.4014/jmb.1610.10045,,no_pmc,2017,Journal of microbiology and biotechnology,Pro-Apoptotic Role of the Human <i>YPEL5</i> Gene Identified by Functional Complementation of a Yeast <i>moh1</i>Δ Mutation.,"To examine the pro-apoptotic role of the human ortholog (YPEL5) of the <i>Drosophila</i> Yippee protein, the cell viability of <i>Saccharomyces cerevisiae</i> mutant strain with deleted <i>MOH1</i>, the yeast ortholog, was compared with that of the wild-type (WT)-<i>MOH1</i> strain after exposure to different apoptogenic stimulants, including UV irradiation, methyl methanesulfonate (MMS), camptothecin (CPT), heat shock, and hyperosmotic shock. The <i>moh1</i>Δ mutant exhibited enhanced cell viability compared with the WT-<i>MOH1</i> strain when treated with lethal UV irradiation, 1.8 mM MMS, 100 µ CPT, heat shock at 50°C, or 1.2 M KCl. At the same time, the level of Moh1 protein was commonly up-regulated in the WT-<i>MOH1</i> strain as was that of Ynk1 protein, which is known as a marker for DNA damage. Although the enhanced UV resistance of the <i>moh1</i>Δ mutant largely disappeared following transformation with the yeast <i>MOH1</i> gene or one of the human <i>YPEL1-YPEL5</i> genes, the transformant bearing pYES2-<i>YPEL5</i> was more sensitive to lethal UV irradiation and its UV sensitivity was similar to that of the WT-<i>MOH1</i> strain. Under these conditions, the UV irradiation-induced apoptotic events, such as FITC-Annexin V stainability, mitochondrial membrane potential (ΔΨm) loss, and metacaspase activation, occurred to a much lesser extent in the <i>moh1</i>Δ mutant compared with the WT-<i>MOH1</i> strain and the mutant strain bearing pYES2-<i>MOH1</i> or pYES2-<i>YPEL5</i>. These results demonstrate the functional conservation between yeast Moh1 and human YPEL5, and their involvement in mitochondria-dependent apoptosis induced by DNA damage.",Saccharomyces cerevisiae,uv,,
27981587,10.1111/lam.12701,,no_pmc,2017,Letters in applied microbiology,Inactivation of foodborne pathogenic and spoilage micro-organisms using ultraviolet-A light in combination with ferulic acid.,"The low energy of UV-A (315-400 nm) is insufficient for disinfection. To improve UV-A disinfection technology, we evaluated the effect of ferulic acid (FA) addition on disinfection by UV-A light-emitting diode (LED) (350-385 nm) against various food spoilers and pathogens (seven bacteria and four fungi species). Photoantimicrobial assays were performed at FA concentrations below the MIC. The MIC of the isomerized FA, consisting of 93% cis-form and 7% trans-form, was very similar to that of the commercially available FA (trans-form). Irradiation with UV-A (1·0 J cm<sup>-2</sup> ) in the presence of 100 mg l<sup>-1</sup> FA resulted in enhanced reducing of all of the tested bacterial strains. A combination of UV-A (10 J cm<sup>-2</sup> ) and 1000 mg l<sup>-1</sup> FA resulted in enhanced reducing of Saccharomyces cerevisiae and one of the tested filamentous fungi. These results demonstrated that the combination of a short-term application of UV-A and FA at a low concentration yielded synergistic enhancement of antimicrobial activity, especially against bacteria. Microbial contamination is one of the most serious problems for foods, fruit and sugar thick juices. UV light is suitable for the nonthermal decontamination of food products by inactivating the contaminating micro-organisms. However, UV-A exposure is insufficient for disinfection. This study demonstrates that the combination of UV-A LED light (350-385 nm), which is not hazardous to human eyes and skin, and ferulic acid (FA), a known phytochemical and food additive, provides synergistic antimicrobial activity against foodborne pathogenic and spoilage micro-organisms. Therefore, FA addition to UV-A light treatment may be useful for improvement of UV-A disinfection technology to prevent food deterioration.",Saccharomyces cerevisiae,uv,,
27060217,10.1016/j.jphotobiol.2016.03.031,,no_pmc,2016,"Journal of photochemistry and photobiology. B, Biology",Mitochondrial and glycolytic activity of UV-irradiated human keratinocytes and its stimulation by a Saccharomyces cerevisiae autolysate.,"Cutaneous aging is correlated with mitochondrial dysfunction and a concomitant decline in energy metabolism that can be accelerated by extrinsic factors such as UV radiation (UVR). In this study we compared cellular bioenergetics of normal and UV-irradiated primary human epidermal keratinocytes. Moreover, we investigated the influence of a Saccharomyces cerevisiae autolysate (SCA) on stressed keratinocytes to regain cellular homeostasis. Cellular metabolism was assessed by extracellular flux analysis which measures oxygen consumption rate (OCR) and extracellular acidification rate (ECAR) as well as by ATP quantification. The expression level of ten mitochondria related genes in normal and UVR-stimulated (60mJ/cm(2) UVB) keratinocytes was quantified by real-time PCR and the impact of SCA addition was determined. Sublethal UV stress increased mitochondrial dysfunction in keratinocytes which resulted in reduced viability, uncoupled oxidative phosphorylation, and down-regulated mitochondrial gene expression. Particularly, gene expression of SHDA, UPC2, BID, and ATP5A1 was reduced about twofold within 4h. Treatment of keratinocytes with SCA shifted cellular metabolism towards a more energetic status by increasing the respiratory rate and glycolysis. SCA also stimulated cellular ATP production after short (4h) and prolonged (22h) incubations and induced the expression of genes related to mitochondrial function towards normal expression levels upon UV irradiation. The decreased respiratory capacity of UV-irradiated keratinocytes was partially compensated by the addition of SCA which enhanced glycolytic activity and thereby increased cellular resistance to environmental stress.",Saccharomyces cerevisiae,uv,,
26340535,10.1016/j.dnarep.2015.07.002,PMC4651834,pmc_not_oa,2015,DNA repair,Unlocking the steric gate of DNA polymerase η leads to increased genomic instability in Saccharomyces cerevisiae.,"DNA polymerase η (pol η) is best characterized for its ability to perform accurate and efficient translesion DNA synthesis (TLS) through cyclobutane pyrimidine dimers (CPDs). To ensure accurate bypass the polymerase is not only required to select the correct base, but also discriminate between NTPs and dNTPs. Most DNA polymerases have a conserved ""steric gate"" residue which functions to prevent incorporation of NMPs during DNA synthesis. Here, we demonstrate that the Phe35 residue of Saccharomyces cerevisiae pol η functions as a steric gate to limit the use of ribonucleotides during polymerization both in vitro and in vivo. Unlike the related pol ι enzyme, wild-type pol η does not readily incorporate NMPs in vitro. In contrast, a pol η F35A mutant incorporates NMPs on both damaged and undamaged DNA in vitro with a high degree of base selectivity. An S.cerevisiae strain expressing pol η F35A (rad30-F35A) that is also deficient for nucleotide excision repair (rad1Δ) and the TLS polymerase, pol ζ (rev3Δ), is extremely sensitive to UV-light. The sensitivity is due, in part, to RNase H2 activity, as an isogenic rnh201Δ strain is roughly 50-fold more UV-resistant than its RNH201(+) counterpart. Interestingly the rad1Δ rev3Δ rad30-F35A rnh201Δ strain exhibits a significant increase in the extent of spontaneous mutagenesis with a spectrum dominated by 1bp deletions at runs of template Ts. We hypothesize that the increased mutagenesis is due to rA incorporation at these sites and that the short poly rA tract is subsequently repaired in an error-prone manner by a novel repair pathway that is specifically targeted to polyribonucleotide tracks. These data indicate that under certain conditions, pol η can compete with the cell's replicases and gain access to undamaged genomic DNA. Such observations are consistent with a role for pol η in replicating common fragile sites (CFS) in human cells.",Saccharomyces cerevisiae,uv,,
26039235,10.3390/ijms160612324,PMC4490446,oa,2015,International journal of molecular sciences,Altered Phenotypes in Saccharomyces cerevisiae by Heterologous Expression of Basidiomycete Moniliophthora perniciosa SOD2 Gene.,"Heterologous expression of a putative manganese superoxide dismutase gene (SOD2) of the basidiomycete Moniliophthora perniciosa complemented the phenotypes of a Saccharomyces cerevisiae sod2Δ mutant. Sequence analysis of the cloned M. perniciosa cDNA revealed an open reading frame (ORF) coding for a 176 amino acid polypeptide with the typical metal-binding motifs of a SOD2 gene, named MpSOD2. Phylogenetic comparison with known manganese superoxide dismutases (MnSODs) located the protein of M. perniciosa (MpSod2p) in a clade with the basidiomycete fungi Coprinopsis cinerea and Laccaria bicolor. Haploid wild-type yeast transformants containing a single copy of MpSOD2 showed increased resistance phenotypes against oxidative stress-inducing hydrogen peroxide and paraquat, but had unaltered phenotype against ultraviolet-C (UVC) radiation. The same transformants exhibited high sensitivity against treatment with the pro-mutagen diethylnitrosamine (DEN) that requires oxidation to become an active mutagen/carcinogen. Absence of MpSOD2 in the yeast sod2Δ mutant led to DEN hyper-resistance while introduction of a single copy of this gene restored the yeast wild-type phenotype. The haploid yeast wild-type transformant containing two SOD2 gene copies, one from M. perniciosa and one from its own, exhibited DEN super-sensitivity. This transformant also showed enhanced growth at 37 °C on the non-fermentable carbon source lactate, indicating functional expression of MpSod2p. The pro-mutagen dihydroethidium (DHE)-based fluorescence assay monitored basal level of yeast cell oxidative stress. Compared to the wild type, the yeast sod2Δ mutant had a much higher level of intrinsic oxidative stress, which was reduced to wild type (WT) level by introduction of one copy of the MpSOD2 gene. Taken together our data indicates functional expression of MpSod2 protein in the yeast S. cerevisiae.",Saccharomyces cerevisiae,uv,,
25956024,10.1016/j.chemosphere.2015.04.017,,no_pmc,2016,Chemosphere,"The effect of titanium dioxide (TiO2) nano-objects, and their aggregates and agglomerates greater than 100nm (NOAA) on microbes under UV irradiation.","Today, nanoparticles are used in many products. One of the most common nanoparticles is titanium dioxide (TiO2). These particles generate reactive oxygen species (ROS) upon UV irradiation. Although nanoparticles are very useful in many products, there are concerns about their biological and ecological effects when released into the environment. Thus, it was assessed that the effect of TiO2 nano-objects, and their aggregates and agglomerates greater than 100nm (NOAA) on microbes under UV irradiation by using Escherichia coli and Saccharomyces cerevisiae. ROS generation was evaluated by adding TiO2 nanoparticles and methylene blue to distilled water. We also assessed growth inhibition by adding TiO2 nanoparticles and microbes in minimal agar medium. Moreover, microbial inactivation was assessed by adding TiO2 nanoparticles and microbes to PBS. Upon UV irradiation, TiO2-NOAAs decomposed methylene blue and generated ROS. TiO2-NOAAs also decomposed methylene blue in minimal agar medium under UV irradiation; however, they did not inhibit microbial growth. Surprisingly, TiO2-NOAAs in the medium protect microbes from UV irradiation as colony formation was observed only near TiO2-NOAAs. In PBS, TiO2-NOAAs did not inactivate microbes but instead protected microbes from lethal UV irradiation. These results suggest that the amount of ROS generated by TiO2-NOAAs is not enough to inactivate microbes. In fact, our results suggest that TiO2-NOAAs may protect microbes from UV irradiations.",Saccharomyces cerevisiae,uv,,
25881710,10.1111/1750-3841.12873,,no_pmc,2015,Journal of food science,Barosensitivity in Saccharomyces cerevisiae is Closely Associated with a Deletion of the COX1 Gene.,"High hydrostatic pressure causes physical stress to microorganisms; therefore, this technology may be applied to food pasteurization without introducing the unfavorable effects of thermal denaturation. However, its application is limited to high-value foods because the treatment requires a robust steel vessel and expensive pressurization equipment. To reduce these costs, we studied the pasteurization of Saccharomyces cerevisiae using relatively moderate high-pressure levels. A mutant strain isolated by ultraviolet mutagenesis showed significant loss of viability under high-pressure conditions. Gene expression analysis of the mutant strain revealed that it incurred a deletion of the COX1 gene. Our results suggest that the pressure-sensitivity can readily be introduced into industrial/food microorganisms by complementing a COX1 deleted mitochondria.",Saccharomyces cerevisiae,uv,,
25809882,10.1111/jam.12808,PMC4682472,oa,2015,Journal of applied microbiology,"Deinococcus as new chassis for industrial biotechnology: biology, physiology and tools.","Deinococcus spp are among the most radiation-resistant micro-organisms that have been discovered. They show remarkable resistance to a range of damage caused by ionizing radiation, desiccation, UV radiation and oxidizing agents. Traditionally, Escherichia coli and Saccharomyces cerevisiae have been the two platforms of choice for engineering micro-organisms for biotechnological applications, because they are well understood and easy to work with. However, in recent years, researchers have begun using Deinococcus spp in biotechnologies and bioremediation due to their specific ability to grow and express novel engineered functions. More recently, the sequencing of several Deinococcus spp and comparative genomic analysis have provided new insight into the potential of this genus. Features such as the accumulation of genes encoding cell cleaning systems that eliminate organic and inorganic cell toxic components are widespread among Deinococcus spp. Other features such as the ability to degrade and metabolize sugars and polymeric sugars make Deinococcus spp. an attractive alternative for use in industrial biotechnology.",Saccharomyces cerevisiae,uv,,
25779917,10.1016/j.mrfmmm.2015.02.006,,no_pmc,2015,Mutation research,"Expression of human poly (ADP-ribose) polymerase 1 in Saccharomyces cerevisiae: Effect on survival, homologous recombination and identification of genes involved in intracellular localization.","The poly (ADP-ribose) polymerase 1 (PARP-1) actively participates in a series of functions within the cell that include: mitosis, intracellular signaling, cell cycle regulation, transcription and DNA damage repair. Therefore, inhibition of PARP1 has a great potential for use in cancer therapy. As resistance to PARP inhibitors is starting to be observed in patients, thus the function of PARP-1 needs to be studied in depth in order to find new therapeutic targets. To gain more information on the PARP-1 activity, we expressed PARP-1 in yeast and investigated its effect on cell growth and UV induced homologous recombination. To identify candidate genes affecting PARP-1 activity and cellular localization, we also developed a yeast genome wide genetic screen. We found that PARP-1 strongly inhibited yeast growth, but when yeast was exposed to the PARP-1 inhibitor 6(5-H) phenantridinone (PHE), it recovered from the growth suppression. Moreover, we showed that PARP-1 produced PAR products in yeast and we demonstrated that PARP-1 reduced UV-induced homologous recombination. By genome wide screening, we identified 99 mutants that suppressed PARP-1 growth inhibition. Orthologues of human genes were found for 41 of these yeast genes. We determined whether the PARP-1 protein level was altered in strains which are deleted for the transcription regulator GAL3, the histone H1 gene HHO1, the HUL4 gene, the deubiquitination enzyme gene OTU1, the nuclear pore protein POM152 and the SNT1 that encodes for the Set3C subunit of the histone deacetylase complex. In these strains the PARP-1 level was roughly the same as in the wild type. PARP-1 localized in the nucleus more in the snt1Δ than in the wild type strain; after UV radiation, PARP-1 localized in the nucleus more in hho1 and pom152 deletion strains than in the wild type indicating that these functions may have a role on regulating PARP-1 level and activity in the nucleus.",Saccharomyces cerevisiae,uv,,
28553469,10.1039/c4sc02789b,PMC5433039,oa,2015,Chemical science,Organic/inorganic double-layered shells for multiple cytoprotection of individual living cells.,"The cytoprotection of individual living cells under <i>in vitro</i> and daily-life conditions is a prerequisite for various cell-based applications including cell therapy, cell-based sensors, regenerative medicine, and even the food industry. In this work, we use a cytocompatible two-step process to encapsulate <i>Saccharomyces cerevisiae</i> in a highly uniform nanometric (<100 nm) shell composed of organic poly(norepinephrine) and inorganic silica layers. The resulting cell-in-shell structure acquires multiple resistance against lytic enzyme, desiccation, and UV-C irradiation. In addition to the UV-C filtering effect of the double-layered shell, the biochemical responses of the encapsulated yeast are suggested to contribute to the observed UV-C tolerance. This work offers a chemical tool for cytoprotecting individual living cells under multiple stresses and also for studying biochemical behavior at the cellular level.",Saccharomyces cerevisiae,uv,,
25354197,10.1002/anie.201408454,,no_pmc,2014,Angewandte Chemie (International ed. in English),Cytoprotective alginate/polydopamine core/shell microcapsules in microbial encapsulation.,"Chemical encapsulation of microbes in threedimensional polymeric microcapsules promises various applications, such as cell therapy and biosensors, and provides a basic platform for studying microbial communications. However, the cytoprotection of microbes in the microcapsules against external aggressors has been a major challenge in the field of microbial microencapsulation, because ionotropic hydrogels widely used for microencapsulation swell uncontrollably, and are physicochemically labile. Herein, we developed a simple polydopamine coating for obtaining cytoprotective capability of the alginate capsule that encapsulated Saccharomyces cerevisiae. The resulting alginate/ polydopamine core/shell capsule was mechanically tough, prevented gel swelling and cell leakage, and increased resistance against enzymatic attack and UV-C irradiation. We believe that this multifunctional core/shell structure will provide a practical tool for manipulating microorganisms inside the microcapsules.",Saccharomyces cerevisiae,uv,,
25060101,10.1534/genetics.114.168617,PMC4196610,pmc_not_oa,2014,Genetics,Shared genetic pathways contribute to the tolerance of endogenous and low-dose exogenous DNA damage in yeast.,"DNA damage that escapes repair and blocks replicative DNA polymerases is tolerated by bypass mechanisms that fall into two general categories: error-free template switching and error-prone translesion synthesis. Prior studies of DNA damage responses in Saccharomyces cerevisiae have demonstrated that repair mechanisms are critical for survival when a single, high dose of DNA damage is delivered, while bypass/tolerance mechanisms are more important for survival when the damage level is low and continuous (acute and chronic damage, respectively). In the current study, epistatic interactions between DNA-damage tolerance genes were examined and compared when haploid yeast cells were exposed to either chronic ultraviolet light or chronic methyl methanesulfonate. Results demonstrate that genes assigned to error-free and error-prone bypass pathways similarly promote survival in the presence of each type of chronic damage. In addition to using defined sources of chronic damage, rates of spontaneous mutations generated by the Pol ζ translesion synthesis DNA polymerase (complex insertions in a frameshift-reversion assay) were used to infer epistatic interactions between the same genes. Similar epistatic interactions were observed in analyses of spontaneous mutation rates, suggesting that chronic DNA-damage responses accurately reflect those used to tolerate spontaneous lesions. These results have important implications when considering what constitutes a safe and acceptable level of exogenous DNA damage.",Saccharomyces cerevisiae,uv,,
24748660,10.1093/nar/gku242,PMC4041417,oa,2014,Nucleic acids research,Histone H3 K79 methylation states play distinct roles in UV-induced sister chromatid exchange and cell cycle checkpoint arrest in Saccharomyces cerevisiae.,"Histone post-translational modifications have been shown to contribute to DNA damage repair. Prior studies have suggested that specific H3K79 methylation states play distinct roles in the response to UV-induced DNA damage. To evaluate these observations, we examined the effect of altered H3K79 methylation patterns on UV-induced G1/S checkpoint response and sister chromatid exchange (SCE). We found that the di- and trimethylated states both contribute to activation of the G1/S checkpoint to varying degrees, depending on the synchronization method, although methylation is not required for checkpoint in response to high levels of UV damage. In contrast, UV-induced SCE is largely a product of the trimethylated state, which influences the usage of gene conversion versus popout mechanisms. Regulation of H3K79 methylation by H2BK123 ubiquitylation is important for both checkpoint function and SCE. H3K79 methylation is not required for the repair of double-stranded breaks caused by transient HO endonuclease expression, but does play a modest role in survival from continuous exposure. The overall results provide evidence for the participation of H3K79 methylation in UV-induced recombination repair and checkpoint activation, and further indicate that the di- and trimethylation states play distinct roles in these DNA damage response pathways.",Saccharomyces cerevisiae,uv,,
24701832,,,no_pmc,2013,Sheng wu gong cheng xue bao = Chinese journal of biotechnology,[Comparison of three approaches to breed industrial Saccharomyces cerevisiae strains with improved ethanol tolerance].,"Ethanol tolerance is related to the expression of multiple genes, and genome-based engineering approaches are much more efficient than manipulation of single genes. In this study, ultraviolet (UV) mutagenesis, dielectric barrier discharge (DBD) air plasma mutagenesis, and artificial transcription factor (ATF) technology were adopted to treat an industrial yeast strain S. cerevisiae Sc4126 to obtain mutants with improved ethanol tolerance. Mutants with high ethanol tolerance were obtained, and the ratio of positive mutants was compared. Among the three approaches, the rate of positive mutation obtained by ATF technology was 10- to 100-folds of that of the two other methods, with highest genetic stability, suggesting the ATF technology promising for rapid alteration of phenotypes of industry yeast strains for efficient ethanol fermentation.",Saccharomyces cerevisiae,uv,,
24656348,10.1016/j.msec.2014.01.038,,no_pmc,2014,"Materials science & engineering. C, Materials for biological applications",One-pot green synthesis of carbon dots by using Saccharum officinarum juice for fluorescent imaging of bacteria (Escherichia coli) and yeast (Saccharomyces cerevisiae) cells.,"We are reporting highly economical plant-based hydrothermal method for one-pot green synthesis of water-dispersible fluorescent carbon dots (CDs) by using Saccharum officinarum juice as precursor. The synthesized CDs were characterized by UV-visible, fluorescence, Fourier transform infrared (FT-IR), dynamic light scattering (DLS), high-resolution transmission electron microscopic (HR-TEM), and laser scanning confocal microscopic techniques. The CDs are well dispersed in water with an average size of ~3 nm and showed bright blue fluorescence under UV-light (λex=365 nm). These CDs acted as excellent fluorescent probes in cellular imaging of bacteria (Escherichia coli) and yeast (Saccharomyces cerevisiae).",Saccharomyces cerevisiae,uv,,
24603480,10.1371/journal.pgen.1004203,PMC3945788,oa,2014,PLoS genetics,Cleavage factor I links transcription termination to DNA damage response and genome integrity maintenance in Saccharomyces cerevisiae.,"During transcription, the nascent pre-mRNA undergoes a series of processing steps before being exported to the cytoplasm. The 3'-end processing machinery involves different proteins, this function being crucial to cell growth and viability in eukaryotes. Here, we found that the rna14-1, rna15-1, and hrp1-5 alleles of the cleavage factor I (CFI) cause sensitivity to UV-light in the absence of global genome repair in Saccharomyces cerevisiae. Unexpectedly, CFI mutants were proficient in UV-lesion repair in a transcribed gene. DNA damage checkpoint activation and RNA polymerase II (RNAPII) degradation in response to UV were delayed in CFI-deficient cells, indicating that CFI participates in the DNA damage response (DDR). This is further sustained by the synthetic growth defects observed between rna14-1 and mutants of different repair pathways. Additionally, we found that rna14-1 suffers severe replication progression defects and that a functional G1/S checkpoint becomes essential in avoiding genetic instability in those cells. Thus, CFI function is required to maintain genome integrity and to prevent replication hindrance. These findings reveal a new function for CFI in the DDR and underscore the importance of coordinating transcription termination with replication in the maintenance of genomic stability.",Saccharomyces cerevisiae,uv,,
24413416,10.1093/mp/ssu002,,no_pmc,2014,Molecular plant,Role of Arabidopsis UV RESISTANCE LOCUS 8 in plant growth reduction under osmotic stress and low levels of UV-B.,"In high-light environments, plants are exposed to different types of stresses, such as an excess of UV-B, but also drought stress which triggers a common morphogenic adaptive response resulting in a general reduction of plant growth. Here, we report that the Arabidopsis thaliana UV RESISTANCE LOCUS 8 (UVR8) gene, a known regulator of the UV-B morphogenic response, was able to complement a Saccharomyces cerevisiae osmo-sensitive mutant and its expression was induced after osmotic or salt stress in Arabidopsis plants. Under low levels of UV-B, plants overexpressing UVR8 are dwarfed with a reduced root development and accumulate more flavonoids compared to control plants. The growth defects are mainly due to the inhibition of cell expansion. The growth inhibition triggered by UVR8 overexpression in plants under low levels of UV-B was exacerbated by mannitol-induced osmotic stress, but it was not significantly affected by ionic stress. In contrast, uvr8-6 mutant plants do not differ from wild-type plants under standard conditions, but they show an increased shoot growth under high-salt stress. Our data suggest that UVR8-mediated accumulation of flavonoid and possibly changes in auxin homeostasis are the underlying mechanism of the observed growth phenotypes and that UVR8 might have an important role for integrating plant growth and stress signals.",Saccharomyces cerevisiae,uv,,
24395695,10.1007/s12010-013-0689-x,,no_pmc,2014,Applied biochemistry and biotechnology,Kinetics and thermodynamics of ethanol production by Saccharomyces cerevisiae MLD10 using molasses.,"In this study, we have used ultraviolet (UV) and γ-ray induction to get a catabolite repression resistant and thermotolerant mutant with enhanced ethanol production along with optimization of sugar concentration and temperature of fermentation. Classical mutagenesis in two consecutive cycles of UV- and γ-ray-induced mutations evolved one best catabolite-resistant and thermotolerant mutant Saccharomyces cerevisiae MLD10 which showed improved ethanol yield (0.48 ± 0.02 g g(-1)), theoretical yield (93 ± 3%), and extracellular invertase productivity (1,430 ± 50 IU l(-1) h(-1)), respectively, when fermenting 180 g sugars l(-1) in molasses medium at 43 °C in 300 m(3) working volume fermenter. Ethanol production was highly dependent on invertase production. Enthalpy (ΔH*) (32.27 kJ M(-1)) and entropy (ΔS*) (-202.88 J M(-1) K(-1)) values at 43 °C by the mutant MLD10 were significantly lower than those of β-glucosidase production by a thermophilic mutant derivative of Thermomyces lanuginosus. These results confirmed the enhanced production of ethanol and invertase by this mutant derivative. These studies proved that mutant was significantly improved for ethanol production and was thermostable in nature. Lower fermentation time for ethanol production and maintenance of ethanol production rates (3.1 g l(-1) h(-1)) at higher temperature (43 °C) by this mutant could decrease the overall cost of fermentation process and increase the quality of ethanol production.",Saccharomyces cerevisiae,uv,,
24362320,10.1016/j.jphotobiol.2013.11.024,,no_pmc,2014,"Journal of photochemistry and photobiology. B, Biology",Sak1 kinase interacts with Pso2 nuclease in response to DNA damage induced by interstrand crosslink-inducing agents in Saccharomyces cerevisiae.,"By isolating putative binding partners through the two-hybrid system (THS) we further extended the characterization of the specific interstrand cross-link (ICL) repair gene PSO2 of Saccharomyces cerevisiae. Nine fusion protein products were isolated for Pso2p using THS, among them the Sak1 kinase, which interacted with the C-terminal β-CASP domain of Pso2p. Comparison of mutagen-sensitivity phenotypes of pso2Δ, sak1Δ and pso2Δsak1Δ disruptants revealed that SAK1 is necessary for complete WT-like repair. The epistatic interaction of both mutant alleles suggests that Sak1p and Pso2p act in the same pathway of controlling sensitivity to DNA-damaging agents. We also observed that Pso2p is phosphorylated by Sak1 kinase in vitro and co-immunoprecipitates with Sak1p after 8-MOP+UVA treatment. Survival data after treatment of pso2Δ, yku70Δ and yku70Δpso2Δ with nitrogen mustard, PSO2 and SAK1 with YKU70 or DNL4 single-, double- and triple mutants with 8-MOP+UVA indicated that ICL repair is independent of YKu70p and DNL4p in S. cerevisiae. Furthermore, a non-epistatic interaction was observed between MRE11, PSO2 and SAK1 genes after ICL induction, indicating that their encoded proteins act on the same substrate, but in distinct repair pathways. In contrast, an epistatic interaction was observed for PSO2 and RAD52, PSO2 and RAD50, PSO2 and XRS2 genes in 8-MOP+UVA treated exponentially growing cells.",Saccharomyces cerevisiae,uv,,
24212117,10.1016/j.ijbiomac.2013.10.046,,no_pmc,2014,International journal of biological macromolecules,"Purification, structure and anti-radiation activity of melanin from Lachnum YM404.","Extracellular melanins (LEM404) were extracted from Lachnum YM404 with a yield of 3.45 g/L. LEM404-a, LEM404-b, LEM404-c, LEM404-d and LEM404-e were fractionated from LEM404 by Sephadex G-15 column. LE404-a was detected as the homogeneous component with molecular weight of about 432.18 Da. Based on the elemental analysis, mass spectrometry, infrared spectroscopy, pyrolysis-GC-MS and NMR analysis, the molecular formula (C22H12N2O4S2) and structural formula of LEM404-a were concluded. LEM404-a could significantly increase the survival rates of Escherichia coli, Staphylococcus aureus and Saccharomyces cerevisiae under UV radiation. Anti-radiation experiments in mice showed that the skin manifestations in mice of low radiation dose experimental group (LEG) were similar to those in blank control group (BCG). Compared with the control groups (LCG and HCG), superoxide dismutase (SOD) and glutathione peroxidase (GSH-Px) activities in mice of experiment groups (LEG and HEG) were improved significantly while malondialdehyde (MDA) content were decreased significantly, indicating that LEM404-a had strong anti-ultraviolet radiation activity.",Saccharomyces cerevisiae,uv,,
24204306,10.1371/journal.pgen.1003894,PMC3814309,oa,2013,PLoS genetics,Genome-wide high-resolution mapping of UV-induced mitotic recombination events in Saccharomyces cerevisiae.,"In the yeast Saccharomyces cerevisiae and most other eukaryotes, mitotic recombination is important for the repair of double-stranded DNA breaks (DSBs). Mitotic recombination between homologous chromosomes can result in loss of heterozygosity (LOH). In this study, LOH events induced by ultraviolet (UV) light are mapped throughout the genome to a resolution of about 1 kb using single-nucleotide polymorphism (SNP) microarrays. UV doses that have little effect on the viability of diploid cells stimulate crossovers more than 1000-fold in wild-type cells. In addition, UV stimulates recombination in G1-synchronized cells about 10-fold more efficiently than in G2-synchronized cells. Importantly, at high doses of UV, most conversion events reflect the repair of two sister chromatids that are broken at approximately the same position whereas at low doses, most conversion events reflect the repair of a single broken chromatid. Genome-wide mapping of about 380 unselected crossovers, break-induced replication (BIR) events, and gene conversions shows that UV-induced recombination events occur throughout the genome without pronounced hotspots, although the ribosomal RNA gene cluster has a significantly lower frequency of crossovers.",Saccharomyces cerevisiae,uv,,
24012676,10.1016/j.bbrc.2013.08.089,PMC3874403,pmc_not_oa,2013,Biochemical and biophysical research communications,"Cytoplasmic localization of Hug1p, a negative regulator of the MEC1 pathway, coincides with the compartmentalization of Rnr2p-Rnr4p.","The evolutionarily conserved MEC1 checkpoint pathway mediates cell cycle arrest and induction of genes including the RNR (Ribonucleotide reductase) genes and HUG1 (Hydroxyurea, ultraviolet, and gamma radiation) in response to DNA damage and replication arrest. Rnr complex activity is in part controlled by cytoplasmic localization of the Rnr2p-Rnr4p subunits and inactivation of negative regulators Sml1p and Dif1p upon DNA damage and hydroxyurea (HU) treatment. We previously showed that a deletion of HUG1 rescues lethality of mec1Δ and suppresses dun1Δ strains. In this study, multiple approaches demonstrate the regulatory response of Hug1p to DNA damage and HU treatment and support its role as a negative effector of the MEC1 pathway. Consistent with our hypothesis, wild-type cells are sensitive to DNA damage and HU when HUG1 is overexpressed. A Hug1 polyclonal antiserum reveals that HUG1 encodes a protein in budding yeast and its MEC1-dependent expression is delayed compared to the rapid induction of Rnr3p in response to HU treatment. Cell biology and subcellular fractionation experiments show localization of Hug1p-GFP to the cytoplasm upon HU treatment. The cytoplasmic localization of Hug1p-GFP is dependent on MEC1 pathway genes and coincides with the cytoplasmic localization of Rnr2p-Rnr4p. Taken together, the genetic interactions, gene expression, and localization studies support a novel role for Hug1p as a negative regulator of the MEC1 checkpoint response through its compartmentalization with Rnr2p-Rnr4p.",Saccharomyces cerevisiae,uv,,
23931117,10.1016/j.funbio.2013.05.004,,no_pmc,2013,Fungal biology,"Lethal effects of high-intensity violet 405-nm light on Saccharomyces cerevisiae, Candida albicans, and on dormant and germinating spores of Aspergillus niger.","This study assessed the effects of high-intensity violet light on selected yeast and mould fungi. Cell suspensions of Saccharomyces cerevisiae, Candida albicans, and dormant and germinating spores (conidia) of the mould Aspergillus niger were exposed to high-intensity narrow band violet light with peak output at 405 nm generated from a light-emitting diode (LED) array. All three fungal species were inactivated by the 405-nm light without a requirement for addition of exogenous photosensitiser chemicals. Of the fungal species tested, S. cerevisiae was most sensitive and dormant conidia of A. niger were most resistant to 405-nm light exposure. Five-log10 colony forming units per millilitre (CFU ml(-1)) reductions of the tested species required exposure doses of 288 J cm(-2) for S. cerevisiae, 576 J cm(-2) for C. albicans, and a much higher value of 2.3 kJ cm(-2) for dormant conidia of A. niger. During germination, A. niger conidia became more sensitive to 405-nm light exposure and sensitivity increased as germination progressed over an 8 h test period. Light exposure under aerobic and anaerobic conditions, together with results obtained using ascorbic acid as a scavenger of reactive oxygen species, revealed that 405-nm light inactivation in fungi involved an oxygen-dependent mechanism, as previously described in bacteria. The inactivation results achieved with yeast cells and fungal spores together with operational advantages associated with the use of a visible (nonultraviolet (UV)) light source highlight the potential of 405-nm light for fungal decontamination applications.",Saccharomyces cerevisiae,uv,,
23665192,10.1016/j.jbiotec.2013.05.003,,no_pmc,2013,Journal of biotechnology,Induction and construct UV protective yeast plasmid.,"In this study, we apply concepts of synthetic biology in combination with conventional methods to assemble different genetic components to construct yeast resistant to UV radiation, and to induce production of anti-UV proteins. This work combines sequences of different promoters, STRESS-proteins, heat shock protein (HSP), kinase proteins, alcohol dehydrogenase protein (ADH), ribosomal binding sites, fluorescent reporter proteins, terminators, and a synthetic ribosomal switch. The aim of this investigation was to induce an anti-UV proteins, and to construct an anti-UV yeast plasmid to be used for protection of skin cells against UV radiation. This investigation demonstrates induction and construction of anti-UV genes and production of their corresponding proteins. Cultures of Saccharomyces cerevisiae (ATCC # 66348) were exposed to short-wave UV radiation and were then subjected to time-PCR to assess specific gene expression. Proteins were identified using two dimensional difference gel electrophoresis (2D DIGE) and LC-MS/MS. Different up-regulated and down-regulated proteins were identified. Highly expressed identified proteins were cloned into S. cerevisiae using a synthetic biology approach. Extracts from UV-induced genetically transformed yeasts were used to protect skin cell cultures (ATCC #2522-CRL) in vitro. Both microscopic analysis and an apoptosis assay showed protection of the skin cell cultures against UV radiation.",Saccharomyces cerevisiae,uv,,
23543482,10.1177/2211068213480037,,no_pmc,2013,Journal of laboratory automation,Automated UV-C mutagenesis of Kluyveromyces marxianus NRRL Y-1109 and selection for microaerophilic growth and ethanol production at elevated temperature on biomass sugars.,"The yeast Kluyveromyces marxianus is a potential microbial catalyst for fuel ethanol production from a wide range of biomass substrates. To improve its growth and ethanol yield at elevated temperature under microaerophilic conditions, K. marxianus NRRL Y-1109 was irradiated with UV-C using automated protocols on a robotic platform for picking and spreading irradiated cultures and for processing the resulting plates. The plates were incubated under anaerobic conditions on xylose or glucose for 5 mo at 46 °C. Two K. marxianus mutant strains (designated 7-1 and 8-1) survived and were isolated from the glucose plates. Both mutant strains, but not wild type, grew aerobically on glucose at 47 °C. All strains grew anaerobically at 46 °C on glucose, galactose, galacturonic acid, and pectin; however, only 7-1 grew anaerobically on xylose at 46 °C. Saccharomyces cerevisiae NRRL Y-2403 did not grow at 46 °C on any of these substrates. With glucose as a carbon source, ethanol yield after 3 d at 46 °C was higher for 8-1 than for wild type (0.51 and 0.43 g ethanol/g glucose, respectively). With galacturonic acid as a carbon source, the ethanol yield after 7 d at 46 °C was higher for 7-1 than for wild type (0.48 and 0.34 g ethanol/g galacturonic acid, respectively). These mutant strains have potential application in fuel ethanol production at elevated temperature from sugar constituents of starch, sucrose, pectin, and cellulosic biomass.",Saccharomyces cerevisiae,uv,,
23510401,10.1021/am400220s,,no_pmc,2013,ACS applied materials & interfaces,Antimicrobial activity of cationic conjugated polyelectrolytes and oligomers against Saccharomyces cerevisiae vegetative cells and ascospores.,"The antifungal activities of poly(phenylene ethynylene) (PPE)-based cationic conjugated polyelectrolytes (CPEs) and oligo-phenylene ethynylenes (OPEs) were investigated using Saccharomyces cerevisiae (S. cerevisiae) as a model pathogen. The effect of the CPE and OPE materials on the vegetative cells and ascospores were tested in the dark or with UV-irradiation. A number of the tested polymers and oligomers significantly reduced the viability of the vegetative yeast cells in the dark, with activities exceeding the commonly used antibiotic Amphotericin B. With UV-irradiation, all of the tested CPEs and OPEs exhibited potent antifungal activities and completely inactivated the yeast cells. In particular, the oligomeric EO-OPE-1(Th, C2) strongly inactivates ascospores with UV-light at a dose level lower than sporicidal agents reported in the literature. Under conditions that promote spore germination, the CPEs and OPEs show efficient activities against the germinated spores. The protein-enriched outer envelope of yeast cells and germinated ascospores appears to serve as a main target for the CPE and OPE antimicrobial materials.",Saccharomyces cerevisiae,uv,,
25674412,10.1186/2193-1801-2-583,PMC4320205,oa,2013,SpringerPlus,Improvement of ethanol production by ethanol-tolerant Saccharomyces cerevisiae UVNR56.,"Ethanol tolerance is one of the important characteristics of ethanol-producing yeast. This study focused on the improvement of ethanol tolerance of Saccharomyces cerevisiae NR1 for enhancing ethanol production by random UV-C mutagenesis. One ethanol-tolerant mutant, UVNR56, displayed a significantly improved ethanol tolerance in the presence of 15% (v/v) ethanol and showed a considerably higher viability during ethanol fermentation from sugarcane molasses and sugarcane molasses with initial ethanol supplementation. A maximum ethanol concentration produced from molasses medium at 37°C by UVNR56 was 10.3% (v/v), productivity of 1.7 g/l/h and a theoretical yield of 98.7%, while the corresponding values for the wild-type were 8.6% (v/v), 1.4 g/l/h and 83.3%, respectively. In addition, during molasses fermentation under initial supplementation of 5% (v/v) ethanol, the maximum ethanol concentration and productivity of UVNR56 was 25.7% and 42.9% higher than the wild-type, respectively.",Saccharomyces cerevisiae,uv,,
23239186,10.1007/s00792-012-0506-4,,no_pmc,2013,Extremophiles : life under extreme conditions,Deinococcus radiodurans YgjD and YeaZ are involved in the repair of DNA cross-links.,"Orthologs of Escherichia coli ygjD and yeaZ genes are highly conserved in various organisms. The genome of the radioresistant bacterium Deinococcus radiodurans possesses single orthologs of ygjD (DR_0382) and yeaZ (DR_0756). Complete loss of either one or both genes did not result in any significant changes in cell growth efficiency, indicating that both genes are not essential for cell viability in D. radiodurans, unlike the case with other species such as E. coli, Bacillus subtilis and Saccharomyces cerevisiae. Survival rates following DNA damage induced by hydrogen peroxide (H(2)O(2)), N-methyl-N'-nitro-N-nitrosoguanidine (MNNG), ultra violet (UV) radiation, γ-rays, cisplatin and mitomycin C (MMC) were compared among the wild-type strain and D. radiodurans ygjD/yeaZ null mutants. Cell viability of the null mutants did not decrease following exposure to H(2)O(2) or MNNG. In addition, the reduction in cell viability following exposure to γ-rays, UV radiation or cisplatin was marginal in the null mutants compared to the wild-type strain. Interestingly, the null mutants exhibited high sensitivity to MMC, which mainly causes interstrand DNA cross-links. The sensitivity of the null mutants to MMC was restored to that of the wild type by transformation with plasmids expressing these genes. These results suggest that D. radiodurans ygjD and yeaZ genes are involved in DNA repair and play a role in the repair of DNA cross-links.",Saccharomyces cerevisiae,uv,,
22433435,10.1016/j.mad.2012.03.009,PMC3351557,pmc_not_oa,2012,Mechanisms of ageing and development,Yap1: a DNA damage responder in Saccharomyces cerevisiae.,"Activation of signaling pathways in response to genotoxic stress is crucial for cells to properly repair DNA damage. In response to DNA damage, intracellular levels of reactive oxygen species increase. One important function of such a response could be to initiate signal transduction processes. We have employed the model eukaryote Saccharomyces cerevisiae to delineate DNA damage sensing mechanisms. We report a novel, unanticipated role for the transcription factor Yap1 as a DNA damage responder, providing direct evidence that reactive oxygen species are an important component of the DNA damage signaling process. Our findings reveal an epistatic link between Yap1 and the DNA base excision repair pathway. Corruption of the Yap1-mediated DNA damage response influences cell survival and genomic stability in response to exposure to genotoxic agents.",Saccharomyces cerevisiae,uv,,
22367945,10.1007/s12275-012-1597-4,,no_pmc,2012,"Journal of microbiology (Seoul, Korea)",Saccharomyces cerevisiae Cmr1 protein preferentially binds to UV-damaged DNA in vitro.,"DNA metabolic processes such as DNA replication, recombination, and repair are fundamentally important for the maintenance of genome integrity and cell viability. Although a large number of proteins involved in these pathways have been extensively studied, many proteins still remain to be identified. In this study, we isolated DNA-binding proteins from Saccharomyces cerevisiae using DNA-cellulose columns. By analyzing the proteins using mass spectrometry, an uncharacterized protein, Cmr1/YDL156W, was identified. Cmr1 showed sequence homology to human Damaged-DNA binding protein 2 in its C-terminal WD40 repeats. Consistent with this finding, the purified recombinant Cmr1 protein was found to be intrinsically associated with DNA-binding activity and exhibited higher affinity to UV-damaged DNA substrates. Chromatin isolation experiments revealed that Cmr1 localized in both the chromatin and supernatant fractions, and the level of Cmr1 in the chromatin fraction increased when yeast cells were irradiated with UV. These results suggest that Cmr1 may be involved in DNA-damage responses in yeast.",Saccharomyces cerevisiae,uv,,
22347580,,PMC3279802,oa,2011,Iranian journal of microbiology,Pulsed UV laser light on Escherichia coli and Saccharomyces cerevisiae suspended in non-alcoholic beer.,"The aim of this study was to investigate the effect of pulsed ultra-violet (UV) irradiation on inactivation of beer spoilage microorganisms. UV irradiation is nowadays cost effective enough to compete with traditional biological, physical, and chemical treatment technologies and has become an alternative to such methods. Photoinactivation effects of pulsed UV laser with the wavelengths of 355 and 266 nm, which inactivate typical prokaryotic (Escherichia coli) and eukaryotic (Saccharomyces cerevisiae) microorganisms, were examined with different doses and exposure times. A dose of 100 J/cm(2) of the 355 nm pulsed UV laser was able to reduce about 1 to 2 log (88.75%) of E.coli with the population of 1.6×10(8) colony-forming units (CFU/ml), and 97% of 3.2×10(7), 3×10(6), 5.5×10(5), and 9×10(4) CFU/ml. In the case of 266 nm, more than 99% reduction in E. coli serial dilutions was inactivated, using 10 J/cm(2) with exception of 7×10(4) CFU/ml which was not detected any bacterial growth using 5 J/cm2. In addition, 50, 40, and 20 J/cm(2) energy were used successfully to inactivate S. cerevisiae at the populations of 5.4×10(6), 7×10(5), 5×10(4) and 4×10(3) CFU/ml, respectively. As a result, pulsed UV Laser with 266 nm was strong enough to inactivate a high titer of bacterial and yeast indicator standards suspended in non-alcoholic beer in comparison with 355nm doses. Results indicate that pulsed UV technology, in principle, is an attractive alternative to conventional methods for the inactivation of indicator microorganisms and has potential in irradiation of unpasteurized beer.",Saccharomyces cerevisiae,uv,,
22296825,10.1186/1747-1028-7-1,PMC3298782,oa,2012,Cell division,The yeast mitogen-activated protein kinase Slt2 is involved in the cellular response to genotoxic stress.,"The maintenance of genomic integrity is essential for cell viability. Complex signalling pathways (DNA integrity checkpoints) mediate the response to genotoxic stresses. Identifying new functions involved in the cellular response to DNA-damage is crucial. The Saccharomyces cerevisiae SLT2 gene encodes a member of the mitogen-activated protein kinase (MAPK) cascade whose main function is the maintenance of the cell wall integrity. However, different observations suggest that SLT2 may also have a role related to DNA metabolism. This work consisted in a comprehensive study to connect the Slt2 protein to genome integrity maintenance in response to genotoxic stresses. The slt2 mutant strain was hypersensitive to a variety of genotoxic treatments, including incubation with hydroxyurea (HU), methylmetanosulfonate (MMS), phleomycin or UV irradiation. Furthermore, Slt2 was activated by all these treatments, which suggests that Slt2 plays a central role in the cellular response to genotoxic stresses. Activation of Slt2 was not dependent on the DNA integrity checkpoint. For MMS and UV, Slt2 activation required progression through the cell cycle. In contrast, HU also activated Slt2 in nocodazol-arrested cells, which suggests that Slt2 may respond to dNTP pools alterations. However, neither the protein level of the distinct ribonucleotide reductase subunits nor the dNTP pools were affected in a slt2 mutant strain. An analysis of the checkpoint function revealed that Slt2 was not required for either cell cycle arrest or the activation of the Rad53 checkpoint kinase in response to DNA damage. However, slt2 mutant cells showed an elongated bud and partially impaired Swe1 degradation after replicative stress, indicating that Slt2 could contribute, in parallel with Rad53, to bud morphogenesis control after genotoxic stresses. Slt2 is activated by several genotoxic treatments and is required to properly cope with DNA damage. Slt2 function is important for bud morphogenesis and optimal Swe1 degradation under replicative stress. The MAPK Slt2 appears as a new player in the cellular response to genotoxic stresses.",Saccharomyces cerevisiae,uv,,
22267500,10.1534/genetics.111.137927,PMC3316642,oa,2012,Genetics,High-resolution genome-wide analysis of irradiated (UV and γ-rays) diploid yeast cells reveals a high frequency of genomic loss of heterozygosity (LOH) events.,"In diploid eukaryotes, repair of double-stranded DNA breaks by homologous recombination often leads to loss of heterozygosity (LOH). Most previous studies of mitotic recombination in Saccharomyces cerevisiae have focused on a single chromosome or a single region of one chromosome at which LOH events can be selected. In this study, we used two techniques (single-nucleotide polymorphism microarrays and high-throughput DNA sequencing) to examine genome-wide LOH in a diploid yeast strain at a resolution averaging 1 kb. We examined both selected LOH events on chromosome V and unselected events throughout the genome in untreated cells and in cells treated with either γ-radiation or ultraviolet (UV) radiation. Our analysis shows the following: (1) spontaneous and damage-induced mitotic gene conversion tracts are more than three times larger than meiotic conversion tracts, and conversion tracts associated with crossovers are usually longer and more complex than those unassociated with crossovers; (2) most of the crossovers and conversions reflect the repair of two sister chromatids broken at the same position; and (3) both UV and γ-radiation efficiently induce LOH at doses of radiation that cause no significant loss of viability. Using high-throughput DNA sequencing, we also detected new mutations induced by γ-rays and UV. To our knowledge, our study represents the first high-resolution genome-wide analysis of DNA damage-induced LOH events performed in any eukaryote.",Saccharomyces cerevisiae,uv,,
22081326,10.1007/s12010-011-9436-3,,no_pmc,2012,Applied biochemistry and biotechnology,Development of Saccharomyces cerevisiae producing higher levels of sulfur dioxide and glutathione to improve beer flavor stability.,"Sulfur compounds, such as sulfite (SO(2)), hydrogen sulfide (H(2)S), and glutathione (GSH), play different roles in beer flavor stability. SO(2) and GSH have antiaging effects which are helpful to improve the flavor stability of beer, whereas H(2)S is undesirable to beer flavor because of its unpleasant aroma. Here, we report the development of Saccharomyces cerevisiae which produces higher levels of SO(2) and GSH but lower level of H(2)S to improve beer flavor stability by nongenetic engineering approaches. After two rounds of UV mutagenesis coupled with specific plate screening methods, one promising mutant named MV16 was obtained. Compared with the original strain, the SO(2) and GSH production of MV16 in fermenting liquor increased by 31% and 30.2%, respectively, while H(2)S content decreased by 74.9%, and the DPPH radical clearance and the resistance staling value of beer fermented by MV16 increased by 24.6% and 33.0%, respectively. The antioxidizability of the mutant was improved significantly. The strategy adopted in our study could be used to obtain S. cerevisiae of improved antiaging properties, and the mutant would be safe for public use.",Saccharomyces cerevisiae,uv,,
21968059,10.1016/j.dnarep.2011.09.013,PMC3220943,pmc_not_oa,2011,DNA repair,A role for SUMO in nucleotide excision repair.,"The two Siz/PIAS SUMO E3 ligases Siz1 and Siz2 are responsible for the vast majority of sumoylation in Saccharomyces cerevisiae. We found that siz1Δ siz2Δ mutants are sensitive to ultra-violet (UV) light. Epistasis analysis showed that the SIZ genes act in the nucleotide excision repair (NER) pathway, and suggested that they participate both in global genome repair (GGR) and in the Rpb9-dependent subpathway of transcription-coupled repair (TCR), but have minimal role in Rad26-dependent TCR. Quantitative analysis of NER at the single-nucleotide level showed that siz1Δ siz2Δ is deficient in repair of both the transcribed and non-transcribed strands of the DNA. These experiments confirmed that the SIZ genes participate in GGR. Their role in TCR remains unclear. It has been reported previously that mutants deficient for the SUMO conjugating enzyme Ubc9 contain reduced levels of Rad4, the yeast homolog of human XPC. However, our experiments do not support the conclusion that SUMO conjugation affects Rad4 levels. We found that several factors that participate in NER are sumoylated, including Rad4, Rad16, Rad7, Rad1, Rad10, Ssl2, Rad3, and Rpb4. Although Rad16 was heavily sumoylated, elimination of the major SUMO attachment sites in Rad16 had no detectable effect on UV resistance or removal of DNA lesions. SUMO attachment to most of these NER factors was significantly increased by DNA damage. Furthermore, SUMO-modified Rad4 accumulated in NER mutants that block the pathway downstream of Rad4, suggesting that SUMO becomes attached to Rad4 at a specific point during its functional cycle. Collectively, these results suggest that SIZ-dependent sumoylation may modulate the activity of multiple proteins to promote efficient NER.",Saccharomyces cerevisiae,uv,,
21931560,10.1371/journal.pgen.1002262,PMC3169526,oa,2011,PLoS genetics,"PCNA ubiquitination is important, but not essential for translesion DNA synthesis in mammalian cells.","Translesion DNA synthesis (TLS) is a DNA damage tolerance mechanism in which specialized low-fidelity DNA polymerases bypass replication-blocking lesions, and it is usually associated with mutagenesis. In Saccharomyces cerevisiae a key event in TLS is the monoubiquitination of PCNA, which enables recruitment of the specialized polymerases to the damaged site through their ubiquitin-binding domain. In mammals, however, there is a debate on the requirement for ubiquitinated PCNA (PCNA-Ub) in TLS. We show that UV-induced Rpa foci, indicative of single-stranded DNA (ssDNA) regions caused by UV, accumulate faster and disappear more slowly in Pcna(K164R/K164R) cells, which are resistant to PCNA ubiquitination, compared to Pcna(+/+) cells, consistent with a TLS defect. Direct analysis of TLS in these cells, using gapped plasmids with site-specific lesions, showed that TLS is strongly reduced across UV lesions and the cisplatin-induced intrastrand GG crosslink. A similar effect was obtained in cells lacking Rad18, the E3 ubiquitin ligase which monoubiquitinates PCNA. Consistently, cells lacking Usp1, the enzyme that de-ubiquitinates PCNA exhibited increased TLS across a UV lesion and the cisplatin adduct. In contrast, cells lacking the Rad5-homologs Shprh and Hltf, which polyubiquitinate PCNA, exhibited normal TLS. Knocking down the expression of the TLS genes Rev3L, PolH, or Rev1 in Pcna(K164R/K164R) mouse embryo fibroblasts caused each an increased sensitivity to UV radiation, indicating the existence of TLS pathways that are independent of PCNA-Ub. Taken together these results indicate that PCNA-Ub is required for maximal TLS. However, TLS polymerases can be recruited to damaged DNA also in the absence of PCNA-Ub, and perform TLS, albeit at a significantly lower efficiency and altered mutagenic specificity.",Saccharomyces cerevisiae,uv,,
21802974,10.1016/j.ultsonch.2011.06.003,,no_pmc,2012,Ultrasonics sonochemistry,Microbial inactivation in cloudy apple juice by multi-frequency Dynashock power ultrasound.,"The study determined the efficacy of Dynashock wave power ultrasound as an alternative processing technique for apple juice against a number of pathogenic and spoilage microorganisms. The effects of several implicit, intrinsic and extrinsic properties on the Dynashock wave inactivation of the microorganisms were also investigated. Results showed that acid adaptation increased the resistance of Escherichia coli O157:H7 and Salmonella spp. but decreased that of Listeria monocytogenes. Spoilage yeast mixed inoculum composed of Debaryomyces hansenii, Torulaspora delbrueckii, Clavispora lusitaniae, Pichia fermentans and Saccharomyces cerevisiae was found to be more resistant than any of the adapted or non-adapted pathogens. Among the individual, acid-adapted E. coli O157:H7, the MN-28 isolate was found most resistant; while three other individual isolates had greater resistance than the composited E. coli inoculum. Increased in pulp content decreased the efficacy of Dynashock waves, but co-treatment with ultraviolet-C rays significantly enhanced inactivation in the cloudy apple juice. The results demonstrated the potential of Dynashock wave technology, together with other antimicrobial hurdles as alternative juice processing technique/s.",Saccharomyces cerevisiae,uv,,
21786666,,,no_pmc,2011,Genetika,[Gene RAD31 is identical to gene MEC1 of yeast Saccharomyces cerevisiae].,"The earlier identified gene RAD31 was mapped on the right arm of chromosome II in the region of gene MEC1 localization. Epistatic analysis demonstrated that the rad31 mutation is an allele of the MEC1 gene, which allows further designation of the rad31 mutation as mec1-212. Mutation mec1-212, similar to deletion alleles of this gene, causes sensitivity to hydroxyurea, disturbs the check-point function, and suppresses UV-induced mutagenesis. However, this mutation significantly increases the frequency of spontaneous canavanine-resistance mutations induced by disturbances in correcting errors of DNA replication and repair, which distinguishes it from all identified alleles of gene MEC1.",Saccharomyces cerevisiae,uv,,
21748309,10.1007/s10295-011-1012-x,PMC3249541,oa,2012,Journal of industrial microbiology & biotechnology,Random UV-C mutagenesis of Scheffersomyces (formerly Pichia) stipitis NRRL Y-7124 to improve anaerobic growth on lignocellulosic sugars.,"Scheffersomyces (formerly Pichia) stipitis NRRL Y-7124 was mutagenized using UV-C irradiation to produce yeast strains for anaerobic conversion of lignocellulosic sugars to ethanol. UV-C irradiation potentially produces large numbers of random mutations broadly and uniformly over the whole genome to generate unique strains. Wild-type cultures of S. stipitis NRRL Y-7124 were subjected to UV-C (234 nm) irradiation targeted at approximately 40% cell survival. When surviving cells were selected in sufficient numbers via automated plating strategies and cultured anaerobically on xylose medium for 5 months at 28°C, five novel mutagenized S. stipitis strains were obtained. Variable number tandem repeat analysis revealed that mutations had occurred in the genome, which may have produced genes that allowed the anaerobic utilization of xylose. The mutagenized strains were capable of growing anaerobically on xylose/glucose substrate with higher ethanol production during 250- to 500-h growth than a Saccharomyces cerevisiae yeast strain that is the standard for industrial fuel ethanol production. The S. stipitis strains resulting from this intense multigene mutagenesis strategy have potential application in industrial fuel ethanol production from lignocellulosic hydrolysates.",Saccharomyces cerevisiae,uv,,
21568839,10.1134/s000629791101007x,PMC3174683,pmc_not_oa,2011,Biochemistry. Biokhimiia,Participation of translesion synthesis DNA polymerases in the maintenance of chromosome integrity in yeast Saccharomyces cerevisiae.,"We employed a genetic assay based on illegitimate hybridization of heterothallic Saccharomyces cerevisiae strains (the α-test) to analyze the consequences for genome stability of inactivating translesion synthesis (TLS) DNA polymerases. The α-test is the only assay that measures the frequency of different types of mutational changes (point mutations, recombination, chromosome or chromosome arm loss) and temporary changes in genetic material simultaneously. All these events are manifested as illegitimate hybridization and can be distinguished by genetic analysis of the hybrids and cytoductants. We studied the effect of Polζ, Polη, and Rev1 deficiency on the genome stability in the absence of genotoxic treatment and in UV-irradiated cells. We show that, in spite of the increased percent of accurately repaired primary lesions, chromosome fragility, rearrangements, and loss occur in the absence of Polζ and Polη. Our findings contribute to further refinement of the current models of translesion synthesis and the organization of eukaryotic replication fork.",Saccharomyces cerevisiae,uv,,
21535506,10.1111/j.1750-3841.2010.01789.x,,no_pmc,2010,Journal of food science,Isolation and characterization of barosensitive mutants of Saccharomyces cerevisiae obtained by UV mutagenesis.,"Using UV mutagenesis, 2 high-pressure (HP) sensitive (barosensitive) mutants of Saccharomyces cerevisiae were obtained. The HP inactivation of the mutants, as well as their parent strains, followed 1st-order kinetics in the range of 175 to 250 MPa within 600 s. Both mutants showed larger 1st-order inactivation rate constant values or significant loss of viabilities, compared with their parent strains in the pressure range tested. The inactivation rate constant value of one of the mutants was comparable with that of a previously reported highly barosensitive strain, which was generated by deletion of hsp104 in a trehalose deficient strain. The activation volume values of HP inactivation reactions in the 2 mutants were apparently equivalent with those of their parent strains. This suggested that the mutation did not bring drastic volume changes of the key molecules for HP inactivation. Their auxotrophic properties, growth, and ethanol fermentation were identical in mutant and parent strains. The mutants could therefore be useful for fermentations where control by HP processing is desired.",Saccharomyces cerevisiae,uv,,
21205635,10.1093/toxsci/kfq391,,no_pmc,2011,Toxicological sciences : an official journal of the Society of Toxicology,Inactivation of YAP1 enhances sensitivity of the yeast RNR3-lacZ genotoxicity testing system to a broad range of DNA-damaging agents.,"Despite the great advances by using microorganism-based genotoxicity testing systems to assess environmental genotoxic compounds, most of them respond poorly, particularly to oxidative agents. In this study, we systematically examined the RNR3-lacZ reporter gene expression in Saccharomyces cerevisiae mutant strains defective in the protection against reactive oxygen species and found that only YAP1 deletion resulted in a significant enhancement in the detection of oxidative damage. To our surprise, YAP1 deletion also caused an increased cellular sensitivity to a variety of DNA damage. This altered sensitivity appears to be independent of oxidative damage because under conditions in which vitamin C treatment rescued oxidative damage, it failed to reverse the phenotypes caused by other types of DNA damage. Furthermore, although inactivation of cell permeability genes enhanced the RNR3-lacZ detection sensitivity particularly to large molecular weight compounds, their effects on small molecular oxidative agents are minimal. Taken together, this study helps to create a hypersensitive genotoxicity testing system to a broad range of DNA-damaging agents by deleting a single yeast gene.",Saccharomyces cerevisiae,uv,,
20980236,10.1534/genetics.110.124172,PMC3018306,pmc_not_oa,2011,Genetics,The DNA polymerase activity of Saccharomyces cerevisiae Rev1 is biologically significant.,"A cell's ability to tolerate DNA damage is directly connected to the human development of diseases and cancer. To better understand the processes underlying mutagenesis, we studied the cell's reliance on the potentially error-prone translesion synthesis (TLS), and an error-free, template-switching pathway in Saccharomyces cerevisiae. The primary proteins mediating S. cerevisiae TLS are three DNA polymerases (Pols): Rev1, Pol ζ (Rev3/7), and Pol η (Rad30), all with human homologs. Rev1's noncatalytic role in recruiting other DNA polymerases is known to be important for TLS. However, the biological significance of Rev1's unusual conserved DNA polymerase activity, which inserts dC, is much less well understood. Here, we demonstrate that inactivating Rev1's DNA polymerase function sensitizes cells to both chronic and acute exposure to 4-nitroquinoline-1-oxide (4-NQO) but not to UV or cisplatin. Full Rev1-dependent resistance to 4-NQO, however, also requires the additional Rev1 functions. When error-free tolerance is disrupted through deletion of MMS2, Rev1's catalytic activity is more vital for 4-NQO resistance, possibly explaining why the biological significance of Rev1's catalytic activity has been elusive. In the presence or absence of Mms2-dependent error-free tolerance, the catalytic dead strain of Rev1 exhibits a lower 4-NQO-induced mutation frequency than wild type. Furthermore, Pol ζ, but not Pol η, also contributes to 4-NQO resistance. These results show that Rev1's catalytic activity is important in vivo when the cell has to cope with specific DNA lesions, such as N(2)-dG.",Saccharomyces cerevisiae,uv,,
20819369,10.4315/0362-028x-73.8.1537,,no_pmc,2010,Journal of food protection,Inactivation effects of UV irradiation and ozone treatment on the yeast and the mold in mineral water.,"In recent years, bottled mineral water has undergone inactivation by methods other than the traditional heat treatment during the production process; there are fewer reports of the effectiveness of these inactivation methods on yeasts and molds in mineral water than on bacteria and protozoan oocysts. In this study, we evaluated the effects of UV irradiation and ozone treatment compared with heat treatment at 85 degrees C on yeast cells and mold spores inoculated into mineral water. A 5-log reduction occurred at a UV radiation dose of 31,433 microJ/cm2 for Saccharomyces cerevisiae and at 588,285 microJ/cm2 for Penicillium pinophilum. The treatment time for 5-log reduction estimated for UV irradiation was about 0.6 min for S. cerevisiae and about 10.7 min for P. pinophilum; at an ozone concentration of 0.1 ppm, it was 1.75 min for S. cerevisiae and 2.70 min for P. pinophilum, and at a concentration of 0.6 ppm, it was 0.32 min for S. cerevisiae and 0.57 min for P. pinophilum. Comparison of the inactivation effects among the three methods showed that UV irradiation and ozone treatment were less effective than heat treatment at 85 degrees C. Thus, when UV irradiation and ozone treatment are used for inactivation of mineral water, it seems that they need to be combined with heat treatment to achieve a definite effect. Yeast cells are more sensitive to all three inactivation methods than are mold spores, and the sensitivity of yeast cells and mold spores to these inactivation methods may vary among genera.",Saccharomyces cerevisiae,uv,,
20734765,,,no_pmc,2010,Genetika,[IXR1 and HMO1 genes jointly control the level of spontaneous mutagenesis in yeast Saccharomyces cerevisiae].,"The yeast genes IXR1 and HMO1 encode proteins belonging to the family of chromatin nonhistone proteins, which are able to recognize and bind to irregular DNA structures. The full deletion of gene IXR1 leads to an increase in cell resistance to the lethal action of UV light, gamma-rays, and MMS, increases spontaneous mutagenesis and significantlly decreases the level of UV-induced mutations. It was earlier demonstrated in our works that the hmo 1 mutation renders cells sensitive to the lethal action of cisplatin and virtually does not affect the sensitivity to UV light. Characteristically, the rates of spontaneous and UV-induced mutagenesis in the mutant are increased. Epistatic analysis of the double mutation hmo 1 ixr1 demonstrated that the interaction of these genes in relation to the lethal effect of cisplatin and UV light, as well as UV-induced mutagenesis, is additive. This suggests that the products of genes HMO1 and IXR1 participate in different repair pathways. The ixr1 mutation significantly increases the rate of spontaneous mutagenesis mediated by replication errors, whereas mutation hmo 1 increases the rate of repair mutagenesis. In wild-type cells, the level of spontaneous mutagenesis was nearly one order of magnitude lower than that obtained in cells of the double mutant. Consequently, the combined activity of the Hmo 1 and the Ixr1 proteins provides efficient correction of both repair and replication errors.",Saccharomyces cerevisiae,uv,,
20696178,10.1016/j.mrfmmm.2010.07.011,,no_pmc,2010,Mutation research,Photosensitization induced by the antibacterial fluoroquinolone Rufloxacin leads to mutagenesis in yeast.,"Rufloxacin (RFX) is an antibacterial fluoroquinolone that exhibits UVA photosensitization properties. Photosensitization reactions lead to the formation of oxidative damage, mainly via singlet oxygen. Here we explore the phototoxic and photomutagenic potency of RFX using a panel of yeast (Saccharomyces cerevisiae) mutants affected in different DNA repair pathways. Yeast mutants provide a sensitive tool to identify the photodamage and the DNA repair pathways that cope with it. Cell viability test at increasing dose of UVA shows that both the DNA repair deficient and wild type cells are equally sensitive to RFX-induced photosensitization, demonstrating that phototoxic effect is not due to DNA injury. Photomutagenicity of RFX is evaluated by measuring the frequency of forward Can(R) mutations. The mutation induction is low in wild type cells. A high increase in mutation frequency is observed in strains affected in Ogg1 gene, compared to wild type and other base excision repair deficient strains. The mutation spectrum photomediated by RFX in wild type cells reveals a bias in favour of GC>TA transversions, whereas transition and frameshift mutations are less represented. Altogether data demonstrates that 8-oxo-7,8-dihydroguanine (8-oxoGua) is by far the major DNA damage produced by RFX photosensitization, leading to mutagenesis. We also explore the role played by DNA mismatch repair, translesion synthesis and post-replication repair in the prevention of mutagenic effects due to RFX exposure. In addition, we show that most of RFX photodegradation products are not mutagenic. This study defines the phototoxic and photomutagenic properties of antibacterial RFX and point out possible unwanted side effects in skin under sunlight.",Saccharomyces cerevisiae,uv,,
20670362,10.1111/j.1751-1097.2010.00774.x,,no_pmc,2010,Photochemistry and photobiology,Inactivation of food-borne spoilage and pathogenic micro-organisms on the surface of a photoactive polymer.,"The photodynamic action of a novel photoactive polymer comprising covalently bound anthraquinone (AQ) moieties was evaluated after developing a methodology to reliably immobilize viable micro-organisms onto polymer film surfaces. The survival of Escherichia coli, Bacillus cereus (vegetative cells and spores), Fusarium oxysporum and Saccharomyces cerevisiae microbes inoculated on the surface of inert polymeric substrates was assessed to determine the effect of inoculum composition, drying rate and exposure to ultraviolet (UV-A) radiation. Their survival was highly dependent on microbial genus, with E. coli consistently displaying markedly shorter survival times than the other microbes, and B. cereus spores being the most resistant. Inoculation of the microbes onto the surface of the photoactive polymer films, followed by exposure to UV-A radiation, dramatically accelerated the inactivation of all microbial types studied compared with their survival on the surface of inert polymer substrates. Simultaneous exposure to both oxygen and UV-A radiation is required to affect cell survival, which is consistent with this effect most likely originating from the photoinduced production of singlet oxygen by the photoactive polymer. These results provide further compelling evidence that singlet oxygen produced exogenously by this photoactive polymeric substrate can successfully inactivate a broad spectrum of microbes on the substrate's surface.",Saccharomyces cerevisiae,uv,,
20652356,10.1007/s10295-010-0784-8,,no_pmc,2011,Journal of industrial microbiology & biotechnology,Drug resistance marker-aided genome shuffling to improve acetic acid tolerance in Saccharomyces cerevisiae.,"Acetic acid existing in a culture medium is one of the most limiting constraints in yeast growth and viability during ethanol fermentation. To improve acetic acid tolerance in Saccharomyces cerevisiae strains, a drug resistance marker-aided genome shuffling approach with higher screen efficiency of shuffled mutants was developed in this work. Through two rounds of genome shuffling of ultraviolet mutants derived from the original strain 308, we obtained a shuffled strain YZ2, which shows significantly faster growth and higher cell viability under acetic acid stress. Ethanol production of YZ2 (within 60 h) was 21.6% higher than that of 308 when 0.5% (v/v) acetic acid was added to fermentation medium. Membrane integrity, higher in vivo activity of the H+-ATPase, and lower oxidative damage after acetic acid treatment are the possible reasons for the acetic acid-tolerance phenotype of YZ2. These results indicated that this novel genome shuffling approach is powerful to rapidly improve the complex traits of industrial yeast strains.",Saccharomyces cerevisiae,uv,,
20606697,10.1038/ja.2010.80,,no_pmc,2010,The Journal of antibiotics,"A newly identified derivative of amphotericin B: isolation, structure determination and primary evaluation of the activity and toxicity.","A new derivative of amphotericin B named amphotericin B(5) has been obtained under the following condition: amphotericin B powder was first dissolved in N,N-dimethylformamide at room temperature to obtain a solution of concentration of 2.0 mg ml(-1). Then, the solution was kept at 60 °C in an electric-heated thermostatic water bath for 48-60 h for the purpose of accelerating the degradation. Amphotericin B(5) was isolated by preparative HPLC. Its structure has been identified by means of UV, NMR and LCMS-IT-TOF as (1R, 3S, 5R, 6R, 9R, 11R, 15S, 16R, 17R, 18S, 19E, 21E, 23E, 25E, 27E, 29E, 31E, 33R, 35S, 36R, 37S)-33-[3-form-amide-3,6-dideoxy-β--mannopy-ran-osyl)oxy]-1,3,5,6,9,11,17,37-octahydroxy-15,16,18-trimethyl-13-oxo-14,39-di-oxabicyclo [33.3.1] nonatriaconta-19,21,23,25,27,29,31-heptaene-36-carboxylic acid named according to the International Union of Pure and Applied Chemistry. The activity of amphotericin B(5) was tested against Saccharomyces cerevisiae based on microbiological potency using cylinder-plate method, and the toxicities of amphotericin B and amphotericin B(5) were determined simultaneously in zebrafish embryo. The results showed that the toxicity of amphotericin B(5), as revealed by its LD(50) value, was lower than amphotericin B.",Saccharomyces cerevisiae,uv,,
20598561,10.1016/j.jphotobiol.2010.06.003,,no_pmc,2010,"Journal of photochemistry and photobiology. B, Biology",Inactivation of microorganisms in apple juice using an ultraviolet silica-fiber optical device.,"Most juices are opaque to ultraviolet (UV) due to the high-suspended solids in them and therefore the conventional UV treatment, generally used for water treatment, cannot be used for treating juices. In order to achieve a high germicidal efficiency of UV processing, an optical device with silica optical fibers for UV light delivery was designed. Its suitability for application could be shown in experiments with Escherichia coli, Lactobacillus brevis, Saccharomyces cerevisiae and naturally contaminating microorganisms as test microorganisms. The thin-film thickness for treating apple juice was optimized. At 2.0-mm film thickness, E. coli and L. brevis were reduced by up to 6 log orders with the UV dose of 23.7 m J/cm(2) and the optical-fiber distribution density of 15 fibers/cm(2), while only about 4-log reduction of S. cerevisiae was achieved under the same condition. Naturally contaminating lactic acid bacteria, Enterobacteriaceae and yeasts and moulds in freshly extracted apple juice were reduced to below 10 CFU/ml. These results indicate that this optical device could be used to improve microbial safety and extend shelf-life of apple juice.",Saccharomyces cerevisiae,uv,,
20577207,10.1038/nature09104,PMC3030469,pmc_not_oa,2010,Nature,Structural basis for the suppression of skin cancers by DNA polymerase eta.,"DNA polymerase eta (Poleta) is unique among eukaryotic polymerases in its proficient ability for error-free replication through ultraviolet-induced cyclobutane pyrimidine dimers, and inactivation of Poleta (also known as POLH) in humans causes the variant form of xeroderma pigmentosum (XPV). We present the crystal structures of Saccharomyces cerevisiae Poleta (also known as RAD30) in ternary complex with a cis-syn thymine-thymine (T-T) dimer and with undamaged DNA. The structures reveal that the ability of Poleta to replicate efficiently through the ultraviolet-induced lesion derives from a simple and yet elegant mechanism, wherein the two Ts of the T-T dimer are accommodated in an active site cleft that is much more open than in other polymerases. We also show by structural, biochemical and genetic analysis that the two Ts are maintained in a stable configuration in the active site via interactions with Gln 55, Arg 73 and Met 74. Together, these features define the basis for Poleta's action on ultraviolet-damaged DNA that is crucial in suppressing the mutagenic and carcinogenic consequences of sun exposure, thereby reducing the incidence of skin cancers in humans.",Saccharomyces cerevisiae,uv,,
20429770,10.3109/13693781003767584,,no_pmc,2010,Medical mycology,Disruption of fungal cell wall by antifungal Echinacea extracts.,"In addition to widespread use in reducing the symptoms of colds and flu, Echinacea is traditionally employed to treat fungal and bacterial infections. However, to date the mechanism of antimicrobial activity of Echinacea extracts remains unclear. We utilized a set of &#x223C;4,600 viable gene deletion mutants of Saccharomyces cerevisiae to identify mutations that increase sensitivity to Echinacea. Thus, a set of chemical-genetic profiles for 16 different Echinacea treatments was generated, from which a consensus set of 23 Echinacea-sensitive mutants was identified. Of the 23 mutants, only 16 have a reported function. Ten of these 16 are involved in cell wall integrity/structure suggesting that a target for Echinacea is the fungal cell wall. Follow-up analyses revealed an increase in sonication-associated cell death in the yeasts S. cerevisiae and Cryptococcus neoformans after Echinacea extract treatments. Furthermore, fluorescence microscopy showed that Echinacea-treated S. cerevisiae was significantly more prone to cell wall damage than non-treated cells. This study further demonstrates the potential of gene deletion arrays to understand natural product antifungal mode of action and provides compelling evidence that the fungal cell wall is a target of Echinacea extracts and may thus explain the utility of this phytomedicine in treating mycoses.",Saccharomyces cerevisiae,uv,,
20391763,,,no_pmc,2010,Prikladnaia biokhimiia i mikrobiologiia,[Protective and reactivating effect of the protein exometabolite on yeast cells inactivated by the ultraviolet irradiation].,"It has been shown that Saccharomyces cerevisiae, Kluyveromyces lactis, and Candida utilis strains produce the protein exometabolites, which has a protective and reactivating effect on the ultraviolet irradiated yeast cells. The protective effect of the preliminary ultraviolet irradiated (activated) protein exometabolite of all strains increased 2-3 times, though its reactivating activity did not change. Yarrowia lipolytica yeast cells, isolated from the areas with the high daily irradiation, and Endomyces magnusii, the obligate fungi parasites, were characterized by the highest ultraviolet tolerance in comparison with the other strains. However, they did not produce the exometabolites with the antistress effect. Luteococcus casei reactivating factor demonstrated protective and reactivating cross-action in relation to the ultraviolet irradiated S. cerevisiae, K. lactis, and C. utilis cells and were inactive in relation to Y. lipolytica and E. magnusii. Using killer and nonkiller S. cerevisiae strain, it has been shown that the peptide exometabolite accumulation was not associated with toxin production.",Saccharomyces cerevisiae,uv,,
20348017,10.1016/j.mrgentox.2010.03.013,,no_pmc,2010,Mutation research,Differential participation of homologous recombination and nucleotide excision repair in yeast survival to ultraviolet light radiation.,"The purpose of this research was to assess the ultraviolet light (UV) phenotype of yeast sirDelta cells vs. WT cells, and to determine whether de-silenced chromatin or the intrinsic pseudoploidy of sirDelta mutants contributes to their response to UV. Additional aims were to study the participation of HR and NER in promoting UV survival during the cell cycle, and to define the extent of the co-participation for both repair pathways. The sensitivity of yeast Saccharomyces cerevisiae to UV light was determined using a method based on automatic measurements of optical densities of very small (100mul) liquid cell cultures. We show that pseudo-diploidy of sirDelta strains promotes resistance to UV irradiation and that HR is the main mechanism that is responsible for this phenotype. In addition, HR together with GG-NER renders cells in the G2-phase of the cell cycle more resistant to UV irradiation than cells in the G1-phase, which underscore the importance of HR when two copies of the chromosomes are present. Nevertheless, in asynchronously growing cells NER is the main repair pathway that responds to UV induced DNA damage. This study provides detailed and quantitative information on the co-participation of HR and NER in UV survival of yeast cells.",Saccharomyces cerevisiae,uv,,
20206282,10.1016/j.fgb.2010.02.007,PMC2852118,pmc_not_oa,2010,Fungal genetics and biology : FG & B,"Role of the homologous recombination genes RAD51 and RAD59 in the resistance of Candida albicans to UV light, radiomimetic and anti-tumor compounds and oxidizing agents.","We have cloned and characterized the RAD51 and RAD59 orthologs of the pathogenic fungus Candida albicans. CaRad51 exhibited more than 50% identity with several other eukaryotes and the conserved the catalytic domain of a bacterial RecA. As compared to the parental strain, null strains of rad51 exhibited a filamentous morphology, had a decreased grow rate and exhibited a moderate sensitivity to UV light, oxidizing agents, and compounds that cause double-strand breaks (DSB), indicating a role in DNA repair. By comparison, the rad52 null had a higher percentage of filaments, a more severe growth defect and a greater sensitivity to DNA-damaging compounds. Null strains of rad59 showed a UV-sensitive phenotype but behaved similarly to the parental strain in the rest of the assays. As compared to Saccharomyces cerevisiae, C. albicans was much more resistant to bleomycin and the same was true for their respective homologous recombination (HR) mutants. These results indicate that, as described in S. cerevisiae, RAD52 plays a more prominent role than RAD51 in the repair of DSBs in C. albicans and suggest the existence of at least two Rad52-dependent HR pathways, one dependent and one independent of Rad51.",Saccharomyces cerevisiae,uv,,
19910266,10.1016/j.dnarep.2009.10.007,,no_pmc,2010,DNA repair,A mutation-promotive role of nucleotide excision repair in cell cycle-arrested cell populations following UV irradiation.,"Growing attention is paid to the concept that mutations arising in stationary, non-proliferating cell populations considerably contribute to evolution, aging, and pathogenesis. If such mutations are beneficial to the affected cell, in the sense of allowing a restart of proliferation, they are called adaptive mutations. In order to identify cellular processes responsible for adaptive mutagenesis in eukaryotes, we study frameshift mutations occurring during auxotrophy-caused cell cycle arrest in the model organism Saccharomyces cerevisiae. Previous work has shown that an exposure of cells to UV irradiation during prolonged cell cycle arrest resulted in an increased incidence of mutations. In the present work, we determined the influence of defects in the nucleotide excision repair (NER) pathway on the incidence of UV-induced adaptive mutations in stationary cells. The mutation frequency was decreased in Rad16-deficient cells and further decreased in Rad16/Rad26 double-deficient cells. A knockout of the RAD14 gene, the ortholog of the human XPA gene, even resulted in a nearly complete abolishment of UV-induced mutagenesis in cell cycle-arrested cells. Thus, the NER pathway, responsible for a normally accurate repair of UV-induced DNA damage, paradoxically is required for the generation and/or fixation of UV-induced frameshift mutations specifically in non-replicating cells.",Saccharomyces cerevisiae,uv,,
19834566,10.1155/2009/312710,PMC2761004,oa,2009,Journal of biomedicine & biotechnology,The pol3-t hyperrecombination phenotype and DNA damage-induced recombination in Saccharomyces cerevisiae is RAD50 dependent.,"The DNA polymerase delta (POL3/CDC2) allele pol3-t of Saccharomyces cerevisiae has previously been shown to be sensitive to methylmethanesulfonate (MMS) and has been proposed to be involved in base excision repair. Our results, however, show that the pol3-t mutation is synergistic for MMS sensitivity with MAG1, a known base excision repair gene, but it is epistatic with rad50Delta, suggesting that POL3 may be involved not only in base excision repair but also in a RAD50 dependent function. We further studied the interaction of pol3-t with rad50Delta by examining their effect on spontaneous, MMS-, UV-, and ionizing radiation-induced intrachromosomal recombination. We found that rad50Delta completely abolishes the elevated spontaneous frequency of intrachromosomal recombination in the pol3-t mutant and significantly decreases UV- and MMS-induced recombination in both POL3 and pol3-t strains. Interestingly, rad50Delta had no effect on gamma-ray-induced recombination in both backgrounds between 0 and 50 Gy. Finally, the deletion of RAD50 had no effect on the elevated frequency of homologous integration conferred by the pol3-t mutation. RAD50 is possibly involved in resolution of replication forks that are stalled by mutagen-induced external DNA damage, or internal DNA damage produced by growing the pol3-t mutant at the restrictive temperature.",Saccharomyces cerevisiae,uv,,
19723888,10.1158/1535-7163.MCT-09-0218,,no_pmc,2009,Molecular cancer therapeutics,Inhibition of type I histone deacetylase increases resistance of checkpoint-deficient cells to genotoxic agents through mitotic delay.,"Histone deacetylase (HDAC) inhibitors potently inhibit tumor growth and are currently being evaluated for their efficacy as chemosensitizers and radiosensitizers. This efficacy is likely to be limited by the fact that HDAC inhibitors also induce cell cycle arrest. Deletion of the class I HDAC Rpd3 has been shown to specifically suppress the sensitivity of Saccharomyces cerevisiae DNA damage checkpoint mutants to UV and hydroxyurea. We show that in the fission yeast Schizosaccharomyces pombe, inhibition of the homologous class I HDAC specifically suppresses the DNA damage sensitivity of checkpoint mutants. Importantly, the prototype HDAC inhibitor Trichostatin A also suppressed the sensitivity of DNA damage checkpoint but not of DNA repair mutants to UV and HU. TSA suppressed DNA damage activity independently of the mitogen-activated protein kinase-dependent and spindle checkpoint pathways. We show that TSA delays progression into mitosis and propose that this is the main mechanism for suppression of the DNA damage sensitivity of S. pombe checkpoint mutants, partially compensating for the loss of the G(2) checkpoint pathway. Our studies also show that the ability of HDAC inhibitors to suppress DNA damage sensitivity is not species specific. Class I HDACs are the major target of HDAC inhibitors and cancer cells are often defective in checkpoint activation. Effective use of these agents as chemosensitizers and radiosensitizers may require specific treatment schedules that circumvent their inhibition of cell cycle progression.",Saccharomyces cerevisiae,uv,,
19625222,10.1016/j.dnarep.2009.06.007,PMC2748227,pmc_not_oa,2009,DNA repair,Cellular pathways for DNA repair and damage tolerance of formaldehyde-induced DNA-protein crosslinks.,"Although it is well established that DNA-protein crosslinks are formed as a consequence of cellular exposure to agents such as formaldehyde, transplatin, ionizing and ultraviolet radiation, the biochemical pathways that promote cellular survival via repair or tolerance of these lesions are poorly understood. To investigate the mechanisms that function to limit DNA-protein crosslink-induced cytotoxicity, the Saccharomyces cerevisiae non-essential gene deletion library was screened for increased sensitivity to formaldehyde exposure. Following low dose, chronic exposure, strains containing deletions in genes mediating homologous recombination showed the greatest sensitivity, while under the same exposure conditions, deletions in genes associated with nucleotide excision repair conferred only low to moderate sensitivities. However, when the exposure regime was changed to a high dose acute (short-term) formaldehyde treatment, the genes that conferred maximal survival switched to the nucleotide excision repair pathway, with little contribution of the homologous recombination genes. Data are presented which suggest that following acute formaldehyde exposure, repair and/or tolerance of DNA-protein crosslinks proceeds via formation of nucleotide excision repair-dependent single-strand break intermediates and without a detectable accumulation of double-strand breaks. These data clearly demonstrate a differential pathway response to chronic versus acute formaldehyde exposures and may have significance and implications for risk extrapolation in human exposure studies.",Saccharomyces cerevisiae,uv,,
19526052,10.1371/journal.pone.0005914,PMC2690839,oa,2009,PloS one,"Adaptive response to DNA-damaging agents in natural Saccharomyces cerevisiae populations from ""Evolution Canyon"", Mt. Carmel, Israel.","Natural populations of most organisms, especially unicellular microorganisms, are constantly exposed to harsh environmental factors which affect their growth. UV radiation is one of the most important physical parameters which influences yeast growth in nature. Here we used 46 natural strains of Saccharomyces cerevisiae isolated from several natural populations at the ""Evolution Canyon"" microsite (Nahal Oren, Mt. Carmel, Israel). The opposing slopes of this canyon share the same geology, soil, and macroclimate, but they differ in microclimatic conditions. The interslope differences in solar radiation (200%-800% more on the ""African"" slope) caused the development of two distinct biomes. The south-facing slope is sunnier and has xeric, savannoid ""African"" environment while the north-facing slope is represented by temperate, ""European"" forested environment. Here we studied the phenotypic response of the S. cerevisiae strains to UVA and UVC radiations and to methyl methanesulfonate (MMS) in order to evaluate the interslope effect on the strains' ability to withstand DNA-damaging agents. We exposed our strains to the different DNA-damaging agents and measured survival by counting colony forming units. The strains from the ""African"" slope were more resilient to both UVA and MMS than the strains from the ""European"" slope. In contrast, we found that there was almost no difference between strains (with similar ploidy) from the opposite slopes, in their sensitivity to UVC radiation. These results suggest that the ""African"" strains are more adapted to higher solar radiation than the ""European"" strains. We also found that the tetraploids strains were more tolerant to all DNA-damaging agents than their neighboring diploid strains, which suggest that high ploidy level might be a mechanism of adaptation to high solar radiation. Our results and the results of parallel studies with several other organisms, suggest that natural selection appears to select, at a microscale, for adaptive complexes that can tolerate the higher UV radiation on the ""African"" slope.",Saccharomyces cerevisiae,uv,,
19464923,10.1016/j.jphotobiol.2009.04.011,,no_pmc,2009,"Journal of photochemistry and photobiology. B, Biology",Protective effects of three extracts from Antarctic plants against ultraviolet radiation in several biological models.,"The photoprotective effect of the methanolic extracts of three Antarctic plant species - Deschampsia antarctica Desv., Colobanthus quitensis (Kunth) Bartl., and Polytrichum juniperinum Hedw. against UV-induced DNA damage was investigated in hamster lung fibroblasts (V79 cells) and in a biomonitor organism Helix aspersas, using comet assay. The protective, mutagenic, and antimutagenic profiles of these extracts were also evaluated using haploid strains of the simple eukaryote Saccharomyces cerevisiae, and antioxidant activity were investigated using the 2,2-diphenyl-1-picrylhydrazyl (DPPH) scavenging assay, as well as the hypoxanthine/xanthine oxidase assay. At the concentration range employed, the extracts were not cytotoxic or mutagenic to S. cerevisiae. In addition, the treatment with these extracts enhanced survival, and decreased induced reverse, frameshift, and forward mutations in a dose-response manner in all UVC doses employed. The plants extracts did not generate DNA strand breaks in V79 cells, and the treatment significantly decreased DNA damage induced by UVC. Extracts significantly decreased UVC-induced lipid peroxidation in V79 cells, showing a clear antioxidant property. Moreover, results of comet assay in V79 cells, employing Fpg, Endo III, and Endo V enzymes, demonstrated significant reduction of UVC-induced DNA damage after pre-incubation with these extracts. The treatment with all tested extracts were much less efficient against UVC-induced cytotoxicity in the yeast strain defective in photolyase as compared to the wild type strain, suggesting that this DNA repair pathway is stimulated by substances present in the extracts. All extracts showed a significant inhibitory effect in the hypoxanthine/xanthine oxidase assay, and they had the ability to scavenge DPPH. In H. aspersas, the treatment was able to protect against UVC-induced damage. In conclusion, D. antarctica, C. quitensis, and P. juniperinum extracts present photoprotective properties, which can be attributed to molecules, such as flavonoids and carotenoids, which act as UV-absorbing molecules and as antioxidants, as well as stimulate DNA-repair processes.",Saccharomyces cerevisiae,uv,,
19398760,10.1083/jcb.200811083,PMC2700387,oa,2009,The Journal of cell biology,Cdc28/Cdk1 positively and negatively affects genome stability in S. cerevisiae.,"We studied the function of the cyclin-dependent kinase Cdc28 (Cdk1) in the DNA damage response and maintenance of genome stability using Saccharomyces cerevisiae. Reduced Cdc28 activity sensitizes cells to chronic DNA damage, but Cdc28 is not required for cell viability upon acute exposure to DNA-damaging agents. Cdc28 is also not required for activation of the DNA damage and replication checkpoints. Chemical-genetic analysis reveals that CDC28 functions in an extensive network of pathways involved in maintenance of genome stability, including homologous recombination, sister chromatid cohesion, the spindle checkpoint, postreplication repair, and telomere maintenance. In addition, Cdc28 and Mre11 appear to cooperate to prevent mitotic catastrophe after DNA replication arrest. We show that reduced Cdc28 activity results in suppression of gross chromosomal rearrangements (GCRs), indicating that Cdc28 is required for formation or recovery of GCRs. Thus, we conclude that Cdc28 functions in a genetic network that supports cell viability during DNA damage while promoting the formation of GCRs.",Saccharomyces cerevisiae,uv,,
19318276,10.1016/j.jphotobiol.2009.02.001,,no_pmc,2009,"Journal of photochemistry and photobiology. B, Biology",Slt2 (Mpk1) MAP kinase is involved in the response of Saccharomyces cerevisiae to 8-methoxypsoralen plus UVA.,"The bifunctional furocoumarin 8-methoxypsoralen (8-MOP) is a well established drug in the photochemotherapy of psoriasis and other skin diseases. In eukaryotic cells, this compound intercalates into DNA and undergoes photocycloaddition with pyrimidines to form monoadducts and interstrand crosslinks initiating a cascade of events leading to cytotoxic, mutagenic and carcinogenic responses. In yeast cells, exposure to 8-MOP plus UVA induces transcription of a large set of genes, and cellular reaction is different from an overall DNA damage response and specific to 8-MOP/UVA [M. Dardalhon, W. Lin, A. Nicolas, D. Averbeck, Specific transcriptional responses induced by 8-methoxypsoralen and UVA in yeast, FEMS Yeast Res. 7 (2007) 866-878]. To further define the relationship between induced genes and genotoxic consequences after 8-MOP/UVA treatment, the survival responses of mutants deleted for genes that are specifically induced by 8-MOP plus UVA were analysed in terms of survival. Six mutants deleted for RAD51, RAD54, DUN1, DIN7, already known to be implicated in DNA damage responses, and for SLT2/MPK1 and PDE2 involved in cell wall stress responses, were found sensitive to 8-MOP plus UVA treatment. Further characterization of slt2 mutant provides evidence for the existence of an 8-MOP/UVA response in yeast in which the yeast Slt2 MAPK pathway is implicated. Activation by 8-MOP plus UVA of this MAP kinase previously observed at the transcriptional level is now confirmed at the protein level. In addition to sensitivity to 8-MOP/UVA, yeast cells lacking SLT2 show reduced survival after 3-carbethoxypsoralen plus UVA and 1,6-dioxapyrene plus UVA. Osmotic support could suppress the sensitivities to these genotoxic agents, suggesting that these sensitivities are related to cell integrity defects and/or cell wall defects.",Saccharomyces cerevisiae,uv,,
19252121,10.1128/EC.00246-08,PMC2669197,pmc_not_oa,2009,Eukaryotic cell,"Candida albicans RFX2 encodes a DNA binding protein involved in DNA damage responses, morphogenesis, and virulence.","We previously showed that Candida albicans orf19.4590, which we have renamed RFX2, expresses a protein that is reactive with antibodies in persons with candidiasis. In this study, we demonstrate that C. albicans RFX2 shares some functional redundancy with Saccharomyces cerevisiae RFX1. Complementation of an S. cerevisiae rfx1 mutant with C. albicans RFX2 partially restored UV susceptibility and the repression of DNA damage response genes. DNA damage- and UV-induced genes RAD6 and DDR48 were derepressed in a C. albicans rfx2 null mutant strain under basal conditions, and the mutant was significantly more resistant to UV irradiation, heat shock, and ethanol than wild-type strain SC5314. The rfx2 mutant was hyperfilamentous on solid media and constitutively expressed hypha-specific genes HWP1, ALS3, HYR1, ECE1, and CEK1. The mutant also demonstrated increased invasion of solid agar and significantly increased adherence to human buccal epithelial cells. During hematogenously disseminated candidiasis, mice infected with the mutant had a significantly delayed time to death compared to the wild type. During oropharyngeal candidiasis, mice infected with the mutant had significantly lower tissue burdens in the oral cavity and esophagus at 7 days and they were less likely to develop disseminated infections because of mucosal translocation. The data demonstrate that C. albicans Rfx2p regulates DNA damage responses, morphogenesis, and virulence.",Saccharomyces cerevisiae,uv,,
19245404,10.1111/j.1365-2672.2009.04170.x,,no_pmc,2009,Journal of applied microbiology,Removal of heavy metals using a brewer's yeast strain of Saccharomyces cerevisiae: advantages of using dead biomass.,"The capacities of live and heat-killed cells of Saccharomyces cerevisiae at 45 degrees C for the removal of copper, nickel and zinc from the solution were compared. Kinetic studies have shown a maximum accumulation of Ni(2+) and Zn(2+) after 10 min for both types of cells, while for Cu(2+) this was attained after 30 and 60 min for dead and live cells, respectively. Equilibrium studies have shown that inactivated biomass displayed a greater Zn(2+) and Ni(2+) accumulation than live yeasts. For Cu(2+), live and dead cells showed similar accumulation. Fluorescence, scanning electron microscopy and infrared spectroscopy studies have shown that no appreciable structural or molecular changes occurred in the cells during the killing process. The increased metal uptake observed in dead cells can be most likely explained by the loss of membrane integrity, which allows the exposition of further metal-binding sites present inside the cells. Heat-killed cells showed a higher degree of heavy metal removal than live cells, being more suitable for further bioremediation works. Dead flocculent cells can be used in a low cost technology for detoxifying metal-bearing effluents as this approach combines an efficient metal removal with the ease of cell separation.",Saccharomyces cerevisiae,uv,,
19244309,10.1093/nar/gkp090,PMC2673435,oa,2009,Nucleic acids research,Essential functions of the 32 kDa subunit of yeast replication protein A.,"Replication protein A (RPA) is a heterotrimeric (70, 32 and 14 kDa subunits), single-stranded DNA-binding protein required for cellular DNA metabolism. All subunits of RPA are essential for life, but the specific functions of the 32 and 14 kDa subunits remains unknown. The 32 kDa subunit (RPA2) has multiple domains, but only the central DNA-binding domain (called DBD D) is essential for life in Saccharomyces cerevisiae. To define the essential function(s) of RPA2 in S. cerevisiae, a series of site-directed mutant forms of DBD D were generated. These mutant constructs were then characterized in vitro and in vivo. The mutations had minimal effects on the overall structure and activity of the RPA complex. However, several mutants were shown to disrupt crosslinking of RPA2 to DNA and to dramatically lower the DNA-binding affinity of a RPA2-containing subcomplex. When introduced into S. cerevisiae, all DBD D mutants were viable and supported normal growth rates and DNA replication. These findings indicate that RPA2-DNA interactions are not essential for viability and growth in S. cerevisiae. We conclude that DNA-binding activity of RPA2 is dispensable in yeast and that the essential function of DBD D is intra- and/or inter-protein interactions.",Saccharomyces cerevisiae,uv,,
19229999,10.1002/em.20450,,no_pmc,2009,Environmental and molecular mutagenesis,Cloning and characterization of DNA polymerase eta from Trypanosoma cruzi: roles for translesion bypass of oxidative damage.,"We report the cloning and characterization of the DNA polymerase eta gene from Trypanosoma cruzi (TcPoleta), the causative agent of Chagas disease. This protein, which can bypass cyclobutane pyrimidine dimers, contains motifs that are conserved between Y family polymerases. In vitro assays showed that the recombinant protein is capable of synthesizing DNA in undamaged primer-templates. Intriguingly, T. cruzi overexpressing TcPoleta does not increase its resistance to UV-light (with or without caffeine) or cisplatin, despite the ability of the protein to enhance UV resistance in a RAD30 mutant of Saccharomyces cerevisiae. Parasites overexpressing TcPoleta are also unable to restore growth after treatment with zeocin or gamma irradiation. T. cruzi overexpressing TcPoleta are more resistant to treatment with hydrogen peroxide (H(2)O(2)) compared to nontransfected cells. The observed H(2)O(2) resistance could be associated with its ability to bypass 8-oxoguanine lesions in vitro. The results presented here suggest that TcPoleta is able to bypass UV and oxidative lesions. However the overexpression of the gene only interferes in response to oxidative lesions, possibly due to the presence of these lesions during the S phase.",Saccharomyces cerevisiae,uv,,
19155276,10.1093/nar/gkp003,PMC2655692,oa,2009,Nucleic acids research,Histone H3 Lys79 methylation is required for efficient nucleotide excision repair in a silenced locus of Saccharomyces cerevisiae.,"Methylation of specific histone lysine residues regulates gene expression and heterochromatin function, but little is known about its role in DNA repair. To examine how changes in conserved methylated residues of histone H3 affect nucleotide excision repair (NER), viable H3K4R and H3K79R mutants were generated in Saccharomyces cerevisiae. These mutants show decreased UV survival and impaired NER at the transcriptionally silent HML locus, while maintaining normal NER in the constitutively expressed RPB2 gene and transcriptionally repressed, nucleosome loaded GAL10 gene. Moreover, the HML chromatin in these mutants has reduced accessibility to Micrococcal nuclease (MNase). Importantly, chromatin immunoprecipitation analysis demonstrates there is enhanced recruitment of the Sir complex at the HML locus of these mutants, and deletion of the SIR2 or SIR3 genes restores the MNase accessibility and DNA repair efficiency at this locus. Furthermore, following UV irradiation expression of NER genes in these mutants remains at wild type levels, with the exception of RAD16 which decreases by more than 2-fold. These results indicate that impaired NER occurs in the silenced chromatin of H3K79R and H3K4,79R mutants as a result of increased binding of Sir complexes, which may reduce DNA lesion accessibility to repair enzymes.",Saccharomyces cerevisiae,uv,,
19137729,,,no_pmc,2008,Genetika,[The geptrong pharmaceutical product increases efficiency of postreplication repair of permutation intermediates in yeast Saccharomyces cerevisiae].,"Geptrong is a medication from pure defermentated honey. In medical practice, it is used as hepatoprotector. Genotoxicity analysis revealed antimutagenic activity of the preparation. The spontaneous mutation rate at the ADE4-ADE8 and CAN1 loci was several times lower in case that the yeast cells were plated on the geptrong-containing medium, and the mutation rate was scored using the method of ordered plating. If spontaneous mutation rate was measured by means of the fluctuation method of median, no antimutagenic activity was detected. Geptrong had no effect on the yeast cell survival. At the same time, it substantially decreased the frequency of direct mutations at the ADE4-ADE8 locus, induced by UV- and gamma-radiation, and ethylmetansulfonate. The effect of the geptrong antimutagenic activity on the level of UV-induced mutagenesis in the yeast strains defective for the repair systems rad2, rad51, rad54, rad59, msh2, and hsm3 was examined. Antimutagenic activity was detected in the wild type, as well as in the rad2, rad54, rad59, and hsm3 strains, while rad51, pmsl, and msh2 mutants lacked this activity. Based on these data, it is suggested that antimutagenic effect of geptrong is associated with activated repair of mismatches, appeared during the postreplicative recombination repair.",Saccharomyces cerevisiae,uv,,
18846398,10.1007/s10295-008-0481-z,,no_pmc,2009,Journal of industrial microbiology & biotechnology,"Genome shuffling to improve thermotolerance, ethanol tolerance and ethanol productivity of Saccharomyces cerevisiae.","Genome shuffling is a powerful strategy for rapid engineering of microbial strains for desirable industrial phenotypes. Here we improved the thermotolerance and ethanol tolerance of an industrial yeast strain SM-3 by genome shuffling while simultaneously enhancing the ethanol productivity. The starting population was generated by protoplast ultraviolet irradiation and then subjected for the recursive protoplast fusion. The positive colonies from the library, created by fusing the inactivated protoplasts were screened for growth at 35, 40, 45, 50 and 55 degrees C on YPD-agar plates containing different concentrations of ethanol. Characterization of all mutants and wild-type strain in the shake-flask indicated the compatibility of three phenotypes of thermotolerance, ethanol tolerance and ethanol yields enhancement. After three rounds of genome shuffling, the best performing strain, F34, which could grow on plate cultures up to 55 degrees C, was obtained. It was found capable of completely utilizing 20% (w/v) glucose at 45-48 degrees C, producing 9.95% (w/v) ethanol, and tolerating 25% (v/v) ethanol stress.",Saccharomyces cerevisiae,uv,,
18667577,10.1099/mic.0.2008/017616-0,,no_pmc,2008,"Microbiology (Reading, England)",Analysis of base excision and nucleotide excision repair in Candida albicans.,"Candida albicans, clinically the most important human fungal pathogen, rapidly develops resistance to antifungal drugs. The acquisition of resistance has been linked to various types of genome changes. As part of an ongoing study of this problem, we investigated mutation, genome stability and drug resistance acquisition in C. albicans strains with deletions in the base excision repair (BER) genes NTG1, APN1 and OGG1, and in the nucleotide excision repair (NER) genes RAD2 and RAD10. The BER mutants did not exhibit any change in their susceptibility to DNA-damaging agents, but the NER mutants were extremely sensitive to UV-induced DNA damage. We did not observe any significant change in mutation, genome stability and antifungal drug sensitivity in the mutant strains we tested. However, we detected a number of intriguing phenotypic differences between strains bearing deletions in equivalent C. albicans and Saccharomyces cerevisiae BER and NER genes, which may be related to differences in the life cycles of these two fungi.",Saccharomyces cerevisiae,uv,,
18617998,10.1371/journal.pgen.1000123,PMC2440805,oa,2008,PLoS genetics,Identification and dissection of a complex DNA repair sensitivity phenotype in Baker's yeast.,"Complex traits typically involve the contribution of multiple gene variants. In this study, we took advantage of a high-density genotyping analysis of the BY (S288c) and RM strains of Saccharomyces cerevisiae and of 123 derived spore progeny to identify the genetic loci that underlie a complex DNA repair sensitivity phenotype. This was accomplished by screening hybrid yeast progeny for sensitivity to a variety of DNA damaging agents. Both the BY and RM strains are resistant to the ultraviolet light-mimetic agent 4-nitroquinoline 1-oxide (4-NQO); however, hybrid progeny from a BYxRM cross displayed varying sensitivities to the drug. We mapped a major quantitative trait locus (QTL), RAD5, and identified the exact polymorphism within this locus responsible for 4-NQO sensitivity. By using a backcrossing strategy along with array-assisted bulk segregant analysis, we identified one other locus, MKT1, and a QTL on Chromosome VII that also link to the hybrid 4-NQO-sensitive phenotype but confer more minor effects. This work suggests an additive model for sensitivity to 4-NQO and provides a strategy for mapping both major and minor QTL that confer background-specific phenotypes. It also provides tools for understanding the effect of genetic background on sensitivity to genotoxic agents.",Saccharomyces cerevisiae,uv,,
18541672,10.1128/MCB.00786-08,PMC2519708,pmc_not_oa,2008,Molecular and cellular biology,Role of nucleotide binding in septin-septin interactions and septin localization in Saccharomyces cerevisiae.,"Septins are a conserved family of eukaryotic GTP-binding, filament-forming proteins. In Saccharomyces cerevisiae, five septins (Cdc3p, Cdc10p, Cdc11p, Cdc12p, and Shs1p) form a complex and colocalize to the incipient bud site and as a collar of filaments at the neck of budded cells. Septins serve as a scaffold to localize septin-associated proteins involved in diverse processes and as a barrier to diffusion of membrane-associated proteins. Little is known about the role of nucleotide binding in septin function. Here, we show that Cdc3p, Cdc10p, Cdc11p, and Cdc12p all bind GTP and that P-loop and G4 motif mutations affect nucleotide binding and result in temperature-sensitive defects in septin localization and function. Two-hybrid, in vitro, and in vivo analyses show that for all four septins nucleotide binding is important in septin-septin interactions and complex formation. In the absence of complete complexes, septins do not localize to the cortex, suggesting septin localization factors interact only with complete complexes. When both complete and partial complexes are present, septins localize to the cortex but do not form a collar, perhaps because of an inability to form filaments. We find no evidence that nucleotide binding is specifically involved in the interaction of septins with septin-associated proteins.",Saccharomyces cerevisiae,uv,,
18422142,,,no_pmc,2008,Guang pu xue yu guang pu fen xi = Guang pu,[Fluorescence polarization used to investigate the cell membrane fluidity of Saccharomyces cerevisiae treated by pulsed electric field].,"To know the lethal mechanism of microorganisms under pulsed electric field treatment, the relationship between the inactivation of Saccharomyces cerevisiae (CICC1308) cell and the permeability and fluidity changes of its cell membrane treated by pulsed electric field (0-25 kV x cm(-1), 0-266 ms) was investigated. With 1,6-diphenyl-1,3,5-hexatriene (DPH) used as a probe, the cell membrane fluidity of Saccharomyces cerevisiae treated by pulsed electric field was expressed by fluorescence polarization. Results showed that the cell membrane fluidity decreases when the electric flied strength is up to 5 kV x cm(-1), and decreases with the increase in electric field strength and treatment time. The plate counting method and ultraviolet spectrophotometer were used to determine the cell viability and to investigate the cell membrane permeability, respectively, treated by pulsed electric field. Results showed that the lethal ratio and the content of protein and nucleic acid leaked from intracellular plasma increased with the increase in the electric field strength and the extension of treatment time. Even in a quite lower electric field of 5 kV x cm(-1) with a tiny microorganism lethal level, the increase in UV absorption value and the decrease in fluidity were significant. It was demonstrated that the cell membrane fluidity decreases with the increase in lethal ratio and cell membrane permeability. The viscosity of cell membrane increases with the decrease in fluidity. These phenomena indicated that cell membrane is one of the most key sites during the pulsed electric field treatment, and the increased membrane permeability and the decreased cell membrane fluidity contribute to the cell death.",Saccharomyces cerevisiae,uv,,
18337697,10.1007/s12275-008-0013-6,,no_pmc,2008,"Journal of microbiology (Seoul, Korea)",The mutation of a novel Saccharomyces cerevisiae SRL4 gene rescues the lethality of rad53 and lcd1 mutations by modulating dNTP levels.,"The SRL4 (YPL033C) gene was initially identified by the screening of Saccharomyces cerevisiae genes that play a role in DNA metabolism and/or genome stability using the SOS system of Escherichia coli. In this study, we found that the srl4Delta mutant cells were resistant to the chemicals that inhibit nucleotide metabolism and evidenced higher dNTP levels than were observed in the wild-type cells in the presence of hydroxyurea. The mutant cells also showed a significantly faster growth rate and higher dNTP levels at low temperature (16 degrees C) than were observed in the wild-type cells, whereas we detected no differences in the growth rate at 30 degrees C. Furthermore, srl4Delta was shown to suppress the lethality of mutations of the essential S phase checkpoint genes, RAD53 and LCD1. These results indicate that SRL4 may be involved in the regulation of dNTP production by its function as a negative regulator of ribonucleotide reductase.",Saccharomyces cerevisiae,uv,,
18267950,10.1093/mutage/gem055,,no_pmc,2008,Mutagenesis,Involvement of homologous recombination repair after proton-induced DNA damage.,"Protection from chronic exposure to cosmic radiation, which is primarily composed of protons, in future manned missions to Mars and beyond is considered to be a key unresolved issue. To model the effects of cosmic radiation on a living cell, we used Saccharomyces cerevisiae cells harboring various deletions of DNA repair genes to investigate the response of cells to DNA strand breaks caused by exposure to 250 MeV proton irradiation (linear energy transfer of 0.41 keV/microm). In our study, DNA strand breaks induced by exposure to protons were predominantly repaired via the homologous recombination and postreplication repair pathways. We simulated chronic exposure to proton irradiation by treating cells from colonies that survived proton treatment, after several rounds of subculturing, to a second proton dose, as well as additional cell stressors. In general, cells cultured from proton surviving colonies were not more sensitive to secondary cell stressors. However, cells from rad52delta colonies that survived proton treatment showed increased resistance to secondary stressors, such as gamma-rays (1.17 and 1.33 MeV; 0.267 keV/microm), ultraviolet (UV) and proton irradiation and elevated temperatures. Resistance to secondary stressors was also observed in rad52delta cells that survived exposure to gamma-rays, rather than protons, but this was not observed to occur in rad52delta cells after UV irradiation. rad52delta cells that survived exposure to protons, followed by gamma-rays (proton surviving colonies were cultured prior to gamma-ray exposure), exhibited an additive effect, whereby these cells had a further increase in stress resistance. A genetic analysis indicated that increased stress resistance is most likely due to a second-site mutation that suppresses the rad52delta phenotype. We will discuss possible origins of these second-site mutations.",Saccharomyces cerevisiae,uv,,
18259813,10.1007/s00284-008-9110-3,,no_pmc,2008,Current microbiology,Photoinactivation of Escherichia coli and Saccharomyces cerevisiae suspended in phosphate-buffered saline-A using 266- and 355-nm pulsed ultraviolet light.,"Ultraviolet (UV) irradiation has high potential to inactivate a wide range of biologic agents and is one of several nonadditive technologies being studied. The photoinactivation property of pulsed UV laser radiation (at wavelengths of 355 and 266 nm), used as an effective physical means to inactivate two typical microorganisms, prokaryotic (Escherichia coli K12) and eukaryotic (Saccharomyces cerevisiae), with respect to dose and exposure times, was examined. An E. coli population of 1.6 x 10(4) colony-forming units (CFU)/ml was inactivated with a dose of 16.7 J/cm(2 )energy at 355-nm wavelength. However, E. coli cells at higher concentrations were inactivated by only 98% using the same dose. Interestingly, an E. coli population of 2 x 10(7 )CFU/ml was completely inactivated using only 0.42 J/cm(2) at 266-nm wavelength (P < or = 0.05). With respect to S. cerevisiae, the results were similar to those of E. coli irradiation considering that S. cerevisiae is 100 times larger than E. coli. A dose of 16.7 J/cm(2) completely inactivated an S. cerevisiae population of 6 x 10(3 )CFU/ml at 355-nm wavelength. Exposure to 266-nm wavelength, with energy doses of 1.67, 0.835, and 0.167 J/cm(2), successfully inactivated S. cerevisiae populations of 3 x 10(6), 1.4 x 10(5), and 1.5 x 10(4 )CFU/ml, respectively (P < or = 0.05). In conclusion, compared with 355-nm wavelength, a pulsed UV laser at 266-nm wavelength inactivated a high titer of bacterial and yeast indicator standards suspended in phosphate-buffered saline-A.",Saccharomyces cerevisiae,uv,,
18243774,10.1016/j.mrgentox.2007.11.007,,no_pmc,2008,Mutation research,A novel yeast-based tool to detect mutagenic and recombinogenic effects simultaneously.,"In this work, we describe a new yeast-based assay to allow efficient detection of a comprehensive spectrum of genotoxicity events. The constructed diploid Saccharomyces cerevisiae strain allows the simultaneous monitoring of forward mutations, mitotic recombination events and chromosome loss or non-disjunction by direct selection in an easy and highly reproducible approach. The strain contains a DNA module consisting of a single functional copy of the URA3 gene and the kanMX4 gene inserted at the ADE2 locus on the right arm of chromosome XV. The changes of the genotype within the marker region were primarily selected on 5-fluoroorotic acid (5-FOA) agar plates. Further simple phenotypic tests of the 5-FOA-resistant ura3 clones make it possible to analyze the genetic configuration in detail (e.g. point mutations in URA3, gene conversion, crossing-over and chromosome loss). We demonstrate the successful application of our test system by studying the effects of well-known genotoxic agents (UV radiation, N-methyl-N'-nitro-N-nitrosoguanidine, aniline and benomyl). We found that the various agents induced mutations and recombination events with different relative frequencies. The integration of the module has generated a hot spot region of mutation and recombination at the borders of the artificially integrated URA3 kanMX4 cassette, which makes the system more sensitive towards DNA-damaging agents. Unlike other test systems, our S. cerevisiae strain is capable to detect a mutagenic effect caused by aniline.",Saccharomyces cerevisiae,uv,,
18024212,10.1016/j.mito.2007.10.003,,no_pmc,2008,Mitochondrion,A collection of yeast mutants selectively resistant to ionophores acting on mitochondrial inner membrane.,"Valinomycin and nigericin are potassium ionophores acting selectively on the mitochondrial inner membrane of Saccharomyces cerevisiae [Kovac, L., Bohmerova, E., Butko, P., 1982a. Ionophores and intact cells. I. Valinomycin and nigericin act preferentially on mitochondria and not on the plasma membrane of Saccharomyces cerevisiae. Biochim. Biophys. Acta 721, 341-348]. However, the molecular mechanism of their action is not understood. Here we show that their selective effect on mitochondrial membranes is not caused by the pleiotropic drug resistance system. To identify the molecular components mediating the action of ionophores we isolated several mutants specifically resistant to valinomycin and/or nigericin. In contrast to the parental strain, these mutants do not form respiratory-deficient cells in the presence of ionophores. Moreover, all mutants harbor extensively fragmented mitochondria and these morphological defects can be alleviated by the ionophores. Interestingly, we observed that these mitochondrial defects may be accompanied by changes in vacuolar dynamics. Our results demonstrate that the classical genetic approach can provide a starting point for the analysis of components involved in the action of ionophores on mitochondria-related processes in eukaryotic cell.",Saccharomyces cerevisiae,uv,,
17969650,10.1016/s1001-0742(07)60124-7,,no_pmc,2007,Journal of environmental sciences (China),Non-UV based germicidal activity of metal-doped TiO2 coating on solid surfaces.,"A stain-based screening method was developed to screen different catalyst coatings for their germicidal activity. A Baclight dead/live bacteria viability kit (invitrogen, molecular probes) was used for staining the cell. The screening was carried out following a standard procedure. This included loading cell suspension to solid surface and maintaining contact for 30 min, then staining with a mixture containing dyes. The stained cells were observed using an epifluorescent microscope and photographed with a CCD camera under UV. Metal-doped TiO2 coatings on Al plates were prepared and tested for non-UV germicidal activity without using UV. It was tested using model microorganisms such as Bakers Yeast (Saccharomyces cerevisiae), Bacillus subtilis, Pseudomonas putida, and Escherichia coli. On the basis of the germicidal activity of catalyst and the degree of damage caused to the cells, the stained cells may appear green (viable), green with red or yellow nuclei and yellow (compromised) or red (nonviable). According to their stained color, cells were counted to calculate the percentage of dead, live, and compromised cells. Compromised cells are cells that grow very slowly after reculturing indicating a degree of reversible cell damage. Screening the germicidal activity using this staining method is accurate and efficient, and requires less time than the culture-based method. A modification to the procedure for measuring germicidal activity of rough surfaces or fibrous coatings was developed. Both TiO2 and metal-doped TiO2 (Ag, Pt, Au, Cu) possess non-UV based germicidal activity. The germicidal activity of TiO2 was found to be related with its wetting property and can be improved by UV irradiation before testing. It is not greatly affected by contact time, indicating a fast acting germicidal activity.",Saccharomyces cerevisiae,uv,,
17703305,10.1007/s00294-007-0146-x,,no_pmc,2007,Current genetics,"Neurosprora crassa RAD5 homologue, mus-41, inactivation results in higher sensitivity to mutagens but has little effect on PCNA-ubiquitylation in response to UV-irradiation.","The DNA replication machinery stalls at damaged sites on DNA. Postreplicaton repair (PRR) is a system to avoid cell death in such circumstances of deadlock. In Saccharomyces cerevisiae, the Rad6/Rad18 heterodimer plays pivotal roles in PRR. It promotes translesion synthesis via the monoubiquitylation of the DNA sliding clamp, PCNA. Ubc13/Mms2/Rad5 can extend the ubiquitin chain from this monoubiquitylated PCNA with a non-canonical lysine 63-linked ubiquitin-chain, resulting in an error-free mode of bypass. In this study, we identified and characterized the RAD5 homolog in Neurospora crassa, which we named mus-41. A mus-41 mutant was sensitive to several DNA-damaging agents including UV and MMS. Genetic analyses indicated that uvs-2 (RAD18 homolog) was epistatic to mus-41, suggesting a role for mus-41 in postreplication repair. Additionally, it was shown that mus-41 has a role independent from TLS gene upr-1 (REV3 homolog) and works in the error-free pathway, indicating that the function of mus-41 as a RAD5 homolog is also conserved in N. crassa. However, mus-41 is not essential for the ubiquitylation of PCNA that is detected in the wild-type background, suggesting that there is another ubiquitin ligase catalyzing ubiquitylation of PCNA in response to UV in N. crassa.",Saccharomyces cerevisiae,uv,,
17689152,10.1016/j.dnarep.2007.06.005,PMC2129123,pmc_not_oa,2007,DNA repair,Analysis of Rev1p and Pol zeta in mitochondrial mutagenesis suggests an alternative pathway of damage tolerance.,"Ultraviolet light is a potent DNA damaging agent that induces bulky lesions in DNA which block the replicative polymerases. In order to ensure continued DNA replication and cell viability, specialized translesion polymerases bypass these lesions at the expense of introducing mutations in the nascent DNA strand. A recent study has shown that the N-terminal sequences of the nuclear translesion polymerases Rev1p and Pol zeta can direct GFP to the mitochondrial compartment of Saccharomyces cerevisiae. We have investigated the role of these polymerases in mitochondrial mutagenesis. Our analysis of mitochondrial DNA point mutations, microsatellite instability, and the spectra of mitochondrial mutations indicate that these translesion polymerases function in a less mutagenic pathway in the mitochondrial compartment than they do in the nucleus. Mitochondrial phenotypes resulting from the loss of Rev1p and Pol zeta suggest that although these polymerases are responsible for the majority of mitochondrial frameshift mutations, they do not greatly contribute to mitochondrial DNA point mutations. Analysis of spontaneous mitochondrial DNA point mutations suggests that Pol zeta may play a role in general mitochondrial DNA maintenance. In addition, we observe a 20-fold increase in UV-induced mitochondrial DNA point mutations in rev deficient strains. Our data provides evidence for an alternative damage tolerance pathway that is specific to the mitochondrial compartment.",Saccharomyces cerevisiae,uv,,
17432612,,,no_pmc,2007,Tsitologiia,[Prognosis of yeast cells recovery after simultaneous exposure to UV-radiation and hyperthermia].,The results of experimental investigations of survival of diploid yeast cells Saccharomyces cerevisiae (strain XS800) after simultaneous exposure to UV-radiation (254 nm) and hyperthermia (53-57 degrees C) have been described. It was shown that the portion of cells capable of recovery in innutrient medium after the action of these agents decreased with the increasing of temperature under which the irradiation was occurred. Mathematical model taking into account the synergistic interaction was suggested for quantitative prediction of irreversible component after combined actions of these agents. A good correspondence between experimental data and model predictions has been demonstrated. The importance of the results obtained for the interpretation of the synergistic interaction mechanisms are discussed.,Saccharomyces cerevisiae,uv,,
17302941,10.1111/j.1567-1364.2006.00205.x,,no_pmc,2007,FEMS yeast research,Functional and comparative characterization of Saccharomyces cerevisiae RVB1 and RVB2 genes with bacterial Ruv homologues.,"Expression of yeast RuvB-like gene analogues of bacterial RuvB is self-regulated, as episomal overexpression of RVB1 and RVB2 decreases the expression of their chromosomal copies by 85%. Heterozygosity for either gene correlates with lower double-strand break repair of inverted-repeat DNA and decreased survival after UV irradiation, suggesting their haploinsufficiency, while overexpression of the bacterial RuvAB complex improves UV survival in yeast. Rvb2p preferentially binds artificial DNA Holiday junctions like the bacterial RuvAB complex, whereas Rvb1p binds to duplex or cruciform DNA. As both proteins also interact with chromatin, their role in recombination and repair through chromatin remodelling, and their evolutionary relationship to the bacterial homologue, is discussed.",Saccharomyces cerevisiae,uv,,
17277842,10.1039/b608238f,,no_pmc,2007,Photochemical & photobiological sciences : Official journal of the European Photochemistry Association and the European Society for Photobiology,Rufloxacin-induced photosensitization in yeast.,"The fluoroquinolone Rufloxacin (RFX) is active as specific inhibitor of bacterial gyrase. The adverse effects of the photosensitization induced by fluoroquinolones are well known. A predominant type II photosensitizing activity of Rufloxacin has already been demonstrated on simpler models (free nucleosides, calf thymus DNA), whereas a cooperative mechanism was corroborated on more complex ones (plasmid and fibroblast). The purpose of this study is to examine the drug photocytoxicity in another complex cellular model, a wild-type eukaryotic fast-growing microorganism whose cultivation is cheap and easily managed, Saccharomyces cerevisiae. This work represents the first report of the potential photogenotoxicity of Rufloxacin. Particular emphasis was given to DNA modifications caused in yeast by the formation of Rufloxacin photomediated toxic species, such as hydrogen peroxide and formaldehyde. Drug phototoxicity on yeast was evaluated by measuring DNA fragmentation (single/double strand breaks) using single cell gel electrophoresis assay and 8-OH-dGuo, a DNA photooxidation biomarker, by HPLC-ECD. Cellular sensitivity was also assessed by cell viability test. The extra- and intracellular RFX concentration (as well as its main photoproduct) was verified by HPLC-MS, whereas the cytotoxic species were evaluated by colorimetric assays. The results confirm the phototoxicity of Rufloxacin on yeast cell and are in agreement with those previously obtained with human fibroblast and with simpler models used recently, and provide a clear link between DNA photosensitization and overall phototoxicity.",Saccharomyces cerevisiae,uv,,
17220296,10.1074/jbc.M609766200,,no_pmc,2007,The Journal of biological chemistry,Structure-function analysis of the cuprous oxidase activity in Fet3p from Saccharomyces cerevisiae.,"The Fet3 protein from Saccharomyces cerevisiae is a multicopper oxidase with specificity toward Fe(II) and Cu(I). Fet3p turnover of Fe(II) supports high affinity iron uptake across the yeast plasma membrane, whereas its turnover of Cu(I) contributes to copper resistance in yeast. The structure of Fet3p has been used to identify possible amino acid residues responsible for this protein's reactivity with Cu(I), and structure-function analyses have confirmed this assignment. Fet3p Met(345) is required for the enzyme's reactivity toward Cu(I). Although the Fet3pM345A mutant exhibits wild type spectral and electrochemical behavior, the kinetic constants for Cu(I) turnover and for single-turnover electron transfer from Cu(I) to the enzyme are significantly reduced. The specificity constant with Cu(I) as substrate is reduced by one-fifth, whereas the electron transfer rate from Cu(I) is reduced 50-fold. This mutation has little effect on the reactivity toward Fe(II), indicating that Met(345) contributes specifically to Fet3p reactivity with the cuprous ion. These kinetic defects render the Fet3pM345A unable to support wild type cellular copper resistance, suggesting that there is a finely tuned copper redox balance at the yeast plasma membrane.",Saccharomyces cerevisiae,uv,,
17205629,10.1562/2006-02-01-ra-791,,no_pmc,2006,Photochemistry and photobiology,The fluence rate determines the synergistic interaction of UV radiation and heat for mitotic recombination and cell inactivation in yeasts.,"The significance of the UV fluence rate for the synergistic interaction of UV light (254 nm) and heat was demonstrated for the frequency of mitotic recombination in a wild-type diploid yeast of Saccharomyces cerevisiae (strain T1) and for cell inactivation of two wild-type diploid yeast of S. cerevisiae (strains T1, XS800). It was shown for mitotic recombination that a decrease in the intensity of UV exposure results in the necessity of decreasing the temperature at which UV irradiation occurs to provide the same value of the synergistic enhancement ratio. For cell inactivation, there was a specific temperature maximizing the synergistic effect for any constant fluence rate and the temperature range, synergistically increasing the inactivation effect of UV radiation, should be shifted to lower temperatures with a decrease in the fluence rate. To interpret the results observed, a simple mathematical model of the synergistic interaction was applied. The model suggests that the synergistic interaction of UV light and hyperthermia is expected to result from some additional effective damages arising from the interaction of some sublesions induced by both agents. On the basis of data obtained, it was supposed that the synergistic interaction of these factors might take place at small intensities of UV light and temperatures existing in the biosphere. In other words, for a long duration of interaction, which is important for problems of UV light protection and health effects, one can expect a synergistic interaction of this factor with environmental heat or physiological temperatures and thereby an increase in their inactivating and genetic consequences.",Saccharomyces cerevisiae,uv,,
17198712,10.1016/j.jmb.2006.11.093,,no_pmc,2007,Journal of molecular biology,"Polymerase eta is a short-lived, proteasomally degraded protein that is temporarily stabilized following UV irradiation in Saccharomyces cerevisiae.","Saccharomyces cerevisiae Rad30 is the homolog of human DNA polymerase eta whose inactivation leads to the cancer-prone syndrome xeroderma pigmentosum variant. Both human and yeast polymerase eta are responsible for error-free bypass of UV-induced cis-syn pyrimidine dimers and several other DNA lesions. Here we show, using yeast strains expressing TAP-tagged Rad30, that the level of this protein is post-translationally regulated via ubiquitination and proteasome-mediated degradation. The half-life of Rad30 is 20 min and it increases due to proteasomal defects. Mutations inactivating components of the Skp1/cullin/ F-box (SCF) ubiquitin ligase complex: Skp1 and the F-box protein Ufo1 stabilize Rad30. Our results indicate also that ultraviolet irradiation causes transient stabilization of Rad30, which leads, in turn, to temporary accumulation of this polymerase in the cell. We conclude that proteolysis plays an important role in regulating the cellular abundance of Rad30. These results are the first indication of a role for controlled proteasomal degradation in modulating cellular level of translesion DNA polymerase in eukaryotes.",Saccharomyces cerevisiae,uv,,
17093137,10.1124/mol.106.030494,,no_pmc,2007,Molecular pharmacology,Genomic screening in vivo reveals the role played by vacuolar H+ ATPase and cytosolic acidification in sensitivity to DNA-damaging agents such as cisplatin.,"Screening the Saccharomyces cerevisiae homozygous diploid deletion library against a sublethal concentration of cisplatin revealed 76 strains sensitive to the drug. As expected, the largest category of deletions, representing 40% of the sensitive strains, was composed of strains lacking genes involved in DNA replication and damage repair. Deletions lacking function of the highly conserved vacuolar H+ translocating ATPase (V-ATPase) composed the category representing the second largest number of sensitive strains. The effect on cell death exhibited by V-ATPase mutants was found to be a general response to various DNA damaging agents as opposed to being specific to cisplatin, as evidenced by sensitivity of the mutants to hydroxyurea (a DNA-alkylating agent) and UV irradiation. Loss of V-ATPase does not affect DNA repair, because double mutants defective for V-ATPase function and DNA repair pathways were more sensitive to cisplatin than the single mutants. V-ATPase mutants are more prone to DNA damage than wild-type cells, indicated by enhanced activation of the DNA damage checkpoint. Vacuole function per se is not cisplatin-sensitive, because vacuolar morphology and vacuolar acidification were unaffected by cisplatin in wild-type cells. V-ATPase also controls cytoplasmic pH, so the enhanced sensitivity to DNA damage may be associated with the drop in pHi associated with V-ATPase mutants. The increased loss in cell viability induced by cisplatin at lower pH in V-ATPase mutants supports this hypothesis. The loss in viability seen in wild-type cells under the same conditions was far less dramatic.",Saccharomyces cerevisiae,uv,,
17060453,10.1128/MCB.00310-06,PMC1698526,pmc_not_oa,2006,Molecular and cellular biology,The spindle assembly checkpoint regulates the phosphorylation state of a subset of DNA checkpoint proteins in Saccharomyces cerevisiae.,"The DNA and the spindle assembly checkpoints play key roles in maintaining genomic integrity by coordinating cell responses to DNA lesions and spindle dysfunctions, respectively. These two surveillance pathways seem to operate mostly independently of one another, and little is known about their potential physiological connections. Here, we show that in Saccharomyces cerevisiae, the activation of the spindle assembly checkpoint triggers phosphorylation changes in two components of the DNA checkpoint, Rad53 and Rad9. These modifications are independent of the other DNA checkpoint proteins and are abolished in spindle checkpoint-defective mutants, hinting at specific functions for Rad53 and Rad9 in the spindle damage response. Moreover, we found that after UV irradiation, Rad9 phosphorylation is altered and Rad53 inactivation is accelerated when the spindle checkpoint is activated, which suggests the implication of the spindle checkpoint in the regulation of the DNA damage response.",Saccharomyces cerevisiae,uv,,
17013386,10.1038/nsmb1152,,no_pmc,2006,Nature structural & molecular biology,Rad4-Rad23 interaction with SWI/SNF links ATP-dependent chromatin remodeling with nucleotide excision repair.,"Chromatin rearrangement occurs during nucleotide excision repair (NER). Here we show that Snf6 and Snf5, two subunits of the SWI/SNF chromatin-remodeling complex in Saccharomyces cerevisiae, copurify with the NER damage-recognition heterodimer Rad4-Rad23. This interaction between SWI/SNF and Rad4-Rad23 is stimulated by UV irradiation. We demonstrate that NER in the transcriptionally silent, nucleosome-loaded HML locus is reduced in yeast cells lacking functional SWI/SNF. In addition, using a restriction enzyme accessibility assay, we observed UV-induced nucleosome rearrangement at the silent HML locus. Notably, this rearrangement is markedly attenuated when SWI/SNF is inactivated. These results indicate that the SWI/SNF chromatin-remodeling complex is recruited to DNA lesions by damage-recognition proteins to increase DNA accessibility for NER in chromatin.",Saccharomyces cerevisiae,uv,,
16923957,10.1128/MCB.00202-06,PMC1636727,pmc_not_oa,2006,Molecular and cellular biology,Novel role for the C terminus of Saccharomyces cerevisiae Rev1 in mediating protein-protein interactions.,"The Saccharomyces cerevisiae REV3/7-encoded polymerase zeta and Rev1 are central to the replicative bypass of DNA lesions, a process called translesion synthesis (TLS). While yeast polymerase zeta extends from distorted DNA structures, Rev1 predominantly incorporates C residues from across a template G and a variety of DNA lesions. Intriguingly, Rev1 catalytic activity does not appear to be required for TLS. Instead, yeast Rev1 is thought to participate in TLS by facilitating protein-protein interactions via an N-terminal BRCT motif. In addition, higher eukaryotic homologs of Rev1 possess a C terminus that interacts with other TLS polymerases. Due to a lack of sequence similarity, the yeast Rev1 C-terminal region, located after the polymerase domain, had initially been thought not to play a role in TLS. Here, we report that elevated levels of the yeast Rev1 C terminus confer a strong dominant-negative effect on viability and induced mutagenesis after DNA damage, highlighting the crucial role that the C terminus plays in DNA damage tolerance. We show that this phenotype requires REV7 and, using immunoprecipitations from crude extracts, demonstrate that, in addition to the polymerase-associated domain, the extreme Rev1 C terminus and the BRCT region of Rev1 mediate interactions with Rev7.",Saccharomyces cerevisiae,uv,,
16885303,10.1128/AEM.00683-06,PMC1538745,pmc_not_oa,2006,Applied and environmental microbiology,Improvement of lactic acid production in Saccharomyces cerevisiae by cell sorting for high intracellular pH.,"Yeast strains expressing heterologous L-lactate dehydrogenases can produce lactic acid. Although these microorganisms are tolerant of acidic environments, it is known that at low pH, lactic acid exerts a high level of stress on the cells. In the present study we analyzed intracellular pH (pHi) and viability by staining with cSNARF-4F and ethidium bromide, respectively, of two lactic-acid-producing strains of Saccharomyces cerevisiae, CEN.PK m850 and CEN.PK RWB876. The results showed that the strain producing more lactic acid, CEN.PK m850, has a higher pHi. During batch culture, we observed in both strains a reduction of the mean pHi and the appearance of a subpopulation of cells with low pHi. Simultaneous analysis of pHi and viability proved that the cells with low pHi were dead. Based on the observation that the better lactic-acid-producing strain had a higher pHi and that the cells with low pHi were dead, we hypothesized that we might find better lactic acid producers by screening for cells within the highest pHi range. The screening was performed on UV-mutagenized populations through three consecutive rounds of cell sorting in which only the viable cells within the highest pHi range were selected. The results showed that lactic acid production was significantly improved in the majority of the mutants obtained compared to the parental strains. The best lactic-acid-producing strain was identified within the screening of CEN.PK m850 mutants.",Saccharomyces cerevisiae,uv,,
16857217,10.1016/j.mrfmmm.2006.05.036,,no_pmc,2006,Mutation research,Analysis of UV-induced mutation spectra in Escherichia coli by DNA polymerase eta from Arabidopsis thaliana.,"DNA polymerase eta belongs to the Y-family of DNA polymerases, enzymes that are able to synthesize past template lesions that block replication fork progression. This polymerase accurately bypasses UV-associated cis-syn cyclobutane thymine dimers in vitro and therefore may contributes to resistance against sunlight in vivo, both ameliorating survival and decreasing the level of mutagenesis. We cloned and sequenced a cDNA from Arabidopsis thaliana which encodes a protein containing several sequence motifs characteristics of Pol eta homologues, including a highly conserved sequence reported to be present in the active site of the Y-family DNA polymerases. The gene, named AtPOLH, contains 14 exons and 13 introns and is expressed in different plant tissues. A strain from Saccharomyces cerevisiae, deficient in Pol eta activity, was transformed with a yeast expression plasmid containing the AtPOLH cDNA. The rate of survival to UV irradiation in the transformed mutant increased to similar values of the wild type yeast strain, showing that AtPOLH encodes a functional protein. In addition, when AtPOLH is expressed in Escherichia coli, a change in the mutational spectra is detected when bacteria are irradiated with UV light. This observation might indicate that AtPOLH could compete with DNA polymerase V and then bypass cyclobutane pyrimidine dimers incorporating two adenylates.",Saccharomyces cerevisiae,uv,,
16751278,10.1073/pnas.0510167103,PMC1482550,pmc_not_oa,2006,Proceedings of the National Academy of Sciences of the United States of America,The critical mutagenic translesion DNA polymerase Rev1 is highly expressed during G(2)/M phase rather than S phase.,"The Rev1 protein lies at the root of mutagenesis in eukaryotes. Together with DNA polymerase zeta (Rev3/7), Rev1 function is required for the active introduction of the majority of mutations into the genomes of eukaryotes from yeast to humans. Rev1 and polymerase zeta are error-prone translesion DNA polymerases, but Rev1's DNA polymerase catalytic activity is not essential for mutagenesis. Rather, Rev1 is thought to contribute to mutagenesis principally by engaging in crucial protein-protein interactions that regulate the access of translesion DNA polymerases to the primer terminus. This inference is based on the requirement of the N-terminal BRCT (BRCA1 C-terminal) domain of Saccharomyces cerevisiae Rev1 for mutagenesis and the interaction of the C-terminal region of mammalian Rev1 with several other translesion DNA polymerases. Here, we report that S. cerevisiae Rev1 is subject to pronounced cell cycle control in which the levels of Rev1 protein are approximately 50-fold higher in G(2) and throughout mitosis than during G(1) and much of S phase. Differential survival of a rev1Delta strain after UV irradiation at various points in the cell cycle indicates that this unanticipated regulation is physiologically relevant. This unexpected finding has important implications for the regulation of mutagenesis and challenges current models of error-prone lesion bypass as a process involving polymerase switching that operates mainly during S phase to rescue stalled replication forks.",Saccharomyces cerevisiae,uv,,
16737721,10.1016/j.mrfmmm.2006.04.001,,no_pmc,2006,Mutation research,Loss of heterozygosity in yeast can occur by ultraviolet irradiation during the S phase of the cell cycle.,"A CAN1/can1Delta heterozygous allele that determines loss of heterozygosity (LOH) was used to study recombination in Saccharomyces cerevisiae cells exposed to ultraviolet (UV) light at different points in the cell cycle. With this allele, recombination events can be detected as canavanine-resistant mutations after exposure of cells to UV radiation, since a significant fraction of LOH events appear to arise from recombination between homologous chromosomes. The radiation caused a higher level of LOH in cells that were in the S phase of the cell cycle relative to either cells at other points in the cell cycle or unsynchronized cells. In contrast, the inactivation of nucleotide excision repair abolished the cell cycle-specific induction by UV of LOH. We hypothesize that DNA lesions, if not repaired, were converted into double-strand breaks during stalled replication and these breaks could be repaired through recombination using a non-sister chromatid and probably also the sister chromatid. We argue that LOH may be an outcome used by yeast cells to recover from stalled replication at a lesion.",Saccharomyces cerevisiae,uv,,
16713735,10.1016/j.mrgentox.2006.03.006,,no_pmc,2006,Mutation research,A high-throughput method to measure the sensitivity of yeast cells to genotoxic agents in liquid cultures.,"The sensitivity of yeast Saccharomyces cerevisiae to DNA damaging agents is better represented when cells are grown in liquid media than on solid plates. However, systematic assessment of several strains that are grown in different conditions is a cumbersome undertaking. We report an assay to determine cell growth based on automatic measurements of optical densities of very small (100 microl) liquid cell cultures. Furthermore, an algorithm was elaborated to analyze large data files obtained from the cell growth curves, which are described by the growth rate--that starts at zero and accelerates to the maximal rate (mu(m))--and by the lag time (lambda). Cell dilution spot test for colony formation on solid media and the growth curve assay were used in parallel to analyze the phenotypes of cells after treatments with three different classes of DNA damaging agents (methyl methanesulfonate, bleomycin, and ultraviolet light). In these experiments the survival of the WT (wild type) and a number of DNA repair-deficient strains were compared. The results show that only the cell growth curve assay could uncover subtle phenotypes when WT cells, or mutant strains that are only weakly affected in DNA repair proficiency, were treated with low doses of cytotoxic compounds. The growth curve assay was also applied to establish whether histone acetyltransferases and deacetylases affect the resistance of yeast cells to UV irradiation. Out of 20 strains tested the sir2delta and rpd3delta cells were found to be more resistant than the WT, while gcn5delta and spt10delta cells were found to be more sensitive. This new protocol is sensitive, provides quantifiable data, offers increased screening capability and speed compared to the colony formation test.",Saccharomyces cerevisiae,uv,,
16678471,10.1016/j.mrgentox.2006.02.005,,no_pmc,2006,Mutation research,"Antigenotoxic effects of three essential oils in diploid yeast (Saccharomyces cerevisiae) after treatments with UVC radiation, 8-MOP plus UVA and MMS.","Essential oils (EOs) extracted from medicinal plants such as Origanum compactum, Artemisia herba alba and Cinnamomum camphora are known for their beneficial effects in humans. The present study was undertaken to investigate their possible antigenotoxic effects in an eukaryotic cell system, the yeast Saccharomyces cerevisiae. The EOs alone showed some cytotoxicity and cytoplasmic petite mutations, i.e. mitochondrial damage, but they were unable to induce nuclear genetic events. In combination with exposures to nuclear mutagens such as 254-nm UVC radiation, 8-methoxypsoralen (8-MOP) plus UVA radiation and methylmethane sulfonate (MMS), treatments with these EOs produced a striking increase in the amount of cytoplasmic petite mutations but caused a significant reduction in revertants and mitotic gene convertants induced among survivors of the diploid tester strain D7. In a corresponding rho0 strain, the level of nuclear genetic events induced by the nuclear mutagens UVC and 8-MOP plus UVA resulted in the same reduced level as the combined treatments with the EOs. This clearly suggests a close relationship between the enhancement of cytoplasmic petites (mitochondrial damage) in the presence of the EOs and the reduction of nuclear genetic events induced by UVC or 8-MOP plus UVA. After MMS plus EO treatment, induction of these latter events was comparable at least per surviving fraction in wildtype and rho0 cells, and apparently less dependent on cytoplasmic petite induction. Combined treatments with MMS and EOs clearly triggered switching towards late apoptosis/necrosis indicating an involvement of this phenomenon in EO-induced cell killing and concomitant decreases in nuclear genetic events. After UVC and 8-MOP plus UVA plus EO treatments, little apoptosis and necrosis were observed. The antigenotoxic effects of the EOs appeared to be predominantly linked to the induction of mitochondrial dysfunction.",Saccharomyces cerevisiae,uv,,
16607478,10.1007/s11010-006-9173-z,,no_pmc,2006,Molecular and cellular biochemistry,DNA damage induced nucleotide excision repair in Saccharomyces cerevisiae.,"Nucleotide excision repair (NER) is the most versatile and universal pathway of DNA repair that is capable of repairing virtually any damages other than a double strand break (DSB). This pathway has been shown to be inducible in several systems. However, question of a threshold and the nature of the damage that can signal induction of this pathway remain poorly understood. In this study it has been shown that prior exposure to very low doses of osmium tetroxide enhanced the survival of wild type Saccharomyces cerevisiae when the cells were challenged with UV light. Moreover, it was also found that osmium tetroxide treated rad3 mutants did not show enhanced survival indicating an involvement of nucleotide excision repair in the enhanced survival. To probe this further the actual removal of pyrimidine dimers by the treated and control cells was studied. Osmium tetroxide treated cells removed pyrimidine dimers more efficiently as compared to control cells. This was confirmed by measuring the in vitro repair synthesis in cell free extracts prepared from control and primed cells. It was found that the uptake of active (32)P was significantly higher in the plasmid substrates incubated with extracts of primed cells. This induction is dependent on de novo synthesis of proteins as cycloheximide treatment abrogated this response. The nature of induced repair was found to be essentially error free. Study conclusively shows that NER is an inducible pathway in Saccharomyces cerevisiae and its induction is dependent on exposure to a threshold of a genotoxic stress.",Saccharomyces cerevisiae,uv,,
16508005,10.1128/MCB.26.6.2297-2308.2006,PMC1430278,pmc_not_oa,2006,Molecular and cellular biology,The biological impact of the human master regulator p53 can be altered by mutations that change the spectrum and expression of its target genes.,"Human tumor suppressor p53 is a sequence-specific master regulatory transcription factor that targets response elements (REs) in many genes. p53 missense mutations in the DNA-binding domain are often cancer associated. As shown with systems based on the yeast Saccharomyces cerevisiae, p53 mutants can alter the spectra and intensities of transactivation from individual REs. We address directly in human cells the relationship between changes in the p53 master regulatory network and biological outcomes. Expression of integrated, tightly regulated DNA-binding domain p53 mutants resulted in many patterns of apoptosis and survival following UV or ionizing radiation, or spontaneously. These patterns reflected changes in the spectra and activities of target genes, as demonstrated for P21, MDM2, BAX, and MSH2. Thus, as originally proposed for ""master genes of diversity,"" p53 mutations in human cells can differentially influence target gene transactivation, resulting in a variety of biological consequences which, in turn, might be expected to influence tumor development and therapeutic efficacy.",Saccharomyces cerevisiae,uv,,
16496577,10.4315/0362-028x-69.2.362,,no_pmc,2006,Journal of food protection,Inactivation of Saccharomyces cerevisiae and polyphenoloxidase in mango nectar treated with UV light.,"Fresh mango nectar was processed by UV light at five flow rates (0.073 to 0.451 liter/min) and five UV light doses (75 to 450 kJ/m2) to evaluate total microbial load, Saccharomyces cerevisiae survival, and polyphenoloxidase activity. UV systems containing an inner mercury lamp (254 nm) each with intensity of 25 mW/cm2 were used as germicidal sources. In addition, mango nectar was treated for 15 min at 0.073 and 0.451 liter/min, stored at 3 degrees C, and evaluated periodically for total microbial count, yeast count, color, and polyphenoloxidase activity. The first-order kinetics modeling found that DUV-values in mango nectar ranged from 27.9 to 10.9 min (R2 > 0.950) and 26.0 to 11.8 min (R2 > 0.962) for total microbial count and yeast count, respectively. The maximum log reduction (CFU per milliliter) was 2.71 and 2.94 for total microbial count and yeast count, respectively, after 30 min of UV treatment at 0.451 liter/min. DUV-values ranging from 156 to 204 min were observed for polyphenoloxidase activity. The remaining polyphenoloxidase activity after 30 min of UV treatment at 0.451 liter/min was 19 +/- 4%. Initial microbial load and yeast in stored mango nectar were reduced in the range 2.86 to 3.41 and 1.82 to 1.97 log (CFU/ml) cycles, respectively. No substantial microbial growth was observed prior to 20 days of storage. Averages of 1,055 +/- 32, 803 +/- 32, and 710 +/- 37 enzyme activity units were observed in mango nectar UV processed at 0, 0.073, and 0.451 liter/min, respectively, during the entire storage period. However, mango nectar treated at 0.073 and 0.451 liter/min maintained a yellow and yellow-orange color, respectively, after 26 days of storage.",Saccharomyces cerevisiae,uv,,
16387871,10.1534/genetics.105.052480,PMC1456278,pmc_not_oa,2006,Genetics,The in vivo characterization of translesion synthesis across UV-induced lesions in Saccharomyces cerevisiae: insights into Pol zeta- and Pol eta-dependent frameshift mutagenesis.,"UV irradiation, a known carcinogen, induces the formation of dipyrimidine dimers with the predominant lesions being cyclobutane pyrimidine dimers (CPDs) and pyrimidine (6-4) pyrimidone adducts (6-4PPs). The relative roles of the yeast translesion synthesis DNA polymerases Pol zeta and Pol eta in UV survival and mutagenesis were examined using strains deficient in one or both polymerases. In addition, photoreactivation was used to specifically remove CPDs, thus allowing an estimate to be made of the relative contributions of CPDs vs. 6-4PPs to overall survival and mutagenesis. In terms of UV-induced mutagenesis, we focused on the +1 frameshift mutations detected by reversion of the lys2deltaA746 allele, as Pol zeta produces a distinct mutational signature in this assay. Results suggest that CPDs are responsible for most of the UV-associated toxicity as well as for the majority of UV-induced frameshift mutations in yeast. Although the presence of Pol eta generally suppresses UV-induced mutagenesis, our data suggest a role for this polymerase in generating some classes of +1 frameshifts. Finally, the examination of frameshift reversion spectra indicates a hierarchy between Pol eta and Pol zeta with respect to the bypass of UV-induced lesions.",Saccharomyces cerevisiae,uv,,
16314670,10.1194/jlr.D500033-JLR200,,no_pmc,2006,Journal of lipid research,Reconstituted high density lipoprotein enriched with the polyene antibiotic amphotericin B.,"The polyene antibiotic amphotericin B (AMB) is an effective antifungal agent whose therapeutic potential is limited by poor aqueous solubility and toxicity toward host tissues. Addition of apolipoprotein A-I to a multilamellar phospholipid vesicle dispersion containing 20% (w/w) AMB induces the formation of reconstituted high density lipoprotein (rHDL), with solubilization of the antibiotic. Density gradient ultracentrifugation resulted in flotation of the complexes to a density of 1.16 g/ml, and negative stain electron microscopy revealed a population of disk-shaped particles. Native gradient polyacrylamide gel electrophoresis indicated a particle diameter of approximately 8.5 nm. Absorbance spectroscopy provided evidence for AMB integration into the lipid milieu. AMB-rHDLs were potent inhibitors of Saccharomyces cerevisiae growth, yielding 90% growth inhibition at <1 microg/ml yeast culture. In studies with pathogenic fungal species, similar growth inhibition characteristics were observed. Compared with AMB-deoxycholate micelles, AMB-rHDL displayed greatly attenuated red blood cell hemolytic activity and decreased toxicity toward cultured hepatoma cells. In in vivo studies in immunocompetent mice, AMB-rHDLs were nontoxic at 10 mg/kg, and they showed efficacy in a mouse model of candidiasis at concentrations as low as 0.25 mg/kg. These results indicate that AMB-rHDLs constitute a novel formulation that effectively solubilizes the antibiotic and elicits strong in vitro and in vivo antifungal activity with no observed toxicity at therapeutic doses.",Saccharomyces cerevisiae,uv,,
16296884,10.1667/rr3460.1,,no_pmc,2005,Radiation research,DNA strand breaks signal the induction of DNA double-strand break repair in Saccharomyces cerevisiae.,"Genotoxic stress induces a checkpoint signaling cascade to generate a stress response. Saccharomyces cerevisiae shows an altered radiation response under different type of stress. Although the induction of repair has been implicated in enhanced survival after exposure to the challenging stress, the nature of the signal remains poorly understood. This study demonstrates that low doses of gamma radiation and bleomycin induce RAD52-dependent recombination repair pathway in the wild-type strain D-261. Prior exposure of cells to DNA-damaging agents (gamma radiation or bleomycin) equips them better for the subsequent damage caused by challenging doses. However, exposure to UV light, which does not cause strand breaks, was ineffective. This was confirmed by PFGE studies. This indicates that the strand breaks probably serve as the signal for induction of the recombination repair pathway while pyrimidine dimers do not. The nature of the induced repair was investigated by mutation scoring in special strain D-7, which showed that the induced repair is essentially error free.",Saccharomyces cerevisiae,uv,,
16157879,10.1073/pnas.0504497102,PMC1224634,pmc_not_oa,2005,Proceedings of the National Academy of Sciences of the United States of America,"UVA radiation is highly mutagenic in cells that are unable to repair 7,8-dihydro-8-oxoguanine in Saccharomyces cerevisiae.","UVA (320-400 nm) radiation constitutes >90% of the environmentally relevant solar UV radiation, and it has been proposed to have a role in skin cancer and aging. Because of the popularity of UVA tanning beds and prolonged periods of sunbathing, the potential deleterious effect of UVA has emerged as a source of concern for public health. Although generally accepted, the impact of DNA damage on the cytotoxic, mutagenic, and carcinogenic effect of UVA radiation remains unclear. In the present study, we investigated the sensitivity of a panel of yeast mutants affected in the processing of DNA damage to the lethal and mutagenic effect of UVA radiation. The data show that none of the major DNA repair pathways, such as base excision repair, nucleotide excision repair, homologous recombination, and postreplication repair, efficiently protect yeast from the lethal action of UVA radiation. In contrast, the results show that the Ogg1 DNA glycosylase efficiently prevents UVA-induced mutagenesis, suggesting the formation of oxidized guanine residues. Furthermore, sequence analysis of UVA-induced canavanine-resistant mutations reveals a bias in favor of GC-->TA events when compared with spontaneous or H(2)O(2)-, UVC-, and gamma-ray- induced canavanine-resistant mutations in the WT strain. Taken together, our data point out a major role of oxidative DNA damage, mostly 7,8-dihydro-8-oxoguanine, in the genotoxicity of UVA radiation in the yeast Saccharomyces cerevisiae. Therefore, the capacity of skin cells to repair 7,8-dihydro-8-oxoguanine may be a key parameter in the mutagenic and carcinogenic effect of UVA radiation in humans.",Saccharomyces cerevisiae,uv,,
16135799,10.1128/MCB.25.18.8074-8083.2005,PMC1234317,pmc_not_oa,2005,Molecular and cellular biology,Role of the Schizosaccharomyces pombe F-Box DNA helicase in processing recombination intermediates.,"In an effort to identify novel genes involved in recombination repair, we isolated fission yeast Schizosaccharomyces pombe mutants sensitive to methyl methanesulfonate (MMS) and a synthetic lethal with rad2. A gene that complements such mutations was isolated from the S. pombe genomic library, and subsequent analysis identified it as the fbh1 gene encoding the F-box DNA helicase, which is conserved in mammals but not conserved in Saccharomyces cerevisiae. An fbh1 deletion mutant is moderately sensitive to UV, MMS, and gamma rays. The rhp51 (RAD51 ortholog) mutation is epistatic to fbh1. fbh1 is essential for viability in stationary-phase cells and in the absence of either Srs2 or Rqh1 DNA helicase. In each case, lethality is suppressed by deletion of the recombination gene rhp57. These results suggested that fbh1 acts downstream of rhp51 and rhp57. Following UV irradiation or entry into the stationary phase, nuclear chromosomal domains of the fbh1Delta mutant shrank, and accumulation of some recombination intermediates was suggested by pulsed-field gel electrophoresis. Focus formation of Fbh1 protein was induced by treatment that damages DNA. Thus, the F-box DNA helicase appears to process toxic recombination intermediates, the formation of which is dependent on the function of Rhp51.",Saccharomyces cerevisiae,uv,,
15888442,10.1074/jbc.C500181200,,no_pmc,2005,The Journal of biological chemistry,Characterization of lysine 56 of histone H3 as an acetylation site in Saccharomyces cerevisiae.,"Post-translational histone modifications abound and regulate multiple nuclear processes. Most modifications are targeted to the amino-terminal domains of histones. Here we report the identification and characterization of acetylation of lysine 56 within the core domain of histone H3. In the crystal structure of the nucleosome, lysine 56 contacts DNA. Phenotypic analysis suggests that lysine 56 is critical for histone function and that it modulates formamide resistance, ultraviolet radiation sensitivity, and sensitivity to hydroxyurea. We show that the acetylated form of histone H3 lysine 56 (H3-K56) is present during interphase, metaphase, and S phase. Finally, reverse genetic analysis indicates that none of the known histone acetyltransferases is solely responsible for H3-K56 acetylation in Saccharomyces cerevisiae.",Saccharomyces cerevisiae,uv,,
15533838,10.1016/j.dnarep.2004.08.007,,no_pmc,2005,DNA repair,The Saccharomyces cerevisiae PDS1 and RAD9 checkpoint genes control different DNA double-strand break repair pathways.,"In response to DNA damage, the Saccharomyces cerevisiae securin Pds1 blocks anaphase promotion by inhibiting ESP1-dependent degradation of cohesins. PDS1 is positioned downstream of the MEC1- and RAD9-mediated DNA damage-induced signal transduction pathways. Because cohesins participate in postreplicative repair and the pds1 mutant is radiation sensitive, we identified DNA repair pathways that are PDS1-dependent. We compared the radiation sensitivities and recombination phenotypes of pds1, rad9, rad51 single and double mutants, and found that whereas pds1 rad9 double mutants were synergistically more radiation sensitive than single mutants, pds1 rad51 mutants were not. To determine the role of PDS1 in recombinational repair pathways, we measured spontaneous and DNA damage-associated sister chromatid exchanges (SCEs) after exposure to X rays, UV and methyl methanesulfonate (MMS) and after the initiation of an HO endonuclease-generated double-strand break (DSB). The rates of spontaneous SCE and frequencies of DNA damage-associated SCE were similar in wild type and pds1 strains, but the latter exhibited reduced viability after exposure to DNA damaging agents. To determine whether pds1 mutants were defective in other pathways for DSB repair, we measured both single-strand annealing (SSA) and non-homologous end joining (NHEJ) in pds1 mutants. We found that the pds1 mutant was defective in SSA but efficient at ligating cohesive ends present on a linear plasmid. We therefore suggest that checkpoint genes control different pathways for DSB repair, and PDS1 and RAD9 have different roles in recombinational repair.",Saccharomyces cerevisiae,uv,,
15491646,10.1016/j.mrfmmm.2004.08.003,,no_pmc,2004,Mutation research,Loss of heterozygosity and DNA damage repair in Saccharomyces cerevisiae.,"Loss of heterozygosity (LOH) of tumor suppressor genes is a crucial step in the development of sporadic and hereditary cancer. Understanding how LOH events arise may provide an opportunity for the prevention or early intervention of cancer development. In an effort to investigate the source of LOH events, we constructed MATalphacan1Delta::LEU2 and MATa CAN1 haploid yeast strains and examined canavanine-resistance mutations in a MATa CAN1/MATalphacan1Delta::LEU2 heterozygote formed by mating UV-irradiated and nonirradiated haploids. An increase in LOH was observed when the irradiated CAN1 haploid was mated with nonirradiated can1Delta::LEU2, while reversed irradiation only marginally increased LOH. In the rad51Delta background, allelic crossover type LOH increased following UV irradiation but not gene conversion. In the rad52Delta background, neither type of LOH increased. The chromosome structure following LOH and the requirement for Rad51 and Rad52 proteins indicated the involvement of gene conversion, allelic crossover and break-induced replication. We argued that LOH events could have occurred during the repair of double-strand breaks on a functional (damaged) but not nonfunctional (undamaged) chromosome through recombination.",Saccharomyces cerevisiae,uv,,
15282293,10.1128/MCB.24.16.6907-6918.2004,PMC479735,pmc_not_oa,2004,Molecular and cellular biology,Kinetochores prevent repair of UV damage in Saccharomyces cerevisiae centromeres.,"Centromeres form specialized chromatin structures termed kinetochores which are required for accurate segregation of chromosomes. DNA lesions might disrupt protein-DNA interactions, thereby compromising segregation and genome stability. We show that yeast centromeres are heavily resistant to removal of UV-induced DNA lesions by two different repair systems, photolyase and nucleotide excision repair. Repair resistance persists in G(1)- and G(2)/M-arrested cells. Efficient repair was obtained only by disruption of the kinetochore structure in a ndc10-1 mutant, but not in cse4-1 and cbf1 Delta mutants. Moreover, UV photofootprinting and DNA repair footprinting showed that centromere proteins cover about 120 bp of the centromere elements CDEII and CDEIII, including 20 bp of flanking CDEIII. Thus, DNA lesions do not appear to disrupt protein-DNA interactions in the centromere. Maintaining a stable kinetochore structure seems to be more important for the cell than immediate removal of DNA lesions. It is conceivable that centromeres are repaired by postreplication repair pathways.",Saccharomyces cerevisiae,uv,,
15229228,10.1074/jbc.M403326200,,no_pmc,2004,The Journal of biological chemistry,Homo-oligomerization is the essential function of the tandem BRCT domains in the checkpoint protein Crb2.,"BRCT (BRCA1 C terminus) domains are frequently found as a tandem repeat in proteins involved in DNA damage responses, such as Saccharomyces cerevisiae Rad9, human 53BP1 and BRCA1. Tandem BRCT domains mediate protein-protein and protein-DNA interactions. However, the functional significance of these interactions is largely unknown. Here we report the oligomerization of Schizosaccharomyces pombe checkpoint protein Crb2 through its tandem BRCT domains. Truncated Crb2 without BRCT domains is defective in DNA damage checkpoint signaling. However, addition of either of two heterologous dimerization motifs largely restores the functions of truncated Crb2 without BRCT domains. Replacement of Crb2 BRCT domains with a dimerization motif also renders cells resistant to the dominant negative effect of overexpressing Crb2 BRCT domains. These results demonstrate that the crucial function of the tandem BRCT domains is to oligomerize Crb2.",Saccharomyces cerevisiae,uv,,
15169880,10.1128/MCB.24.12.5130-5143.2004,PMC419856,pmc_not_oa,2004,Molecular and cellular biology,A new Saccharomyces cerevisiae strain with a mutant Smt3-deconjugating Ulp1 protein is affected in DNA replication and requires Srs2 and homologous recombination for its viability.,"The Saccharomyces cerevisiae Srs2 protein is involved in DNA repair and recombination. In order to gain better insight into the roles of Srs2, we performed a screen to identify mutations that are synthetically lethal with an srs2 deletion. One of them is a mutated allele of the ULP1 gene that encodes a protease specifically cleaving Smt3-protein conjugates. This allele, ulp1-I615N, is responsible for an accumulation of Smt3-conjugated proteins. The mutant is unable to grow at 37 degrees C. At permissive temperatures, it still shows severe growth defects together with a strong hyperrecombination phenotype and is impaired in meiosis. Genetic interactions between ulp1 and mutations that affect different repair pathways indicated that the RAD51-dependent homologous recombination mechanism, but not excision resynthesis, translesion synthesis, or nonhomologous end-joining processes, is required for the viability of the mutant. Thus, both Srs2, believed to negatively control homologous recombination, and the process of recombination per se are essential for the viability of the ulp1 mutant. Upon replication, mutant cells accumulate single-stranded DNA interruptions. These structures are believed to generate different recombination intermediates. Some of them are fixed by recombination, and others require Srs2 to be reversed and fixed by an alternate pathway.",Saccharomyces cerevisiae,uv,,
15137512,10.1562/2003-11-21-ra.1,,no_pmc,2004,Photochemistry and photobiology,Survival and recovery of yeast cells after simultaneous treatment of UV light radiation and heat.,"Cell survival, synergistic interaction, liquid-holding recovery (LHR) kinetics and inactivation forms after the simultaneous treatment with UV light (254 nm) and various high temperatures were studied in diploid yeast cells Saccharomyces cerevisiae. The synergistic interaction was observed within a certain temperature range in which there was a temperature that maximizes the synergistic effect. The LHR study revealed that both the extent and the rate of recovery greatly decreased with the increase in exposure temperature. A quantitative approach describing the LHR process as a decrease in the effective radiation dose was used to estimate the probability of recovery per unit time and the irreversible component of damage. Using the experimental data obtained and the mathematical model described, it was shown that the irreversible component, i.e. the fraction of cells incapable of recovery, increased with the exposure temperature, whereas the recovery constant, i.e. the probability of recovery per unit time, was independent of the exposure temperature. The increase in the irreversible component was accompanied by an increase in cell death without postirradiation division. It is concluded based on this that the synergistic interaction of UV light radiation and hyperthermia in yeast cells is not related to the impairment of the recovery process itself and that it may be attributed to an increased yield of the irreversible damage.",Saccharomyces cerevisiae,uv,,
15083732,10.4315/0362-028x-67.4.787,,no_pmc,2004,Journal of food protection,Efficiency of pulsed UV light for microbial decontamination of food powders.,"The aim of this study was to evaluate the efficiency of pulsed light on the destruction of dried microorganisms on fluidized glass beads and to determine treatment parameters (energy level, water activity, final product quality) for process optimization. The applied drying method allowed microorganisms to remain viable on glass beads or dried powdered products with viability yields approaching 100%. The pulsed UV light system enabled an efficient fluidization of food powders, even for granular products (up to 5 mm diameter) and avoided shadowed areas. For Saccharomyces cerevisiae decontamination, the dose effect of UV rays was preponderant with glass beads and quartz plate, and in this case, 58 J/cm2 were required to decrease the microbial population by 7 log. For colored food powders (black pepper and wheat flour), the thermal effect of pulsed light dominated the UV effect.",Saccharomyces cerevisiae,uv,,
14743343,10.1002/em.10206,,no_pmc,2004,Environmental and molecular mutagenesis,Mutation induction in haploid yeast after split-dose radiation exposure. II. Combination of UV-irradiation and X-rays.,"Split-dose protocols can be used to investigate the kinetics of recovery from radiation damage and to elucidate the mechanisms of cell inactivation and mutation induction. In this study, a haploid strain of the yeast, Saccharomyces cerevisiae, wild-type with regard to radiation sensitivity, was irradiated with 254-nm ultraviolet (UV) light and then exposed to X-rays after incubation for 0-6 hr. The cells were incubated either on nutrient medium or salt agar between the treatments. Loss of reproductive ability and mutation to canavanine resistance were measured. When the X-ray exposure immediately followed UV-irradiation, the X-ray survival curves had the same slope irrespective of the pretreatment, while the X-ray mutation induction curves were changed from linear to linear quadratic with increasing UV fluence. Incubations up to about 3 hr on nutrient medium between the treatments led to synergism with respect to cell inactivation and antagonism with respect to mutation, but after 4-6 hr the two treatments acted independently. Incubation on salt agar did not cause any change in the survival curves, but there was a strong suppression of X-ray-induced mutation with increasing UV fluence. On the basis of these results, we suggest that mutation after combined UV and X-ray exposure is affected not only by the induction and suppression of DNA repair processes, but also by radiation-induced modifications of cell-cycle progression and changes in the expression of the mutant phenotype.",Saccharomyces cerevisiae,uv,,
14622406,10.1046/j.1365-2958.2003.03759.x,,no_pmc,2003,Molecular microbiology,The nuclear actin-related protein Act3p/Arp4p of Saccharomyces cerevisiae is involved in transcription regulation of stress genes.,"A mutational analysis of the essential nuclear actin-related protein of Saccharomyces cerevisiae, Act3p/Arp4p, was performed. The five residues chosen for substitution were amino acids conserved between actin and Act3p/Arp4p, the tertiary structure of which most probably resembles that of actin. Two thermosensitive (ts) mutants, a single and a double point mutant, and one lethal double point mutant were obtained. Both ts mutants were formamide-sensitive which supports a structural relatedness of Act3p/Arp4p to actin; they were also hypersensitive against hydroxyurea and ultraviolet irradiation pointing to a possible role of Act3p/Arp4p in DNA replication and repair. Their 'suppressor of Ty' (SPT) phenotype, observed with another ts mutant of Act3p/Arp4p before, suggested involvement of Act3p/Arp4p in transcription regulation. Accordingly, genome-wide expression profiling revealed misregulated transcription in a ts mutant of a number of genes, among which increased expression of various stress-responsive genes (many of them requiring Msn2p/Msn4p for induction) was the most salient result. This provides an explanation for the mutant's enhanced resistance to severe thermal and oxidative stress. Thus, Act3p/Arp4p takes an important part in the repression of stress-induced genes under non-stress conditions.",Saccharomyces cerevisiae,uv,,
14599746,10.1016/j.dnarep.2003.08.005,,no_pmc,2003,DNA repair,Fission yeast Uve1 and Apn2 function in distinct oxidative damage repair pathways in vivo.,"In Schizosaccharomyces pombe, the endonuclease Uve1 functions as the first step in an alternate UV photo-product repair pathway that is distinct from nucleotide excision repair (NER). Based upon the broad substrate specificity of Uve1 in vitro, and the observation that Uve1 mutants accumulate spontaneous mutations at an elevated rate in vivo, we and others have hypothesized that this protein might have a function in a mutation avoidance pathway other than UV photo-product repair. We show here that fission yeast Uve1 also functions in oxidative damage repair in vivo. We have determined the spectrum of spontaneous mutations that arise in uve1 null (uve1 degrees ) cells and have observed that both G-->T(C-->A) and T-->G(A-->C) transversions occur at an increased rate relative to wildtype cells. These mutations are indicative of unrepaired oxidative DNA damage and are very similar to the mutation spectrum observed in 8-oxoguanine glycosylase (OGG1) mutants in Saccharomyces cerevisiae. We have generated an apn2 null (apn2 degrees ) strain and shown that it is mildly sensitive to H(2)O(2). Furthermore we have also shown that apn2 degrees cells have an elevated rate of spontaneous mutation that is similar to uve1 degrees. The phenotype of apn2 degrees uve1 degrees double mutants indicates that these genes define distinct spontaneous mutation avoidance pathways. While uve1 degrees cells show only a modest sensitivity to the oxidizing agent hydrogen peroxide (H(2)O(2)), both uve1 degrees and apn2 degrees cells also display a marked increased in mutation rate following exposure to H(2)O(2) doses. Collectively these data demonstrate that Uve1 is a component of multiple alternate repair pathways in fission yeast and suggest a possible role for Uve1 in a general alternate incision repair pathway in eukaryotes.",Saccharomyces cerevisiae,uv,,
14517346,,,no_pmc,2003,Molecular cancer research : MCR,Decreased frequency and highly aberrant spectrum of ultraviolet-induced mutations in the hprt gene of mouse fibroblasts expressing antisense RNA to DNA polymerase zeta.,"In the budding yeast Saccharomyces cerevisiae, DNA polymerase zeta (pol zeta) is responsible for the great majority of mutations generated during error-prone translesion replication of DNA that contains UV-induced lesions. The catalytic subunit of pol zeta is encoded by the Rev3 gene. The orthologue of Rev3 has been cloned from higher eukaryotic cells, including human, but its role in mutagenesis and carcinogenesis remains obscure. Investigation into the cellular function of pol zeta has been hindered by the fact that Rev3 knockout mice do not survive beyond midgestation, and embryonic stem cells used to derive these mice are not genetically stable. We have generated a transgenic mouse that expresses antisense RNA transcripts to mRev3 endogeneous RNA. These mice are viable, have greatly reduced levels of Rev3 transcript, and have reduced levels of B cells and impaired development of high-affinity memory B cells. Here, we report that exposure of fibroblasts derived from these mice to UV resulted in a 4-5-fold reduction in mutant frequency at the hprt locus at every dose examined, and the mutation spectrum was highly aberrant compared with the control cells. In the control cells, 80% of the mutations were transitions and approximately 75% of these arose from photoproducts in the putative leading strand template. Strikingly, in transgenic cells, most of the mutations were transversions and there was a complete loss of strand bias. This mutation spectrum is highly aberrant and is similar to that induced by UV in human xeroderma pigmentosum variant cells, which lack polymerase eta. These data indicate that most UV-induced mutations are dependent on DNA pol zeta, a function that has been conserved from yeast to higher eukaryotic cells. However, in mammalian cells, other DNA polymerase(s) may accomplish error-prone translesion replication and are responsible for residual UV mutagenesis observed in the absence of pol zeta. Further, these data support a central role for DNA polymerase eta in the error-free bypass of UV photoproducts. The antisense Rev3 mice should be a useful model to study mutagenic lesion bypass by pol zeta in mammalian cells and to investigate the role this polymerase plays in carcinogenesis.",Saccharomyces cerevisiae,uv,,
14516768,10.1016/s1087-1845(03)00089-6,,no_pmc,2003,Fungal genetics and biology : FG & B,The photolyase gene from the plant pathogen Fusarium oxysporum f. sp. lycopersici is induced by visible light and alpha-tomatine from tomato plant.,"Survival of irradiated spores from Fusarium oxysporum with ultraviolet radiation (UV) was increased following exposition to visible light, indicating that this phytopathogenic fungus has a mechanism of photoreactivation able to counteract the lethal effects of UV. A genomic sequence containing the complete photolyase gene (phr1) from F. oxysporum was isolated by heterologous hybridisation with the Neurospora crassa photolyase gene. The F. oxysporum phr1 cDNA was isolated and expressed in a photolyase deficient Escherichia coli strain. The complementation of the photoreactivation deficiency of this E. coli mutant by phr1 cDNA demonstrated that the photolyase gene from F. oxysporum encodes a functional protein. The F. oxysporum PHR1 protein has a domain characteristic of photolyases from fungi (Trichoderma harziaium, N. crassa, Magnaporthe grisea, Saccharomyces cerevisiae) to bacteria (E. coli), and clusters in the photolyases phylogenetic tree with fungal photolyases. The F. oxysporum phr1 gene was inducible by visible light. The phr1 expression was also detected in presence of alpha-tomatine, a glycoalkaloid from tomato damaging cell membranes, suggesting that phr1 is induced by this cellular stress.",Saccharomyces cerevisiae,uv,,
12973299,10.1038/sj.embor.embor935,PMC1326393,pmc_not_oa,2003,EMBO reports,The budding yeast Rad9 checkpoint complex: chaperone proteins are required for its function.,"Rad9 functions in the DNA-damage checkpoint pathway of Saccharomyces cerevisiae. In whole-cell extracts, Rad9 is found in large, soluble complexes, which have functions in amplifying the checkpoint signal. The two main soluble forms of Rad9 complexes that are found in cells exposed to DNA-damaging treatments were purified to homogeneity. Both of these Rad9 complexes contain the Ssa1 and/or Ssa2 chaperone proteins, suggesting a function for these proteins in checkpoint regulation. Consistent with this possibility, genetic experiments indicate redundant functions for SSA1 and SSA2 in survival, G2/M-checkpoint regulation, and phosphorylation of both Rad9 and Rad53 after irradiation with ultraviolet light. Ssa1 and Ssa2 can now be considered as novel checkpoint proteins that are likely to be required for remodelling Rad9 complexes during checkpoint-pathway activation.",Saccharomyces cerevisiae,uv,,
12878500,10.1128/AAC.47.8.2424-2437.2003,PMC166077,pmc_not_oa,2003,Antimicrobial agents and chemotherapy,Molecular mechanisms of itraconazole resistance in Candida dubliniensis.,"It has previously been shown that overexpression of the CdMDR1 gene is a major contributor to resistance in fluconazole-resistant isolates of Candida dubliniensis. However, since CdMdr1p does not mediate transport of other azole drugs such as itraconazole, we investigated the molecular mechanisms of stable resistance to itraconazole obtained in three strains of C. dubliniensis (two with nonfunctional CdCDR1 genes and one with functional CdCDR1 genes) by serial exposure to this antifungal agent in vitro. Seven derivatives that were able to grow on agar medium containing 64 micro g of itraconazole per ml were selected for detailed analysis. These derivatives were resistant to itraconazole, fluconazole, and ketoconazole but were not cross resistant to inhibitors. CdMDR1 expression was unchanged in the seven resistant derivatives and their parental isolates; however, all seven derivatives exhibited increased levels of CdERG11 expression, and six of the seven derivatives exhibited increased levels of CdCDR1 expression compared to the levels of expression by their respective parental isolates. Except for one derivative, the level of rhodamine 6G efflux was decreased in the itraconazole-resistant derivatives compared to the level of efflux in their parental isolates, suggesting altered membrane properties in these derivatives. Analysis of their membrane sterol contents was consistent with a defective sterol C5,6-desaturase enzyme (CdErg3p), which was confirmed by the identification of mutations in the alleles (CdERG3) encoding this enzyme and their lack of functional complementation in a Saccharomyces cerevisiae erg3 mutant. The results of this study show that the loss of function of CdErg3p was the primary mechanism of in vitro-generated itraconazole resistance in six of the seven the C. dubliniensis derivatives. However, the mechanism(s) of itraconazole resistance in the remaining seventh derivative has yet to be determined.",Saccharomyces cerevisiae,uv,,
12857822,10.1104/pp.103.021808,PMC167080,pmc_not_oa,2003,Plant physiology,"Arabidopsis UVH6, a homolog of human XPD and yeast RAD3 DNA repair genes, functions in DNA repair and is essential for plant growth.","To evaluate the genetic control of stress responses in Arabidopsis, we have analyzed a mutant (uvh6-1) that exhibits increased sensitivity to UV light, a yellow-green leaf coloration, and mild growth defects. We have mapped the uvh6-1 locus to chromosome I and have identified a candidate gene, AtXPD, within the corresponding region. This gene shows sequence similarity to the human (Homo sapiens) XPD and yeast (Saccharomyces cerevisiae) RAD3 genes required for nucleotide excision repair. We propose that UVH6 is equivalent to AtXPD because uvh6-1 mutants carry a mutation in a conserved residue of AtXPD and because transformation of uvh6-1 mutants with wild-type AtXPD DNA suppresses both UV sensitivity and other defective phenotypes. Furthermore, the UVH6/AtXPD protein appears to play a role in repair of UV photoproducts because the uvh6-1 mutant exhibits a moderate defect in the excision of UV photoproducts. This defect is also suppressed by transformation with UVH6/AtXPD DNA. We have further identified a T-DNA insertion in the UVH6/AtXPD gene (uvh6-2). Plants carrying homozygous insertions were not detected in analyses of progeny from plants heterozygous for the insertion. Thus, homozygous insertions appear to be lethal. We conclude that the UVH6/AtXPD gene is required for UV resistance and is an essential gene in Arabidopsis.",Saccharomyces cerevisiae,uv,,
12810279,10.1016/s0168-1605(02)00509-3,,no_pmc,2003,International journal of food microbiology,Damage of yeast cells induced by pulsed light irradiation.,"DNA damage, such as formation of single strand breaks and pyrimidine dimers was induced in yeast cells after irradiation by pulsed light, which were essentially the same as observed with continuous ultraviolet (UV) light. The UV-induced DNA damage is slightly higher than seen with pulsed light. However, increased concentration of eluted protein and structural change in the irradiated yeast cells were observed only in the case of pulsed light. A difference in the inactivation effect between pulsed light and UV light was found and this suggested cell membrane damage induced by pulsed light irradiation. It is proposed that pulsed light can be used as an effective sterilizing method for the yeast Saccharomyces cerevisiae.",Saccharomyces cerevisiae,uv,,
12808094,10.1128/MCB.23.13.4522-4531.2003,PMC164854,pmc_not_oa,2003,Molecular and cellular biology,Loss of Sin3/Rpd3 histone deacetylase restores the DNA damage response in checkpoint-deficient strains of Saccharomyces cerevisiae.,"We previously reported that expression of the human forkhead/winged helix transcription factor, CHES1 (checkpoint suppressor 1; FOXN3), suppresses sensitivity to DNA damage and restores damage-induced G(2)/M arrest in checkpoint-deficient strains of Saccharomyces cerevisiae. We find that a functional glutathione S-transferase-Ches1 fusion protein binds in vivo to Sin3, a component of the S. cerevisiae Sin3/Rpd3 histone deacetylase complex. Checkpoint mutant strains with SIN3 deleted show increased resistance to UV irradiation, which is not further enhanced by CHES1 expression. Conversely, overexpression of SIN3 blocks the Ches1-mediated G(2)/M delay in response to DNA damage, which is consistent with Ches1 acting by inhibiting the Sin3/Rpd3 complex. Deletion of either SIN3 or RPD3 in rad9 or mec1 checkpoint mutant strains suppresses sensitivity to replication blocks and DNA damage resulting from Cdc9 ligase deficiency and UV irradiation. SIN3 or RPD3 deletions also restored G(2)/M arrest after DNA damage without concomitant Rad53 phosphorylation in mec1 mutant strains. This DNA damage response is absent in mad1 spindle checkpoint mutants. These data suggest that modulation of chromatin structure may regulate checkpoint responses in S. cerevisiae. Inhibition of histone deacetylation results in a DNA damage checkpoint response mediated by the spindle checkpoint pathway that compensates for loss of the primary DNA damage checkpoint pathway.",Saccharomyces cerevisiae,uv,,
12805645,10.1093/toxsci/kfg158,,no_pmc,2003,Toxicological sciences : an official journal of the Society of Toxicology,Compromised DNA repair enhances sensitivity of the yeast RNR3-lacZ genotoxicity testing system.,"The RNR3-lacZ genotoxicity testing system was developed based on the induction of a Saccharomyces cerevisiae RNR3-lacZ reporter gene in response to a broad range of DNA-damaging agents. In order to enhance the sensitivity of the RNR3-lacZ system, several deletion mutant strains representing different repair pathways were created and examined for their effects on RNR3-lacZ expression. It was found that inactivation of different DNA repair pathways has profound effects on the DNA damage induction of RNR3 expression. Although deletion of MAG1 in the base excision repair pathway enhances the detection sensitivity to DNA-alkylating agents, and deletion of RAD2 in the nucleotide excision repair pathway enhances the detection sensitivity to ultraviolet and agents that produce bulky lesions, inactivation of genes involved in the recombination repair and postreplication repair variably reduces RNR3-lacZ induction. This study not only helps to establish a more sensitive genotoxicity testing system but also suggests that certain eukaryotic DNA repair pathways are required for gene regulation in response to DNA damage and probably serve as sensors in the signal transduction cascade.",Saccharomyces cerevisiae,uv,,
12773185,10.1042/bst0310694,,no_pmc,2003,Biochemical Society transactions,Repair of UV damage in Halobacterium salinarum.,"Halobacterium is one of the few known Archaea that tolerates high levels of sunlight in its natural environment. Photoreactivation is probably its most important strategy for surviving UV irradiation and we have shown that both of the major UV photoproducts, cyclobutane pyrimidine dimers (CPDs) and (6-4) photoproducts, can be very efficiently repaired by photoreactivation in this organism. There are two putative photolyase gene homologues in the published genome sequence of Halobacterium sp. NRC-1. We have made a mutant deleted in one of these, phr2, and confirmed that this gene codes for a CPD photolyase. (6-4) photoproducts are still photoreactivated in the mutant so we are currently establishing whether the other homologue, phr1, codes for a (6-4) photolyase. We have also demonstrated an excision repair capacity that operates in the absence of visible light but the nature of this pathway is not yet known. There is probably a bacteria-type excision-repair mechanism, since homologues of uvrA, uvrB, uvrC and uvrD have been identified in the Halobacterium genome. However, there are also homologues of eukaryotic nucleotide-excision-repair genes ( Saccharomyces cerevisiae RAD3, RAD25 and RAD2 ) so there may be multiple repair mechanisms for UV damage in Halobacterium.",Saccharomyces cerevisiae,uv,,
12684384,10.1128/EC.2.2.351-361.2003,PMC154845,pmc_not_oa,2003,Eukaryotic cell,The Hog1 mitogen-activated protein kinase is essential in the oxidative stress response and chlamydospore formation in Candida albicans.,"Candida albicans mutants with mutations in mitogen-activated protein (MAP) kinase HOG1 displayed an increased sensitivity to agents producing reactive oxygen species, such as oxidants (menadione, hydrogen peroxide, or potassium superoxide), and UV light. Consistent with this finding, C. albicans Hog1 was activated not only in response to an increase in external osmolarity, as happens with its Saccharomyces cerevisiae homologue, but also in response to hydrogen peroxide. The Hog1-mediated response to oxidative stress was different from that of transcription factor Cap1, the homologue of S. cerevisiae Yap1, as shown by the different sensitivities to oxidants and the kinetics of cell death of cap1Delta, hog1, and hog1 cap1Delta mutants. Deletion of CAP1 did not influence the level of Hog1 phosphorylation, and deletion of HOG1 did not affect Cap1 nuclear localization. Moreover, we show that the HOG1 gene plays a role in chlamydospore formation, another oxygen-related morphogenetic event, as demonstrated by the fact that hog1 cells were unable to generate these thick-walled structures in several media through a mechanism different from that of the EFG1 regulator. This is the first demonstration of the role of the Hog1-mediated MAP kinase pathway in resistance to oxidative stress in pathogenic fungi, and it allows us to propose a molecular model for the oxidative stress response in C. albicans.",Saccharomyces cerevisiae,uv,,
12509247,10.1016/s1568-7864(02)00005-8,,no_pmc,2002,DNA repair,HSM2 (HMO1) gene participates in mutagenesis control in yeast Saccharomyces cerevisiae.,"We have previously reported about a new Saccharomyces cerevisiae mutation, hsm2-1, that results in increase of both spontaneous and UV-induced mutation frequencies but does not alter UV-sensitivity. Now HSM2 gene has been genetically and physically mapped and identified as a gene previously characterized as HMO1, a yeast homologue of human high mobility group genes HMG1/2. We found that hsm2 mutant is slightly deficient in plasmid-borne mismatch repair. We tested UV-induced mutagenesis in double mutants carrying hsm2-1 mutation and a mutation in a gene of principal damaged DNA repair pathways (rad2 and rev3) or in a mismatch repair gene (pms1 and recently characterized in our laboratory hsm3). The frequency of UV-induced mutations in hsm2 rev3 was not altered in comparison with single rev3 mutant. In contrast, the interaction of hsm2-1 with rad2 and pms1 was characterized by an increased frequency of UV-induced mutations in comparison with single rad2 and pms1 mutants. The UV-induced mutation frequency in double hsm2 hsm3 mutant was lower than in the single hsm2 and hsm3 mutants. The role of the HSM2 gene product in control of mutagenesis is discussed.",Saccharomyces cerevisiae,uv,,
12509234,10.1016/s1568-7864(02)00032-0,,no_pmc,2002,DNA repair,Inactivation of homologous recombination suppresses defects in topoisomerase III-deficient mutants.,"The Saccharomyces cerevisiae TOP3 gene encodes the type IA topoisomerase (Top3p) that is highly conserved in evolution. Deletion of TOP3 leads to a reduction in cell viability, hyper-recombination between repetitive DNA sequences, and abnormalities in both cell cycle progression and responses to DNA damaging agents. Deletion of SGS1, encoding the sole RecQ family helicase in S. cerevisiae, strongly suppresses the phenotypic effects of loss of TOP3 function. Here, we show that many of the adverse phenotypic effects of TOP3 deletion can also be partially alleviated by disruption of homologous recombination (HR) functions. This genetic interaction is seen both in strains deleted for TOP3 and in wild-type strains over-expressing a dominant-negative Top3p mutant form that confers a top3-like phenotype. Moreover, we show that this genetic interaction is conserved in the distantly-related fission yeast, Schizosaccharomyces pombe. Our results implicate topoisomerase III enzymes in recombination repair events required for cellular protection against DNA damaging agents and DNA replication inhibitors.",Saccharomyces cerevisiae,uv,,
12501418,10.2323/jgam.44.243,,no_pmc,1998,The Journal of general and applied microbiology,Exposure to low dose of gamma radiation enhances the excision repair in Saccharomyces cerevisiae.,"The effect of low doses of ionizing and nonionizing radiation on the radiation response of yeast Saccharomyces cerevisiae toward ionizing and nonionizing radiation was studied. The wild-type strain D273-10B on exposure to 54 Gy gamma radiation (resulting in about 10% cell killing) showed enhanced resistance to subsequent exposure to UV radiation. This induced UV resistance increased with the incubation time between the initial gamma radiation stress and the UV irradiation. Exposure to low doses of UV light on the other hand showed no change in gamma or UV radiation response of this strain. The strains carrying a mutation at rad52 behaved in a way similar to the wild type, but with slightly reduced induced response. In contrast to this, the rad3 mutants, defective in excision repair, showed no induced UV resistance. Removal of UV-induced pyrimidine dimers in wild-type yeast DNA after UV irradiation was examined by analyzing the sites recognized by UV endonuclease from Micrococcus luteus. The samples that were exposed to low doses of gamma radiation before UV irradiation were able to repair the pyrimidine dimers more efficiently than the samples in which low gamma irradiation was omitted. The nature of enhanced repair was studied by scoring the frequency of induced gene conversion and reverse mutation at trp and ilv loci respectively in strain D7, which showed similar enhanced UV resistance induced by low-dose gamma irradiation. The induced repair was found to be essentially error-free. These results suggest that irradiation of strain D273-10B with low doses of gamma radiation enhances its capability for excision repair of UV-induced pyrimidine dimers.",Saccharomyces cerevisiae,uv,,
12490727,10.1093/nar/gnf136,PMC140085,pmc_not_oa,2002,Nucleic acids research,Promoter-trapping in Saccharomyces cerevisiae by radiation-assisted fragment insertion.,"Non-homologous insertion (NHI) of DNA fragments into genomic DNA is a method widely used in insertional mutagenesis screens. In the yeast Saccharomyces cerevisiae, the efficiency of NHI is very low. Here we report that its efficiency can be increased by gamma-irradiation of recipient cells at the time of transformation. Radiation-assisted NHI depends on YKU70, but its efficiency is not improved by inactivation of RAD5 or RAD52. In a pilot study, we generated 102 transformant clones expressing a lacZ reporter gene under standard conditions (30 degrees C, rich medium). The site of insertion was determined in a subset of eight clones in which lacZ expression was altered by UV-irradiation. A comparison with published data revealed that three of the eight genes identified in our screen have not been targeted by large-scale transposon-based insertion screens. This suggests that radiation-assisted NHI offers a more homogeneous coverage of the genome than methods relying on transposons or retroviral elements.",Saccharomyces cerevisiae,uv,,
12482937,10.1073/pnas.262669299,PMC139247,pmc_not_oa,2002,Proceedings of the National Academy of Sciences of the United States of America,A genome-wide screen for methyl methanesulfonate-sensitive mutants reveals genes required for S phase progression in the presence of DNA damage.,"We performed a systematic screen of the set of approximately 5,000 viable Saccharomyces cerevisiae haploid gene deletion mutants and have identified 103 genes whose deletion causes sensitivity to the DNA-damaging agent methyl methanesulfonate (MMS). In total, 40 previously uncharacterized alkylation damage response genes were identified. Comparison with the set of genes known to be transcriptionally induced in response to MMS revealed surprisingly little overlap with those required for MMS resistance, indicating that transcriptional regulation plays little, if any, role in the response to MMS damage. Clustering of the MMS response genes on the basis of their cross-sensitivities to hydroxyurea, UV radiation, and ionizing radiation revealed a DNA damage core of genes required for responses to a broad range of DNA-damaging agents. Of particular significance, we identified a subset of genes that show a specific MMS response, displaying defects in S phase progression only in the presence of MMS. These genes may promote replication fork stability or processivity during encounters between replication forks and DNA damage.",Saccharomyces cerevisiae,uv,,
12374756,10.1093/emboj/cdf534,PMC129066,pmc_not_oa,2002,The EMBO journal,RAD18 and RAD54 cooperatively contribute to maintenance of genomic stability in vertebrate cells.,"Translesion DNA synthesis (TLS) and homologous DNA recombination (HR) are two major pathways that account for survival after post-replicational DNA damage. TLS functions by filling gaps on a daughter strand that remain after DNA replication caused by damage on the mother strand, while HR can repair gaps and breaks using the intact sister chromatid as a template. The RAD18 gene, which is conserved from lower eukaryotes to vertebrates, is essential for TLS in Saccharomyces cerevisiae. To investigate the role of RAD18, we disrupted RAD18 by gene targeting in the chicken B-lymphocyte line DT40. RAD18(-/-) cells are sensitive to various DNA-damaging agents including ultraviolet light and the cross-linking agent cisplatin, consistent with its role in TLS. Interestingly, elevated sister chromatid exchange, which reflects HR- mediated post-replicational repair, was observed in RAD18(-/-) cells during the cell cycle. Strikingly, double mutants of RAD18 and RAD54, a gene involved in HR, are synthetic lethal, although the single mutant in either gene can proliferate with nearly normal kinetics. These data suggest that RAD18 plays an essential role in maintaining chromosomal DNA in cooperation with the RAD54-dependent DNA repair pathway.",Saccharomyces cerevisiae,uv,,
12077312,10.1073/pnas.132275199,PMC124375,pmc_not_oa,2002,Proceedings of the National Academy of Sciences of the United States of America,Transcriptional response of Saccharomyces cerevisiae to DNA-damaging agents does not identify the genes that protect against these agents.,"The recent completion of the deletion of all of the nonessential genes in budding yeast has provided a powerful new way of determining those genes that affect the sensitivity of this organism to cytotoxic agents. We have used this system to test the hypothesis that genes whose transcription is increased after DNA damage are important for the survival to that damage. We used a pool of 4,627 diploid strains each with homozygous deletion of a nonessential gene to identify those genes that are important for the survival of yeast to four DNA-damaging agents: ionizing radiation, UV radiation, and exposure to cisplatin or to hydrogen peroxide. In addition we measured the transcriptional response of the wild-type parental strain to the same DNA-damaging agents. We found no relationship between the genes necessary for survival to the DNA-damaging agents and those genes whose transcription is increased after exposure. These data show that few, if any, of the genes involved in repairing the DNA lesions produced in this study, including double-strand breaks, pyrimidine dimers, single-strand breaks, base damage, and DNA cross-links, are induced in response to toxic doses of the agents that produce these lesions. This finding suggests that the enzymes necessary for the repair of these lesions are at sufficient levels within the cell. The data also suggest that the nature of the lesions produced by DNA-damaging agents cannot easily be deduced from gene expression profiling.",Saccharomyces cerevisiae,uv,,
12021806,10.1007/s00253-002-0947-2,,no_pmc,2002,Applied microbiology and biotechnology,Viability and release of complexing compounds during accumulation of heavy metals by a brewer's yeast.,"Saccharomyces cerevisiae NCYC 1190 cells accumulated (after 1 h) lead and cadmium at similar levels, and to a lesser degree also copper. During heavy metal accumulation, there was a considerable loss of viability of copper-treated cells (about 99% in the first 20 min of contact with the metal), and a less pronounced lethal effect on cadmium- and lead-treated cells (about 66% and 46% after 1 h of contact with cadmium or lead, respectively) was detected. During copper accumulation, a leakage of UV-absorbing compounds and inorganic phosphate was observed; this did not occur with lead, whereas with cadmium a small amount of leakage of inorganic phosphate was detected. The filtrates of copper-treated cells contained copper-binding molecules. The copper-binding capacity of the filtrates increased with time according to the release of inorganic phosphate and UV-absorbing compounds. These compounds can bind an appreciable quantity of metal ions, making them unavailable for cell uptake and thus reducing the efficiency of heavy metals removal by yeast cells.",Saccharomyces cerevisiae,uv,,
11999393,10.1271/bbb.66.233,,no_pmc,2002,"Bioscience, biotechnology, and biochemistry",High-level TNF-alpha secretion and macrophage activity with soluble beta-glucans from Saccharomyces cerevisiae.,"We have previously reported that water-soluble beta-glucan completely devoid of mannoprotein and purified from the yeast cell wall effectively stimulated the macrophage function (Biosci. Biotechnol., Biochem., 65, 4, 837-841 (2001)). In this present study, to increase the yield of water-soluble beta-glucan, the wild type of Sacharomyces cerevisiae, JH, was treated with a combination of UV irradiation and laminarinase (endo-beta-(1,3)-glucanase) to yield the laminarinase-resistant mutants, JUL1 and JUL3. Water-soluble beta-glucans that were free of mannoprotein from JH, JUL1 and JUL3 were purified and their effects on TNF-alpha secretion and phagocytosis by macrophages were evaluated. Crude beta-glucan was first solubilized from the yeast cell wall by alkaline extraction and then subjected to an acid treatment. The residual mannoprotein was completely removed by DEAE and ConA chromatography. The yield of water-soluble beta-glucan in both mutants (JUL1, 5.11%; JUL3, 5.76%) was about 5-fold higher than that of the wild type (1.16%). The water-soluble beta-glucan from JH induced TNF-alpha secretion slightly more than that from JUL1 or JUL3: TNF-alpha secretion by JH at 50, 200, 500 microg/ml of beta-glucan was 11-17% more than that by JUL1 or JUL3 for the same treatment. Beta-glucan from the wild type stimulated phagocytosis slightly more than that from the mutants. These mutants could therefore effectively produce purified water-soluble beta-glucan with immune activity.",Saccharomyces cerevisiae,uv,,
11969400,10.1021/bi012077l,,no_pmc,2002,Biochemistry,Binding to cisplatin-modified DNA by the Saccharomyces cerevisiae HMGB protein Nhp6A.,"Nhp6A is an abundant non-histone chromatin-associated protein in Saccharomyces cerevisiae that contains a minor groove DNA binding motif called the HMG box. In this report, we show that Nhp6Ap binds to cisplatin intrastrand cross-links on duplex DNA with a 40-fold greater affinity than to unmodified DNA with the same sequence. Nevertheless, Nhp6Ap bound to cisplatinated DNA readily exchanges onto unmodified DNA. Phenanthroline-copper footprinting and two-dimensional NMR on complexes of wild-type and mutant Nhp6Ap with DNA were employed to probe the mode of binding to the cisplatin lesion. Recognition of the cisplatin adduct requires a surface-exposed phenylalanine on Nhp6Ap that promotes bending of DNA by inserting into the helix from the minor groove. We propose that Nhp6Ap targets the cisplatin adduct by means of intercalation by the phenylalanine and that it can bind in either orientation with respect to the DNA lesion. A methionine, which also inserts between base pairs and functions in target selection on unmodified DNA, plays no apparent role in recognition of the cisplatin lesion. Basic amino acids within the N-terminal arm of Nhp6Ap are required for high-affinity binding to the cisplatin adduct as well as to unmodified DNA. Cisplatin mediates its cytotoxicity by forming covalent adducts on DNA, and we find that Deltanhp6a/b mutants are hypersensitive to cisplatin in comparison with the wild-type strain. In contrast, Deltanhp6a/b mutants are slightly more resistant to hydrogen peroxide and ultraviolet irradiation. Therefore, Nhp6A/Bp appears to directly or indirectly function in yeast to enhance cellular resistance to cisplatin.",Saccharomyces cerevisiae,uv,,
11809813,10.1128/MCB.22.4.1233-1245.2002,PMC134644,pmc_not_oa,2002,Molecular and cellular biology,Developmental defects and male sterility in mice lacking the ubiquitin-like DNA repair gene mHR23B.,"mHR23B encodes one of the two mammalian homologs of Saccharomyces cerevisiae RAD23, a ubiquitin-like fusion protein involved in nucleotide excision repair (NER). Part of mHR23B is complexed with the XPC protein, and this heterodimer functions as the main damage detector and initiator of global genome NER. While XPC defects exist in humans and mice, mutations for mHR23A and mHR23B are not known. Here, we present a mouse model for mHR23B. Unlike XPC-deficient cells, mHR23B(-/-) mouse embryonic fibroblasts are not UV sensitive and retain the repair characteristics of wild-type cells. In agreement with the results of in vitro repair studies, this indicates that mHR23A can functionally replace mHR23B in NER. Unexpectedly, mHR23B(-/-) mice show impaired embryonic development and a high rate (90%) of intrauterine or neonatal death. Surviving animals display a variety of abnormalities, including retarded growth, facial dysmorphology, and male sterility. Such abnormalities are not observed in XPC and other NER-deficient mouse mutants and point to a separate function of mHR23B in development. This function may involve regulation of protein stability via the ubiquitin/proteasome pathway and is not or only in part compensated for by mHR23A.",Saccharomyces cerevisiae,uv,,
11799988,10.1016/s0273-1177(01)00391-x,,no_pmc,2001,Advances in space research : the official journal of the Committee on Space Research (COSPAR),The effects of microgravity on induced mutation in Escherichia coli and Saccharomyces cerevisiae.,"We examined whether microgravity influences the induced-mutation frequencies through in vivo experiments during space flight aboard the space shuttle Discovery (STS-91). We prepared dried samples of repair-deficient strains and parental strains of Escherichia (E.) coli and Saccharomyces (S.) cerevisiae given DNA damage treatment. After culture in space, we measured the induced-mutation frequencies and SOS-responses under microgravity. The experimental findings indicate that almost the same induced-mutation frequencies and SOS-responses of space samples were observed in both strains compared with the ground control samples. It is suggested that microgravity might not influence induced-mutation frequencies and SOS-responses at the stages of DNA replication and/or DNA repair. In addition, we developed a new experimental apparatus for space experiments to culture and freeze stocks of E. coli and S. cerevisiae cells.",Saccharomyces cerevisiae,uv,,
11788722,10.1093/nar/30.2.581,PMC99819,pmc_not_oa,2002,Nucleic acids research,"Involvement of rhp23, a Schizosaccharomyces pombe homolog of the human HHR23A and Saccharomyces cerevisiae RAD23 nucleotide excision repair genes, in cell cycle control and protein ubiquitination.","A functional homolog (rhp23) of human HHR23A and Saccharomyces cerevisiae RAD23 was cloned from the fission yeast Schizosaccharomyces pombe and characterized. Consistent with the role of Rad23 homologs in nucleotide excision repair, rhp23 mutant cells are moderately sensitive to UV light but demonstrate wild-type resistance to gamma-rays and hydroxyurea. Expression of the rhp23, RAD23 or HHR23A cDNA restores UV resistance to the mutant, indicating that rhp23 is a functional homolog of the human and S.cerevisiae genes. The rhp23::ura4 mutation also causes a delay in the G2 phase of the cell cycle which is corrected when rhp23, RAD23 or HHR23A cDNA is expressed. Rhp23 is present throughout the cell but is located predominantly in the nucleus, and the nuclear levels of Rhp23 decrease around the time of S phase in the cell cycle. Rhp23 is ubiquitinated at low levels, but overexpression of the rhp23 cDNA induces a large increase in ubiquitination of other proteins. Consistent with a role in protein ubiquitination, Rhp23 binds ubiquitin, as determined by two-hybrid analysis. Thus, the rhp23 gene plays a role not only in nucleotide excision repair but also in cell cycle regulation and the ubiquitination pathways.",Saccharomyces cerevisiae,uv,,
11754637,10.1667/0033-7587(2002)157[0019:aacofl]2.0.co;2,,no_pmc,2002,Radiation research,An antisense construct of full-length human RAD50 cDNA confers sensitivity to ionizing radiation and alkylating agents on human cell lines.,"In Saccharomyces cerevisiae, Rad50 is reported to participate in the repair of double-stranded DNA breaks, and most rad50 mutants are unable to repair gamma-ray-induced DNA damage. In this study, we examined whether human RAD50 is involved in the repair of DNA damage induced by gamma radiation, radiomimetic alkylating agents, or UVB radiation in cultured human cells. Because homozygous null RAD50 mutant cells could not be isolated, human 293 embryonic kidney cells and A431 epithelial tumor cells were transfected with antisense RAD50 cDNA to obtain viable cell lines which expressed reduced RAD50. Selected individual clones were subjected to PCR-Southern and Western blot analyses to confirm the integrity of the antisense RAD50 construct and the reduced RAD50 expression levels. The cells engineered to express reduced RAD50 levels showed significantly increased sensitivity to gamma radiation, mitomycin C and methylmethane sulfonate compared with control cells that were transfected with the vector alone. However, there were no differences in viability of cells with reduced RAD50 levels and control cells treated with UVB radiation. These results indicate that human RAD50 is involved in the repair of DNA damage induced by gamma radiation and alkylating agents in mammalian cells and suggest the possible application of antisense RAD50 cDNA transfection as a radiation sensitizer in radiation oncology.",Saccharomyces cerevisiae,uv,,
11729144,10.1093/genetics/159.3.953,PMC1461873,pmc_not_oa,2001,Genetics,Dissection of the functions of the Saccharomyces cerevisiae RAD6 postreplicative repair group in mutagenesis and UV sensitivity.,"The RAD6 postreplicative repair group participates in various processes of DNA metabolism. To elucidate the contribution of RAD6 to starvation-associated mutagenesis, which occurs in nongrowing cells cultivated under selective conditions, we analyzed the phenotype of strains expressing various alleles of the RAD6 gene and single and multiple mutants of the RAD6, RAD5, RAD18, REV3, and MMS2 genes from the RAD6 repair group. Our results show that the RAD6 repair pathway is also active in starving cells and its contribution to starvation-associated mutagenesis is similar to that of spontaneous mutagenesis. Epistatic analysis based on both spontaneous and starvation-associated mutagenesis and UV sensitivity showed that the RAD6 repair group consists of distinct repair pathways of different relative importance requiring, besides the presence of Rad6, also either Rad18 or Rad5 or both. We postulate the existence of four pathways: (1) nonmutagenic Rad5/Rad6/Rad18, (2) mutagenic Rad5/Rad6 /Rev3, (3) mutagenic Rad6/Rad18/Rev3, and (4) Rad6/Rad18/Rad30. Furthermore, we show that the high mutation rate observed in rad6 mutants is caused by a mutator different from Rev3. From our data and data previously published, we suggest a role for Rad6 in DNA repair and mutagenesis and propose a model for the RAD6 postreplicative repair group.",Saccharomyces cerevisiae,uv,,
