pmid,doi,pmcid,oa_status,year,journal,title,abstract,organism,condition,screened,screen_reason
25635513,10.18632/aging.100713,PMC4350321,oa,2015,Aging,PCH-2 regulates Caenorhabditis elegans lifespan.,"Components or downstream targets of many signaling pathways such as Insulin/IGF-1 and TOR, as well as genes involved in cellular metabolism and bioenergetics can extend worm lifespan 20% or more. The C. elegans gene pch-2 and its homologs, including TRIP13 in humans, have been studied for their functions in cell mitosis and meiosis, but have never been implicated in lifespan regulation. Here we show that over-expression of TRIP13 in human fibroblasts confers resistance to environmental stressors such as UV radiation and oxidative stress. Furthermore, pch-2 overexpression in C. elegans extends worm lifespan, and enhances worm survival in response to various stressors. Conversely, reducing pch-2 expression with RNAi shortens worm lifespan. Additional genetic epistasis analysis indicates that the molecular mechanism of pch-2 in worm longevity is tied to functions of the sirtuin family, implying that pch-2 is another chromatin regulator for worm longevity. These findings suggest a novel function of the pch-2 gene involved in lifespan determination.",Caenorhabditis elegans,uv,,
31948007,10.3390/ijms21010341,PMC6981590,oa,2020,International journal of molecular sciences,Nobiletin Delays Aging and Enhances Stress Resistance of <i>Caenorhabditis elegans</i>.,"Nobiletin (NOB), one of polymethoxyflavone existing in citrus fruits, has been reported to exhibit a multitude of biological properties, including anti-inflammation, anti-oxidation, anti-atherosclerosis, neuroprotection, and anti-tumor activity. However, little is known about the anti-aging effect of NOB. The objective of this study was to determine the effects of NOB on lifespan, stress resistance, and its associated gene expression. Using <i>Caenorhabditis elegans</i>, an in vivo nematode model, we found that NOB remarkably extended the lifespan; slowed aging-related functional declines; and increased the resistance against various stressors, including heat shock and ultraviolet radiation. Also, NOB reduced the effects of paraquat stressor on nematodes and scavenged reactive oxygen species (ROS). Furthermore, gene expression revealed that NOB upregulated the expression of <i>sod-3</i>, <i>hsp-16.2</i>, <i>gst-4</i>, <i>skn-1</i>, <i>sek-1</i>, and <i>sir-2.1</i>, which was suggested that anti-aging activity of NOB was mediated most likely by activation of the target genes of the transcription factors including dauer formation (DAF)-16, heat-shock transcription factor (HSF)-1, and skinhead (SKN)-1. In summary, NOB has potential application in extension of lifespan, and its associated healthspan and stress resistances.",Caenorhabditis elegans,uv,,
37220790,10.1055/a-2061-7129,,no_pmc,2023,Drug research,Ferulic Acid: Signaling Pathways in Aging.,"The need for clinical remedies to the multiple age-related deficiencies in skin function brought on by extrinsic and intrinsic causes is increased by these demographic changes. Reactive oxygen species (ROS), mitochondrial deoxyribonucleic acid (mtDNA) mutations, telomere shortening, as well as other factors, contribute to the aging of the skin. In this overview, the issue of human skin aging is introduced, along with several pathways and the protective effects of ferulic acid in light of current patents. The complex antioxidant effect of ferulic acid depends on the ""sweeping"" away of free radicals as well as the suppression of the synthesis of ROS or nitrogen. Furthermore, Cu (II) or Fe protonated metal ions are chelated by this acid (II). Ferulic acid is a free radical scavenger as well as an enzyme inhibitor, increasing the activity of enzymes that scavenge free radicals while decreasing the activity of enzymes that speed up the creation of free radicals. AMPK signalling, which can regulate cellular homeostasis, stress tolerance, cell survival and proliferation, cell death, and autophagy, has recently been linked to aging and lifespan. Therefore, Caenorhabditis elegans (C. elegans) and rodents had longer life-spans due to specific AMPK activation. By inhibiting the TGF-β/Smad signalling pathway, UV irradiation can reduce the production of procollagen. Glycation changes the skin's physical characteristics, making it less elastic and stiffer. . Excessive free radicals simultaneously trigger the nuclear factor kappa B (NF- κB) signalling pathway, increasing TNF levels and matrix metalloproteinase production (MMPs).",Caenorhabditis elegans,uv,,
30643686,10.7717/peerj.6218,PMC6330030,oa,2019,PeerJ,Didymin improves UV irradiation resistance in <i>C. elegans</i>.,"Didymin, a type of flavono-o-glycoside compound naturally present in citrus fruits, has been reported to be an effective anticancer agent. However, its effects on stress resistance are unclear. In this study, we treated <i>Caenorhabditis elegans</i> with didymin at several concentrations. We found that didymin reduced the effects of UV stressor on nematodes by decreasing reactive oxygen species levels and increasing superoxide dismutase (SOD) activity. Furthermore, we found that specific didymin-treated mutant nematodes <i>daf-16</i>(mu86) & <i>daf-2</i>(e1370), <i>daf-16</i>(mu86), <i>akt-1</i>(ok525), <i>akt-2</i>(ok393), and <i>age-1</i>(hx546) were susceptible to UV irradiation, whereas <i>daf-2</i>(e1371) was resistant to UV irradiation. In addition, we found that didymin not only promoted DAF-16 to transfer from cytoplasm to nucleus, but also increased both protein and mRNA expression levels of SOD-3 and HSP-16.2 after UV irradiation. Our results show that didymin affects UV irradiation resistance and it may act on <i>daf-2</i> to regulate downstream genes through the insulin/IGF-1-like signaling pathway.",Caenorhabditis elegans,uv,,
41192181,10.1016/j.jhazmat.2025.140312,,no_pmc,2025,Journal of hazardous materials,Methamphetamine impairs stress resistance and extracellular matrix integrity via modulating the unfolded protein response in Caenorhabditis elegans.,"Methamphetamine (METH) contamination of aquatic environments poses a growing threat to animal health, yet the mechanisms by which extracellular matrix (ECM) alterations influence cellular stress defenses remain poorly defined. Using Caenorhabditis elegans, this study demonstrates that 0.5 μM METH exposure compromises ECM integrity and thereby diminishes survival under ultraviolet, osmotic, and heat stress, reducing stress resistance by approximately 17-37 %. Mechanistically, METH-induced proteotoxicity is critically dependent on ECM integrity. Loss of col-109 or col-120 abrogates METH-induced polyglutamine aggregation and largely blocks the activation of both the endoplasmic reticulum (hsp-4) and mitochondrial (hsp-6, hsp-60, atfs-1) unfolded protein responses (UPR). Conversely, modulation of mitochondrial UPR through atfs-1 gain- and loss-of-function alleles bidirectionally regulates ECM gene expression and chondroitinase (chhy-1), revealing reciprocal ECM-UPR crosstalk. At the organismal level, functional UPR pathways preserve cuticle integrity and stress resilience under METH challenge. These results indicate that the ECM-UPR interplay constitutes an evolutionarily conserved stress-sensing axis, whereby ECM perturbation signals through UPR to maintain proteostasis and barrier function. These findings identify ECM and UPR components as promising biomarkers of environmental METH exposure and suggest that targeting this axis could mitigate xenobiotic-induced toxicity.",Caenorhabditis elegans,uv,,
7152245,10.1093/genetics/102.2.159,PMC1201931,pmc_not_oa,1982,Genetics,Radiation-sensitive mutants of Caenorhabditis elegans.,"Nine rad (for abnormal radiation sensitivity) mutants hypersensitive to ultraviolet light were isolated in the small nematode Caenorhabditis elegans. The mutations are recessive to their wild-type alleles, map to four of the six linkage groups in C. elegans and define nine new games named rad-1 through rad-9. Two of the mutants--rad-1 and rad-2--are very hypersensitive to X rays, and three--rad-2, rad-3 and rad-4--are hypersensitive to methyl methanesulfonate under particular conditions of exposure. The hypersensitivity of these mutants to more than one DNA-damaging agent suggests that they may be abnormal in DNA repair. One mutant--rad-5, a temperature-sensitive sterile mutant--shows an elevated frequency of spontaneous mutation at more than one locus; rad-4, which shows a cold-sensitive embryogenesis, reduces meiotic X-chromosome nondisjunction tenfold and partially suppresses some but not all mutations that increase meiotic X-chromosome nondisjunction; the viability of rad-6 hermaphrodites is half that of rad-6 males at 25 degrees; and newly mature (but not older) rad-8 hermaphrodites produce many inviable embryo progeny. Meiotic recombination frequencies were measured for seven rad mutants and found to be close to normal.",Caenorhabditis elegans,uv,,
37578251,10.3791/65775,PMC11064985,pmc_not_oa,2023,Journal of visualized experiments : JoVE,Methodology to Metabolically Inactivate Bacteria for Caenorhabditis elegans Research.,"Caenorhabditis elegans is a common model organism for research in genetics, development, aging, metabolism, and behavior. Because C. elegans consume a diet of live bacteria, the metabolic activity of their food source can confound experiments looking for the direct effects of various interventions on the worm. To avoid the confounding effects of bacterial metabolism, C. elegans researchers have used multiple methods to metabolically inactivate bacteria, including ultraviolet (UV)-irradiation, heat-killing, and antibiotics. UV treatment is relatively low-throughput and cannot be used in liquid culture because each plate must be examined for successful bacterial killing. A second treatment method, heat-killing, negatively affects the texture and nutritional quality of the bacteria, leading to the developmental arrest of C. elegans. Finally, antibiotic treatment can directly alter C. elegans physiology in addition to preventing bacterial growth. This manuscript describes an alternative method to metabolically inactivate bacteria using paraformaldehyde (PFA). PFA treatment cross-links proteins within bacterial cells to prevent metabolic activity while preserving cellular structure and nutritional content. This method is high-throughput and can be used in liquid culture or solid plates, as testing one plate of PFA-treated bacteria for growth validates the whole batch. Metabolic inactivation through PFA treatment can be used to eliminate the confounding effects of bacterial metabolism on studies of drug or metabolite supplementation, stress resistance, metabolomics, and behavior in C. elegans.",Caenorhabditis elegans,uv,,
33349622,10.18632/aging.202316,PMC7835051,oa,2020,Aging,Dietary and environmental factors have opposite AhR-dependent effects on <i>C. elegans</i> healthspan.,"Genetic, dietary, and environmental factors concurrently shape the aging process. The aryl hydrocarbon receptor (AhR) was discovered as a dioxin-binding transcription factor involved in the metabolism of different environmental toxicants in vertebrates. Since then, the variety of pathophysiological processes regulated by the AhR has grown, ranging from immune response, metabolic pathways, and aging. Many modulators of AhR activity may impact on aging and age-associated pathologies, but, whether their effects are AhR-dependent has never been explored. Here, using <i>Caenorhabditis elegans</i>, as an elective model organism for aging studies, we show for the first time that lack of <i>Ce</i>AHR-1 can have opposite effects on health and lifespan in a context-dependent manner. Using known mammalian AhR modulators we found that, <i>ahr-1</i> protects against environmental insults (benzo(a)pyrene and UVB light) and identified a new role for AhR-bacterial diet interaction in animal lifespan, stress resistance, and age-associated pathologies. We narrowed down the dietary factor to a bacterially extruded metabolite likely involved in tryptophan metabolism. This is the first study clearly establishing <i>C. elegans</i> as a good model organism to investigate evolutionarily conserved functions of AhR-modulators and -regulated processes, indicating it can be exploited to contribute to the discovery of novel information about AhR in mammals.",Caenorhabditis elegans,uv,,
41641976,10.1093/sleep/zsag034,PMC13163180,oa,2026,Sleep,Tricyclic antidepressants suppress sleep in Caenorhabditis elegans.,"Sleepiness and fatigue are common symptoms during illness and may persist after the resolution of illness. To gain insight into the neurochemistry of sickness-induced sleep and to discover therapeutic candidates, we performed a high throughput chemical screen using the animal model Caenorhabditis elegans. Worms were irradiated with ultraviolet light to induce sickness and then transferred to wells of a 96-well plate each containing a different bioactive chemical dissolved in an aqueous solution. The fraction of quiescent animals was assessed via stereomicroscopic observation. We performed 12 vehicle-only controls for each 96-well plate and considered sleep-inhibiting chemicals as those with a fraction quiescent at least 3 standard deviations less than controls. We followed up the screen with dedicated mechanistic studies of the drug amitriptyline. Among 3683 bioactive chemicals screened, 42 strongly reduced sleep behavior. We retested 26 and replicated 23 chemicals as sleep-disrupting. Among replicated compounds were amitriptyline (AMI) and other tricyclic anti-depressants (TCAs). AMI acted downstream of or in parallel to activation of sleep-promoting neurons. In addition to suppressing sleep in sickness (SIS), AMI also suppressed sleep in health and reduced survival. We tested and rejected the hypothesis that AMI acts by increasing monoaminergic tone, providing evidence that TCAs act via a novel mechanism to block sleep. This is the first high-throughput screen for chemicals modulating SIS. Elucidating the mechanism by which AMI and other chemicals regulate sleep will lead to new biological insights regarding the mechanisms of sleep.",Caenorhabditis elegans,uv,,
36719882,10.1371/journal.pone.0281162,PMC9888708,oa,2023,PloS one,222 nm far-UVC efficiently introduces nerve damage in Caenorhabditis elegans.,"Far-ultraviolet radiation C light (far-UVC; 222 nm wavelength) has received attention as a safer light for killing pathogenic bacteria and viruses, as no or little DNA damage is observed after irradiation in mammalian skin models. Far-UVC does not penetrate deeply into tissues; therefore, it cannot reach the underlying critical basal cells. However, it was unclear whether far-UVC (222-UVC) irradiation could cause more biological damage at shallower depths than the 254 nm UVC irradiation (254-UVC), which penetrates more deeply. This study investigated the biological effects of 222- and 254-UVC on the small and transparent model organism Caenorhabditis elegans. At the same energy level of irradiation, 222-UVC introduced slightly less cyclobutane pyrimidine dimer damage to naked DNA in solution than 254-UVC. The survival of eggs laid during 0-4 h after irradiation showed a marked decrease with 254-UVC but not 222-UVC. In addition, defect of chromosomal condensation was observed in a full-grown oocyte by 254-UVC irradiation. In contrast, 222-UVC had a significant effect on the loss of motility of C. elegans. The sensory nervous system, which includes dopamine CEP and PVD neurons on the body surface, was severely damaged by 222-UVC, but not by the same dose of 254-UVC. Interestingly, increasing 254-UVC irradiation by about 10-fold causes similar damage to CEP neurons. These results suggest that 222-UVC is less penetrating, so energy transfer occurs more effectively in tissues near the surface, causing more severe damage than 254-UVC.",Caenorhabditis elegans,uv,,
36234702,10.3390/molecules27196168,PMC9571563,oa,2022,"Molecules (Basel, Switzerland)",Ellagic Acid Increases Stress Resistance via Insulin/IGF-1 Signaling Pathway in <i>Caenorhabditis elegans</i>.,"Ellagic acid is a natural polyphenol found in various fruits and vegetables. Numerous studies have shown that ellagic acid has beneficial effects on human health. In this study, we investigated the stress resistant action of ellagic acid in <i>Caenorhabditis elegans</i> (<i>C. elegans</i>). Notably, 50 μM ellagic acid prolonged the lifespan of <i>C. elegans</i> by 36.25%, 36.22%, 155.1%, and 79.07% under ultraviolet radiation stress, heat stress, oxidative stress, and <i>Pseudomonas aeruginosa</i> infection stress, respectively. Furthermore, the mechanism by which ellagic acid reduces the damage caused by ultraviolet radiation in <i>C. elegans</i> was explored. Ellagic acid could significantly induce the nucleus translocation of DAF-16 and, thereby, activate a series of target genes to resist ultraviolet radiation stress. Moreover, ellagic acid also significantly increased the expression of SOD-3 by 3.61 times and the activity of superoxide dismutase by 3.70 times to clean out harmful reactive oxygen species in <i>C. elegans</i> exposed to ultraviolet radiation stress. In both <i>daf-16</i> mutant and <i>daf-2</i>; <i>daf-16</i> double-mutant worms exposed to ultraviolet radiation, ellagic acid could no longer prolong their lifespan. These results indicate that ellagic acid plays an important role in resisting ultraviolet radiation stress in <i>C. elegans,</i> probably in an insulin/IGF-1 signaling pathway-dependent way.",Caenorhabditis elegans,uv,,
26773047,10.1534/genetics.115.179127,PMC4788110,pmc_not_oa,2016,Genetics,Genetics of Lipid-Storage Management in Caenorhabditis elegans Embryos.,"Lipids play a pivotal role in embryogenesis as structural components of cellular membranes, as a source of energy, and as signaling molecules. On the basis of a collection of temperature-sensitive embryonic lethal mutants, a systematic database search, and a subsequent microscopic analysis of >300 interference RNA (RNAi)-treated/mutant worms, we identified a couple of evolutionary conserved genes associated with lipid storage in Caenorhabditis elegans embryos. The genes include cpl-1 (cathepsin L-like cysteine protease), ccz-1 (guanine nucleotide exchange factor subunit), and asm-3 (acid sphingomyelinase), which is closely related to the human Niemann-Pick disease-causing gene SMPD1. The respective mutant embryos accumulate enlarged droplets of neutral lipids (cpl-1) and yolk-containing lipid droplets (ccz-1) or have larger genuine lipid droplets (asm-3). The asm-3 mutant embryos additionally showed an enhanced resistance against C band ultraviolet (UV-C) light. Herein we propose that cpl-1, ccz-1, and asm-3 are genes required for the processing of lipid-containing droplets in C. elegans embryos. Owing to the high levels of conservation, the identified genes are also useful in studies of embryonic lipid storage in other organisms.",Caenorhabditis elegans,uv,,
31379987,10.1155/2019/2860642,PMC6657616,oa,2019,Oxidative medicine and cellular longevity,Phosphatidylcholine Extends Lifespan via DAF-16 and Reduces Amyloid-Beta-Induced Toxicity in <i>Caenorhabditis elegans</i>.,"Phosphatidylcholine is one of the major phospholipids comprising cellular membrane and is known to have several health-promoting activities, including the improvement of brain function and liver repair. In this paper, we examine the <i>in vivo</i> effect of dietary supplementation with phosphatidylcholine on the response to environmental stressors and aging in <i>C. elegans</i>. Treatment with phosphatidylcholine significantly increased the survival of worms under oxidative stress conditions. However, there was no significant difference in response to stresses caused by heat shock or ultraviolet irradiation. Oxidative stress is believed to be one of the major causal factors of aging. Then, we examined the effect of phosphatidylcholine on lifespan and age-related physiological changes. Phosphatidylcholine showed a lifespan-extending effect and a reduction in fertility, possibly as a tradeoff for long lifespan. Age-related decline of motility was also significantly delayed by supplementation with phosphatidylcholine. Interestingly, the expressions of well-known longevity-assuring genes, <i>hsp-16.2</i> and <i>sod-3</i>, were significantly upregulated by dietary intervention with phosphatidylcholine. DAF-16, a transcription factor modulating stress response genes, was accumulated in the nucleus by phosphatidylcholine treatment. Increase of the ROS level with phosphatidylcholine suggests that the antioxidant and lifespan-extending effects are due to the hormetic effect of phosphatidylcholine. Phosphatidylcholine also showed a protective effect against amyloid beta-induced toxicity in Alzheimer's disease model animals. Experiments with long-lived mutants revealed that the lifespan-extending effect of phosphatidylcholine specifically overlapped with that of reduced insulin/IGF-1-like signaling and required DAF-16. These findings showed the antioxidant and antiaging activities of phosphatidylcholine for the first time <i>in vivo</i>. Further studies focusing on the identification of underlying cellular mechanisms involved in the antiaging effect will increase the possibility of using phosphatidylcholine for the development of antiaging therapeutics.",Caenorhabditis elegans,uv,,
33637830,10.1038/s42003-021-01764-4,PMC7910432,oa,2021,Communications biology,An alternative food source for metabolism and longevity studies in Caenorhabditis elegans.,"Caenorhabditis elegans is an instrumental research model used to advance our knowledge in areas including development, metabolism, and aging. However, research on metabolism and/or other measures of health/aging are confounded by the nematode's food source in the lab, live E. coli bacteria. Commonly used treatments, including ultraviolet irradiation and antibiotics, are successful in preventing bacterial replication, but the bacteria can remain metabolically active. The purpose of this study is to develop a metabolically inactive food source for the worms that will allow us to minimize the confounding effects of bacterial metabolism on worm metabolism and aging. Our strategy is to use a paraformaldehyde (PFA) treated E. coli food source and to determine its effects on worm health, metabolism and longevity. We initially determine the lowest possible concentrations of PFA necessary to rapidly and reproducibly kill bacteria. We then measure various aspects of worm behavior, healthspan and longevity, including growth rate, food attraction, brood size, lifespan and metabolic assessments, such as oxygen consumption and metabolomics. Our resulting data show that worms eat and grow well on these bacteria and support the use of 0.5% PFA-killed bacteria as a nematode food source for metabolic, drug, and longevity experiments.",Caenorhabditis elegans,uv,,
15203185,10.1016/j.freeradbiomed.2004.04.021,,no_pmc,2004,Free radical biology & medicine,Isolation of long-lived mutants in Caenorhabditis elegans using selection for resistance to juglone.,"The accumulation of molecular damage from attack by reactive oxygen species is one cause of aging. Therefore, some mutant organisms showing increased resistance to reactive oxygen species should live longer. We show that selection for Caenorhabditis elegans mutants that are resistant to juglone, a reactive oxygen species-generating compound, leads to the identification of long-lived mutants. Indeed, four of six resistant mutants isolated were also long-lived. This study illustrates once more the strong relationship between oxidative stress and the aging processes.",Caenorhabditis elegans,uv,,
25345740,10.1021/jf503120j,,no_pmc,2014,Journal of agricultural and food chemistry,Black tea increased survival of Caenorhabditis elegans under stress.,"The present study examined the effects of black tea (Camellia sinensis) extracts (BTE) in Caenorhabditis elegans under various abiotic stressors. Results showed BTE increased nematode resistance to osmosis, heat, and UV irradiation treatments. However, BTE could not increase nematodes' lifespan under normal culture conditions and MnCl2-induced toxicity at concentrations we used. Further studies showed that BTE decreased reactive oxygen species and up-regulated some antioxidant enzymes, including GSH-PX, and genes, such as gsh-px and sod-3. However, only a slight extension in mev-1 mutants mean lifespan was observed without significance. These results indicated that the antioxidant activity of BTE might be necessary but not sufficient to protect against aging to C. elegans. Moreover, BTE increased the mRNA level of stress-response genes such as sir-2.1 and sek-1. Our finding demonstrated BTE might increase heat and UV stress resistance in a sir.2.1-dependent manner. Taken together, BTE enhanced stress resistance with multiple mechanisms in C. elegans.",Caenorhabditis elegans,uv,,
27043179,10.1016/j.dnarep.2016.03.008,PMC4886821,pmc_not_oa,2016,DNA repair,A C. elegans homolog for the UV-hypersensitivity syndrome disease gene UVSSA.,"The transcription-coupled repair pathway (TC-NER) plays a vital role in removing transcription-blocking DNA lesions, particularly UV-induced damage. Clinical symptoms of the two TC-NER-deficiency syndromes, Cockayne syndrome (CS) and UV-hypersensitivity syndrome (UVSS) are dissimilar and the underlying molecular mechanism causing this difference in disease pathology is not yet clearly understood. UV-stimulated scaffold protein A (UVSSA) has been identified recently as a new causal gene for UVSS. Here we describe a functional homolog of the human UVSSA gene in the nematode Caenorhabditis elegans, uvs-1 (UVSSA-like-1). Mutations in uvs-1 render the animals hypersensitive to UV-B irradiation and transcription-blocking lesion-inducing illudin-M, similar to mutations in TC-NER deficient mutants. Moreover, we demonstrate that TC-NER factors including UVS-1 are required for the survival of the adult animals after UV-treatment.",Caenorhabditis elegans,uv,,
30069029,10.1038/s41598-018-30016-5,PMC6070477,oa,2018,Scientific reports,LED based real-time survival bioassays for nematode research.,"Nematode bioassays are extensively conducted worldwide, either for screening anthelmintic drugs or for assessing the toxicity of drug candidates. Recently, the US Environmental Protection Agency mandated the use of invertebrate models including nematodes especially Caenorhabditis elegans, for toxicity testing as an alternative to rodent models. The significance of nematode bioassays in the biological sciences is escalating, but no standardized protocol is available to assess nematode mortality in a liquid medium. Manual counting under white light is the only approach currently practiced, which exhibit large variabilities and false positive results. Here, we describe an innovative counting strategy that employs light-emitting diode (LED) technology. We found that the nematodes stopped moving under white light (360-760 nm) when administered with sub-lethal dosage (LC<sub>50</sub>) of a toxic drug, whereas they responded rapidly to blue (450-490 nm) and ultraviolet (UV) (100-400 nm) LED lights. Furthermore, paralyzed nematodes responded in less than 5 seconds to a LED pulse. The response to the LED stimulus was distinctively noted in C. elegans dauers, which squirmed away from illuminated sites within seconds. LED produced an incoherent beam, and uniformly distributed light across the sampling area. In conclusion, this method is more accurate than the conventional counting techniques, and enables us to differentiate paralyzed and dead nematodes virtually in real-time. Furthermore, this technique would appear to be suitable for incorporating a motion-sensor based automated system.",Caenorhabditis elegans,uv,,
41465315,10.3390/ijms262411888,PMC12732714,oa,2025,International journal of molecular sciences,"Apiin Promotes Healthy Aging in <i>C. elegans</i> Through Nutritional Activation of DAF-16/FOXO, Enhancing Fatty Acid Catabolism and Oxidative Stress Resistance.","Apiin, a natural flavonoid sourced from parsley, demonstrates antioxidant properties; however, its specific anti-aging effects have yet to be investigated in <i>Caenorhabditis elegans</i> (<i>C. elegans</i>). This research utilized <i>C. elegans</i> models to examine the anti-aging effects of apiin and the underlying mechanisms. The findings indicated that 100 μg/mL apiin extended the mean lifespan of <i>C. elegans</i> by 26.70%. Furthermore, apiin improved age-related characteristics in <i>C. elegans</i>, such as reducing intestine lipofuscin accumulation and increasing head thrashes and body bends. Additionally, apiin significantly improved stress resistance under thermal, ultraviolet, and oxidative stress conditions. Transcriptomic analysis revealed that apiin induced the differential expression of genes related to fatty acid metabolism, lipid catabolism, and oxidoreductase activity in <i>C. elegans</i>. Metabolomic data further corroborated the modulation of fatty acid metabolic processes by apiin. Biochemical assays, including lipid staining, triglyceride quantification, and measurements of antioxidant enzyme activity, demonstrated a decrease in lipid content and an enhancement in antioxidant capacity in <i>C. elegans</i> treated with apiin. Moreover, apiin promoted the nuclear translocation of DAF-16 and upregulated key longevity-associated genes, including <i>sod-3</i>, <i>hsp-12.6</i>, <i>mtl-1</i>, and <i>ech-9</i>. These results indicate that apiin mitigates aging in <i>C. elegans</i> through mechanisms involving the activation of DAF-16 and the regulation of lipid metabolism and oxidative stress responses. Our findings underscore the potential of apiin as a natural therapeutic agent for aging and associated metabolic disorders.",Caenorhabditis elegans,uv,,
24262006,10.1042/BJ20131085,,no_pmc,2014,The Biochemical journal,RAD-6: pyrimidine synthesis and radiation sensitivity in Caenorhabditis elegans.,"The Caenorhabditis elegans rad-6 (radiation-sensitive-6) mutant was isolated over 25 years ago in a genetic screen that identified mutants with enhanced sensitivity to DNA damaging agents. In the present paper we describe the molecular identification of the rad-6 gene and reveal that it encodes the bifunctional UMP synthase protein, which carries catalytic activities for OPRTase (orotate phosphoribosyltransferase) and ODCase (orotate monophosphate decarboxylase), key enzymes in the de novo pathway of pyrimidine synthesis. Mutations in genes encoding de novo pathway enzymes cause varying degrees of lethality and pleiotropic phenotypes in many organisms, including humans. We have examined how the absence of rad-6 activity leads to both UV-C hypersensitivity and a decline in both metabolic rate and lifespan. We discuss how rad-6 mutants adapt to the loss of the de novo pathway through a dependency on pyrimidine salvage. We establish further that rad-6(mn160) mutants lack ODCase activity because they are resistant to the cytotoxic effects of 5-FOA (5-fluoroorotic acid). Our results have also led to the identification of a metabolic sensor affecting survival and metabolism, which is dependent on the maternal rad-6 genotype.",Caenorhabditis elegans,uv,,
29524491,10.1016/j.ijbiomac.2018.03.014,,no_pmc,2018,International journal of biological macromolecules,Knockdown of LMW-PTP enhances stress resistance in Caenorhabditis elegans.,"Low molecular weight protein tyrosine phosphatase (LMW-PTP) is highly conserved across almost all living organisms and is involved in the modulation of a number of cellular proteins related to important signaling pathways. In this study, we isolated lmwptp (Y94H6A.7) of Caenorhabditis elegans, the homolog of human ACP1, and set up an effective feeding-based RNA interference (RNAi) knockdown against this gene. We found that knockdown of lmwptp decreased damage associated with heat shock, oxidative stress and UV irradiation in wild-type worms, however, its deficiency didn't further reduce the stress resistance of daf-16 or hsf-1 mutants and didn't further increase the stress sensitivity associated with age-1, akt-1 or akt-2 mutants, but it enhanced the stress resistance of daf-2 mutants. Further studies demonstrated that this stress tolerance could be attributed to increased daf-16 nuclear accumulation and enhanced expression of both superoxide dismutase-3 protein (SOD-3) and heat shock protein-16.2 (HSP-16.2) in response to stress. Additionally, quantitative real-time PCR results showed that the expression of hsf-1 and its target genes were up-regulated in lmwptp-knockdown worms under stress conditions. Together these results indicated that lmwptp is related to stress resistance of worms, and it is likely associated with the insulin/IGF-1-like signaling (IIS) pathway.",Caenorhabditis elegans,uv,,
38695248,10.1111/php.13958,,no_pmc,2025,Photochemistry and photobiology,Astaxanthin attenuates UV-irradiation aging process via activating JNK-1/DAF-16 in Caenorhabditis elegans.,"Astaxanthin (AST) is a xanthophyll carotenoid with strong oxidation resistance, which can effectively scavenge various free radicals and protect organisms from oxidative damage. AST is also known to have prominent anti-aging effects, but the underlying mechanism of AST in anti-radiation aging is largely unknown. In this work, we applied ultraviolet (UV) irradiation to accelerate the aging of Caenorhabditis elegans (C. elegans) and treated the nematodes with AST to explore whether and how AST could attenuate the radiation-induced aging effect. Our results showed that AST improved the survival rate of C. elegans, reduced the aging biomarkers, and alleviated the mitochondrial dysfunction caused by the irradiation. Based on the transcriptome sequencing analysis, we identified that the key genes regulated by AST were involved in JNK-MAPK and DAF-16 longevity signaling pathways. Furthermore, we employed jnk-1 and daf-16 mutants and verified the role of the JNK-1/DAF-16 signaling pathway in the anti-aging effect. As such, this study has not only demonstrated that AST can resist the aging process caused by UV-irradiation but also revealed the anti-aging mechanism of AST through JNK-1/DAF-16 activation in C. elegans.",Caenorhabditis elegans,uv,,
39614550,10.1016/j.foodres.2024.115025,,no_pmc,2024,"Food research international (Ottawa, Ont.)",Black tea extracts enhance stress-induced sleep of Caenorhabditis elegans to resist UV damage.,"Black tea is believed to strengthen the ability of the body to defend itself against external stimuli. Here, by examining Caenorhabditis elegans (C. elegans) locomotor behavior over a short period after UV stress, we found that feeding black tea extract (BTE) caused worms to enter a superior stress-induced sleep (SIS) state, which potentially boosting organismal recovery. BTE enhances SIS through KIN-29 mediated epidermal growth factor signaling and modulation of sleep by specific interneurons ALA and RIS. It also inhibits lipid degradation during sleep. These functions were also observed when theaflavins (TFs) were fed. In conclusion, our results describe a new way for BTE-enhanced damage repair in C. elegans after UV stress that relies on enhanced SIS, and confirm the contribution of TFs therein.",Caenorhabditis elegans,uv,,
10747056,10.1093/genetics/154.4.1597,PMC1461011,pmc_not_oa,2000,Genetics,"Genetic, behavioral and environmental determinants of male longevity in Caenorhabditis elegans.","Males of the nematode Caenorhabditis elegans are shorter lived than hermaphrodites when maintained in single-sex groups. We observed that groups of young males form clumps and that solitary males live longer, indicating that male-male interactions reduce life span. By contrast, grouped or isolated hermaphrodites exhibited the same longevity. In one wild isolate of C. elegans, AB2, there was evidence of copulation between males. Nine uncoordinated (unc) mutations were used to block clumping behavior. These mutations had little effect on hermaphrodite life span in most cases, yet many increased male longevity even beyond that of solitary wild-type males. In one case, the neuronal function mutant unc-64(e246), hermaphrodite life span was also increased by up to 60%. The longevity of unc-4(e120), unc-13(e51), and unc-32(e189) males exceeded that of hermaphrodites by 70-120%. This difference appears to reflect a difference in sex-specific life span potential revealed in the absence of male behavior that is detrimental to survival. The greater longevity of males appears not to be affected by daf-2, but is influenced by daf-16. In the absence of male-male interactions, median (but not maximum) male life span was variable. This variability was reduced when dead bacteria were used as food. Maintenance on dead bacteria extended both male and hermaphrodite longevity.",Caenorhabditis elegans,uv,,
32121354,10.3390/ijerph17051572,PMC7084924,oa,2020,International journal of environmental research and public health,Quercetin and Its Mixture Increase the Stress Resistance of <i>Caenorhabditis elegans</i> to UV-B.,"Ultraviolet B (UV-B, 280-320 nm) radiation causes complex molecular reactions in cells, including DNA damage, oxidative stress, and apoptosis. This study designed a mixture consisting of quercetin, luteolin and lycopene and used <i>Caenorhabditis elegans</i> as a model to study the resistance of these natural chemicals to UV-B. Specifically, we have confirmed that quercetin and its mixture can increase the resistance of <i>Caenorhabditis elegans</i> to UV-B through lifespan test, reactive oxygen species level assay, germ cell apoptosis test, embryonic lethal test and RT-qPCR experiments. The results show that quercetin and its mixture prolonged the lifespan of UV-B-irradiated <i>Caenorhabditis elegans</i> and reduced abnormal levels of reactive oxygen species, embryo death, and apoptosis induced by UV-B. The protective effect of quercetin and its mixture may be attributed to its down-regulation of <i>HUS-1</i>, <i>CEP-1</i>, <i>EGL-1</i> and <i>CED-13</i>. Therefore, the results of this research could help the development of UV-B radiation protection agents.",Caenorhabditis elegans,uv,,
6709723,10.1111/j.1751-1097.1984.tb03424.x,,no_pmc,1984,Photochemistry and photobiology,"UV irradiation of wild type and radiation-sensitive mutants of the nematode Caenorhabditis elegans: fertilities, survival, and parental effects.",,Caenorhabditis elegans,uv,,
37081768,10.1093/jambio/lxad082,,no_pmc,2023,Journal of applied microbiology,Impacts of Bacillus subtilis var. natto on the lifespan and stress resistance of Caenorhabditis elegans.,"Bacillus subtilis var. natto is used in the production of natto, a typical Japanese fermented soybean food. Although the probiotic attributes and health-related effects of B. subtilis var. natto have been reported, the effect on longevity remains unknown. In the present study, the effects of B. subtilis var. natto strains on lifespan extension and the molecular mechanisms governing the prolongevity were examined using Caenorhabditis elegans as a model animal. Synchronized 3-day-old (young adult) worms were fed Escherichia coli OP50 (control) or a subcloned isolate of B. subtilis var. natto Miyagino strain (MI-OMU01) and subjected to lifespan, survival against pathogens and abiotic stress resistance assays. Notably, the lifespan of worms fed MI-OMU01 was significantly longer than that of the animals fed OP50. Moreover, MI-OMU01 increased the resistance of C. elegans to several stressors, including UV irradiation, H2O2, and Cu2+. Genetic and gene expression analyses using mutant animals suggested that MI-OMU01 extended the lifespan of worms in TIR-1/SARM, p38 MAPK, and insulin/IGF-1 signaling pathway-dependent manners.",Caenorhabditis elegans,uv,,
8657732,10.1111/j.1751-1097.1996.tb03012.x,,no_pmc,1996,Photochemistry and photobiology,Replication in UV-irradiated Caenorhabditis elegans embryos.,"Replication continues in wild-type (but not rad mutant) Caenorhabditis elegans embryos even after exposure to massive fluences of UV radiation. It is of interest to elucidate the mechanism(s) for this ""damage-resistant"" DNA synthesis. In this study, DNA from unirradiated and UV-irradiated wild-type embryos was examined using the electron microscope. Large fluences of UV radiation (180 J m-2) had little effect on either replication bubble size or distances between bubbles in wild-type embryos, indicating that the damage-resistant DNA synthesis was not grossly aberrant. Conversely, UV irradiation significantly decreased center-to-center distances between bubbles in excision-repair-deficient rad-3 embryos. This suggests that the decreased DNA synthesis observed after UV irradiation in rad-3 embryos is due largely to blockage of elongation of DNA synthesis.",Caenorhabditis elegans,uv,,
31534071,10.5582/ddt.2019.01057,,no_pmc,2019,Drug discoveries & therapeutics,"Cur2004-8, a synthetic curcumin derivative, extends lifespan and modulates age-related physiological changes in Caenorhabditis elegans.","Curcumin, a compound found in Indian yellow curry, is known to possess various biological activities, including anti-oxidant, anti-inflammatory, and anti-cancer activities. Cur2004-8 is a synthetic curcumin derivative having symmetrical bis-alkynyl pyridines that shows a strong anti-angiogenic activity. In the present study, we examined the effect of dietary supplementation with Cur2004-8 on response to environmental stresses and aging using Caenorhabditis elegans as a model system. Dietary intervention with Cur2004-8 significantly increased resistance of C. elegans to oxidative stress. Its anti-oxidative-stress effect was greater than curcumin. However, response of C. elegans to heat stress or ultraviolet irradiation was not significantly affected by Cur2004-8. Next, we examined the effect of Cur2004-8 on aging. Cur2004-8 significantly extended both mean and maximum lifespan, accompanying a shift in time-course distribution of progeny production. Age-related decline in motility was also delayed by supplementation with Cur2004-8. In addition, Cur2004-8 prevented amyloid-beta-induced toxicity in Alzheimer's disease model animals which required a forkhead box (FOXO) transcription factor DAF-16. Dietary supplementation with Cur2004-8 also reversed the increase of mortality observed in worms treated with high-glucose-diet. These results suggest that Cur2004-8 has higher anti-oxidant and anti-aging activities than curcumin. It can be used for the development of novel anti-aging product.",Caenorhabditis elegans,uv,,
38677510,10.1016/j.jbc.2024.107320,PMC11145541,oa,2024,The Journal of biological chemistry,Loss of the ceramide synthase HYL-2 from Caenorhabditis elegans impairs stress responses and alters sphingolipid composition.,"Sphingolipids, essential membrane components and signaling molecules in cells, have ceramides at the core of their metabolic pathways. Initially termed as ""longevity assurance genes"", the encoding genes of ceramide synthases are closely associated with individual aging and stress responses, although the mechanisms remain unclear. This study aims to explore the alterations and underlying mechanisms of three ceramide synthases, HYL-1, HYL-2, and LAGR-1, in the aging and stress responses of Caenorhabditis elegans. Our results showed the knockdown of HYL-1 extends the lifespan and enhance stress resistance in worms, whereas the loss of HYL-2 function significantly impairs tolerances to heat, oxidation, and ultraviolet stress. Stress intolerance induced by HYL-2 deficiency may result from intracellular mitochondrial dysfunction, accumulation of reactive oxygen species, and abnormal nuclear translocation of DAF-16 under stress conditions. Loss of HYL-2 led to a significant reduction of predominant ceramides (d17:1/C20∼C23) as well as corresponding complex sphingolipids. Furthermore, the N-acyl chain length composition of sphingolipids underwent dramatic modifications, characterized by a decrease in C22 sphingolipids and an increase in C24 sphingolipids. Extra d18:1-ceramides resulted in diminished stress resilience in wild-type worms, while supplementation of d18:1/C16 ceramide to HYL-2-deficient worms marginally improved stress tolerance to heat and oxidation. These findings indicate the importance of appropriate ceramide content and composition in maintaining subcellular homeostasis and nuclear-cytoplasmic signal transduction during healthy aging and stress responses.",Caenorhabditis elegans,uv,,
41241016,10.1016/j.bcp.2025.117542,,no_pmc,2026,Biochemical pharmacology,ACE1-targeting peptide Acein ameliorates UV-induced skin damage and aging in vivo and in vitro via downregulation of the pro-aging factor CLEC4G.,"In recent years, the impact of ultraviolet (UV) radiation on skin photoaging and its underlying mechanisms have garnered increasing attention. Our previous study identified Acein, an angiotensin-converting enzyme 1 (ACE1)-targeting peptidethat ameliorates aging phenotypes and significantly extends lifespan in Caenorhabditis elegans by downregulating C-type lectin domain-containing protein CLEC-126 expression. However, the therapeutic potential of Acein in human skin photoaging and the roles of ACE1 and CLEC4G (C-type lectin domain family 4 member G, the human homolog of CLEC-126) remains unclear. In this study, photoaging models in vitro were established and Acein (1 μM) reduced UV-induced oxidative stress and inflammatory markers, suppressed MMPs expression while effectively mitigating collagen III (COL3) degradation and decreased β-galactosidase accumulation. Additionally, functional assays demonstrated Acein enhanced cell viability and migration while reducing G1 arrest and apoptosis. Mechanistically, UV irradiation upregulated ACE1 and CLEC4G expression, which was reversed by Acein. Further investigations revealed that ACE1- knockdown alleviated UV-induced oxidative stress, inflammation and senescence, whereas CLEC4G- overexpression exacerbated these effects. Co-Immunoprecipitation and molecular docking confirmed the interaction between ACE1 and CLEC4G, with Western blotting assays identifying CLEC4G as a key downstream mediator of ACE1-driven photoaging. Moreover, Acein was found to attenuate photoaging by inhibiting the p38-MAPK and NF-κB p65 pathways. In vivo studies using acute photodamage model and photoaging mice model demonstrated that topical Acein application reduced oxidative stress, inflammation, and collagen degradation while mitigating mitochondrial autophagy. Collectively, these findings suggest that Acein represents a novel candidate compound for protecting human skin against UV-induced photoaging.",Caenorhabditis elegans,uv,,
30238944,10.1039/c8fo01680a,,no_pmc,2018,Food & function,Blueberry extract promotes longevity and stress tolerance via DAF-16 in Caenorhabditis elegans.,"Blueberry is rich in bioactive phytochemicals with a wide of range of biological activities and health benefits. However, little is known about their effects on aging. The objectives of this study were to evaluate the effects of supplementation with a blueberry extract (BE) on lifespan and stress resistance using Caenorhabditis elegans (C. elegans) as a model. The mechanisms of these effects were explored using RNAi technology. The mean lifespan of C. elegans treated with BE at 50, 100, and 200 mg mL-1 was significantly increased by 22.2%, 36.5%, and 44.4%, respectively, in a dose-dependent manner. In addition, supplementation with BE improved motility and decreased lipofuscin accumulation. C. elegans pretreated with BE were more resistant than untreated C. elegans to stresses (heat, ultraviolet-B radiation, and paraquat). Treatment with BE resulted in up-regulation of genes related to antioxidant systems, including sod-3, cat-1, mev-1, skn-1, mek-1, nhr-8, and daf-16. Suppression of daf-16 by RNAi shortened the lifespan of C. elegans and inhibited the expression of sod-3, suggesting that BE may regulate sod-3 downstream of daf-16 to extend lifespan and stress resistance. Our findings revealed that, in C. elegans, BE can prolong the lifespan, improve health indexes, and enhance stress resistance.",Caenorhabditis elegans,uv,,
24304470,10.1111/acel.12179,PMC4331783,oa,2014,Aging cell,The GATA transcription factor/MTA-1 homolog egr-1 promotes longevity and stress resistance in Caenorhabditis elegans.,"Aging is associated with a large number of both phenotypic and molecular changes, but for most of these, it is not known whether these changes are detrimental, neutral, or protective. We have identified a conserved Caenorhabditis elegans GATA transcription factor/MTA-1 homolog egr-1 (lin-40) that extends lifespan and promotes resistance to heat and UV stress when overexpressed. Expression of egr-1 increases with age, suggesting that it may promote survival during normal aging. This increase in expression is dependent on the presence of the germline, raising the possibility that egr-1 expression is regulated by signals from the germline. In addition, loss of egr-1 suppresses the long lifespan of insulin receptor daf-2 mutants. The DAF-16 FOXO transcription factor is required for the increased stress resistance of egr-1 overexpression mutants, and egr-1 is necessary for the proper regulation of sod-3 (a reporter for DAF-16 activity). These results indicate that egr-1 acts within the insulin signaling pathway. egr-1 can also activate the expression of its paralog egl-27, another factor known to extend lifespan and increase stress resistance, suggesting that the two genes act in a common program to promote survival. These results identify egr-1 as part of a longevity-promoting circuit that changes with age in a manner that is beneficial for the lifespan of the organism.",Caenorhabditis elegans,uv,,
33881421,10.1039/d0fo02974b,,no_pmc,2021,Food & function,Rhodiola extract promotes longevity and stress resistance of Caenorhabditis elegans via DAF-16 and SKN-1.,"The effects of Rhodiola extract (RE) on longevity and stress resistance in Caenorhabditis elegans (C. elegans), and the underlying molecular mechanisms were explored in the present study. Results showed that the lifespan of C. elegans was remarkably prolonged by 37.1% after treated with high-dose RE (480 μg mL<sup>-1</sup>). Intervention with RE alleviated aging-related declines in the C. elegans model, and enhanced the stress resistance against heat shock, ultraviolet radiation and paraquat. Moreover, RE reduced the levels of reactive oxygen species (ROS) and malondialdehyde (MDA) and increased the activities of superoxide dismutase (SOD) and catalase (CAT). RE also upregulated the gene expression of sod-3, gst-4, daf-16, skn-1 in C. elegans, downregulated the gene expression of daf-2 and age-1, and accelerated the translocation of DAF-16 and SKN-1 into the nucleus. Furthermore, the daf-16(mu86) and skn-1(zu169) mutants reversed the extension of lifespan triggered by RE, indicating that these genes were involved in RE-regulated longevity. These results demonstrated that RE could enhance lifespan extension, healthspan and stress resistance of C. elegans via insulin/IGF signaling and SKN-1 pathways. Therefore, the present findings suggested Rhodiola as a potential candidate to ameliorate the symptoms of aging.",Caenorhabditis elegans,uv,,
31952185,10.3390/molecules25020351,PMC7024185,oa,2020,"Molecules (Basel, Switzerland)","Effects of Orange Extracts on Longevity, Healthspan, and Stress Resistance in <i>Caenorhabditis elegans</i>.","Orange, with various bioactive phytochemicals, exerts various beneficial health effects, including anti-cancer, antioxidant, and anti-inflammatory properties. However, its anti-aging effects remain unclear. In this study, the <i>Caenorhabditis elegans</i> (<i>C. elegans</i>) model was used to evaluate the effects of orange extracts on lifespan and stress resistance. The results indicated that orange extracts dose-dependently increased the mean lifespan of <i>C. elegans</i> by 10.5%, 18.0%, and 26.2% at the concentrations of 100, 200, and 400 mg/mL, respectively. Meanwhile, orange extracts promoted the healthspan by improving motility, and decreasing the accumulation of age pigment and intracellular reactive oxygen species (ROS) levels without damaging fertility. The survival rates of orange extract-fed worms were obviously higher than those of untreated worms against thermal and ultraviolet-B (UV-B) stress. Moreover, the activities of superoxide dismutase (SOD) and catalase (CAT) were significantly enhanced while malondialdehyde (MDA) contents were diminished. Further investigation revealed that worms supplemented with orange extracts resulted in upregulated levels of genes, including <i>daf-16</i>, <i>sod-3</i>, <i>gst-4</i>, <i>sek-1</i>, and <i>skn-1</i>, and the downregulation of <i>age-1</i> expression. These findings revealed that orange extracts have potential anti-aging effects through extending the lifespan, enhancing stress resistance, and promoting the healthspan.",Caenorhabditis elegans,uv,,
9768365,10.1016/s0960-9822(98)70448-8,,no_pmc,1998,Current biology : CB,Life extension and stress resistance in Caenorhabditis elegans modulated by the tkr-1 gene.,"The nematode Caenorhabditis elegans is widely used to study aging, development, behavior and other basic metazoan processes [1-3]. The only mutants directly identified on the basis of their extended longevity in any metazoan have been isolated in C. elegans [4,5]. All life-extension mutants (Age mutants) previously identified in C. elegans result from hypo-morphic or nullo-morphic mutations. We have identified a new class of gerontogene (a gene whose alteration causes life extension) that increases life span when overexpressed. The first gene in this class has been designated tyrosine kinase receptor-1 (tkr-1); it encodes a putative receptor tyrosine kinase. Overexpression of tkr-1 in transgenics increases longevity 40-100% (average 65%), confers increased resistance to heat and ultraviolet (UV) irradiation in transgenic nematodes, and does not alter development or fertility. Unlike previously identified gerontogenes, tkr-1 positively modulates stress resistance and longevity. These results further support the positive relationship between increased stress resistance and increased longevity seen in all previously studied longevity mutants. This transgenic system is an effective means for identifying overexpression gerontogenes.",Caenorhabditis elegans,uv,,
27258247,10.3390/molecules21060721,PMC6274150,oa,2016,"Molecules (Basel, Switzerland)",Coffee Silverskin Extract Protects against Accelerated Aging Caused by Oxidative Agents.,"Nowadays, coffee beans are almost exclusively used for the preparation of the beverage. The sustainability of coffee production can be achieved introducing new applications for the valorization of coffee by-products. Coffee silverskin is the by-product generated during roasting, and because of its powerful antioxidant capacity, coffee silverskin aqueous extract (CSE) may be used for other applications, such as antiaging cosmetics and dermaceutics. This study aims to contribute to the coffee sector's sustainability through the application of CSE to preserve skin health. Preclinical data regarding the antiaging properties of CSE employing human keratinocytes and Caenorhabditis elegans are collected during the present study. Accelerated aging was induced by tert-butyl hydroperoxide (t-BOOH) in HaCaT cells and by ultraviolet radiation C (UVC) in C. elegans. Results suggest that the tested concentrations of coffee extracts were not cytotoxic, and CSE 1 mg/mL gave resistance to skin cells when oxidative damage was induced by t-BOOH. On the other hand, nematodes treated with CSE (1 mg/mL) showed a significant increased longevity compared to those cultured on a standard diet. In conclusion, our results support the antiaging properties of the CSE and its great potential for improving skin health due to its antioxidant character associated with phenols among other bioactive compounds present in the botanical material.",Caenorhabditis elegans,uv,,
28954009,10.6061/clinics/2017(08)07,PMC5579318,oa,2017,"Clinics (Sao Paulo, Brazil)",Selenocysteine modulates resistance to environmental stress and confers anti-aging effects in C. elegans.,"The free radical theory of aging suggests that cellular oxidative damage caused by free radicals is a leading cause of aging. In the present study, we examined the effects of a well-known anti-oxidant amino acid derivative, selenocysteine, in response to environmental stress and aging using Caenorhabditis elegans as a model system. The response to oxidative stress induced by H2O2 or ultraviolet irradiation was compared between the untreated control and selenocysteine-treated groups. The effect of selenocysteine on lifespan and fertility was then determined. To examine the effect of selenocysteine on muscle aging, we monitored the change in motility with aging in both the untreated control and selenocysteine-treated groups. Dietary supplementation with selenocysteine significantly increased resistance to oxidative stress. Survival after ultraviolet irradiation was also increased by supplementation with selenocysteine. Treatment with selenocysteine confers a longevity phenotype without an accompanying reduction in fertility, which is frequently observed in lifespan-extending interventions as a trade-off in C. elegans. In addition, the age-related decline in motility was significantly delayed by supplementation of selenocysteine. These findings suggest that dietary supplementation of selenocysteine can modulate response to stressors and lead to lifespan extension, thus supporting the free radical theory of aging.",Caenorhabditis elegans,uv,,
9288111,10.1038/ng0997-119,,no_pmc,1997,Nature genetics,Reverse genetics by chemical mutagenesis in Caenorhabditis elegans.,"Traditional reverse genetics on yeast, mice and other organisms uses homologous recombination with transgenic DNA to interrupt a target gene. Here we report that target-selected gene inactivation can be be achieved in Caenorhabditis elegans with the use of chemical mutagens. We use PCR to selectively visualize deletions in genes of interest; the method is sensitive enough to permit detection of a single mutant among more than 15,000 wild types. A permanent frozen mutant collection of more than a million mutagenized animals has been established, and deletion mutants of several G-protein genes were isolated from it. The approach is suitable to be scaled up for systematic inactivation of all 17,000 C. elegans genes. Because it requires no transgenesis or cell culturing, it may also be applicable to small organisms usually considered to be outside the realm of reverse genetics (for example, other nematodes and insects). Any sequenced gene in any organism that can be handled in very large numbers can possibly be targeted in this way.",Caenorhabditis elegans,uv,,
31612532,10.1111/jfbc.13075,,no_pmc,2019,Journal of food biochemistry,Saponin-rich extracts from Holothuria leucospilota mediate lifespan extension and stress resistance in Caenorhabditis elegans via daf-16.,"Saponins are secondary metabolite compounds that can be found in sea cucumbers (Holothuroidea spp.). However, little is known about how saponin-rich extracts from Holothuria leucospilota can delay and prolong the lifespan of the whole organism. In this study, anti-aging effects of H. leucospilota extracts were studied on Caenorhabditis elegans. NMR analysis revealed that body wall n-butanol-extract of H. leucospilota (BW-BU) is saponin-rich. BW-BU extracts exhibited antioxidant activities by 2,2'-diphenyl-2-picrylhydrazyl assay (EC<sub>50</sub>  = 10.23 ± 0.12 mg/ml) and 2,2'-azino-bis-3-ethylbenzthiazoline-6-sulphonic acid assay (EC<sub>50</sub>  = 3.91 ± 0.04 mg/ml). BW-BU extracts increased lifespan of L4 and L1 C. elegans (5.92% and 15.76%, respectively), which also increased worm growth, stress resistance, and reduced biomarkers for aging. BW-BU extracts activated DAF-16 nuclear localization and upregulated daf-16 and DAF-16 target genes expression. Taken together, this study revealed the evidences on anti-aging activities of saponin-rich extracts from H. leucospilota, which can extend lifespan of C. elegans via daf-16. PRACTICAL APPLICATIONS: In recent years, age-associated chronic diseases have had a significant impact on quality of life. Many natural compounds exhibit anti-aging activities, especially in sea cucumber, H. leucospilota. Our results indicated that H. leucospilota is good for health. Extracts from H. leucospilota contain a bioactive compound that can be potentially used to promote longevity and disease prevention in aging.",Caenorhabditis elegans,uv,,
32905206,10.1093/toxres/tfaa041,PMC7467232,pmc_not_oa,2020,Toxicology research,Ultraviolet light activates PMK-1/p38 MAPK signaling via MOM-4 and JKK-1 in <i>Caenorhabditis elegans</i>.,"P38 mitogen-activated protein kinase (p38 MAPK) plays an important role in innate immunity and is activated by ultraviolet (UV) radiation. However, the molecular mechanism underlying UV stress remains unclear. In this study, we reported that UV activated PMK-1/p38 MAPK signaling via JKK-1 and MOM-4 in <i>Caenorhabditis elegans</i>. In <i>C. elegans</i>, different UV radiation doses resulted in PMK-1 phosphorylation. However, pmk-1 mutants failed to demonstrate an altered survival time in response to UV when compared with wild-type worms. Further analysis showed that JKK-1, but not SEK-1 mutants, displayed impaired PMK-1 activation following UV irradiation, suggesting that JKK-1 is the upstream MAP2K for the activation of PMK-1 in <i>C. elegans</i> under UV stimulation. UV-induced activation of PMK-1 was markedly reduced in MOM-4, but not in NSY-1 and DLK-1 mutant worms, suggesting that MOM-4 is the upstream MAP3K regulator of PMK-1 activation in response to UV stress in <i>C. elegans.</i> Additionally, daf-16 mutants displayed a shorter lifespan under UV stress, but UV-induced activation of PMK-1 was not markedly reduced in daf-16 and age-1 mutant worms. Our results revealed the signaling pathway involved in PMK-1 activation in <i>C. elegans</i> in response to UV radiation.",Caenorhabditis elegans,uv,,
18687026,10.1371/journal.pbio.0060198,PMC2494560,oa,2008,PLoS biology,A novel molecular solution for ultraviolet light detection in Caenorhabditis elegans.,"For many organisms the ability to transduce light into cellular signals is crucial for survival. Light stimulates DNA repair and metabolism changes in bacteria, avoidance responses in single-cell organisms, attraction responses in plants, and both visual and nonvisual perception in animals. Despite these widely differing responses, in all of nature there are only six known families of proteins that can transduce light. Although the roundworm Caenorhabditis elegans has none of the known light transduction systems, we show here that C. elegans strongly accelerates its locomotion in response to blue or shorter wavelengths of light, with maximal responsiveness to ultraviolet light. Our data suggest that C. elegans uses this light response to escape the lethal doses of sunlight that permeate its habitat. Short-wavelength light drives locomotion by bypassing two critical signals, cyclic adenosine monophosphate (cAMP) and diacylglycerol (DAG), that neurons use to shape and control behaviors. C. elegans mutants lacking these signals are paralyzed and unresponsive to harsh physical stimuli in ambient light, but short-wavelength light rapidly rescues their paralysis and restores normal levels of coordinated locomotion. This light response is mediated by LITE-1, a novel ultraviolet light receptor that acts in neurons and is a member of the invertebrate Gustatory receptor (Gr) family. Heterologous expression of the receptor in muscle cells is sufficient to confer light responsiveness on cells that are normally unresponsive to light. Our results reveal a novel molecular solution for ultraviolet light detection and an unusual sensory modality in C. elegans that is unlike any previously described light response in any organism.",Caenorhabditis elegans,uv,,
26807430,,PMC4723109,pmc_not_oa,2015,Bio-protocol,DNA Damage Sensitivity Assays in <i>Caenorhabditis elegans</i>.,"<i>C. elegans</i> has served as a genetically tractable multicellular model system to examine DNA damage-induced genotoxic stress which threatens genome integrity. Importantly, the high degree of conservation shared between worms and humans offers the advantage that findings about DNA damage-induced cell cycle arrest/checkpoint response and DNA double-strand break repair in worms are applicable to human studies. Here, we describe simple DNA damage sensitivity assays to quantify the response of <i>C. elegans</i> to diverse types of DNA damaging agents. These assays have provided important insights into the mechanisms of function for factors such as ZTF-8 that are involved in DNA damage repair and response in the <i>C. elegans</i> germline. These DNA damage sensitivity assays rely on the straightforward readouts of either egg or larval lethality and involve the use of various DNA damaging agents. We use γ-irradiation (γ-IR), which produces DNA double-strand breaks (DSBs), camptothecin (CPT), which induces single-strand breaks, nitrogen mustard (HN<sub>2</sub>), which produces interstrand crosslinks (ICLs), hydroxyurea (HU), which results in replication fork arrest thus preventing DNA synthesis, and UV-C, which causes photoproducts (pyrimidine dimers). See Table 1. Comparisons between the relative sensitivity/resistance observed in, for example, mutants compared to wild type, for various DNA damaging agents allows for inferences regarding potential repair pathways being affected.",Caenorhabditis elegans,uv,,
23786484,10.1111/acel.12120,PMC3824081,oa,2013,Aging cell,"Effects of Caenorhabditis elegans sgk-1 mutations on lifespan, stress resistance, and DAF-16/FoxO regulation.","The AGC family serine-threonine kinases Akt and Sgk are similar in primary amino acid sequence and in vitro substrate specificity, and both kinases are thought to directly phosphorylate and inhibit FoxO transcription factors. In the nematode Caenorhabditis elegans, it is well established that AKT-1 controls dauer arrest and lifespan by regulating the subcellular localization of the FoxO transcription factor DAF-16. SGK-1 is thought to act similarly to AKT-1 in lifespan control by phosphorylating and inhibiting the nuclear translocation of DAF-16/FoxO. Using sgk-1 null and gain-of-function mutants, we now provide multiple lines of evidence indicating that AKT-1 and SGK-1 influence C. elegans lifespan, stress resistance, and DAF-16/FoxO activity in fundamentally different ways. Whereas AKT-1 shortens lifespan, SGK-1 promotes longevity in a DAF-16-/FoxO-dependent manner. In contrast to AKT-1, which reduces resistance to multiple stresses, SGK-1 promotes resistance to oxidative stress and ultraviolet radiation but inhibits thermotolerance. Analysis of several DAF-16/FoxO target genes that are repressed by AKT-1 reveals that SGK-1 represses a subset of these genes while having little influence on the expression of others. Accordingly, unlike AKT-1, which promotes the cytoplasmic sequestration of DAF-16/FoxO, SGK-1 does not influence DAF-16/FoxO subcellular localization. Thus, in spite of their similar in vitro substrate specificities, Akt and Sgk influence longevity, stress resistance, and FoxO activity through distinct mechanisms in vivo. Our findings highlight the need for a re-evaluation of current paradigms of FoxO regulation by Sgk.",Caenorhabditis elegans,uv,,
15707967,10.1016/j.bbrc.2005.01.050,,no_pmc,2005,Biochemical and biophysical research communications,Cholesterol-producing transgenic Caenorhabditis elegans lives longer due to newly acquired enhanced stress resistance.,"Because Caenorhabditis elegans lacks several components of the de novo sterol biosynthetic pathway, it requires sterol as an essential nutrient. Supplemented cholesterol undergoes extensive enzymatic modification in C. elegans to form other sterols of unknown function. 7-Dehydrocholesterol reductase (DHCR) catalyzes the reduction of the Delta7 double bond of sterols and is suspected to be defective in C. elegans, in which the major endogenous sterol is 7-dehydrocholesterol (7DHC). We microinjected a human DHCR expression vector into C. elegans, which was then incorporated into chromosome by gamma-radiation. This transgenic C. elegans was named cholegans, i.e., cholesterol-producing C. elegans, because it was able to convert 7DHC into cholesterol. We investigated the effects of changes in sterol composition on longevity and stress resistance by examining brood size, mean life span, UV resistance, and thermotolerance. Cholegans contained 80% more cholesterol than the wild-type control. The brood size of cholegans was reduced by 40% compared to the wild-type control, although the growth rate was not significantly changed. The mean life span of cholegans was increased up to 131% in sterol-deficient medium as compared to wild-type. The biochemical basis for life span extension of cholegans appears to partly result from its acquired resistance against both UV irradiation and thermal stress.",Caenorhabditis elegans,uv,,
36773353,10.1016/j.foodchem.2023.135643,,no_pmc,2023,Food chemistry,Novel methylated flavoalkaloids from Echa 1 green tea inhibit fat accumulation and enhance stress resistance in Caenorhabditis elegans.,"Methylation is a common structural modification of catechins in tea, which can improve the bioavailability of catechins. Flavoalkaloids are catechin derivatives with a nitrogen containing five-membered ring at the C-6 or C-8 position. Here we isolated three new methylated flavoalkaloids from Echa 1 green tea (Camellia sinensis cv. Echa 1) and synthesized another four new methylated flavoalkaloids. The structures of the new ester-type methylated catechins (etmc)-pyrrolidinone A-G (1-7) were elucidated by various spectroscopic techniques, including nuclear magnetic resonance (NMR), optical rotation, infrared, UV-vis, experimental and calculated circular dichroism (CD) spectra, and high-resolution mass. Among them, 6 and 7 showed the strongest α-glucosidase inhibitory activity and significantly lowered lipid content of Caenorhabditis elegans with 73.50 and 67.39% inhibition rate, respectively. Meanwhile, 6 and 7 also exhibited strong antioxidant activity in vitro and stress resistance to heat, oxidative stress, and UV irradiation in nematodes.",Caenorhabditis elegans,uv,,
11867647,10.1093/gerona/57.3.b109,,no_pmc,2002,"The journals of gerontology. Series A, Biological sciences and medical sciences",Multiple stressors in Caenorhabditis elegans induce stress hormesis and extended longevity.,"We demonstrate here that the nematode Caenorhabditis elegans displays broad hormetic abilities. Hormesis is the induction of beneficial effects by exposure to low doses of otherwise harmful chemical or physical agents. Heat as well as pretreatment with hyperbaric oxygen or juglone (a chemical that generates reactive oxygen species) significantly increased subsequent resistance to the same challenge. Cross-tolerance between juglone and oxygen was also observed. The same heat or oxygen pretreatment regimens that induced subsequent stress resistance also increased life expectancy and maximum life span of populations undergoing normal aging. Pretreatment with ultraviolet or ionizing radiation did not promote subsequent resistance or increased longevity. In dose-response studies, induced thermotolerance paralleled the induced increase in life expectancy, which is consistent with a common origin.",Caenorhabditis elegans,uv,,
30563064,10.3390/nu10121921,PMC6316807,oa,2018,Nutrients,<i>Clostridium butyricum</i> MIYAIRI 588 Increases the Lifespan and Multiple-Stress Resistance of <i>Caenorhabditis elegans</i>.,"<i>Clostridium butyricum</i> MIYAIRI 588 (CBM 588), one of the probiotic bacterial strains used for humans and domestic animals, has been reported to exert a variety of beneficial health effects. The effect of this probiotic on lifespan, however, is unknown. In the present study, we investigated the effect of CBM 588 on lifespan and multiple-stress resistance using <i>Caenorhabditis elegans</i> as a model animal. When adult <i>C. elegans</i> were fed a standard diet of <i>Escherichia coli</i> OP50 or CBM 588, the lifespan of the animals fed CBM 588 was significantly longer than that of animals fed OP50. In addition, the animals fed CBM588 exhibited higher locomotion at every age tested. Moreover, the worms fed CBM 588 were more resistant to certain stressors, including infections with pathogenic bacteria, UV irradiation, and the metal stressor Cu<sup>2+</sup>. CBM 588 failed to extend the lifespan of the <i>daf-2</i>/insulin-like receptor, <i>daf-16</i>/FOXO and <i>skn-1</i>/Nrf2 mutants. In conclusion, CBM 588 extends the lifespan of <i>C. elegans</i> probably through regulation of the insulin/IGF-1 signaling (IIS) pathway and the Nrf2 transcription factor, and CBM 588 improves resistance to several stressors in <i>C. elegans</i>.",Caenorhabditis elegans,uv,,
30889411,10.1016/j.archger.2019.03.011,,no_pmc,2019,Archives of gerontology and geriatrics,Understanding the role of DAF-16 mediated pathway in Caenorhabditis elegans during UV-A mediated photoaging process.,"Even though Sun is the major source of energy to all living beings in the universe, continuous and prolonged exposure to sunlight will lead to detrimental effects. Human skin will undergo extrinsic aging, known as photoaging upon prolonged exposure to sunlight which is characterized by wrinkles, dryness, loss of elasticity, and so on. The model nematode Caenorhabditis elegans which is widely used in aging studies, could be used to study photoaging also. Transcription factor DAF-16, which regulates longevity, stress resistance and many other physiological events, mediates the photoaging mechanism in C. elegans. Elevation in extracellular ROS and altered expression of SGK-1 indicates the role of DAF-16 during UV-A exposure. Further, the role of daf-2, the receptor gene and lys-7, an effector gene of DAF-16 were characterized through mutant based studies. The long lived daf-2 mutants upon UV-A exposure showed reduction in lifespan, but the upregulation of daf-16 allowed the other molecular mechanisms like healthspan, antimicrobial and stress resistance to be active. In the case of lys-7 mutants, the lifespan was reduced and all other molecular mechanisms were also downregulated. However, the daf-16 mutants showed no change in lifespan irrespective of UV-A exposure. This signifies the role of DAF-16 during UV-A mediated photoaging in C. elegans. The present study helps in understanding the role of daf-16 in UV-A mediated stress response which will be of considerable importance in the field of pharmacy in designing targets for specific agents against photoaging.",Caenorhabditis elegans,uv,,
3193983,10.1016/0165-7992(88)90025-5,,no_pmc,1988,Mutation research,Ultraviolet mutagenesis of radiation-sensitive (rad) mutants of the nematode Caenorhabditis elegans.,"A mutational tester strain (JP10) of the nematode C. elegans was used to capture recessive lethal mutations in a balanced 300 essential gene autosomal region. The probability of converting a radiation interaction into a lethal mutation was measured in young gravid adults after exposure to fluences of 254-nm ultraviolet radiation (UV) ranging from 0 to 300 Jm-2. Mutation frequencies as high as 5% were observed. In addition, three different radiation-hypersensitive mutations, rad-1, rad-3 and rad-7 were incorporated into the JP10 background genotype, which allowed us to measure mutation frequencies in radiation-sensitive animals. The strain homozygous for rad-3 was hypermutable to UV while strains homozygous for rad-1 and rad-7 were hypomutable. Data showing the effects of UV on larval development and fertility for the rad mutants is also shown and compared for wild-type and JP10 backgrounds.",Caenorhabditis elegans,uv,,
29672544,10.1371/journal.pone.0195349,PMC5909616,oa,2018,PloS one,"Stress pre-conditioning with temperature, UV and gamma radiation induces tolerance against phosphine toxicity.","Phosphine is the only general use fumigant for the protection of stored grain, though its long-term utility is threatened by the emergence of highly phosphine-resistant pests. Given this precarious situation, it is essential to identify factors, such as stress preconditioning, that interfere with the efficacy of phosphine fumigation. We used Caenorhabditis elegans as a model organism to test the effect of pre-exposure to heat and cold shock, UV and gamma irradiation on phosphine potency. Heat shock significantly increased tolerance to phosphine by 3-fold in wild-type nematodes, a process that was dependent on the master regulator of the heat shock response, HSF-1. Heat shock did not, however, increase the resistance of a strain carrying the phosphine resistance mutation, dld-1(wr4), and cold shock did not alter the response to phosphine of either strain. Pretreatment with the LD50 of UV (18 J cm-2) did not alter phosphine tolerance in wild-type nematodes, but the LD50 (33 J cm-2) of the phosphine resistant strain (dld-1(wr4)) doubled the level of resistance. In addition, exposure to a mild dose of gamma radiation (200 Gy) elevated the phosphine tolerance by ~2-fold in both strains.",Caenorhabditis elegans,uv,,
27840319,10.1016/j.freeradbiomed.2016.11.004,,no_pmc,2016,Free radical biology & medicine,"In situ visualization of carbonylation and its co-localization with proteins, lipids, DNA and RNA in Caenorhabditis elegans.","All key biological macromolecules are susceptible to carbonylation - an irreparable oxidative damage with deleterious biological consequences. Carbonyls in proteins, lipids and DNA from cell extracts have been used as a biomarker of oxidative stress and aging, but formation of insoluble aggregates by carbonylated proteins precludes quantification. Since carbonylated proteins correlate with and become a suspected cause of morbidity and mortality in some organisms, there is a need for their accurate quantification and localization. Using appropriate fluorescent probes, we have developed an in situ detection of total proteins, DNA, RNA, lipids and carbonyl groups at the level of the whole organism. In C. elegans, we found that after UV irradiation carbonylation co-localizes mainly with proteins and, to a lesser degree, with DNA, RNA and lipids. The method efficiency was illustrated by carbonylation induction assessment over 5 different UV doses. The procedure enables the monitoring of carbonylation in the nematode C. elegans during stress, aging and disease along its life cycle including the egg stage.",Caenorhabditis elegans,uv,,
28471052,10.1111/1750-3841.13720,,no_pmc,2017,Journal of food science,Supplementation with Triptolide Increases Resistance to Environmental Stressors and Lifespan in C. elegans.,"Triptolide is a major active compound found in Tripterygium wilfordii., also known as Thunder God Vine. Triptolide has been shown to have anti-inflammatory and anticancer activities. In this study, we examined the effect of dietary supplementation with triptolide on response to environmental stressors and lifespan in vivo using Caenorhabditis elegans as a model system. Treatment with 50 mg/L of triptolide in the growth media increased resistance to oxidative stress and reduced the generation of intracellular reactive oxygen species. We also observed a lifespan-extending activity for triptolide. Both mean and maximum lifespans were significantly increased by supplementation with triptolide. Response to other environmental stressors was modulated by triptolide. The survival after heat shock or UV irradiation was markedly increased in worms treated with triptolide. Unlike many lifespan-extending genetic or nutritional interventions, the longevity phenotype conferred by triptolide did not have the trade-off of a reduction in fertility or a delay in the gravid period. The expressions of hsp-16.2 and sod-3, known to positively correlate with a long lifespan, were significantly upregulated by supplementation with triptolide. These findings suggest that triptolide can exhibit antistress and lifespan-extending effects in vivo, possibly through its antioxidant activity and support the free radical theory of aging, which emphasizes the causative role of oxidative stress in aging.",Caenorhabditis elegans,uv,,
34890717,10.1016/j.neulet.2021.136384,,no_pmc,2022,Neuroscience letters,The molecular and neural regulation of ultraviolet light phototaxis and its food-associated learning behavioral plasticity in C. elegans.,"Ultraviolet light is quite toxic to all the animals and evoke the avoidance behavior of UV. The soil nematode Caenorhabditis elegans senses UV and is known to avoid UV by using four sensory neurons. However, it is not clear what signaling molecules act for UV avoidance in the neuronal pathway constituted of four sensory neurons. In addition, it is not clear whether this harmful environmental signal can be associated with other benefit signals such as food. In this study, by using newly developed assay system, we found that C. elegans can associate UV and food and changes behavioral strategy against harmful UV signal. This is the first indication that C. elegans shows associate learning with UV and food. Using our assay system, we also found that glutamate is used as a transmitter in both the UV avoidance and UV associate learning neural circuits. However, one sensory neuron showed a significant role for associative learning, compared to a complimentary role in four sensory neurons for direct associative learning, and different sets of glutamate receptors seemed to be acting for UV avoidance and UV associate learning. These findings suggest that a distinct neuronal network is used for UV learning compared to that for direct avoidance behavior of UV.",Caenorhabditis elegans,uv,,
35689482,10.1002/jsfa.12063,,no_pmc,2022,Journal of the science of food and agriculture,DAF-16 is involved in colonic metabolites of ferulic acid-promoted longevity and stress resistance of Caenorhabditis elegans.,"Ferulic acid (FA) is a dietary polyphenol widely found in plant tissues. It has long been considered to have health-promoting qualities. However, the biological properties of dietary polyphenols depend largely on their absorption during digestion, and the effects of their intestinal metabolites on human health have attracted the interest of researchers. This study evaluated the effects of three main colonic metabolites of FA - 3-(3,4-dihydroxyphenyl)propionic acid (3,4diOHPPA), 3-(3-hydroxyphenyl)propionic acid (3OHPPA) and 3-phenylpropionic acid (3PPA) - on longevity and stress resistance in Caenorhabditis elegans. Our results showed that 3,4diOHPPA, 3OHPPA and 3PPA extended the lifespan under normal conditions in C. elegans whereas FA did not. High doses of 3,4diOHPPA (0.5 mmol L<sup>-1</sup> ), 3OHPPA (2.5 mmol L<sup>-1</sup> ) and 3PPA (2.5 mmol L<sup>-1</sup> ) prolonged the mean lifespan by 11.2%, 13.0% and 10.6%, respectively. Moreover, 3,4diOHPPA, 3OHPPA and 3PPA treatments promoted stress tolerance against heat, UV irradiation and paraquat. Furthermore, three metabolites ameliorated physical functions, including reactive oxygen species and malondialdehyde levels, motility and pharyngeal pumping rate. The anti-aging activities mediated by 3,4diOHPPA, 3OHPPA and 3PPA depend on the HSF-1 and JNK-1 linked insulin/IGF-1 signaling pathway, which converge onto DAF-16. The current findings suggest that colonic metabolites of FA have the potential for use as anti-aging bioactivate compounds. © 2022 Society of Chemical Industry.",Caenorhabditis elegans,uv,,
18562277,10.1073/pnas.0803837105,PMC2438412,pmc_not_oa,2008,Proceedings of the National Academy of Sciences of the United States of America,Sir2 mediates apoptosis through JNK-dependent pathways in Drosophila.,"Increased expression of the histone deacetylase sir2 has been reported to extend the life span of diverse organisms including yeast, Caenorhabditis elegans, and Drosophila melanogaster. A small molecule activator of Sir2, resveratrol, has also been suggested to extend the fitness and survival of these simple model organisms as well as mice fed high calorie diets. However, other studies in yeast have shown that Sir2 itself may prevent life extension, and high expression levels of Sir2 can be toxic to yeast and mouse cells. This conflicting evidence highlights the importance of understanding the mechanisms by which Sir2 expression or activation affects survival of organisms. To investigate the downstream signaling pathways affected by Sir2 in Drosophila, we generated transgenic flies expressing sir2. Here, we show that overexpression of sir2 in Drosophila promotes caspase-dependent but p53-independent apoptosis that is mediated by the JNK and FOXO signaling pathways. Furthermore, we find that a loss-of-function sir2 mutant partially prevents apoptosis induced by UV irradiation in the eye. Together, these results suggest that Sir2 normally participates in the regulation of cell survival and death in Drosophila.",Caenorhabditis elegans,uv,,
33002525,10.1016/j.toxlet.2020.09.016,,no_pmc,2020,Toxicology letters,"The mycotoxin beauvericin impairs development, fertility and life span in the nematode Caenorhabditis elegans accompanied by increased germ cell apoptosis and lipofuscin accumulation.","Beauvericin is an ubiquitous mycotoxin with relevant occurrence in food and feed. It causes a high toxicity in several cell lines, but its general mechanism of action is not fully understood and only limited in vivo studies have been performed. We used Caenorhabditis elegans as a model organism to investigate effects of beauvericin. The mycotoxin displays a moderate acute toxicity at 100 μM; at this concentration also reproductive toxicity occurred (reduction of total progeny to 32.1 %), developmental toxicity was detectable at 250 μM. However, even lower concentrations were capable to reduce stress resistance and life span of the nematode: A significant reduction was detected at 10 μM beauvericin (decrease in mean survival time of 4.3 % and reduction in life span of 12.9 %). An increase in lipofuscin fluorescence was demonstrated starting at 10 μM suggesting oxidative stress as a mechanism of beauvericin toxicity. Beauvericin (100 μM) increases the number of apoptotic germ cells comparable to the positive control UV-C (400 J/m<sup>2</sup>). Conclusion: Low concentrations of beauvericin are capable to cause adverse effects in C. elegans, which may be relevant for hazard identification of this compound.",Caenorhabditis elegans,uv,,
33046905,10.1038/s41594-020-00513-1,,no_pmc,2020,Nature structural & molecular biology,H3K4me2 regulates the recovery of protein biosynthesis and homeostasis following DNA damage.,"DNA damage causes cancer, impairs development and accelerates aging. Transcription-blocking lesions and transcription-coupled repair defects lead to developmental failure and premature aging in humans. Following DNA repair, homeostatic processes need to be reestablished to ensure development and maintain tissue functionality. Here, we report that, in Caenorhabditis elegans, removal of the WRAD complex of the MLL/COMPASS H3K4 methyltransferase exacerbates developmental growth retardation and accelerates aging, while depletion of the H3K4 demethylases SPR-5 and AMX-1 promotes developmental growth and extends lifespan amid ultraviolet-induced damage. We demonstrate that DNA-damage-induced H3K4me2 is associated with the activation of genes regulating RNA transport, splicing, ribosome biogenesis and protein homeostasis and regulates the recovery of protein biosynthesis that ensures survival following genotoxic stress. Our study uncovers a role for H3K4me2 in coordinating the recovery of protein biosynthesis and homeostasis required for developmental growth and longevity after DNA damage.",Caenorhabditis elegans,uv,,
34117548,10.1007/s11356-021-14312-8,,no_pmc,2021,Environmental science and pollution research international,Deactivation of Caenorhabditis elegans nematodes in drinking water by PMS/UV-C: efficiency and mechanisms.,"The occurrence and infestations of chlorine-resistant invertebrates in drinking water distributions have attracted concerns on water quality in China, making effective deactivation imperative. This study presents a novel strategy for nematode (Caenorhabditis elegans) deactivation using peroxymonosulfate (PMS)/UV-C. The results indicated that 100% deactivation efficiency was obtained under optimal conditions. An acidic pH and 0.25 mg/L Fe(II) were beneficial to the PMS/UV-C-triggered deactivation of nematodes. A mechanism study demonstrated that [Formula: see text] was activated by UV-C to produce ·OH and [Formula: see text], which resulted in oxidative stress and stimulated the occurrence of cell apoptosis, leading to nematode deactivation. The results reveal PMS/UV-C as an alternative to chlorination in water treatment plants (WTP) or an emergency application when chlorine-resistant invertebrates breed in a second-supply water tank is a promising strategy for disinfection. This approach possessed the advantages of avoiding the production of chlorine disinfection by-products (DBP) and greater efficacy of nematode deactivation. This work will provide ideas for on-going research efforts into chlorine-resistant invertebrate deactivation and eventually achieve the direct drinking of municipal tap water.",Caenorhabditis elegans,uv,,
36290719,10.3390/antiox11101996,PMC9598670,oa,2022,"Antioxidants (Basel, Switzerland)",Anti-Oxidant and Anti-Aging Effects of Phlorizin Are Mediated by DAF-16-Induced Stress Response and Autophagy in <i>Caenorhabditis elegans</i>.,"Phlorizin (phloridzin) is a polyphenolic phytochemical primarily found in unripe <i>Malus</i> (apple). It is a glucoside of phloretin and acts as an inhibitor of renal glucose transport, thus lowering blood glucose. The objective of this study was to determine effects of dietary supplementation with phlorizin on stress response, aging, and age-related diseases using <i>Caenorhabditis elegans</i> as a model system. Survival after oxidative stress or ultraviolet irradiation was significantly increased by pre-treatment of phlorizin. Dietary supplementation with phlorizin also significantly extended lifespans without reducing fertility. Age-related decline of muscle function was delayed by supplementation with phlorizin. Phlorizin induced the expression of stress-responsive genes <i>hsp-16.2</i> and <i>sod-3</i> and nuclear localization of DAF-16, a FOXO transcription factor modulating stress response and lifespan in <i>C. elegans</i>. Amyloid-beta-induced toxicity was significantly reduced by phlorizin. This effect was dependent on DAF-16 and SKN-1. Increased mortality induced with a high-glucose diet was partially prevented by phlorizin via SKN-1. Inactivation of dopaminergic neurons observed in a Parkinson's disease model was completely recovered by supplementation with phlorizin. Genetic analysis suggests that lifespan extension by phlorizin is mediated through oxidative stress response and autophagy. Taken together, these data suggest that phlorizin has strong anti-oxidant and anti-aging activities with potential to be developed as a novel anti-oxidant nutraceutical against aging and age-related diseases.",Caenorhabditis elegans,uv,,
35968754,10.1039/d2fo01795d,,no_pmc,2022,Food & function,Two new catechins from Zijuan green tea enhance the fitness and lifespan of <i>Caenorhabditis elegans via</i> insulin-like signaling pathways.,"Green tea polyphenols show positive effects on human health and longevity. However, knowledge of the antiaging properties of green tea is limited to the major catechin epigallocatechin gallate (EGCG). The search for new ingredients in tea with strong antiaging activity deserves further study. Here we isolated and identified two new catechins from Zijuan green tea, named zijuanin E (1) and zijuanin F (2). Their structures were identified by extensive high-resolution mass spectroscopy (HR-MS), nuclear magnetic resonance (NMR), ultraviolet-vis (UV), infrared (IR) and circular dichroism (CD) spectroscopic analyses, and their <sup>13</sup>C NMR and CD data were calculated. We used the nematode <i>Caenorhabditis elegans</i> (<i>C. elegans</i>) to analyze the health benefits and longevity effects of 1 and 2. Compounds 1 and 2 (100 μM) remarkably prolonged the lifespan of <i>C. elegans</i> by 67.2% and 56.0%, respectively, delaying the age-related decline of phenotypes, enhancing stress resistance, and reducing ROS and lipid accumulation. Furthermore, 1 and 2 did not affect the lifespan of <i>daf-16</i>, <i>daf-2</i>, <i>sir-2.1</i>, and <i>skn-1</i> mutant worms, suggesting that they might work <i>via</i> the insulin/IGF and SKN-1/Nrf2 signaling pathways. Meanwhile, 1 and 2 also exhibited strong antioxidant activity <i>in vitro</i>. Surface plasmon resonance (SPR) evidence suggests that zijuanins E and F have strong human serum albumin (HSA) binding ability. Together, zijuanins E and F represent a new valuable class of tea components that promote healthspan and could be developed as potential dietary therapies against aging.",Caenorhabditis elegans,uv,,
36172739,10.1039/d2fo01657e,,no_pmc,2022,Food & function,Hawthorn fruit extract ameliorates H<sub>2</sub>O<sub>2</sub>-induced oxidative damage in neuronal PC12 cells and prolongs the lifespan of <i>Caenorhabditis elegans via</i> the IIS signaling pathway.,"Hawthorn (<i>Crataegus pinnatifida</i>) fruit has a long history of use as traditional Chinese medicine and is shown to have many health benefits including antioxidant and anti-aging. In this study, the anti-aging mechanism of hawthorn fruit extract (HFE) is predicted by network pharmacology and further verified in H<sub>2</sub>O<sub>2</sub>-induced PC12 cells and <i>Caenorhabditis elegans</i>. Network pharmacology predicted that the antiaging mechanism of HFE is mainly involved in phosphoinositide 3-kinase (PI3K)/AKT and the insulin/insulin-like growth factor-1 (IIS) signaling pathway. HFE significantly improved cell viability, increased superoxide dismutase, catalase, and glutathione peroxidase activity, decreased lactate dehydrogenase release, the level of reactive oxygen species (ROS), and malondialdehyde content in H<sub>2</sub>O<sub>2</sub>-induced PC12 cells (<i>p</i> < 0.05). HFE significantly increased the mean lifespan of <i>C. elegans</i> by 28.43% (100 μg mL<sup>-1</sup>) and enhanced the stress resistance to H<sub>2</sub>O<sub>2</sub>, paraquat, juglone, ultraviolet radiation, and heat shock. HFE also suppressed the accumulation of aging pigments, improved the body bending ability, increased antioxidant enzyme activities, and reduced the contents of ROS and malondialdehyde. In addition, relevant gene expression, lifespan experiments with mutant strains, and molecular docking studies supported the results that HFE might extend lifespan through the IIS signal pathway.",Caenorhabditis elegans,uv,,
8807294,10.1093/genetics/143.3.1207,PMC1207391,pmc_not_oa,1996,Genetics,A genetic pathway conferring life extension and resistance to UV stress in Caenorhabditis elegans.,"A variety of mechanisms have been proposed to explain the extension of adult life span (Age) seen in several mutants in Caenorhabditis elegans (age-1: an altered aging rate; daf-2 and daf-23: activation of a dauer-specific longevity program; spe-26: reduced fertility; clk-1: an altered biological clock). Using an assay for ultraviolet (UV) resistance in young adult hermaphrodites (survival after UV irradiation), we observed that all these Age mutants show increased resistance to UV. Moreover, mutations in daf-16 suppressed the UV resistance as well as the increased longevity of all the Age mutants. In contrast to the multiple mechanisms initially proposed, these results suggest that a single, daf-16-dependent pathway, specifies both extended life span and increased UV resistance. The mutations in daf-16 did not alter the reduced fertility of spe-26 and interestingly a daf-16 mutant is more fertile than wild type. We propose that life span and some aspects of stress resistance are jointly negatively regulated by a set of gerontogenes (genes whose alteration causes life extension) in C. elegans.",Caenorhabditis elegans,uv,,
29945933,10.15252/embr.201745673,PMC6073070,pmc_not_oa,2018,EMBO reports,Modulation of caveolae by insulin/IGF-1 signaling regulates aging of <i>Caenorhabditis elegans</i>.,"Reducing insulin/IGF-1 signaling (IIS) extends lifespan, promotes protein homeostasis (proteostasis), and elevates stress resistance of worms, flies, and mammals. How these functions are orchestrated across the organism is only partially understood. Here, we report that in the nematode <i>Caenorhabditis elegans,</i> the IIS positively regulates the expression of <i>caveolin-1</i> (<i>cav-1</i>), a gene which is primarily expressed in neurons of the adult worm and underlies the formation of caveolae, a subtype of lipid microdomains that serve as platforms for signaling complexes. Accordingly, IIS reduction lowers <i>cav-1</i> expression and lessens the quantity of neuronal caveolae. Reduced <i>cav-1</i> expression extends lifespan and mitigates toxic protein aggregation by modulating the expression of aging-regulating and signaling-promoting genes. Our findings define caveolae as aging-governing signaling centers and underscore the potential for <i>cav-1</i> as a novel therapeutic target for the promotion of healthy aging.",Caenorhabditis elegans,uv,,
41793542,10.1007/s10522-026-10416-1,,no_pmc,2026,Biogerontology,"The mycosporine-like amino acid ""palythine"" promotes healthy aging and neuroprotection in Caenorhabditis elegans.","Neurodegenerative diseases are strongly associated with aging and oxidative stress, underscoring the need for natural compounds that promote healthy aging. The mycosporine-like amino acid (MAA) ""palythine"", a photoprotective metabolite, exhibits promising bioactivity in mitigating age-related decline. Ultraviolet-B (UV-B, 280-315 nm) radiation is a major inducer of DNA damage, oxidative stress and apoptosis, all of which accelerate aging. In this study, we investigated the effects of palythine on oxidative stress and cognition using the transgenic, humanized model organism Caenorhabditis elegans. Palythine supplementation reduced key biomarkers of aging, including autofluorescence and lipid accumulation, while enhancing antioxidant enzyme activity. Stress resistance assays showed that UV-B exposure significantly reduced survival, whereas palythine improved UV-B resistance and extended longevity. Additionally, palythine preserved neuronal health by maintaining nicotinic acetylcholine receptor function and reducing α-synuclein aggregation, a hallmark of neurodegeneration. Since acetylcholine and dopamine are essential for cognition, behavior and motor function, these findings suggest that palythine enhances systemic health span. Overall, palythine emerges as a potent natural bioactive molecule with antioxidant, neuroprotective and anti-aging properties, supporting its potential as a therapeutic candidate for healthy aging and cognitive resilience.",Caenorhabditis elegans,uv,,
24340038,10.1371/journal.pone.0082543,PMC3858337,oa,2013,PloS one,UV-photoconversion of ethosuximide from a longevity-promoting compound to a potent toxin.,"The anticonvulsant ethosuximide has been previously shown to increase life span and promote healthspan in the nematode Caenorhabditis elegans at millimolar concentrations. Here we report that following exposure to ultraviolet irradiation at 254 nm, ethosuximide is converted into a compound that displays toxicity toward C. elegans. This effect is specific for ethosuximide, as the structurally related compounds trimethadione and succinimide do not show similar toxicities following UV exposure. Killing by UV-irradiated ethosuximide is not attenuated in chemosensory mutants that are resistant to toxicity associated with high doses of non-irradiated ethosuximide. Non-irradiated ethosuximide extends life span at 15°C or 20°C, but not at 25°C, while irradiated ethosuximide shows similar toxicity at all three temperatures. Dietary restriction by bacterial deprivation does not protect against toxicity from irradiated ethosuximide, while non-irradiated ethosuximide further extends the long life spans of restricted animals. These data support the model that ethosuximide extends life span by a mechanism that is, at least partially, distinct from dietary restriction by bacterial deprivation and demonstrates an unexpected photochemical conversion of ethosuximide into a toxic compound by UV light.",Caenorhabditis elegans,uv,,
28934497,10.1093/nar/gkx660,PMC5766164,oa,2017,Nucleic acids research,Systematic analysis of DNA crosslink repair pathways during development and aging in Caenorhabditis elegans.,"DNA interstrand crosslinks (ICLs) are generated by endogenous sources and chemotherapeutics, and pose a threat to genome stability and cell survival. Using Caenorhabditis elegans mutants, we identify DNA repair factors that protect against the genotoxicity of ICLs generated by trioxsalen/ultraviolet A (TMP/UVA) during development and aging. Mutations in nucleotide excision repair (NER) components (e.g. XPA-1 and XPF-1) imparted extreme sensitivity to TMP/UVA relative to wild-type animals, manifested as developmental arrest, defects in adult tissue morphology and functionality, and shortened lifespan. Compensatory roles for global-genome (XPC-1) and transcription-coupled (CSB-1) NER in ICL sensing were exposed. The analysis also revealed contributions of homologous recombination (BRC-1/BRCA1), the MUS-81, EXO-1, SLX-1 and FAN-1 nucleases, and the DOG-1 (FANCJ) helicase in ICL resolution, influenced by the replicative-status of the cell/tissue. No obvious or critical role in ICL repair was seen for non-homologous end-joining (cku-80) or base excision repair (nth-1, exo-3), the Fanconi-related proteins BRC-2 (BRCA2/FANCD1) and FCD-2 (FANCD2), the WRN-1 or HIM-6 (BLM) helicases, or the GEN-1 or MRT-1 (SNM1) nucleases. Our efforts uncover replication-dependent and -independent ICL repair networks, and establish nematodes as a model for investigating the repair and consequences of DNA crosslinks in metazoan development and in adult post-mitotic and proliferative germ cells.",Caenorhabditis elegans,uv,,
18203746,10.1093/nar/gkm1161,PMC2275101,oa,2008,Nucleic acids research,Longevity and resistance to stress correlate with DNA repair capacity in Caenorhabditis elegans.,"DNA repair is an important mechanism by which cells maintain genomic integrity. Decline in DNA repair capacity or defects in repair factors are thought to contribute to premature aging in mammals. The nematode Caenorhabditis elegans is a good model for studying longevity and DNA repair because of key advances in understanding the genetics of aging in this organism. Long-lived C. elegans mutants have been identified and shown to be resistant to oxidizing agents and UV irradiation, suggesting a genetically determined correlation between DNA repair capacity and life span. In this report, gene-specific DNA repair is compared in wild-type C. elegans and stress-resistant C. elegans mutants for the first time. DNA repair capacity is higher in long-lived C. elegans mutants than in wild-type animals. In addition, RNAi knockdown of the nucleotide excision repair gene xpa-1 increased sensitivity to UV and reduced the life span of long-lived C. elegans mutants. These findings support that DNA repair capacity correlates with longevity in C. elegans.",Caenorhabditis elegans,uv,,
37037792,10.1002/cbdv.202201046,,no_pmc,2023,Chemistry & biodiversity,Involvement of the DAF-16/FOXO Pathway in the Antioxidant Activity of the Jaboticaba (Myrciaria trunciflora) Extract against Various Stressors Using Caenorhabditis elegans.,"Jaboticaba (Myrciaria trunciflora) belongs to the family Myrtaceae and is a fruit native to the Atlantic Forest of Brazil. The aim of this study was evaluate the activity of the extract of jaboticaba against different stresses in Caenorhabditis elegans. Initially, the toxicological profile of the extract was analyzed, evaluating survival, reproduction, and longevity. After the tests of resistance to oxidative stress, thermal and against ultraviolet radiation were carried out. In order to discover a signaling pathway involved in this process the DAF-16 pathway was analyzed. It was found that the extract has no toxicity and is still able to prolong longevity in concentrations of 50 and 100 μg of GAE/mL. It was able to protect against damage from the juglone, temperature and UV radiation. This effect is mediated by the activation of the translocation of the DAF-16 factor to the cell nucleus and subsequent activation of defense pathways. Together, it is possible to verify that the extract of jaboticaba is important for the protection of the damages to which were daily exposed, in order to decrease the free radicals and consequently the damages that lead to aging and/or the appearance of diseases.",Caenorhabditis elegans,uv,,
16549501,10.1083/jcb.200512136,PMC2063758,oa,2006,The Journal of cell biology,Checkpoint silencing during the DNA damage response in Caenorhabditis elegans embryos.,"In most cells, the DNA damage checkpoint delays cell division when replication is stalled by DNA damage. In early Caenorhabditis elegans embryos, however, the checkpoint responds to developmental signals that control the timing of cell division, and checkpoint activation by nondevelopmental inputs disrupts cell cycle timing and causes embryonic lethality. Given this sensitivity to inappropriate checkpoint activation, we were interested in how embryos respond to DNA damage. We demonstrate that the checkpoint response to DNA damage is actively silenced in embryos but not in the germ line. Silencing requires rad-2, gei-17, and the polh-1 translesion DNA polymerase, which suppress replication fork stalling and thereby eliminate the checkpoint-activating signal. These results explain how checkpoint activation is restricted to developmental signals during embryogenesis and insulated from DNA damage. They also show that checkpoint activation is not an obligatory response to DNA damage and that pathways exist to bypass the checkpoint when survival depends on uninterrupted progression through the cell cycle.",Caenorhabditis elegans,uv,,
10508845,10.1101/gr.9.9.859,PMC310813,pmc_not_oa,1999,Genome research,High-throughput isolation of Caenorhabditis elegans deletion mutants.,"The nematode Caenorhabditis elegans is the first animal whose genome is completely sequenced, providing a rich source of gene information relevant to metazoan biology and human disease. This abundant sequence information permits a broad-based gene inactivation approach in C. elegans, in which chemically mutagenized nematode populations are screened by PCR for deletion mutations in a specific targeted gene. By handling mutagenized worm growth, genomic DNA templates, PCR screens, and mutant recovery all in 96-well microtiter plates, we have scaled up this approach to isolate deletion mutations in >100 genes to date. Four chemical mutagens, including ethyl methane sulfonate, ethlynitrosourea, diepoxyoctane, and ultraviolet-activated trimethylpsoralen, induced detectable deletions at comparable frequencies. The deletions averaged approximately 1400 bp in size when using a approximately 3 kb screening window. The vast majority of detected deletions removed portions of one or more exons, likely resulting in loss of gene function. This approach requires only the knowledge of a target gene sequence and a suitable mutagen, and thus provides a scalable systematic approach to gene inactivation for any organism that can be handled in high density arrays.",Caenorhabditis elegans,uv,,
21151025,10.1038/cdd.2010.158,PMC3131928,pmc_not_oa,2011,Cell death and differentiation,NER and HR pathways act sequentially to promote UV-C-induced germ cell apoptosis in Caenorhabditis elegans.,"Ultraviolet (UV) radiation-induced DNA damage evokes a complex network of molecular responses, which culminate in DNA repair, cell cycle arrest and apoptosis. Here, we provide an in-depth characterization of the molecular pathway that mediates UV-C-induced apoptosis of meiotic germ cells in the nematode Caenorhabditis elegans. We show that UV-C-induced DNA lesions are not directly pro-apoptotic. Rather, they must first be recognized and processed by the nucleotide excision repair (NER) pathway. Our data suggest that NER pathway activity transforms some of these lesions into other types of DNA damage, which in turn are recognized and acted upon by the homologous recombination (HR) pathway. HR pathway activity is in turn required for the recruitment of the C. elegans homolog of the yeast Rad9-Hus1-Rad1 (9-1-1) complex and activation of downstream checkpoint kinases. Blocking either the NER or HR pathway abrogates checkpoint pathway activation and UV-C-induced apoptosis. Our results show that, following UV-C, multiple DNA repair pathways can cooperate to signal to the apoptotic machinery to eliminate potentially hazardous cells.",Caenorhabditis elegans,uv,,
27550812,10.1128/MCB.00265-16,PMC5064221,pmc_not_oa,2016,Molecular and cellular biology,Non-transcriptional Function of FOXO1/DAF-16 Contributes to Translesion DNA Synthesis.,"Forkhead box O (FOXO; DAF-16 in nematode) transcription factors activate a program of genes that control stress resistance, metabolism, and lifespan. Given the adverse impact of the stochastic DNA damage on organismal development and ageing, we examined the role of FOXO/DAF-16 in UV-induced DNA-damage response. Knockdown of FOXO1, but not FOXO3a, increases sensitivity to UV irradiation when exposed during S phase, suggesting a contribution of FOXO1 to translesion DNA synthesis (TLS), a replicative bypass of UV-induced DNA lesions. Actually, FOXO1 depletion results in a sustained activation of the ATR-Chk1 signaling and a reduction of PCNA monoubiquitination following UV irradiation. FOXO1 does not alter the expression of TLS-related genes but binds to the protein replication protein A (RPA1) that coats single-stranded DNA and acts as a scaffold for TLS. In Caenorhabditis elegans, daf-16 null mutants show UV-induced retardation in larval development and are rescued by overexpressing DAF-16 mutant lacking transactivation domain, but not substitution mutant unable to interact with RPA-1. Thus, our findings demonstrate that FOXO1/DAF-16 is a functional component in TLS independently of its transactivation activity.",Caenorhabditis elegans,uv,,
16164425,10.1111/j.1474-9726.2005.00168.x,,no_pmc,2005,Aging cell,Lifespan and stress resistance of Caenorhabditis elegans are increased by expression of glutathione transferases capable of metabolizing the lipid peroxidation product 4-hydroxynonenal.,"Caenorhabditis elegans expresses a glutathione transferase (GST) belonging to the Pi class, for which we propose the name CeGSTP2-2. CeGSTP2-2 (the product of the gst-10 gene) has the ability to conjugate the lipid peroxidation product 4-hydroxynonenal (4-HNE). Transgenic C. elegans strains were generated in which the 5'-flanking region and promoter of gst-10 were placed upstream of gst-10 and mGsta4 cDNAs, respectively. mGsta4 encodes the murine mGSTA4-4, an enzyme with particularly high catalytic efficiency for 4-HNE. The localization of both transgenes was similar to that of native CeGSTP2-2. The 4-HNE-conjugating activity in worm lysates increased in the order: control<mGsta4 transgenic<gst-10 transgenic; and the amount of 4-HNE-protein adducts decreased in the same order, indicating that the transgenic enzymes were active and effective in limiting electrophilic damage by 4-HNE. Stress resistance and lifespan were measured in transgenic animals (five independent lines each) and were compared with two independent control lines. Resistance to paraquat, heat shock, ultraviolet irradiation and hydrogen peroxide was greater in transgenic strains. Median lifespan of mGsta4 and gst-10 transgenic strains vs. control strains was increased by 13% and 22%, respectively. In addition to the cause-effect relationship between GST expression and lifespan observed in the transgenic lines, correlative evidence was also obtained in a series of congenic lines of C. elegans in which lifespan paralleled the 4-HNE-conjugating activity in whole-animal lysates. We conclude that electrophilic damage by 4-HNE may contribute to organismal aging.",Caenorhabditis elegans,uv,,
36558979,10.3390/ph15121528,PMC9786162,oa,2022,"Pharmaceuticals (Basel, Switzerland)","Effects of Fisetin, a Plant-Derived Flavonoid, on Response to Oxidative Stress, Aging, and Age-Related Diseases in <i>Caenorhabditis elegans</i>.","Fisetin (3,3',4',7-tetrahydroxyflavone), a flavonoid abundant in various fruits and vegetables, including apple, strawberry, and onion, shows several beneficial effects such as anti-oxidant, anti-inflammatory, and anti-tumor effects. The free radical theory of aging suggests that age-related accumulation of oxidative damage is the major cause of aging and that decreasing cellular oxidative stress can regulate aging. Here, we investigated the effects of dietary supplementation with fisetin on the stress response, aging, and age-related diseases. Fisetin reduced the cellular ROS levels and increased the resistance to oxidative stress. However, the response to UV irradiation was not affected by fisetin. Both the mean and maximum lifespans were significantly extended by fisetin; lifespan extension by fisetin was accompanied by reduced fertility as a trade-off. Age-related decline in motility was also delayed by supplementation with fisetin. Amyloid beta-induced toxicity was markedly decreased by fisetin, which required DAF-16 and SKN-1. Reduced motility induced by a high-glucose diet was completely recovered by supplementation with fisetin, which was dependent on SKN-1. Using a Parkinson's disease model, we showed that degeneration of dopaminergic neurons was significantly inhibited by treatment with fisetin. Genetic analysis revealed that lifespan extension by fisetin was mediated by DAF-16-induced stress response and autophagy. These findings support the free radical theory of aging and suggest that fisetin can be a strong candidate for use in novel anti-aging anti-oxidant nutraceuticals.",Caenorhabditis elegans,uv,,
32450039,10.1615/IntJMedMushrooms.2019032353,,no_pmc,2019,International journal of medicinal mushrooms,Hypoglycemic Effect of the Degraded Polysaccharides from the Wood Ear Medicinal Mushroom Auricularia auricula-judae (Agaricomycetes).,"Auricularia auricula-judae is an important culinary-medicinal mushroom. The A. auricula-judae polysaccharides (AAPs) were prepared from A. auricula-judae in the early stage through alkali extraction and deproteination with the Sevag method, and optimal acid hydrolysis conditions were established by Box-Behnken to prepare the degraded polysaccharides (AAPs-F) from AAPs. In this study, a nonenzymatic glycosylation reaction system was used for the evaluation of the inhibitory effects on the formation of advanced glycation end products (AGEs). In addition, high glucose resistance was assessed by glucose consumption of HepG2 cells and the lifespan of Caenorhabditis elegans under high sugar stress. It was found that both 0.5 mg·mL-1 AAPs and 0.2 mg·mL-1 AAPs-F could significantly inhibit AGE formation in short- and long-term glycosylation (P < .05) in a dose-dependent manner, determined by ultraviolet and fluorospectrophotometry. It indicated activity against AGE formation for different concentrations of AAPs and AAPs-F. AAPs-F at 0.5 mg·mL-1 significantly enhanced the glucose absorption of HepG2 cells by 24.4% (P < .05) in a dose-dependent manner at 24 h, and markedly extended the lifespan of C. elegans by 32.9% (P < 0.05) under high sugar stress conditions. This study demonstrated that the derived hydrolysates produced by the hydrolysis of acid had a prominent effect on the inhibition of AGE formation and relieved the stress state caused by high sugar levels.",Caenorhabditis elegans,uv,,
27607845,10.1089/jmf.2016.3729,,no_pmc,2016,Journal of medicinal food,Tenebrio molitor Extracts Modulate the Response to Environmental Stressors and Extend Lifespan in Caenorhabditis elegans.,"Tenebrio molitor are large insects and their larvae are consumed as food in many countries. The nutritional composition of T. molitor has been studied and contains high amounts of proteins, unsaturated fatty acids, and valuable minerals. However, the bioactivity of T. molitor has not been fully understood. We examined the effects of T. molitor extracts on resistance to oxidative stress and organism's lifespan using Caenorhabditis elegans as a model system. The response to heat shock and ultraviolet (UV) irradiation was monitored in vivo. The extracts from T. molitor showed significant effects on resistance to oxidative stress and UV irradiation and extend both mean and maximum lifespan of C. elegans. The number of progeny produced significantly increased in animals supplemented with T. molitor extracts. In addition, the expression of hsp-16.2 and sod-3 was markedly upregulated by supplementation with T. molitor extracts. These findings suggest that T. molitor extracts can increase response to stressors and extend lifespan by the induction of longevity assurance genes in C. elegans.",Caenorhabditis elegans,uv,,
32578648,10.1039/d0fo00718h,,no_pmc,2020,Food & function,Combination of apple peel and blueberry extracts synergistically induced lifespan extension via DAF-16 in Caenorhabditis elegans.,"Increased consumption of fruit and vegetables is associated with a reduced risk of age-related functional decline and chronic diseases, which is primarily attributed to their phytochemicals. Apples and blueberries are rich in phytochemicals with a wide range of biological activities and health benefits. The objective of this study was to determine whether the combination of apple peel extracts (APE) and blueberry extracts (BE) had synergistic effects in promoting lifespan in Caenorhabditis elegans (C. elegans), and to explore the underlying mechanisms of action. The results showed that the lifespan of C. elegans treated with APE plus BE was increased by 31.4%, which is significantly more than with APE or BE alone, and extended the health span of animals, including improving motility and enhancing resistance to heat stress and UV-B radiation in C. elegans. Meanwhile, treatment with APE plus BE could regulate the expression of anti-aging related genes, and promote the migration of DAF-16 into the nucleus. In addition, administration with APE plus BE eradicated the extension of the lifespan of mutants, and inhibited the expression of the daf-16 downstream gene. In conclusion, the combination of APE and BE could synergistically promote the lifespan via the insulin signaling pathway and DAF-16 in C. elegans.",Caenorhabditis elegans,uv,,
22303358,10.3389/fgene.2011.00063,PMC3268616,oa,2011,Frontiers in genetics,"A narrow quantitative trait locus in C. elegans coordinately affects longevity, thermotolerance, and resistance to paraquat.","By linkage mapping of quantitative trait loci, we previously identified at least 11 natural genetic variants that significantly modulate Caenorhabditis elegans life-span (LS), many of which would have eluded discovery by knock-down or mutation screens. A region on chromosome IV between markers stP13 and stP35 had striking effects on longevity in three inter-strain crosses (each P < 10(-9)). In order to define the limits of that interval, we have now constructed two independent lines by marker-based selection during 20 backcross generations, isolating the stP13-stP35 interval from strain Bergerac-BO in a CL2a background. These congenic lines differed significantly from CL2a in LS, assayed in two environments (each P < 0.001). We then screened for exchange of flanking markers to isolate recombinants that partition this region, because fine-mapping the boundaries for overlapping heteroallelic spans can greatly narrow the implicated interval. Recombinants carrying the CL2a allele at stP35 were consistently long-lived compared to those retaining the Bergerac-BO allele (P < 0.001), and more resistant to temperature elevation and paraquat (each ∼1.7-fold, P < 0.0001), but gained little protection from ultraviolet or peroxide stresses. Two rounds of recombinant screening, followed by fine-mapping of break-points and survival testing, narrowed the interval to 0.18 Mb (13.35-13.53 Mb) containing 26 putative genes and six small-nuclear RNAs - a manageable number of targets for functional assessment.",Caenorhabditis elegans,uv,,
32945661,10.1021/acs.biochem.0c00719,PMC7590238,pmc_not_oa,2020,Biochemistry,"Nucleotide Excision Repair, XPA-1, and the Translesion Synthesis Complex, POLZ-1 and REV-1, Are Critical for Interstrand Cross-Link Repair in <i>Caenorhabditis elegans</i> Germ Cells.","Interstrand cross-links (ICLs) are adducts of covalently linked nucleotides in opposing DNA strands that obstruct replication and prime cells for malignant transformation or premature cell death. ICLs may be caused by alkylating agents or ultraviolet (UV) irradiation. These toxic lesions are removed by diverse repair mechanisms such as the Fanconi anemia (FA) pathway, nucleotide excision repair (NER), translesion synthesis (TLS), and homologous recombination (HR). In mammals, the xeroderma pigmentosum group F (XP-F) protein participates in both the FA pathway and NER, while DNA polymerase ζ (POLZ-1) and REV-1 mediate TLS. Nevertheless, little is known regarding the genetic determinants of these pathways in ICL repair and damage tolerance in germ cells. In this study, we examined the sensitivity of <i>Caenorhabditis elegans</i> germ cells to ICLs generated by trimethylpsoralen/ultraviolet A (TMP/UV-A) combination, and embryonic mortality was employed as a surrogate for DNA damage in germ cells. Our results show that XPA-1, POLZ-1, and REV-1 were more critical than FA pathway mediators in preserving genomic stability in <i>C. elegans</i> germ cells. Notably, mutant worms lacking both XPA-1 and POLZ-1 (or REV-1) were more sensitive to ICLs compared to either single mutant alone. Moreover, knockdown of XPA-1 and REV-1 leads to the retarded disappearance of RPA-1 and RAD-51 foci upon ICL damage. Since DNA repair mechanisms are broadly conserved, our findings may have ramifications for prospective therapeutic interventions in humans.",Caenorhabditis elegans,uv,,
30077708,10.1016/j.fct.2018.07.057,,no_pmc,2018,Food and chemical toxicology : an international journal published for the British Industrial Biological Research Association,Purple pitanga fruit (Eugenia uniflora L.) protects against oxidative stress and increase the lifespan in Caenorhabditis elegans via the DAF-16/FOXO pathway.,"Pitanga, a fruit of the pitangueira tree (Eugenia uniflora L.), is native to Brazil and has a high antioxidant capacity due to the elevated amount of anthocyanins. The present study aimed to investigate the chemical composition of the purple pitanga fruit and to evaluate its antioxidant effect in the nematode Caenorhabditis elegans. We observed that the ethanolic extract of purple pitanga did not cause any toxic effects but notably increased worm lifespan. The extract improved the survival, reproduction and lifespan of the worms in pre- and post-exposure to stressors H<sub>2</sub>O<sub>2</sub> and juglone, as well as improved the lifespan of the oxidative stress hypersensitive strain mev-1. Notably, PPE extract decreased reactive oxygen species by DCF-DA probe and protein carbonyl content from worms stressed with H<sub>2</sub>O<sub>2</sub>. The extract also affected the expression of superoxide dismutase SOD-3 and heat shock protein HSP-16.2 levels, daf 16 target genes that modulate lifespan and antioxidant metabolism. In addition, we demonstrate that these effects are dependent on DAF-16, as PPE extract did not provide protection in daf-16 mutants. Therefore, these results suggest that PPE significantly protected against oxidative stress modulating daf-16 target genes.",Caenorhabditis elegans,uv,,
25324932,10.4162/nrp.2014.8.5.526,PMC4198965,oa,2014,Nutrition research and practice,Acanthopanax sessiliflorus stem confers increased resistance to environmental stresses and lifespan extension in Caenorhabditis elegans.,"Acanthopanax sessiliflorus is a native Korean plant and used as traditional medicine or an ingredient in many Korean foods. The free radical theory of aging suggests that cellular oxidative stress caused by free radicals is the main cause of aging. Free radicals can be removed by cellular anti-oxidants. Here, we examined the anti-oxidant activity of Acanthopanax sessiliflorus extract both in vitro and in vivo. Survival of nematode C. elegans under stress conditions was also compared between control and Acanthopanax sessiliflorus extract-treated groups. Then, anti-aging effect of Acanthopanax sessiliflorus extract was monitored in C. elegans. Stem extract significantly reduced oxidative DNA damage in lymphocyte, which was not observed by leaves or root extract. Survival of C. elegans under oxidative-stress conditions was significantly enhanced by Acanthopanax sessiliflorus stem extract. In addition, Acanthopanax sessiliflorus stem increased resistance to other environmental stresses, including heat shock and ultraviolet irradiation. Treatment with Acanthopanax sessiliflorus stem extract significantly extended both mean and maximum lifespan in C. elegans. However, fertility was not affected by Acanthopanax sessiliflorus stem. Different parts of Acanthopanax sessiliflorus have different bioactivities and stem extract have strong anti-oxidant activity in both rat lymphocytes and C. elegans, and conferred a longevity phenotype without reduced reproduction in C. elegans, which provides conclusive evidence to support the free radical theory of aging.",Caenorhabditis elegans,uv,,
11069285,10.1073/pnas.230284297,PMC27208,pmc_not_oa,2000,Proceedings of the National Academy of Sciences of the United States of America,"ROP-1, an RNA quality-control pathway component, affects Caenorhabditis elegans dauer formation.","Caenorhabditis elegans dauer formation is an alternative larval developmental pathway that the worm can take when environmental conditions become detrimental. Animals can survive several months in this stress-resistant stage and can resume normal development when growth conditions improve. Although the worms integrate a variety of sensory information to commit to dauer formation, it is currently unknown whether they also monitor internal cellular damage. The Ro ribonucleoprotein complex, which was initially described as a human autoantigen, is composed of one major 60-kDa protein, Ro60, that binds to one of four small RNA molecules, designated Y RNAs. Ro60 has been shown to bind mutant 5S rRNA molecules in Xenopus oocytes, suggesting a role for Ro60 in 5S rRNA biogenesis. Analysis of ribosomes from a C. elegans rop-1(-) strain, which is null for the expression of Ro60, demonstrated that they contain a high percentage of mutant 5S rRNA molecules, thereby strengthening the notion of a link between the rop-1 gene product and 5S rRNA quality control. The Ro particle was recently shown to be involved in the resistance of Deinococcus radiodurans to UV irradiation, suggesting a role for the Ro complex in stress resistance. We have studied the role of rop-1 in dauer formation. We present genetic and biochemical evidence that rop-1 interacts with dauer-formation genes and is involved in the regulation of the worms' entry into the dauer stage. Furthermore, we find that the rop-1 gene product undergoes a proteolytic processing step that is regulated by the dauer formation pathway via an aspartic proteinase. These results suggest that the Ro particle may function in an RNA quality-control checkpoint for dauer formation.",Caenorhabditis elegans,uv,,
38371837,10.1021/acsomega.3c08653,PMC10870406,oa,2024,ACS omega,"Biosynthesis of Cry5B-Loaded Sulfur Nanoparticles using <i>Arthrobotrys oligospora</i> Filtrate: Effects on Nematicidal Activity, Thermal Stability, and Pathogenicity against <i>Caenorhabditis elegans</i>.","Cry5B, a crystal protein produced by <i>Bacillus thuringiensis</i> (Bt), is a bionematicide with potent nematicidal activity against various plant-parasitic and free-living nematodes. This protein, however, is susceptible to destruction by ultraviolet light, proteolytic enzymes, and high temperatures. This study aims to produce Cry5B protein for bionematicidal use and improve its stability and nematicidal efficacy by loading it into<i>Arthrobotrys oligospora</i>-mediated sulfur nanoparticles (AO-SNPs). Based on the mortality assay, the Cry5B protein exhibited dose-dependent nematicidal activity against the model organism<i>Caenorhabditis elegans</i>. The nematicidal activity, thermal stability, and pathogenic effects of Cry5B-loaded AO-SNPs (Cry5B-SNPs) were compared to those of free Cry5B. After 3 h of exposure to heat at 60 °C, Cry5B-SNPs had greater nematicidal activity than free Cry5B protein, indicating the effective formulation of Cry5B-SNPs that could be used as an alternative to current nematicide delivery strategies.",Caenorhabditis elegans,uv,,
17895432,10.1093/gerona/62.9.951,,no_pmc,2007,"The journals of gerontology. Series A, Biological sciences and medical sciences",Reduced expression of the Caenorhabditis elegans p53 ortholog cep-1 results in increased longevity.,"Hyperactivation of mammalian p53 has been shown to result in segmental progeria and decreased survivorship. Repression of the p53 homolog in Drosophila melanogaster has also been shown to increase survival. We show that RNA interference (RNAi) or genetic knockout of the Caenorhabditis elegans p53 ortholog, cep-1, leads to increased life span, which is dependent upon functional daf-16. Furthermore, one other DNA damage-responsive C. elegans mutant, hus-1(op241), exhibits a life-span increase. The cep-1(gk138) knockout mutant does not show increased resistance to heat, oxidative, or ultraviolet stress; nor to bacterial pathogenicity. cep-1 RNAi does not extend the life span of a sir-2.1(geIn3) overexpressing strain. cep-1 RNAi does not alter dauer formation propensity or nuclear-localization of DAF-16::GFP, even under heat stress; nor does it change nuclear-persistence and/or retention of DAF-16::GFP. This study clarifies the inverse relationship between cep-1 expression and C. elegans life span, and, by extrapolation, that between p53 expression and mammalian life span.",Caenorhabditis elegans,uv,,
14982934,10.1074/jbc.M313119200,,no_pmc,2004,The Journal of biological chemistry,Mutations in chemosensory cilia cause resistance to paraquat in nematode Caenorhabditis elegans.,"The relationship between oxidative stress and longevity is a matter of concern in various organisms. We isolated mutants resistant to paraquat from nematode Caenorhabditis elegans. One mutant named mev-4 was long-lived and showed cross-resistance to heat and Dyf phenotype (defective in dye filling). Genetic and sequence analysis revealed that mev-4 had a nonsense mutation on the che-11 gene, homologues of which are involved in formation of cilia and flagella in other organisms. The paraquat resistance was commonly observed in various Dyf mutants and did not depend on the daf-16 gene, whereas the extension of life span did depend on it. Expression of antioxidant enzyme genes seemed normal. These results suggest that chemosensory neurons are a target of oxidative stress and influence longevity dependent on the daf-16 signaling in C. elegans.",Caenorhabditis elegans,uv,,
18369783,10.1007/978-1-59745-191-8_10,,no_pmc,2008,"Methods in molecular biology (Clifton, N.J.)",Use of RNAi in C. elegans.,"RNA-mediated interference (RNAi) has been a valuable tool for the analysis of gene function in Caenorhabditis elegans (C. elegans). In C. elegans, the injection of double-stranded RNA (dsRNA) or plasmid DNA expressing dsRNA under the control of a C. elegans promoter results in gene inactivation through the specific degradation of the targeted endogeneous mRNA. It is also possible to initiate RNAi either by soaking worms in a solution of dsRNA or by feeding worms with E. coli expressing the dsRNA. Using studies of the DNA repair in C. elegans as an example, we describe the use of RNAi against the C. elegans POLH gene (Ce-POLH), which encodes DNA polymerase eta (pol eta).Pol eta has the ability to catalyze translesion synthesis (TLS) past UV-induced cyclobutane pyrimidine dimers (CPDs) and some other lesions as well. Loss of pol eta in humans results in increased photosensitivity and the cancer-prone genetic disorder xeroderma pigmentosum variant (XPV). We provide an example of the feeding RNAi technique, in which downregulation of pol eta in C. elegans results in increased sensitivity of several development and differentiation processes, including meiosis and embryogenesis to UV radiation.",Caenorhabditis elegans,uv,,
26039957,10.6061/clinics/2015(05)13,PMC4449467,oa,2015,"Clinics (Sao Paulo, Brazil)",Lifespan extension and increased resistance to environmental stressors by N-acetyl-L-cysteine in Caenorhabditis elegans.,"This study was performed to determine the effect of N-acetyl-L-cysteine, a modified sulfur-containing amino acid that acts as a strong cellular antioxidant, on the response to environmental stressors and on aging in C. elegans. The survival of worms under oxidative stress conditions induced by paraquat was evaluated with and without in vivo N-acetyl-L-cysteine treatment. The effect of N-acetyl-L-cysteine on the response to other environmental stressors, including heat stress and ultraviolet irradiation (UV), was also monitored. To investigate the effect on aging, we examined changes in lifespan, fertility, and expression of age-related biomarkers in C. elegans after N-acetyl-L-cysteine treatment. Dietary N-acetyl-L-cysteine supplementation significantly increased resistance to oxidative stress, heat stress, and UV irradiation in C. elegans. In addition, N-acetyl-L-cysteine supplementation significantly extended both the mean and maximum lifespan of C. elegans. The mean lifespan was extended by up to 30.5% with 5 mM N-acetyl-L-cysteine treatment, and the maximum lifespan was increased by 8 days. N-acetyl-L-cysteine supplementation also increased the total number of progeny produced and extended the gravid period of C. elegans. The green fluorescent protein reporter assay revealed that expression of the stress-responsive genes, sod-3 and hsp-16.2, increased significantly following N-acetyl-L-cysteine treatment. N-acetyl-L-cysteine supplementation confers a longevity phenotype in C. elegans, possibly through increased resistance to environmental stressors.",Caenorhabditis elegans,uv,,
25474529,10.1371/journal.pone.0114680,PMC4256423,oa,2014,PloS one,A conditional knockout toolkit for Caenorhabditis elegans based on the Cre/loxP recombination.,"Conditional knockout (cKO) based on site-specific recombination (SSR) technology is a powerful approach for estimating gene functions in a spatially and temporally specific manner in many model animals. In Caenorhabditis elegans (C. elegans), spatial- and temporal-specific gene functions have been largely determined by mosaic analyses, rescue experiments and feeding RNAi methods. To develop a systematic and stable cKO system in C. elegans, we generated Cre recombinase expression vectors that are driven by various tissue-specific or heat-shock promoters. Validation using Cre-mediated fluorescence protein inactivation or activation systems demonstrated successful Cre-dependent loxP excision. We established a collection of multi-copy Cre transgenic strains for each evaluated vector. To evaluate our Cre/loxP-based cKO system, we generated sid-1 deletion mutants harboring floxed sid-1 single-copy integration (SCI) using ultraviolet trimethylpsoralen (UV/TMP) methods. sid-1 mutants that were rescued by the floxed sid-1 SCI were then crossed with the Pdpy-7::Cre strain for cKO in the hypodermis. The sid-1 cKO animals were resistant to bli-3 RNAi, which causes the Bli-phenotyple in the hypodermis, but they were sensitive to unc-22 RNAi, which leads to twitching of the body wall muscle. Our system, which is based on the combination of a transgenic Cre collection, pre-existing deletion mutants, and UV/TMP SCI methods, provided a systematic approach for cKO in C. elegans.",Caenorhabditis elegans,uv,,
28242054,10.1016/j.dnarep.2017.02.005,PMC5394729,pmc_not_oa,2017,DNA repair,Effects of methyl and inorganic mercury exposure on genome homeostasis and mitochondrial function in Caenorhabditis elegans.,"Mercury toxicity mechanisms have the potential to induce DNA damage and disrupt cellular processes, like mitochondrial function. Proper mitochondrial function is important for cellular bioenergetics and immune signaling and function. Reported impacts of mercury on the nuclear genome (nDNA) are conflicting and inconclusive, and mitochondrial DNA (mtDNA) impacts are relatively unknown. In this study, we assessed genotoxic (mtDNA and nDNA), metabolic, and innate immune impacts of inorganic and organic mercury exposure in Caenorhabditis elegans. Genotoxic outcomes measured included DNA damage, DNA damage repair (nucleotide excision repair, NER; base excision repair, BER), and genomic copy number following MeHg and HgCl<sub>2</sub> exposure alone and in combination with known DNA damage-inducing agents ultraviolet C radiation (UVC) and hydrogen peroxide (H<sub>2</sub>O<sub>2</sub>), which cause bulky DNA lesions and oxidative DNA damage, respectively. Following exposure to both MeHg and HgCl<sub>2</sub>, low-level DNA damage (∼0.25 lesions/10kb mtDNA and nDNA) was observed. Unexpectedly, a higher MeHg concentration reduced damage in both genomes compared to controls. However, this observation was likely the result of developmental delay. In co-exposure treatments, both mercury compounds increased initial DNA damage (mtDNA and nDNA) in combination with H<sub>2</sub>O<sub>2</sub> exposure, but had no impact in combination with UVC exposure. Mercury exposure both increased and decreased DNA damage removal via BER. DNA repair after H<sub>2</sub>O<sub>2</sub> exposure in mercury-exposed nematodes resulted in damage levels lower than measured in controls. Impacts to NER were not detected. mtDNA copy number was significantly decreased in the MeHg-UVC and MeHg-H<sub>2</sub>O<sub>2</sub> co-exposure treatments. Mercury exposure had metabolic impacts (steady-state ATP levels) that differed between the compounds; HgCl<sub>2</sub> exposure decreased these levels, while MeHg slightly increased levels or had no impact. Both mercury species reduced mRNA levels for immune signaling-related genes, but had mild or no effects on survival on pathogenic bacteria. Overall, mercury exposure disrupted mitochondrial endpoints in a mercury-compound dependent fashion.",Caenorhabditis elegans,uv,,
32172136,10.1016/j.jphotobiol.2020.111844,,no_pmc,2020,"Journal of photochemistry and photobiology. B, Biology",Understanding the role of p38 and JNK mediated MAPK pathway in response to UV-A induced photoaging in Caenorhabditis elegans.,"Premature aging of the skin, principally induced by the UV radiations is called as photoaging, characterized by an increase in the level of ROS and the damage of the collagen layer leading to the damage of the cells. Mitogen activated Protein kinase (MAPK) pathway is known to mediate photoaging by controlling the level of ROS and initiating detoxification. Caenorhabditis elegans, a known model to analyze photoaging was used to understand the role of MAPK pathway (p38 and JNK) during UV-A mediated photoaging. Gene specific mutants of p38 MAPK pathway showed reduced survival when exposed to UV-A suggesting that UV-A mediated photoaging was dependent on this pathway. Also, the role of SKN-1 in eliciting response against UV-A was analyzed with the help of GFP tagged strains and qPCR analysis. Further, UV-A did not have any impact on the lifespan of JNK pathway mutants suggesting the importance of the pathway in eliciting a response against UV-A exposure, which was further validated by Western blot analysis. Overall, this study suggests that MAPK pathway could play an important part in initiating and eliciting a response by the host against UV-A exposure, by which it could be used as a marker to analyze the effects of photoaging.",Caenorhabditis elegans,uv,,
22864793,10.1007/s11357-012-9459-x,PMC3776105,pmc_not_oa,2013,"Age (Dordrecht, Netherlands)",The longevity effect of cranberry extract in Caenorhabditis elegans is modulated by daf-16 and osr-1.,"Nutraceuticals are known to have numerous health and disease preventing properties. Recent studies suggest that extracts containing cranberry may have anti-aging benefits. However, little is known about whether and how cranberry by itself promotes longevity and healthspan in any organism. Here we examined the effect of a cranberry only extract on lifespan and healthspan in Caenorhabditis elegans. Supplementation of the diet with cranberry extract (CBE) increased the lifespan in C. elegans in a concentration-dependent manner. Cranberry also increased tolerance of C. elegans to heat shock, but not to oxidative stress or ultraviolet irradiation. In addition, we tested the effect of cranberry on brood size and motility and found that cranberry did not influence these behaviors. Our mechanistic studies indicated that lifespan extension induced by CBE requires the insulin/IGF signaling pathway and DAF-16. We also found that cranberry promotes longevity through osmotic stress resistant-1 (OSR-1) and one of its downstream effectors, UNC-43, but not through SEK-1, a component of the p38 MAP kinase pathway. However, SIR-2.1 and JNK signaling pathways are not required for cranberry to promote longevity. Our findings suggest that cranberry supplementation confers increased longevity and stress resistance in C. elegans through pathways modulated by daf-16 and osr-1. This study reveals the anti-aging property of widely consumed cranberry and elucidates the underpinning mechanisms.",Caenorhabditis elegans,uv,,
42085531,10.1126/scisignal.aeb4530,PMC13198063,pmc_not_oa,2026,Science signaling,A <i>Caenorhabditis elegans</i> spatiotemporal proximity atlas reveals the MAPK p38 as a generator of phenotypic plasticity in vivo.,"Phenotypic plasticity, the ability to change diverse traits without altering genomic information, is fundamental for organismal adaptations to changing environments. The mitogen-activated protein kinase (MAPK) pathway plays a key role in cellular adaptations to changing environments. To analyze the contributions of the MAPK p38 and its interaction partners to phenotypic plasticity in an animal, we established an in vivo proximity labeling proteomics method called ContinuumID. With this method, we built an atlas of PMK-1 physical interactors during development, in specific tissues, and during exposure to osmotic, ultraviolet, or oxidative stressors. We identified multiple stable and dynamic developmental stage-, tissue-, and stress-specific PMK-1 interactors. Phenotypic analyses of animals in which specific interactors were knocked down revealed considerable variability of diverse PMK-1-dependent outputs. These included target gene expression, survival under stress, lysosomal homeostasis during development, and neuronal integrity during aging. PMK-1 interactors exerted positive, negative, and neutral contributions to these outputs within and across functional pathways. Comparing developmental and stress-induced activation of PMK-1 and the regulatory functions of its interactors revealed that PMK-1 integrates the regulation of highly conserved protein synthesis and RNA processing pathways with that of rapidly changing signaling and metabolic adaptations to confer distinct survival advantages or disadvantages during stress.",Caenorhabditis elegans,uv,,
12650906,10.1016/s0027-5107(02)00316-0,,no_pmc,2003,Mutation research,Characterization of trimethylpsoralen as a mutagen for mouse embryonic stem cells.,"Given a large number of genes with unknown functions in model organisms, collections of mutants are valuable resources for studying gene function. For the mouse, embryonic stem cell technology offers the possibility to manipulate the genome and select for mutations in vitro. Mutant mice can then be generated from clones of interest to study the phenotype of these animals. We manipulate the genome of mouse embryonic stem (ES) cells chemically using the mutagen trimethylpsoralen (TMP). TMP predominantly causes deletions in the genome of Caenorhabditis elegans and Escherichia coli, but has not been established as a mutagen in mammalian systems yet. We have characterized TMP as a mutagen for mouse ES cells regarding death rates, mutation frequencies, and mutation spectrum. Allowing for 12.5% of cell survival, the mutation frequency at the mouse hypoxanthine-guanine phosphoribosyltransferase (Hprt) locus was 3.5 x 10(-5) on average. The characterization of a non-redundant set of 17 Hprt-deficient ES clones revealed that only 12% of clones contained genomic deletions and almost 50% were point mutations. Base substitutions were mostly transversions and all affected AT base pairs. We conclude that the mutation spectrum of TMP in mouse ES cells is different from that observed in C. elegans and E. coli.",Caenorhabditis elegans,uv,,
39740706,10.1016/j.ijbiomac.2024.139291,,no_pmc,2025,International journal of biological macromolecules,Stability and antioxidant function of Porphyra haitanensis proteins during simulated gastrointestinal digestion: Effects on stress resistance and lifespan extension in Caenorhabditis elegans.,"Porphyra haitanensis proteins (PHP) are natural proteins with various nutritional and biological values. This study was to analyze the composition, stability, and antioxidant activity of PHP before and after simulation gastrointestinal digestion (SGD). Caenorhabditis elegans was used as the model to investigate the functional activity and potential mechanisms of action of the PHP digestion products (PHPDP). The results showed that PHP contained 16 amino acids and exhibited high thermal stability (up to 80 °C), but dimerization or fragmentation occurred in environments with pH 3 and pH 11. After digestion, PHP released 212 bioactive peptides, which significantly enhanced its antioxidant activity and improved the resistance of C. elegans to heat, oxidative, and ultraviolet stress. Furthermore, PHPDP improved oxidative stress in C. elegans and extended its lifespan by increasing antioxidant enzyme activity and reducing malondialdehyde, lipofuscin, and reactive oxygen species levels. The mechanism of action of PHPDP likely involved regulating the insulin signaling pathway through daf-2/daf-16 and modulating the expression of oxidative stress regulators skn-1 and sod-3, thereby enhancing the organism's stress resistance and extending lifespan. This study demonstrated that P. haitanensis could serve as a reliable protein source in daily life and provided a reference for its development and application as a functional food ingredient.",Caenorhabditis elegans,uv,,
17186023,10.1038/sj.cdd.4402075,,no_pmc,2007,Cell death and differentiation,Regulation of developmental rate and germ cell proliferation in Caenorhabditis elegans by the p53 gene network.,"Caenorhabditis elegans CEP-1 activates germline apoptosis in response to genotoxic stress, similar to its mammalian counterpart, tumor suppressor p53. In mammals, there are three p53 family members (p53, p63, and p73) that activate and repress many distinct and overlapping sets of genes, revealing a complex transcriptional regulatory network. Because CEP-1 is the sole p53 family member in C. elegans, analysis of this network is greatly simplified in this organism. We found that CEP-1 functions during normal development in the absence of stress to repress many (331) genes and activate only a few (28) genes. In response to genotoxic stress, 1394 genes are activated and 942 are repressed, many of which contain p53-binding sites. Comparison of the CEP-1 transcriptional network with transcriptional targets of the human p53 family reveals considerable overlap between CEP-1-regulated genes and homologues regulated by human p63 and p53, suggesting a composite p53/p63 action for CEP-1. We found that phg-1, the C. elegans Gas1 (growth arrest-specific 1) homologue, is activated by CEP-1 and is a negative regulator of cell proliferation in the germline in response to genotoxic stress. Further, we find that CEP-1 and PHG-1 mediate the decreased developmental rate and embryonic viability of mutations in the clk-2/TEL2 gene, which regulates lifespan and checkpoint responses.",Caenorhabditis elegans,uv,,
12524540,10.1038/ng1070,,no_pmc,2003,Nature genetics,iASPP oncoprotein is a key inhibitor of p53 conserved from worm to human.,"We have previously shown that ASPP1 and ASPP2 are specific activators of p53; one mechanism by which wild-type p53 is tolerated in human breast carcinomas is through loss of ASPP activity. We have further shown that 53BP2, which corresponds to a C-terminal fragment of ASPP2, acts as a dominant negative inhibitor of p53 (ref. 1). Hence, an inhibitory form of ASPP resembling 53BP2 could allow cells to bypass the tumor-suppressor functions of p53 and the ASPP proteins. Here, we characterize such a protein, iASPP (inhibitory member of the ASPP family), encoded by PPP1R13L in humans and ape-1 in Caenorhabditis elegans. iASPP is an evolutionarily conserved inhibitor of p53; inhibition of iASPP by RNA-mediated interference or antisense RNA in C. elegans or human cells, respectively, induces p53-dependent apoptosis. Moreover, iASPP is an oncoprotein that cooperates with Ras, E1A and E7, but not mutant p53, to transform cells in vitro. Increased expression of iASPP also confers resistance to ultraviolet radiation and to cisplatin-induced apoptosis. iASPP expression is upregulated in human breast carcinomas expressing wild-type p53 and normal levels of ASPP. Inhibition of iASPP could provide an important new strategy for treating tumors expressing wild-type p53.",Caenorhabditis elegans,uv,,
33974957,10.1016/j.mad.2021.111498,,no_pmc,2021,Mechanisms of ageing and development,Supplementation with phosphatidylethanolamine confers anti-oxidant and anti-aging effects via hormesis and reduced insulin/IGF-1-like signaling in C. elegans.,"Phosphatidylethanolamine is a major component of phospholipids with both structural and metabolic functions in cells. Previous studies have revealed that phosphatidylethanolamine can modulate autophagy with a protective effect against age-related diseases. We examined the effect of dietary supplementation with phosphatidylethanolamine on stress response and aging in Caenorhabditis elegans. Phosphatidylethanolamine increased resistance to oxidative stress without effect on heat stress or ultraviolet irradiation. Both mean and maximum lifespans were significantly increased by phosphatidylethanolamine while fertility was reduced as a trade-off. Age-related decline of muscle function was delayed in animals treated with phosphatidylethanolamine. Supplementation with phosphatidylethanolamine suppressed toxic effect of amyloid β and high-glucose diet. Increased ROS levels and induction of stress-responsive genes after dietary supplementation with phosphatidylethanolamine suggest that anti-oxidative stress and anti-aging effects of phosphatidylethanolamine might be though hormesis. Genetic analysis using long-lived mutants and knockdown by RNAi revealed that the lifespan-extending effect of phosphatidylethanolamine overlapped with that of reduced insulin/IGF-1-like signaling and required DAF-16, a downstream transcription factor known to regulate the expression of many stress-responsive genes. These findings indicate that phosphatidylethanolamine has anti-oxidative stress and anti-aging activities with its underlying mechanisms involving hormesis and reduced insulin/IGF-1-like signaling in C. elegans.",Caenorhabditis elegans,uv,,
35517704,10.1039/c9ra00089e,PMC9061974,oa,2019,RSC advances,"Retracted Article: Structural characterization of peptides from <i>Locusta migratoria manilensis</i> (Meyen, 1835) and anti-aging effect in <i>Caenorhabditis elegans</i>.","Locusts are a kind of agricultural pest rich in protein and widely eaten by people, yet, the nutritional and antioxidant activities of locust peptide have never been explored. In the current study, the locust peptides (LPs) were isolated from the <i>Locusta migratoria manilensis</i> (Meyen, 1835) and the anti-aging effects on <i>Caenorhabditis elegans</i> (<i>C. elegans</i>) were evaluated. The mean lifespan of <i>C. elegans</i> was significantly extended using LPs with a concentration of 1.0 mg mL<sup>-1</sup>. Out of the 23 peptides, LP-1, a pentapeptide with The-Phe-Lys-His-Gly sequence, with a concentration of 2.5 mg mL<sup>-1</sup> significantly extended the lifespan of the worms by 23.5%. Additionally, LP-1 was observed to be a strong free radical-scavenger which can improve the survival of the <i>C. elegans</i> under oxidative stress, thermal stress and UV radiation. Furthermore, the LP-1 can up-regulate the expression of the transcription factor DAF-16 and <i>jnk-1</i>, suggesting that LP-1 may promote the <i>C. elegans</i> lifespan and stress resistance through a JNK-1-DAF-16 pathway. This study will be significant for the development of locusts and improvement of functional insect peptide production.",Caenorhabditis elegans,uv,,
23878618,10.1016/j.jff.2013.04.006,PMC3714114,pmc_not_oa,2013,Journal of functional foods,"Whole apple extracts increase lifespan, healthspan and resistance to stress in <i>Caenorhabditis elegans</i>.","Regular consumption of fruits and vegetables is associated with reduced risk of age-related functional decline and chronic diseases such as cancer and cardiovascular disease. These effects are primarily attributed to phytochemicals, plant compounds with a wide range of biological activities and health benefits. Apples, the top contributor of fruit phenolics in American diets, have high antioxidant, antiproliferative and chemopreventive activity <i>in vitro</i> and <i>in vivo.</i> However, little is known about their effects on aging. The objectives of this study were to determine the effects of whole apple phytochemical extracts on lifespan, healthspan and resistance to various stresses <i>in vivo</i> using <i>C. elegans</i> as a model. The mean and maximum lifespan of animals treated with 2.5, 5 and 10 mg/ml whole apple extracts increased significantly in a dose-dependent manner by up to 39 and 25%, respectively. Healthspan also significantly improved as indicated by improved motility and reduced lipofuscin accumulation. Animals pre-treated with whole apple extracts were more resistant to stresses such as heat, UV radiation, paraquat-induced oxidative stress, and pathogenic infection, suggesting that cellular defense and immune system functions also improved. Our findings indicate that, in <i>C. elegans</i>, whole apple extracts slow aging, extend lifespan, improve healthspan, and enhance resistance to stress.",Caenorhabditis elegans,uv,,
22922647,10.1038/nature11315,,no_pmc,2012,Nature,RPN-6 determines C. elegans longevity under proteotoxic stress conditions.,"Organisms that protect their germ-cell lineages from damage often do so at considerable cost: limited metabolic resources become partitioned away from maintenance of the soma, leaving the ageing somatic tissues to navigate survival amid an environment containing damaged and poorly functioning proteins. Historically, experimental paradigms that limit reproductive investment result in lifespan extension. We proposed that germline-deficient animals might exhibit heightened protection from proteotoxic stressors in somatic tissues. We find that the forced re-investment of resources from the germ line to the soma in Caenorhabditis elegans results in elevated somatic proteasome activity, clearance of damaged proteins and increased longevity. This activity is associated with increased expression of rpn-6, a subunit of the 19S proteasome, by the FOXO transcription factor DAF-16. Ectopic expression of rpn-6 is sufficient to confer proteotoxic stress resistance and extend lifespan, indicating that rpn-6 is a candidate to correct deficiencies in age-related protein homeostasis disorders.",Caenorhabditis elegans,uv,,
25073462,10.1093/gerona/glu120,,no_pmc,2015,"The journals of gerontology. Series A, Biological sciences and medical sciences","Royal Jelly-Mediated Prolongevity and Stress Resistance in Caenorhabditis elegans Is Possibly Modulated by the Interplays of DAF-16, SIR-2.1, HCF-1, and 14-3-3 Proteins.","Recent studies suggest that royal jelly (RJ) and its related substances may have antiaging properties. However, the molecular mechanisms underlying the beneficial effects remain elusive. We report that the effects of RJ and enzyme-treated RJ (eRJ) on life span and health span in Caenorhabditis elegans (C elegans) are modulated by the sophisticated interplays of DAF-16, SIR-2.1, HCF-1, and 14-3-3 proteins. Dietary supplementation with RJ or eRJ increased C. elegans life span in a dose-dependent manner. The RJ and eRJ consumption increased the tolerance of C elegans to oxidative stress, ultraviolet irradiation, and heat shock stress. Our genetic analyses showed that RJ/eRJ-mediated life-span extension requires insulin/IGF-1 signaling and the activities of DAF-16, SIR-2.1, HCF-1, and FTT-2, a 14-3-3 protein. Earlier studies reported that DAF-16/FOXO, SIR-2.1/SIRT1, FTT-2, and HCF-1 have extensive interplays in worms and mammals. Our present findings suggest that RJ/eRJ-mediated promotion of longevity and stress resistance in C elegans is dependent on these conserved interplays. From an evolutionary point of view, this study not only provides new insights into the molecular mechanisms of RJ's action on health span promotion in C elegans, but also has imperative implications in using RJ/eRJ as nutraceuticals to delay aging and age-related disorders.",Caenorhabditis elegans,uv,,
1603841,10.1111/j.1751-1097.1992.tb04215.x,,no_pmc,1992,Photochemistry and photobiology,Inactivation of wild-type and rad mutant Caenorhabditis elegans by 8-methoxypsoralen and near ultraviolet radiation.,"Survival of wild-type and four radiation-sensitive (rad) mutants of the nematode Caenorhabditis elegans was determined after near-UV irradiation in the presence of 8-methoxypsoralen (8-MOP). Three sets of inactivation profiles were generated for each strain by irradiating synchronous populations of either early embryos, late embryos or first-stage larvae (L1s). Late embryos were consistently the most sensitive. Curiously, none of the four rad mutants were even moderately hypersensitive. Split-dose experiments indicated that DNA-DNA crosslinks were primarily responsible for lethality. Crosslink induction and repair were determined using two different assays. In both cases, little if any repair was observed in wild-type. This lack of repair thus explains why the rad mutants were not hypersensitive to 8-MOP photoinactivation. Since early embryos undergo extensive cell cycling, their resistance to 8-MOP photoinactivation suggests that replication is highly refractory to both monoadducts and crosslinks, as has been demonstrated previously for UV radiation-induced photoproducts (Hartman et al., 1991, Mutat. Res., 255, pp. 163-173).",Caenorhabditis elegans,uv,,
31461579,10.1111/exd.14025,,no_pmc,2019,Experimental dermatology,The natural phytochemical trans-communic acid inhibits cellular senescence and pigmentation through FoxO3a activation.,"Ageing is characterized by the accumulation of chronic and irreversible oxidative damage, chronic inflammation and organ dysfunction. To attenuate these ageing-related changes, various natural phytochemicals are often applied. Trans-communic acid (TCA), an active component of brown pine leaf extract, has antimicrobial and cancer chemopreventive activity and inhibits ultraviolet B (UVB)-induced MMP-1 expression. To determine whether the phytochemical TCA could affect the lifespan of an ageing model, Caenorhabditis elegans prevent ageing-related phenotypes of the skin. Caenorhabditis elegans (C. elegans) wild-type N2 and mutant strains were used in this study to explore the lifespan extension effect of TCA and its mechanism. We estimated lipofuscin accumulation and melanin levels, which are closely associated with skin senescence. Moreover, we explored the mechanism of action associated with ageing attenuation. We performed oxidative stress resistance and thermotolerance assays in C. elegans and surface plasmon resonance analysis of TCA binding with the forkhead box-O3a (FoxO3a) protein. TCA, which is the active component in Korean red pine (Pinus densiflora), attenuated ageing-related changes in skin cells. TCA lowered lipofuscin accumulation in fibroblasts and decreased melanin levels in melanocytes. These protective effects were mediated by activation of the representative longevity gene FoxO3a, which was induced by direct binding with TCA. Interestingly, TCA extended the lifespan of C. elegans, although it did not affect stress resistance, oxidative stress or thermotolerance. These results strongly suggest that TCA prevents the senescent phenotype of model organisms and exhibits beneficial effects on ageing-related skin phenotypes through direct FoxO3a activation.",Caenorhabditis elegans,uv,,
28634159,10.1534/genetics.117.203414,PMC5560793,oa,2017,Genetics,A Role for the Nonsense-Mediated mRNA Decay Pathway in Maintaining Genome Stability in <i>Caenorhabditis elegans</i>.,"Ionizing radiation (IR) is commonly used in cancer therapy and is a main source of DNA double-strand breaks (DSBs), one of the most toxic forms of DNA damage. We have used <i>Caenorhabditis elegans</i> as an invertebrate model to identify novel factors required for repair of DNA damage inflicted by IR. We have performed an unbiased genetic screen, finding that <i>smg-1</i> mutations confer strong hyper-sensitivity to IR. SMG-1 is a phosphoinositide-3 kinase (PI3K) involved in mediating nonsense-mediated mRNA decay (NMD) of transcripts containing premature stop codons and related to the ATM and ATR kinases which are at the apex of DNA damage signaling pathways. Hyper-sensitivity to IR also occurs when other genes mediating NMD are mutated. The hyper-sensitivity to bleomycin, a drug known to induce DSBs, further supports that NMD pathway mutants are defective in DSB repair. Hyper-sensitivity was not observed upon treatment with alkylating agents or UV irradiation. We show that SMG-1 mainly acts in mitotically dividing germ cells, and during late embryonic and larval development. Based on epistasis experiments, SMG-1 does not appear to act in any of the three major pathways known to mend DNA DSBs, namely homologous recombination (HR), nonhomologous end-joining (NHEJ), and microhomology-mediated end-joining (MMEJ). We speculate that SMG-1 kinase activity could be activated following DNA damage to phosphorylate specific DNA repair proteins and/or that NMD inactivation may lead to aberrant mRNAs leading to synthesis of malfunctioning DNA repair proteins.",Caenorhabditis elegans,uv,,
19879883,10.1016/j.mrfmmm.2009.10.008,PMC2799044,pmc_not_oa,2010,Mutation research,"Nucleotide excision repair genes are expressed at low levels and are not detectably inducible in Caenorhabditis elegans somatic tissues, but their function is required for normal adult life after UVC exposure.","We performed experiments to characterize the inducibility of nucleotide excision repair (NER) in Caenorhabditis elegans, and to examine global gene expression in NER-deficient and -proficient strains as well as germline vs. somatic tissues, with and without genotoxic stress. We also carried out experiments to elucidate the importance of NER in the adult life of C. elegans under genotoxin-stressed and control conditions. Adult lifespan was not detectably different between wild-type and NER-deficient xpa-1 nematodes under control conditions. However, exposure to 6J/m(2)/day of ultraviolet C radiation (UVC) decreased lifespan in xpa-1 nematodes more than a dose of 100 J/m(2)/day in wild-type. Similar differential sensitivities were observed for adult size and feeding. Remarkably, global gene expression was nearly identical in young adult wild-type and xpa-1 nematodes, both in control conditions and 3h after exposure to 50 J/m(2) UVC. Neither NER genes nor repair activity were detectably inducible in young adults that lacked germ cells and developing embryos (glp-1 strain). However, expression levels of dozens of NER and other DNA damage response genes were much (5-30-fold) lower in adults lacking germ cells and developing embryos, suggesting that somatic and post-mitotic cells have a much lower DNA repair ability. Finally, we describe a refinement of our DNA damage assay that allows damage measurement in single nematodes.",Caenorhabditis elegans,uv,,
18053776,10.1016/j.dnarep.2007.10.004,,no_pmc,2008,DNA repair,"Nucleotide excision repair and the degradation of RNA pol II by the Caenorhabditis elegans XPA and Rsp5 orthologues, RAD-3 and WWP-1.","The Caenorhabditis elegans rad-3 gene was identified in a genetic screen for radiation sensitive (rad) mutants. Here, we report that the UV sensitivity of rad-3 mutants is caused by a nonsense mutation in the C. elegans orthologue of the human nucleotide excision repair gene XPA. We have used the xpa-1/rad-3 mutant to examine how a defect in nucleotide excision repair (NER) perturbs development. We find that C. elegans carrying a mutation in xpa-1/rad-3 are hypersensitive and hypermutable in response to UV irradiation, but do not display hypersensitivity to oxidative stress or show obvious developmental abnormalities in the absence of UV exposure. Consistent with these observations, non-irradiated xpa-1 mutants have a similar lifespan as wild type. We further show that UV irradiated xpa-1 mutants undergo a stage-dependent decline in growth and survival, which is associated with a loss in transcriptional competence. Surprisingly, transcriptionally quiescent dauer stage larvae are able to survive a dose of UV irradiation, which is otherwise lethal to early stage larvae. We show that the loss of transcriptional competence in UV irradiated xpa-1 mutants is associated with the degradation of the large RNA polymerase II (RNA pol II) subunit, AMA-1, and have identified WWP-1 as the putative E3 ubiquitin ligase mediating this process. The absence of wwp-1 by itself does not cause sensitivity to UV irradiation, but it acts synergistically with a mutation in xpa-1 to enhance UV hypersensitivity.",Caenorhabditis elegans,uv,,
41901279,10.3390/ph19030433,PMC13028737,oa,2026,"Pharmaceuticals (Basel, Switzerland)",Geopropolis from <i>Melipona orbignyi</i> and <i>Melipona quadrifasciata anthidioides</i> Enhances Oxidative Stress Resistance and Lifespan in <i>Caenorhabditis elegans</i>.,"<b>Background:</b> Oxidative stress arises from an imbalance in redox homeostasis, leading to the accumulation of reactive oxygen species. This condition is associated with premature aging, as well as the progression of several chronic noncommunicable diseases. Among the natural products, geopropolis stands out as a source of molecules with different biological properties. Despite reports of its therapeutic potential, data on the effects on biomolecules and lifespan remains unexplored. <b>Objectives:</b> In this context, we investigated the effects of hydroethanolic geopropolis extracts of <i>Melipona orbignyi</i> and <i>Melipona quadrifasciata anthidioides</i> on in vitro and in vivo protection against oxidative stress, as well as their toxicity and effects on lifespan. <b>Methods:</b> Firstly, we assessed the effect on protein integrity under AAPH-induced oxidative stress and on DNA stability following exposure to hydrogen peroxide and UV radiation. Furthermore, we evaluated the extracts toxicity, protection against juglone-induced oxidative stress and thermal stress, and effects on longevity in a <i>Caenorhabditis elegans</i> preclinical model. <b>Results:</b> In vitro, both extracts protected bovine serum albumin (BSA) from AAPH-induced oxidation, with maximum BSA integrity reaching 98.2 ± 1.8% (HGMO) and 91.7 ± 3.0% (HGMQ). In a UV/H<sub>2</sub>O<sub>2</sub> plasmid assay, both extracts protected against oxidative DNA fragmentation across the tested range, achieving 100% protection (fully preserved DNA integrity) at the highest evaluated concentrations. In vivo, HGMO and HGMQ showed no acute toxicity (24-48 h), with survival comparable to controls, and increased survival under juglone-induced oxidative stress (80 µM, 24 h), with maximum viability gains of 37.3% (HGMO) and 23.9% (HGMQ). Both extracts extended lifespan, increasing maximum lifespan from 24 to 32 days (+33%). <b>Conclusions</b>: Overall, these findings support geopropolis extracts as promising candidates for biotechnological products targeting oxidative stress and healthy aging.",Caenorhabditis elegans,uv,,
31315221,10.3390/ijms20143489,PMC6678847,oa,2019,International journal of molecular sciences,Zymolytic Grain Extract (ZGE) Significantly Extends the Lifespan and Enhances the Environmental Stress Resistance of <i>Caenorhabditis elegans</i>.,"Many reports have shown that grains play an important role in our daily lives and can provide energy and nutrients to protect us from various diseases, and they are considered to be indispensable parts of our lives. It has been reported that some constituents in grains could exert functional effects against HIV infections and multiple cancers. Zymolytic grain can produce some new useful molecules and thus support the cell nutrients in the human body. In this study, the effects of zymolytic grain extract (ZGE) supernatants on the changes of nematode indicators were investigated, including lifespan, self-brood size, and body length in environmental conditions (temperature, ultraviolet radiation or 5-fluoro-2'-deoxyuridine (FUDR) stimuli). We found that, compared to the control group, the ZGE supernatant-feeding group could prolong the lifespan of nematodes under normal conditions. More importantly, ZGE supernatants could improve the ability of nematodes to resist stress. When the concentration of FUDR was 400 or 50 μM, the ZGE supernatant-feeding group could prolong lifespan by an average of 38.4% compared to the control group, and the eggs of the ZGE supernatant-feeding group could hatch and develop into adults. These results indicated that ZGE could protect <i>C. elegans</i> from external stress and thus prolong their lifespan and improve the physiological state of nematodes. Therefore, ZGE supernatant has potential to be used as a nutritional product in antioxidant and anti-aging research.",Caenorhabditis elegans,uv,,
16565574,10.1247/csf.31.29,,no_pmc,2006,Cell structure and function,Deficiency of the Caenorhabditis elegans DNA polymerase eta homologue increases sensitivity to UV radiation during germ-line development.,"Defects in the human XPV/POLH gene result in the variant form of the disease xeroderma pigmentosum (XP-V). The gene encodes DNA polymerase eta (Poleta), which catalyzes translesion synthesis (TLS) past UV-induced cyclobutane pyrimidine dimers (CPDs) and other lesions. To further understand the roles of Poleta in multicellular organisms, we analyzed phenotypes caused by suppression of Caenorhabditis elegans POLH (Ce-POLH) by RNA interference (RNAi). F1 and F2 progeny from worms treated by Ce-POLH-specific RNAi grew normally, but F1 eggs laid by worms treated by RNAi against Ce-POLD, which encodes Poldelta did not hatch. These results suggest that Poldelta but not Poleta is essential for C. elegans embryogenesis. Poleta-targeted embryos UV-irradiated after egg laying were only moderately sensitive. In contrast, Poleta-targeted embryos UV-irradiated prior to egg laying exhibited severe sensitivity, indicating that Poleta contributes significantly to damage tolerance in C. elegans in early embryogenesis but only modestly at later stages. As early embryogenesis is characterized by high levels of DNA replication, Poleta may confer UV resistance in C. elegans, perhaps by catalyzing TLS in early embryogenesis.",Caenorhabditis elegans,uv,,
6962311,10.1007/BF00384393,,no_pmc,1982,Molecular & general genetics : MGG,Somatic damage to the X chromosome of the nematode Caenorhabditis elegans induced by gamma radiation.,"Wild-type male embryos and young larvae of the nematode Caenorhabditis elegans were more sensitive than wild-type hermaphrodites to inactivation by gamma rays; wild-type males have one X chromosome per cell (XO), whereas wild-type hermaphrodites have two (XX). Furthermore, after transformation into fertile hermaphrodites by a her-1 mutation, XO animals were more radiosensitive than XX her-1 animals; and XX animals transformed into fertile males by a tra-1 mutation did not show increased radiosensitivity. It is concluded that wild-type males are more radiosensitive than wild-type hermaphrodites because they have one X chromosome rather than two, and the predominant mode of inactivation of XO animals involves damage to the single X chromosome. No sex-specific differences in survival were observed after UV irradiation.",Caenorhabditis elegans,uv,,
26476241,10.1016/j.ijbiomac.2015.10.030,,no_pmc,2016,International journal of biological macromolecules,Preparation of nanoscale Bacillus thuringiensis chitinases using silica nanoparticles for nematicide delivery.,"A series of amino, carboxylic, and aldehydic surface-grafted silica nanoparticles (SNPs) was prepared based on SiO2 NYSi40 nanoparticles to develop an efficient, biocompatible, and cost-effective biopesticide delivery system. Bacillus thuringiensis chitinase (Chi9602) was immobilized onto SNP surface to prepare nanoscale chitinases (SNPCs) through electrostatic adsorption and covalent binding. The specimens were characterized by Fourier transform infrared, scanning electron microscopy, and zeta-potential analyses. The delivery capacity of the SNPs in Caenorhabditis elegans N2 was observed by immunofluorescence. Results demonstrated that amino-grafted SiO2 nanoparticles with Chi9602 electrostatically adsorbed onto their surface (SNPC2) exhibited a relatively high enzyme immobilization rate (80.2%) and the highest (94.1%) residual enzyme activity among all SNPCs. SNPC2 also showed wider pH tolerance and relatively higher thermostability and ultraviolet radiation resistance capacity than Chi9602. Bioassays further showed that SNPC2 synergistically enhanced the nematicidal effect of B. thuringiensis YBT-020 preparation against C. elegans, with a reduced LC50 of 8.35mg/mL and a shortened LT50 of 12.04h. Immunofluorescence assays showed that SNPC2 had considerable delivery capacity to carry a large protein into C. elegans. Therefore, SNP2 can serve as an efficient nanocarrier for the delivery of macromolecular proteic biopesticides or drugs, indicating potential agricultural or biotechnological applications.",Caenorhabditis elegans,uv,,
11591319,10.1016/s0960-9822(01)00453-5,,no_pmc,2001,Current biology : CB,The OLD-1 positive regulator of longevity and stress resistance is under DAF-16 regulation in Caenorhabditis elegans.,"Aging and limited life span are fundamental biological phenomena observed in a variety of species [1]. Approximately 55 genes have been identified that can extend longevity when altered in Caenorhabditis elegans [2-5]. These genes include an insulin-like receptor (daf-2) and a phosphatidylinositol 3-OH kinase (age-1) regulating a forkhead transcription factor (daf-16) [6, 7], as well as genes mediating metabolic throughput [8], sensory perception [9], and reproduction [10]. Moreover, these mutant alleles both extend life span and increase resistance to ultraviolet (UV) radiation [11], heat [12], and oxidative stress [13-15], though the stress resistance of clk-1 is controversial. With the exception of old-1 and perhaps some other genes [16-19], all of the life-extension alleles are hypomorphic or nullomorphic. Here, we show that the OLD-1 transmembrane tyrosine kinase (formerly TKR-1; [16, 20]) is expressed in a variety of tissues, is stress inducible, and is a positive regulator of longevity and stress resistance. The transcription of old-1 is upregulated in long-lived age-1 and daf-2 mutants and is upregulated in response to heat, UV light, and starvation. Both RT-PCR and analysis of an OLD-1::GFP tag suggest that old-1 expression is dependent on daf-16. Importantly, old-1 is required for the life extension of age-1 and daf-2 mutants. This study reveals a new system for specifying longevity and stress resistance and suggests possible mechanisms for mediating life extension by dietary restriction and hormesis.",Caenorhabditis elegans,uv,,
19505708,10.1016/j.watres.2009.05.009,,no_pmc,2009,Water research,Protection against UV disinfection of E. coli bacteria and B. subtilis spores ingested by C. elegans nematodes.,"Nematodes, which occur abundantly in granular media filters of drinking water treatment plants and in distribution systems, can ingest and transport pathogenic bacteria and provide them protection against chemical disinfectants. However, protection against UV disinfection had not been investigated to date. In this study, Caenorhabditis elegans nematodes (wild-type strain N2) were allowed to feed on Escherichia coli OP50 and Bacillus subtilis spores before being exposed to 5 and 40 mJ/cm(2) UV fluences, using a collimated beam apparatus (LP, 254 nm). Sonication (15 W, 60s) was used to extract bacteria from nematode guts following UV exposure in order to assess the amount of ingested bacteria that resisted the UV treatment using a standard culture method. Bacteria located inside the gut of C. elegans were shown to benefit from a significant protection against UV. Approximately 15% of the applied UV fluence of 40 mJ/cm(2) (as typically used in WTP) was found to reach the bacteria located inside nematode guts based on the inactivation of recovered bacteria (2.7 log reduction of E. coli bacteria and 0.7 log reduction of B. subtilis spores at 40 mJ/cm(2)). To our knowledge, this study is the first demonstration of the protection effect of bacterial internalization by higher organisms against UV treatment, using the specific case of E. coli and B. subtilis spores ingested by C. elegans.",Caenorhabditis elegans,uv,,
2294106,,,no_pmc,1990,The Journal of biological chemistry,"Purification, characterization, and cDNA cloning of a novel metallothionein-like, cadmium-binding protein from Caenorhabditis elegans.","Caenorhabditis elegans adapted for survival in high concentrations of Cd(II) express a heavy metal binding protein designated C. elegans metallothionein-like protein or MT-Ce. This protein was purified to homogeneity and characterized. MT-Ce binds 6 mol of Cd(II)/mol protein. The sequence of 39 amino-terminal residues in MT-Ce was determined. A radiolabeled 41-mer oligonucleotide, designed from the partial MT-Ce sequence, was used in conjunction with sucrose gradient centrifugation to obtain size-fractionated poly(A+) RNA enriched in MT-Ce sequences. Subsequently, cloned cDNAs, corresponding to MT-Ce mRNA sequences, were isolated from a lambda ZapII cDNA library prepared from the enriched template mRNA. cDNA and protein sequence analysis revealed that MT-Ce comprises 62 amino acid residues and has a predicted Mr of 6462. Seventeen of the 18 Cys residues in the nematode cadmium-binding protein are included in Cys-X-Cys and X-Cys-Cys-X motifs that are characteristic of mammalian metallothioneins (MTs). However, the resemblance of MT-Ce to mammalian MTs is superficial. The amino acid sequence of MT-Ce is unique, and neither its putative alpha and beta domains nor its Cys residues can be readily aligned with the corresponding regions of other eukaryotic MTs. This suggests that MT-Ce is an example of convergent evolution. The MT-Ce mRNA level in nematodes that were selected and grown with Cd(II) concentrations that are lethal for wild-type worms, was 55-fold higher than the level of MT-Ce mRNA in wild-type C. elegans. Comparison of the sequences of MT-Ce cDNAs revealed the occurrence of two types of MT-Ce mRNA. Each contains an identical coding region, but the cDNAs diverge markedly in their 5'-untranslated regions. This suggests the possibilities of regulation by alternative splicing and/or the presence of multiple MT-Ce genes encoding a single protein, but controlled by different regulatory elements.",Caenorhabditis elegans,uv,,
21787605,10.1016/j.etap.2010.01.002,,no_pmc,2010,Environmental toxicology and pharmacology,Pre-treatment with mild UV irradiation increases the resistance of nematode Caenorhabditis elegans to toxicity on locomotion behaviors from metal exposure.,"UV irradiation at 10J/m(2)/min induced a mild toxicity on locomotion behaviors and stress response in Caenorhabditis elegans. Pre-treatment with UV irradiation at 10J/m(2)/min at L2-larva stage prevented the formation of locomotion behavioral defects, and activated a noticeable reduction of stress response and oxidative damage in 50 and 100μM metal (Hg, Pb, and Cr) exposed nematodes. Pre-treatment with UV irradiation at 20J/m(2)/min caused a significant decrease of locomotion behaviors in metal exposed nematodes, and pre-treatment with mild UV irradiation could not prevent the formation of locomotion behavioral defects in 200μM metal exposed nematodes. Moreover, the adaptive response to toxicity on locomotion behaviors induced by metal exposure was not formed in mev-1 mutants. Therefore, pre-treatment to mild UV irradiation activates the cross-adaptation response to toxicity on locomotion behaviors induced by metal exposure, and this kind of adaptive response may be under the control of MEV-1 function.",Caenorhabditis elegans,uv,,
23658604,10.1371/journal.pone.0058212,PMC3637273,oa,2013,PloS one,Natural variation for lifespan and stress response in the nematode Caenorhabditis remanei.,"Genetic approaches (e.g. mutation, RNA interference) in model organisms, particularly the nematode Caenorhabditis elegans, have yielded a wealth of information on cellular processes that can influence lifespan. Although longevity mutants discovered in the lab are instructive of cellular physiology, lab studies might miss important genes that influence health and longevity in the wild. C. elegans has relatively low natural genetic variation and high levels of linkage disequilibrium, and thus is not optimal for studying natural variation in longevity. In contrast, its close relative C. remanei possesses very high levels of molecular genetic variation and low levels of linkage disequilibrium. To determine whether C. remanei may be a good model system for the study of natural genetic variation in aging, we evaluated levels of quantitative genetic variation for longevity and resistance to oxidative, heat and UV stress. Heritability (and the coefficient of additive genetic variation) was high for oxidative and heat stress resistance, low (but significant) for longevity, and essentially zero for UV stress response. Our results suggest that C. remanei may be a powerful system for studying natural genetic variation for longevity and oxidative and heat stress response, as well as an informative model for the study of functional relationships between longevity and stress response.",Caenorhabditis elegans,uv,,
8934876,10.1002/(SICI)1520-6408(1996)18:2<144::AID-DVG7>3.0.CO;2-9,,no_pmc,1996,Developmental genetics,Direct isolation of longevity mutants in the nematode Caenorhabditis elegans.,"We have isolated several new EMS-induced, long-lived mutants of Caenorhabditis elegans, using a novel screen that eliminates the need for replica plating. Three new alleles of age-1 (z10, z12, and z25) were identified by failure to complement age-1 (hx546) for life span extension; these alleles had life spans ranging from 18.9 to 25.9 days at 25 degrees C, with an average 46% increase in life span. After backcrossing, alleles were examined in a wild-type background for resistance to several environmental stresses: heat (35 degrees C), ultraviolet (UV) light (20 J/m2), and hydrogen peroxide (H2O2) (0.5 M). Two replicates of the test of thermotolerance were completed on each strain, giving mean survivals of 842 min (hx546), 810 min (z10), 862 min (z12), and 860 min (z25), compared to 562 min for wild type. All the age-1 alleles were significantly tolerant, compared with wild type (P < 0.001). Two replicates for UV resistance were also completed with mean survivals of 103, 118, 108, and 89 hr, respectively, compared to 72 hr for wild type. One test of hydrogen peroxide resistance has shown that z12 and N2 had a mean survival of 41 hr, while the other age-1 alleles had mean survival of 54 hr (z10), and 62 hr (z25); H2O2 resistance is the only environmental stress that differentiates among the age-1 alleles.",Caenorhabditis elegans,uv,,
41376264,10.1002/jsfa.70376,,no_pmc,2026,Journal of the science of food and agriculture,Tapioca starch nanoparticles loaded with astaxanthin extend the lifespan of Caenorhabditis elegans by activating DAF-16.,"Astaxanthin (ASTA) has anti-aging properties but is limited by poor oral bioavailability. Nanostarch has emerged as a promising carrier to enhance the delivery of bioactive compounds, attracting growing interest in functional food research. This study prepared ASTA-loaded tapioca starch nanoparticles and characterized their structure. Meanwhile, Caenorhabditis elegans was used as a model to study the anti-aging activity of nanostarch-astaxanthin (NS-ASTA). The resulting NS-ASTA exhibited an average particle size of 187.13 ± 10.24 nm with an improved polydispersity index of 0.398, compared to 0.559 for the carrier. Fourier transform infrared spectroscopy and X-ray diffraction analyses confirmed the successful formation of a composite via hydrogen bonding and hydrophobic interactions. Furthermore, in the C. elegans model, NS-ASTA treatment significantly extended the maximum lifespan from 20 to 26 days under identical culture conditions. Compared with ASTA, NS-ASTA enhanced the worm's resistance to heat and ultraviolet stress, improved motility, and reduced intestinal lipofuscin accumulation. A 42.46% reduction in accumulation was observed in the NS-ASTA-treated (0.8 mg mL<sup>-1</sup>) group compared to the ASTA group. The lifespan-extending effect of NS-ASTA was absent in the short-lived daf-16 mutant strain, and NS-ASTA promoted nuclear translocation of DAF-16 transcription factors. NS-ASTA exhibits superior anti-aging activity over free ASTA, and extends lifespan and improves health in C. elegans via the DAF-16 pathway. This study provides a theoretical basis for developing novel ASTA formulations and anti-aging products. © 2025 Society of Chemical Industry.",Caenorhabditis elegans,uv,,
8350650,10.1016/0047-6374(93)90135-e,,no_pmc,1993,Mechanisms of ageing and development,The radiation-sensitive mutant rad-8 of Caenorhabditis elegans is hypersensitive to the effects of oxygen on aging and development.,"A mutant of rad-8, originally isolated on the basis of its hypersensitivity to ultraviolet radiation, is also hypersensitive to oxygen and methyl viologen, a superoxide-anion generator. Oxygen also retarded development and reduced fecundity in a concentration-dependent fashion in rad-8 but not in wild type. In addition, the mean life span of rad-8 (but not wild type) was progressively shortened when animals incubated in increasing oxygen concentrations. This cross hypersensitivity to both UV radiation and free radicals provides further evidence that DNA damage may be important in the aging process.",Caenorhabditis elegans,uv,,
12243352,,,no_pmc,2002,Molecules and cells,The Caenorhabditis elegans XPA homolog of human XPA.,"The Xeroderma pigmentosum complementation group A (XPA) protein that is indispensable for nucleotide excision repair of DNA damage in eukaryotes participates in photoproduct recognition. A search of the current Caenorhabditis elegans database allowed us to identify a good candidate for the XPA protein homolog. We cloned a complete cDNA of C. elegans XPA (Ce-XPA) by using RT-PCR. Northern blot analysis showed that the Ce-xpa gene is expressed in all of the stages, including embryos. Ce-XPA encodes a 241-amino acid protein that is homologous to all known eukaryotic XPA. Ce-XPA RNAi caused embryonic lethality and survival lethality to UV radiation. This result suggests that Ce-XPA is involved in the repair of UV-damaged DNA in C. elegans.",Caenorhabditis elegans,uv,,
6493262,10.1016/0167-8817(84)90003-8,,no_pmc,1984,Mutation research,Effects of age and liquid holding on the UV-radiation sensitivities of wild-type and mutant Caenorhabditis elegans dauer larvae.,"The dauer larva is a facultative developmental stage in the life cycle of the nematode Caenorhabditis elegans. Dauer larvae, which can survive under starvation for over 60 days, resume normal development when feeding is resumed. Wild-type (N2) and 4 radiation-sensitive (rad) mutant dauer larvae were tested for their abilities to develop into adults after UV-irradiation. The rad-3 mutant was over 30 times as sensitive as N2; rad-1, rad-2 and rad-7 mutants were not hypersensitive. Irradiation also delayed development in survivors. Wild-type dauer larvae did not differ in radiation sensitivity from 0 through 50 days of age. There was no liquid holding recovery (LHR); that is, survival did not increase when wild-type dauer larvae were held in buffer after irradiation.",Caenorhabditis elegans,uv,,
12135477,10.1046/j.1432-1033.2002.02993.x,,no_pmc,2002,European journal of biochemistry,"A novel DNA repair enzyme containing RNA recognition, G-patch and specific splicing factor 45-like motifs in the protozoan parasite Toxoplasma gondii.","We report the cloning and functional characterization of the full-length cDNA and gene encoding a Toxoplasma gondii DNA repair enzyme designated TgDRE. The gene is composed of three exons separated by two introns of 780 and 630 bp, and encodes a protein with a predicted molecular mass of 49.6 kDa. The native TgDRE protein, with a molecular mass of 60 kDa, is only detected in the virulent tachyzoite stage of T. gondii. However, the transcript is present in both asexual parasite stages, virulent tachyzoite and avirulent encysted bradyzoite. When an Escherichia coli mutant lacking ruvC endonuclease and recG helicase was transformed with TgDRE cDNA, a significant increase in resistance to DNA-damaging agents, such as UV light and mitomycin C, was observed. Moreover, database searches revealed that TgDRE orthologues were present in the genome sequences of the related apicomplexa parasites Plasmodium falciparum and Plasmodium yoelii, as well as in those of Arabidopsis thaliana, Drosophila melanogaster, Caenorhabditis elegans and Homo sapiens. This novel family of proteins is characterized by the presence of human splicing factor SF45-like, RNA recognition (RRM) and glycine-rich (G-patch) motifs. The presence of these motifs suggests that T. gondii TgDRE might also be involved in other biological functions such as RNA metabolism in addition to DNA-repair.",Caenorhabditis elegans,uv,,
14646232,10.1269/jrr.44.271,,no_pmc,2003,Journal of radiation research,Efficient repair of DNA damage induced by heavy ion particles in meiotic prophase I nuclei of Caenorhabditis elegans.,"The effects of heavy ion particle irradiation on meiosis and reproductive development in the nematode Caenorhabditis elegans were studied. Meiotic pachytene nuclei are significantly resistant to particle irradiation by the heavy ions carbon and argon, as well as to X-rays, but not UV, whereas diplotene to diakinesis stage oocytes and early embryonic cells are not. Chromosomal abnormalities appear in mitotic cells and in maturing oocytes irradiated with heavy ion particles during the diplotene to the early diakinesis stages, but not in oocytes irradiated during the pachytene stage. The pachytene nuclei of ced-3 mutants, which are defective in apoptosis, are similarly resistant to ionizing radiation, but pachytene nuclei depleted for Ce-atl-1 (ataxia-telangiectasia like 1) or Ce-rdh-1/rad-51 are more sensitive. Pachytene nuclei thus appear to effectively repair heavy ion-induced DNA damage by the meiotic homologous recombination system.",Caenorhabditis elegans,uv,,
11058122,10.1093/nar/28.21.4232,PMC113154,pmc_not_oa,2000,Nucleic acids research,Hyper-resistance of meiotic cells to radiation due to a strong expression of a single recA-like gene in Caenorhabditis elegans.,"Sensitivity of meiotic cells to DNA damaging agents is little understood. We have demonstrated that the meiotic pachytene nuclei in the Caenorhabditis elegans gonad are hyper-resistant to X-ray irradiation, but not to UV irradiation, whereas the early embryonic cells after fertilization and the full grown oocytes are not. The Ce-rdh-1 gene [RAD51, DMC1 (LIM15), homolog 1 or Ce-rad-51], which is essential for the meiotic recombination, is the only bacterial recA-like gene in the nematode genome, and is strongly expressed in the meiotic cells. Following silencing of the Ce-rdh-1 gene by RNA interference, the meiotic cells become more sensitive to X-ray irradiation than the early embryonic cells. This is the first report that meiotic cells are hyper-resistant to DNA strand breaks due to the high level of expression of the enzyme(s) involved in meiotic homologous recombination.",Caenorhabditis elegans,uv,,
20463888,10.1371/journal.pgen.1000941,PMC2865526,oa,2010,PLoS genetics,"Involvement of global genome repair, transcription coupled repair, and chromatin remodeling in UV DNA damage response changes during development.","Nucleotide Excision Repair (NER), which removes a variety of helix-distorting lesions from DNA, is initiated by two distinct DNA damage-sensing mechanisms. Transcription Coupled Repair (TCR) removes damage from the active strand of transcribed genes and depends on the SWI/SNF family protein CSB. Global Genome Repair (GGR) removes damage present elsewhere in the genome and depends on damage recognition by the XPC/RAD23/Centrin2 complex. Currently, it is not well understood to what extent both pathways contribute to genome maintenance and cell survival in a developing organism exposed to UV light. Here, we show that eukaryotic NER, initiated by two distinct subpathways, is well conserved in the nematode Caenorhabditis elegans. In C. elegans, involvement of TCR and GGR in the UV-induced DNA damage response changes during development. In germ cells and early embryos, we find that GGR is the major pathway contributing to normal development and survival after UV irradiation, whereas in later developmental stages TCR is predominantly engaged. Furthermore, we identify four ISWI/Cohesin and four SWI/SNF family chromatin remodeling factors that are implicated in the UV damage response in a developmental stage dependent manner. These in vivo studies strongly suggest that involvement of different repair pathways and chromatin remodeling proteins in UV-induced DNA repair depends on developmental stage of cells.",Caenorhabditis elegans,uv,,
22884628,10.1016/j.ijpara.2012.06.005,,no_pmc,2012,International journal for parasitology,Melanisation of Teladorsagia circumcincta larvae exposed to sunlight: a role for GTP-cyclohydrolase in nematode survival.,"Trichostrongylid nematode parasites of livestock inhabit two very different niches during their life-cycle; within the host and free-living in the environment. UV radiation plays a significant role in the survival of free-living, pre-parasitic nematode larvae, with different species exhibiting differing levels of sensitivity. In many eukaryotes, melanisation is a key protective mechanism against UV damage, however there is little information about this process in parasitic nematodes. Caenorhabditis elegans cat-4 mutants, which are deficient in the enzyme guanosine triphosphate-cyclohydrolase I (GTP-CH), have both depleted levels of melanin in their cuticles and an increased sensitivity to anthelmintic drugs. Some parasitic nematodes have very high levels of GTP-CH transcript in their pre-parasitic stages, suggesting an important role for this biopterin synthetic enzyme. Here, we show that the Tci-cat-4 gene, which encodes GTP-CH in Teladorsagia circumcincta, has a role in melanisation and is also capable of rescuing C. elegans cat-4 mutants. In addition, following exposure of T. circumcincta L3s to sunlight, there is a 32% increase in GTP-CH enzyme activity (P=0.019), and a 21% increase in levels of melanin (P=0.031) compared with unexposed larvae. These data suggest that one explanation for the high level of GTP-CH present in pre-parasitic stages of trichostrongylid nematodes is to facilitate melanisation in response to UV exposure.",Caenorhabditis elegans,uv,,
17164206,10.1098/rspb.2006.3739,PMC1702385,pmc_not_oa,2007,Proceedings. Biological sciences,Selection against males in Caenorhabditis elegans under two mutational treatments.,"Within populations with mixed mating systems, selfing is expected to be favoured over outcrossing unless a countervailing process such as severe inbreeding depression is present. In this study, we consider the relationship between the expression of deleterious alleles and the maintenance of outcrossing in the nematode species, Caenorhabditis elegans. This species is characterized by an androdioecious breeding system composed of males at low frequency and self-fertilizing hermaphrodites that can only outcross via males. Here, we find that experimentally increasing the mutational load in four different isogenic wild isolates using 10 generations of Ethylmethane sulphonate (EMS) and UV irradiation mutagenesis significantly diminishes the cost of males. Males are maintained at higher frequencies in mutagenized versus non-mutagenized populations. Nevertheless, males still tend to be driven to low frequencies within isolates that are known to be prone to lose males. Further, we determine the viability effects of a single round of mutagen exposure and find that, for EMS, outcrossing overcomes the almost completely recessive and nearly lethal effects generated. We briefly interpret our results in light of current evolutionary theory of outcrossing rates.",Caenorhabditis elegans,uv,,
10905349,10.1007/s004380000241,,no_pmc,2000,Molecular & general genetics : MGG,MUS81 encodes a novel helix-hairpin-helix protein involved in the response to UV- and methylation-induced DNA damage in Saccharomyces cerevisiae.,"The gene MUS81 p6ethyl methansulfonate, UV sensitive) was identified as clone 81 in a two-hybrid screen using the Saccharomyces cerevisiae Rad54 protein as a bait. It encodes a novel protein with a predicted molecular mass of 72,316 (632 amino acids) and contains two helix-hairpin-helix motifs, which are found in many proteins involved in DNA metabolism in bacteria, yeast, and mammals. Mus81p also shares homology with motifs found in the XPF endonuclease superfamily. Deletion of MUS81 caused a recessive methyl methansulfonate- and UV-sensitive phenotype. However, mus81delta cells were not significantly more sensitive than wild-type to gamma-radiation or double-strand breaks induced by HO endonuclease. Double mutant analysis suggests that Rad54p and Mus81p act in one pathway for the repair of, or tolerance to, UV-induced DNA damage. A complex containing Mus81p and Rad54p was identified in immunoprecipitation experiments. Deletion of MUS81 virtually eliminated sporulation in one strain background and reduced sporulation and spore viability in another. Potential homologs of Mus81p have been identified in Schizosaccharomyces pombe, Caenorhabditis elegans and Arabidopsis thaliana. We hypothesize that Mus81p plays a role in the recognition and/or processing of certain types of DNA damage (caused by UV and MMS) during repair or tolerance processes involving the recombinational repair pathway.",Caenorhabditis elegans,uv,,
10421577,10.1016/s0960-9822(99)80341-8,,no_pmc,1999,Current biology : CB,Animal cell-death suppressors Bcl-x(L) and Ced-9 inhibit cell death in tobacco plants.,"In plants, events similar to programmed cell death have been reported [1] [2], although little is known of their mechanisms at the molecular level. To investigate the mechanism(s) involved, we overexpressed bcl-x(L), which encodes a mammalian suppressor of programmed cell death, in tobacco plants, under the control of a strong promoter [3]. In plants expressing Bcl-x(L), cell death induced by UV-B irradiation, paraquat treatment or the hypersensitive reaction (HR) to tobacco mosaic virus (TMV) infection was suppressed. The extent of suppression of cell death depended on the amount of Bcl-x(L) protein expressed. Similar enhanced resistance to cell death was found in transgenic tobacco plants overexpressing the ced-9 gene, a Caenorhabditis elegans homolog of bcl-x(L) [4], indicating that Bcl-x(L) and Ced-9 can function to inhibit cell death in plants.",Caenorhabditis elegans,uv,,
23765794,10.1111/j.1758-2229.2009.00031.x,,no_pmc,2009,Environmental microbiology reports,Use of bioluminescent bacterial biosensors to investigate the role of free-living helminths as reservoirs and vectors of Salmonella.,"Free-living microbivorous helminths that consume pathogenic bacteria could offer an environmental refuge for those pathogens and also, in the case of accidental ingestion, could transmit food-borne pathogens to humans and livestock. We tested this hypothesis by comparing the survival of Salmonella bacteria that had been ingested by the helminth Caenorhabditis elegans with that of the bacteria alone, in a series of experiments to mimic harsh environmental conditions. Using lux gene technology to record the in vivo growth of Salmonella we found that when inside C. elegans, the Salmonella exhibited enhanced survival at pH 2 and 3, in the presence of chlorine and when exposed to UV irradiation, thereby providing an environmental refuge or reservoir for the bacteria. On inoculating laboratory mice with C. elegans that had been fed on bioluminescent Salmonella, real-time imaging showed that animals developed a systemic bacterial infection, indicating that free-living helminths could play a role as a vector of pathogens.",Caenorhabditis elegans,uv,,
