pmid,doi,pmcid,oa_status,year,journal,title,abstract,organism,condition,screened,screen_reason
32029587,10.1073/pnas.1912082117,PMC7049150,pmc_not_oa,2020,Proceedings of the National Academy of Sciences of the United States of America,Heat-shock proteases promote survival of <i>Pseudomonas aeruginosa</i> during growth arrest.,"When nutrients in their environment are exhausted, bacterial cells become arrested for growth. During these periods, a primary challenge is maintaining cellular integrity with a reduced capacity for renewal or repair. Here, we show that the heat-shock protease FtsH is generally required for growth arrest survival of <i>Pseudomonas aeruginosa</i>, and that this requirement is independent of a role in regulating lipopolysaccharide synthesis, as has been suggested for <i>Escherichia coli</i> We find that <i>ftsH</i> interacts with diverse genes during growth and overlaps functionally with the other heat-shock protease-encoding genes <i>hslVU</i>, <i>lon</i>, and <i>clpXP</i> to promote survival during growth arrest. Systematic deletion of the heat-shock protease-encoding genes reveals that the proteases function hierarchically during growth arrest, with FtsH and ClpXP having primary, nonredundant roles, and HslVU and Lon deploying a secondary response to aging stress. This hierarchy is partially conserved during growth at high temperature and alkaline pH, suggesting that heat, pH, and growth arrest effectively impose a similar type of proteostatic stress at the cellular level. In support of this inference, heat and growth arrest act synergistically to kill cells, and protein aggregation appears to occur more rapidly in protease mutants during growth arrest and correlates with the onset of cell death. Our findings suggest that protein aggregation is a major driver of aging and cell death during growth arrest, and that coordinated activity of the heat-shock response is required to ensure ongoing protein quality control in the absence of growth.",Escherichia coli,temperature,,
30939630,10.4014/jmb.1901.01036,,no_pmc,2019,Journal of microbiology and biotechnology,Overexpression of YbeD in <i>Escherichia coli</i> Enhances Thermotolerance.,"Heat-resistant microbial hosts are required for bioprocess development using high cell density cultivations at the industrial scale. We report that the thermotolerance of <i>Escherichia coli</i> can be enhanced by overexpressing <i>ybeD</i>, which was known to encode a hypothetical protein of unknown function. In the wild-type <i>E. coli</i> BL21(DE3), <i>ybeD</i> transcription level increased over five-fold when temperature was increased from 37°C to either 42°C or 46°C. To study the function of <i>ybeD</i>, a deletion strain and an overexpression strain were constructed. At 46°C, in comparison to the wild type, the <i>ybeD</i>-deletion reduced cell growth half-fold, and the <i>ybeD</i>-overexpression promoted cell growth over two-fold. The growth enhancement by <i>ybeD</i>-overexpression was much more pronounced at 46°C than 37°C. The <i>ybeD</i>-overexpression was also effective in other <i>E. coli</i> strains of MG1655, W3110, DH10B, and BW25113. These findings reveal that <i>ybeD</i> gene plays an important role in enduring high-temperature stress, and that <i>ybeD</i>-overexpression can be a prospective strategy to develop thermotolerant microbial hosts.",Escherichia coli,temperature,,
3031022,10.1128/jb.169.4.1772-1776.1987,PMC212017,pmc_not_oa,1987,Journal of bacteriology,Structural inhibition and reactivation of Escherichia coli septation by elements of the SOS and TER pathways.,"The inhibition of cell division caused by induction of the SOS pathway in Escherichia coli structurally blocks septation, as deduced from two sets of results. Potential septation sites active at the time of SOS induction became inactivated, while those initiated during the following doubling time were active. Penicillin resistance increased in wild-type UV light-irradiated cells, a behavior similar to that observed in mutants in which structural blocks were introduced by inactivation of FtsA. Potential septation sites that have been structurally blocked by either the SOS division inhibitor, furazlocillin inhibition of PBP3, or inactivation of a TER pathway component, FtsA3, could be reactivated one doubling time after removal of the inhibitory agent in the presence of an active lon gene product. Reactivation of potential septation sites blocked by the presence of an inactivated FtsA3 was significantly lower when the lon protease was not active, suggesting that Lon plays a role in the removal of inactivated TER pathway products from the blocked potential septation sites.",Escherichia coli,temperature,,
30856705,10.4014/jmb.1801.01036,,no_pmc,2019,Journal of microbiology and biotechnology,Overexpression of YbeD in <i>Escherichia coli</i> Enhances Thermotolerance.,"Heat-resistant microbial hosts are required for bioprocess development using high cell density cultivations at the industrial scale. We report that the thermotolerance of <i>Escherichia coli</i> can be enhanced by overexpressing <i>ybeD</i>, which was known to encode a hypothetical protein of unknown function. In the wild type <i>E. coli</i> BL21(DE3), <i>ybeD</i>transcription level increased over five-fold when temperature was increased from 37°C to either 42°C or 46°C. To study the function of <i>ybeD</i>, a deletion strain and an overexpression strain were constructed. At 46°C, in comparison to the wild type, the <i>ybeD</i>-deletion reduced cell growth half-fold, and the <i>ybeD</i>-overexpression promoted cell growth over two-fold. The growth enhancement by <i>ybeD</i>-overexpression was much more pronounced at 46°C than 37°C. The <i>ybeD</i>-overexpression was also effective in other <i>E. coli</i> strains of MG1655, W3110, DH10B, and BW25113. These findings reveal that <i>ybeD</i> gene plays an important role in enduring high-temperature stress, and that <i>ybeD</i>-overexpression can be a prospective strategy to develop thermotolerant microbial hosts.",Escherichia coli,temperature,,
8262368,10.1111/j.1574-6968.1993.tb06513.x,,no_pmc,1993,FEMS microbiology letters,Induction of cadmium tolerance in Escherichia coli K-12.,"Cadmium ions are bacteriocidal, resulting in exponential killing that starts immediately after exposure. We have shown that pretreatment with sublethal concentrations of cadmium induces cadmium tolerance. Protection against cadmium killing can also be obtained by preincubation at elevated temperatures, known to induce the heat-shock response. However, in contrast to pretreatment at elevated temperatures, exposure to sublethal cadmium concentrations does not induce thermotolerance.",Escherichia coli,temperature,,
26391555,10.1111/gtc.12299,,no_pmc,2015,Genes to cells : devoted to molecular & cellular mechanisms,Escherichia coli inner membrane protein YciB interacts with ZipA that is important for cell division.,"Escherichia coli propagates by undergoing cycles of lateral elongation, septum formation, and cell fission at the mid-cell. A large number of genes involved in these processes have been identified, but it is likely that others remain. A deletion mutant of yciB (ΔyciB) is shorter in the cell length compared to wild type and, in contrast, over-expression of yciB causes elongation of the cell. Furthermore, the septum localization of ZipA, an essential protein of cell division, is disturbed in a ΔyciB mutant. Purified YciB protein directly interacted with ZipA, which might indicate that YciB is involved in the cell envelope synthesis directed by ZipA in a PBP3-independent manner.",Escherichia coli,temperature,,
36144394,10.3390/microorganisms10091793,PMC9501238,oa,2022,Microorganisms,Gene Networks and Pathways Involved in <i>Escherichia coli</i> Response to Multiple Stressors.,"Stress response helps microorganisms survive extreme environmental conditions and host immunity, making them more virulent or drug resistant. Although both reductionist approaches investigating specific genes and systems approaches analyzing individual stress conditions are being used, less is known about gene networks involved in multiple stress responses. Here, using a systems biology approach, we mined hundreds of transcriptomic data sets for key genes and pathways involved in the tolerance of the model microorganism <i>Escherichia coli</i> to multiple stressors. Specifically, we investigated the <i>E. coli</i> K-12 MG1655 transcriptome under five stresses: heat, cold, oxidative stress, nitrosative stress, and antibiotic treatment. Overlaps of transcriptional changes between studies of each stress factor and between different stressors were determined: energy-requiring metabolic pathways, transport, and motility are typically downregulated to conserve energy, while genes related to survival, <i>bona fide</i> stress response, biofilm formation, and DNA repair are mainly upregulated. The transcription of 15 genes with uncharacterized functions is higher in response to multiple stressors, which suggests they may play pivotal roles in stress response. In conclusion, using rank normalization of transcriptomic data, we identified a set of <i>E. coli</i> stress response genes and pathways, which could be potential targets to overcome antibiotic tolerance or multidrug resistance.",Escherichia coli,temperature,,
32533919,10.1016/j.molcel.2020.05.028,PMC7368831,pmc_not_oa,2020,Molecular cell,Stress Can Induce Transcription of Toxin-Antitoxin Systems without Activating Toxin.,"Toxin-antitoxin (TA) systems are ubiquitous genetic elements in bacterial genomes, but their functions are controversial. Although they are frequently postulated to regulate cell growth following stress, few null phenotypes for TA systems have been reported. Here, we show that TA transcript levels can increase substantially in response to stress, but toxin is not liberated. We find that the growth of an Escherichia coli strain lacking ten TA systems encoding endoribonuclease toxins is not affected following exposure to six stresses that each trigger TA transcription. Additionally, using RNA sequencing, we find no evidence of mRNA cleavage following stress. Stress-induced transcription arises from antitoxin degradation and relief of transcriptional autoregulation. Importantly, although free antitoxin is readily degraded in vivo, antitoxin bound to toxin is protected from proteolysis, preventing release of active toxin. Thus, transcription is not a reliable marker of TA activity, and TA systems do not strongly promote survival following individual stresses.",Escherichia coli,temperature,,
41546718,10.1007/s00253-025-13703-y,PMC12812777,oa,2026,Applied microbiology and biotechnology,Enhancing the heat tolerance of homolactic Escherichia coli through reverse metabolic engineering.,"Improving Escherichia coli's thermotolerance through rational engineering is hindered by limited knowledge of the molecular mechanisms involved in supraoptimal thermal adaptation. To address this issue, we applied a reverse metabolic engineering strategy to develop a D-homolactic E. coli strain under non-aerated conditions. We first characterized the thermal reaction norms of the kinetic and stoichiometric parameters in strains evolved through continuous adaptive laboratory evolution, identifying those that maintained parental volumetric productivity and the lactate/glucose yield at high temperatures. Then, the genomic analysis of two thermally adapted strains was performed to determine the mutations acquired during thermal adaptation. Thermally adapted strains revealed convergent mutations in regulatory genes, notably metJ, lrp, and components of the RNA polymerase complex. Introducing these point mutations into the parental strain demonstrated that individual mutations in rpoB and metJ significantly improved growth at high temperatures, despite the presence of complex epistatic interactions in combinatorial analyses. KEY POINTS: • ALE significantly enhanced the thermotolerance of homolactic Escherichia coli • Mutations in rpoB and metJ notably enhance growth at high temperatures • Lactate productivity and yield stayed similar to the parental strain.",Escherichia coli,temperature,,
8226663,10.1128/jb.175.22.7170-7177.1993,PMC206858,pmc_not_oa,1993,Journal of bacteriology,Stress response of Escherichia coli to elevated hydrostatic pressure.,"The response of exponentially growing cultures of Escherichia coli to abrupt shifts in hydrostatic pressure was studied. A pressure upshift to 546 atm (55,304 kPa) of hydrostatic pressure profoundly perturbed cell division, nucleoid structure, and the total rate of protein synthesis. The number of polypeptides synthesized at increased pressure was greatly reduced, and many proteins exhibited elevated rates of synthesis relative to total protein synthesis. We designated the latter proteins pressure-induced proteins (PIPs). The PIP response was transient, with the largest induction occurring approximately 60 to 90 min postshift. Fifty-five PIPs were identified. Many of these proteins are also induced by heat shock or cold shock. The PIP demonstrating the greatest pressure induction was a basic protein of 15.6 kDa. High pressure inhibits growth but does not inhibit the synthesis of stringently controlled proteins. Cold shock is the only additional signal which has been found to elicit this type of response. These data indicate that elevated pressure induces a unique stress response in E. coli, the further characterization of which could be useful in delineating its inhibitory nature.",Escherichia coli,temperature,,
33809330,10.3390/ijms22062900,PMC7998627,oa,2021,International journal of molecular sciences,One Heat Shock Transcription Factor Confers High Thermal Tolerance in Clematis Plants.,"Clematis plants play an important role in botanical gardens. Heat stress can destroy the activity, state and conformation of plant proteins, and its regulatory pathway has been well characterized in <i>Arabidopsis</i> and some crop plants. However, the heat resistance response mechanism in horticultural plants including <i>Clematis</i> has rarely been reported. Here, we identified a heat-tolerant clematis species, <i>Clematis vitalba</i>. The relative water loss and electrolytic leakage were significantly lower under heat treatment in <i>Clematis vitalba</i> compared to Stolwijk Gold. Differential expression heat-tolerant genes (HTGs) were identified based on nonparametric transcriptome analysis. For validation, one heat shock transcription factor, <i>CvHSF30-2</i>, extremely induced by heat stimuli in <i>Clematis vitalba</i>, was identified to confer tolerance to heat stress in <i>Escherichia coli</i> and <i>Saccharomyces cerevisiae</i>. Furthermore, silencing of <i>HSF30-2</i> by virus-induced gene silencing (VIGS) led to heat sensitivity in tobacco and <i>Clematis</i>, suggesting that the candidate heat-resistant genes identified in this RNA-seq analysis are credible and offer significant utility. We also found that <i>CvHSF30-2</i> improved heat tolerance of <i>Clematis vitalba</i> by elevating heat shock protein (HSP) expression, which was negatively regulated by <i>CvHSFB2a</i>. Taken together, this study provides insights into the mechanism of <i>Clematis</i> heat tolerance and the findings can be potentially applied in horticultural plants to improve economic efficiency through genetic approaches.",Escherichia coli,temperature,,
14727089,10.1007/s00253-003-1517-y,,no_pmc,2004,Applied microbiology and biotechnology,Gene expression in Escherichia coli biofilms.,"DNA microarrays were used to study the gene expression profile of Escherichia coli JM109 and K12 biofilms. Both glass wool in shake flasks and mild steel 1010 plates in continuous reactors were used to create the biofilms. For the biofilms grown on glass wool, 22 genes were induced significantly (p< or =0.05) compared to suspension cells, including several genes for the stress response ( hslS, hslT, hha, and soxS), type I fimbriae ( fimG), metabolism ( metK), and 11 genes of unknown function ( ybaJ, ychM, yefM, ygfA, b1060, b1112, b2377, b3022, b1373, b1601, and b0836). The DNA microarray results were corroborated with RNA dot blotting. For the biofilm grown on mild steel plates, the DNA microarray data showed that, at a specific growth rate of 0.05/h, the mature biofilm after 5 days in the continuous reactors did not exhibit differential gene expression compared to suspension cells although genes were induced at 0.03/h. The present study suggests that biofilm gene expression is strongly associated with environmental conditions and that stress genes are involved in E. coli JM109 biofilm formation.",Escherichia coli,temperature,,
40360840,10.1007/s00253-025-13495-1,PMC12075407,oa,2025,Applied microbiology and biotechnology,Thermally adapted Escherichia coli keeps transcriptomic response during temperature upshift exposure.,"The heat shock response is a cellular protection mechanism against sudden temperature upshifts extensively studied in Escherichia coli. However, the effects of thermal evolution on this response remain largely unknown. In this study, we investigated the early and late physiological and transcriptional responses to temperature upshift in a thermotolerant strain under continuous culture conditions. Adaptive laboratory evolution was performed on a metabolically engineered E. coli strain (JU15), designed for D-lactic acid production, to enable cellular growth and fermentation of glucose at 45 °C in batch cultures. The resulting homofermentative strain, ECL45, successfully adapted to 45 °C in a glucose-mineral medium at pH 7 under non-aerated conditions. The thermal-adapted ECL45 retained the parental strain's high volumetric productivity and product/substrate yield. Genomic sequencing of ECL45 revealed eight mutations, including one in a non-coding region and six within the coding regions of genes associated with metabolic, transport, and regulatory functions. Transcriptomic analysis comparing the evolved strain with its parental counterpart under early and late temperature upshifts indicated that the adaptation involved a controlled stringent response. This mechanism likely contributes to the strain's ability to maintain growth capacity at high temperatures. KEY POINTS: • The temperature upshift response of a thermally adapted strain in continuous culture was studied for the first time. • Genomic analyses revealed the presence of a double point mutation in the spoT gene. • The thermally adapted strain maintained underexpression of the spoT gene at high temperatures. • Supplementation of 0.15 g/L of hydrolyzed protein favored thermal adaptation at 45 °C.",Escherichia coli,temperature,,
39708289,10.1111/febs.17363,PMC12138172,oa,2025,The FEBS journal,Bacterial purine metabolism modulates C. elegans development and stress tolerance via DAF-16.,"The purine metabolism is crucial for cellular function and is a conserved metabolic network from prokaryotes to humans. While extensively studied in microorganisms like yeast and bacteria, the impact of perturbing dietary intermediates from the purine biosynthesis on animal development and growth remains poorly understood. We utilized Caenorhabditis elegans as the metazoan model to investigate the mechanisms underlying this deficiency. Through a high-throughput screening of an Escherichia coli mutant library Keio collection, we identified 34 E. coli mutants that delay C. elegans development. Among these mutants, we found that E. coli purE gene is an essential genetic component that promotes host development in a dose-dependent manner. Further metabolites supplementation suggests that bacterial purE downstream metabolite 5-aminoimidazole-4-carboxamide ribotide (AICAR) can inhibit worm growth. Additionally, we found the FoxO transcription factor DAF-16 is indispensable in worm development delay induced by purE mutation, and observed increased nuclear accumulation of DAF-16 when fed E. coli purE- mutants, suggesting the role of DAF-16 in response to purE mutation. RNA-seq analysis and phenotypic assays revealed that worms fed the E. coli purE mutant exhibited elevated lifespan, thermotolerance, and pathogen resistance. These findings collectively suggest that certain intermediates in the bacterial purine biosynthesis can serve as a cue to modulate development and activate the defense response in the nematode C. elegans through DAF-16.",Escherichia coli,temperature,,
39320540,10.1007/s00484-024-02779-2,,no_pmc,2024,International journal of biometeorology,Probiotic strategies for mitigating heat stress effects on broiler chicken performance.,"The primary objective of this study was to evaluate the effects of liquid (Fructose-added lactic acid bacteria, F-LAB) and commercial (Commercial LAB, C-LAB) probiotics sourced from Rye-Grass Lactic Acid Bacteria (LAB) on broiler chickens experiencing heat stress (HS). The research involved 240 broiler chicks, divided into six groups: control, F-LAB, C-LAB (raised at 24 °C), HS, F-LAB/HS, and C-LAB/HS (exposed to 5-7 h of 34-36 °C daily). The study followed a randomized complete block design, with each group consisting of 40 chicks. F-LAB and HS/F-LAB groups received a natural probiotic added to their drinking water at a rate of 0.5 ml/L, while C-LAB and HS/C-LAB groups were supplemented with a commercial probiotic at the same dosage. Control and HS groups received no probiotic supplementation. The duration of the study was 42 days, with data collected on growth performance, feed intake, feed conversion ratio, and health parameters. Statistical analyses were performed using ANOVA, and significant differences between groups were determined using post hoc tests. The results revealed that without probiotic supplementation, heat stress led to a decrease in body weight gain, T3 levels, citrulline, and growth hormone levels, along with an increase in the feed conversion ratio, serum corticosterone, HSP70, ALT, AST, and leptin levels (p < 0.05 for all). Heat stress also adversely affected cecal microbiota, reducing lactic acid bacteria count (LABC) while increasing Escherichia coli and coliform bacteria (CBC) counts. However, in the groups receiving probiotic supplementation under heat stress (F-LAB/HS and C-LAB/HS), these effects were alleviated (p < 0.05 for all). Particularly noteworthy was the observation that broiler chickens supplemented with natural lactic acid bacteria (F-LAB) exhibited greater resilience to heat stress compared to those receiving the commercial probiotic, as evidenced by improvements in growth, liver function, hormonal balance, intestinal health, and cecal microbiome ecology (p < 0.05). These findings suggest that the supplementation of naturally sourced probiotics (F-LAB) may positively impact the intestinal health of broiler chickens exposed to heat stress, potentially supporting growth and health parameters.",Escherichia coli,temperature,,
24489935,10.1371/journal.pone.0087540,PMC3905028,oa,2014,PloS one,Genome-wide mapping of furfural tolerance genes in Escherichia coli.,"Advances in genomics have improved the ability to map complex genotype-to-phenotype relationships, like those required for engineering chemical tolerance. Here, we have applied the multiSCale Analysis of Library Enrichments (SCALEs; Lynch et al. (2007) Nat. Method.) approach to map, in parallel, the effect of increased dosage for >10(5) different fragments of the Escherichia coli genome onto furfural tolerance (furfural is a key toxin of lignocellulosic hydrolysate). Only 268 of >4,000 E. coli genes (∼ 6%) were enriched after growth selections in the presence of furfural. Several of the enriched genes were cloned and tested individually for their effect on furfural tolerance. Overexpression of thyA, lpcA, or groESL individually increased growth in the presence of furfural. Overexpression of lpcA, but not groESL or thyA, resulted in increased furfural reduction rate, a previously identified mechanism underlying furfural tolerance. We additionally show that plasmid-based expression of functional LpcA or GroESL is required to confer furfural tolerance. This study identifies new furfural tolerant genes, which can be applied in future strain design efforts focused on the production of fuels and chemicals from lignocellulosic hydrolysate.",Escherichia coli,temperature,,
13129947,10.1128/JB.185.19.5765-5771.2003,PMC193974,pmc_not_oa,2003,Journal of bacteriology,Temperature-sensitive growth and decreased thermotolerance associated with relA mutations in Escherichia coli.,"The relA gene of Escherichia coli encodes guanosine 3',5'-bispyrophosphate (ppGpp) synthetase I, a ribosome-associated enzyme that is activated during amino acid starvation. The stringent response is thought to be mediated by ppGpp. Mutations in relA are known to result in pleiotropic phenotypes. We now report that three different relA mutant alleles, relA1, relA2, and relA251::kan, conferred temperature-sensitive phenotypes, as demonstrated by reduced plating efficiencies on nutrient agar (Difco) or on Davis minimal agar (Difco) at temperatures above 41 degrees C. The relA-mediated temperature sensitivity was osmoremedial and could be completely suppressed, for example, by the addition of NaCl to the medium at a concentration of 0.3 M. The temperature sensitivities of the relA mutants were associated with decreased thermotolerance; e.g., relA mutants lost viability at 42 degrees C, a temperature that is normally nonlethal. The spoT gene encodes a bifunctional enzyme possessing ppGpp synthetase and ppGpp pyrophosphohydrolase activities. The introduction of the spoT207::cat allele into a strain bearing the relA251::kan mutation completely abolished ppGpp synthesis. This ppGpp null mutant was even more temperature sensitive than the strain carrying the relA251::kan mutation alone. The relA-mediated thermosensitivity was suppressed by certain mutant alleles of rpoB (encoding the beta subunit of RNA polymerase) and spoT that have been previously reported to suppress other phenotypic characteristics conferred by relA mutations. Collectively, these results suggest that ppGpp may be required in some way for the expression of genes involved in thermotolerance.",Escherichia coli,temperature,,
16187264,10.1002/jobm.200410542,,no_pmc,2005,Journal of basic microbiology,Growth of Escherichia coli at elevated temperatures.,"In our studies to develop a simple and reliable method for the generation of recombinant adenoviruses (Fotadar et al . 2003), we noted that the E. coli (BJ5183 and DH5alpha) survived a heat-shock of 45 degrees C for 5 minutes in 0.1 M calcium chloride. As a result, we investigated the growth of E. coli (DH5alpha) at elevated temperatures. We hereby demonstrate that contrary to previous observations (Cooper et al . 2001 and Bronikowski et al . 2001) E. coli can grow consistently at a temperature as high as 49 degrees C, in spite of the fact that growth beyond 40 degrees C can generally be prohibitive. Hence, it is quite likely that these E. coli (DH5alpha) may have acquired mutations which permit them to grow reproducibly at 49 degrees C. Growth of E. coli above 49 degrees C (up to 53 degrees C) was also observed, but this was sporadic and not reproducible. This result could extend the utility of these organisms for cloning and manipulations requiring high temperature.",Escherichia coli,temperature,,
23284305,10.1371/journal.pgen.1003148,PMC3527273,oa,2012,PLoS genetics,Pre-disposition and epigenetics govern variation in bacterial survival upon stress.,"Bacteria suffer various stresses in their unpredictable environment. In response, clonal populations may exhibit cell-to-cell variation, hypothetically to maximize their survival. The origins, propagation, and consequences of this variability remain poorly understood. Variability persists through cell division events, yet detailed lineage information for individual stress-response phenotypes is scarce. This work combines time-lapse microscopy and microfluidics to uniformly manipulate the environmental changes experienced by clonal bacteria. We quantify the growth rates and RpoH-driven heat-shock responses of individual Escherichia coli within their lineage context, stressed by low streptomycin concentrations. We observe an increased variation in phenotypes, as different as survival from death, that can be traced to asymmetric division events occurring prior to stress induction. Epigenetic inheritance contributes to the propagation of the observed phenotypic variation, resulting in three-fold increase of the RpoH-driven expression autocorrelation time following stress induction. We propose that the increased permeability of streptomycin-stressed cells serves as a positive feedback loop underlying this epigenetic effect. Our results suggest that stochasticity, pre-disposition, and epigenetic effects are at the source of stress-induced variability. Unlike in a bet-hedging strategy, we observe that cells with a higher investment in maintenance, measured as the basal RpoH transcriptional activity prior to antibiotic treatment, are more likely to give rise to stressed, frail progeny.",Escherichia coli,temperature,,
33077799,10.1038/s41598-020-74606-8,PMC7572479,oa,2020,Scientific reports,Heat-responsive and time-resolved transcriptome and metabolome analyses of Escherichia coli uncover thermo-tolerant mechanisms.,"Current understanding of heat shock response has been complicated by the fact that heat stress is inevitably accompanied by changes in specific growth rates and growth stages. In this study, a chemostat culture was successfully performed to avoid the physico-chemical and biological changes that accompany heatshock, which provided a unique opportunity to investigate the full range of cellular responses to thermal stress, ranging from temporary adjustment to phenotypic adaptation at multi-omics levels. Heat-responsive and time-resolved changes in the transcriptome and metabolome of a widely used E. coli strain BL21(DE3) were explored in which the temperature was upshifted from 37 to 42 °C. Omics profiles were categorized into early (2 and 10 min), middle (0.5, 1, and 2 h), and late (4, 8, and 40 h) stages of heat stress, each of which reflected the initiation, adaptation, and phenotypic plasticity steps of the stress response. The continued heat stress modulated global gene expression by controlling the expression levels of sigma factors in different time frames, including unexpected downregulation of the second heatshock sigma factor gene (rpoE) upon the heat stress. Trehalose, cadaverine, and enterobactin showed increased production to deal with the heat-induced oxidative stress. Genes highly expressed at the late stage were experimentally validated to provide thermotolerance. Intriguingly, a cryptic capsular gene cluster showed considerably high expression level only at the late stage, and its expression was essential for cell growth at high temperature. Granule-forming and elongated cells were observed at the late stage, which was morphological plasticity occurred as a result of acclimation to the continued heat stress. Whole process of thermal adaptation along with the genetic and metabolic changes at fine temporal resolution will contribute to far-reaching comprehension of the heat shock response. Further, the identified thermotolerant genes will be useful to rationally engineer thermotolerant microorganisms.",Escherichia coli,temperature,,
31541508,10.1111/jam.14456,,no_pmc,2020,Journal of applied microbiology,First report of Escherichia coli O157:H7 in ready-to-eat sushi.,"The aim of this study was to evaluate the microbiological quality of commercially prepared ready-to-eat (RTE) sushi by enumerating aerobic mesophilic bacteria (AMB) and thermotolerant coliforms (TC) and detecting Escherichia coli and Salmonella ssp. An isolate was identified as E. coli O157:H7 which was evaluated for its virulence and antimicrobial resistance profiling as well as its ability to form biofilms on stainless steel. There were four sampling events in seven establishments, totalling 28 pools of sushi samples. Mean AMB counts ranged between 5·2 and 7·7 log CFU per gram. The enumeration of TC varied between 2·1 and 2·7 log MPN per gram. Salmonella ssp. were not detected, and one sample was positive for E. coli and was identified as E. coli O157:H7. To the best of our knowledge, this is the first report of E. coli O157:H7 in sushi samples in the world literature. This isolate presented virulence genes stx1, stx2, eae and hlyA. It was also susceptible to 14 antimicrobials tested and had the ability to form biofilms on stainless steel. There is a need to improve the good hygiene practices adopted in establishments selling sushi in the city of Pelotas, Brazil. In addition, the isolated E. coli O157:H7 carries a range of important virulence genes being a potential risk to consumer health, as sushi is a RTE food. This isolate also presents biofilm formation ability, therefore, may trigger a constant source of contamination in the production line of this food. The increase in the consumption of sushi worldwide attracts attention regarding the microbiological point of view, since it is a ready-to-eat food. To our knowledge, this was the first time that E. coli O157:H7 was identified in sushi samples.",Escherichia coli,temperature,,
32503909,10.1128/AEM.00935-20,PMC7414958,pmc_not_oa,2020,Applied and environmental microbiology,Role of Toxin-Antitoxin-Regulated Persister Population and Indole in Bacterial Heat Tolerance.,"YafQ is an endoribonuclease toxin that degrades target gene transcripts such as that of <i>tnaA</i>, a gene encoding tryptophanase to synthesize indole from tryptophan. DinJ is the cognate antitoxin of YafQ, and the YafQ-DinJ system was reported to regulate persister formation by controlling indole production in <i>Escherichia coli</i> In this study, we investigated the role of YafQ-DinJ, indole production, and persister population in bacterial heat tolerance. <i>yafQ</i> (Δ<i>yafQ</i>), <i>dinJ</i> (Δ<i>dinJ</i>), and <i>tnaA</i> (Δ<i>tnaA</i>) single-gene knockout mutants showed approximately 10-fold higher heat tolerance than wild-type (WT) <i>E. coli</i> BW25113. Persister fractions of all mutants were slightly larger than that of the WT. Interestingly, these persister cells showed an approximately 100-fold higher heat tolerance than normal cells, but there was no difference among the persister cells of all mutants and the WT in terms of heat tolerance. Indole and its derivatives promoted a drastic reduction of bacterial heat tolerance by just 10 min of pretreatment, which is not sufficient to affect persister formation before heat treatment. Surprisingly, indole and its derivatives also reduced the heat tolerance of persister cells. Among the tested derivatives, 5-iodoindole exhibited the strongest effect on both normal and persister cells.<b>IMPORTANCE</b> Our study demonstrated that a small persister population exhibits significantly higher heat tolerance than normal cells and that this small fraction contributes to the heat tolerance of the total bacterial population. This study also demonstrated that indole, known to inhibit persister formation, and its derivatives are very promising candidates to reduce the heat tolerance of not only normal bacterial cells but also persister cells.",Escherichia coli,temperature,,
38871034,10.1016/j.gene.2024.148661,,no_pmc,2024,Gene,Prokaryotic expression of DFP1 and DFP2 in Dermatophagoides farinae and their responses to temperature stress.,"The functions of highly expressed genes DFP1 and DFP2 in Dermatophagoides farinae remain unknown. DFP1 and DFP2 have been abundantly annotated and were up-regulated under temperature stress at 43 °C and -10 °C in our previous RNA-seq study, indicating that DFP1 and DFP2 may have temperature stress response function. Here, we amplified, cloned, and sequenced to obtain the complete coding sequences of DFP1 and DFP2 and predicted their protein characteristics using bioinformatics analysis. Then, prokaryotic expression systems were constructed and found that DFP1 was expressed in Escherichia coli Rosetta-gami 2 (DE3) but not BL21 (DE3); DFP2 was expressed in both BL21 (DE3) and Rosetta-gami 2 (DE3), with higher expression in BL21 (DE3). Finally, the growth curves of bacteria were drawn and indicated that the DFP1- and DFP2-pET32a carrying recombinant bacteria grew better than the respectiveonly pET32a carrying control bacteria after heat and cold stress. This study confirms for the first time that DFP1 and DFP2 respond to temperature stress at the protein level. The constructed prokaryotic expression systems will provide an experimental foundation for future antibody preparation for western blotting detection to confirm the temperature-stress response functions of DFP1 and DFP2.",Escherichia coli,temperature,,
9579078,10.1099/00221287-144-4-1045,,no_pmc,1998,"Microbiology (Reading, England)",The cadmium-stress stimulon of Escherichia coli K-12.,"The influence of cadmium on stress protein production in Escherichia coli K-12 (strain MG1655) was analysed using two-dimensional polyacrylamide gel electrophoresis and the gene-protein database of E. coli K-12. Cadmium (273 microM) caused complete but transient inhibition of growth accompanied by the synthesis of cadmium-induced proteins (CDPs). It was found that some CDPs induced during the growth-arrested phase belong to the heat-shock, oxidation stress, SOS and stringent response regulons, while others are general stress inducible proteins (e.g. H-NS, UspA). In addition, trigger factor, adenylate kinase, W-protein, the cold shock protein G041.2, and seven unknown proteins whose synthesis is not known to be controlled by a global regulator, were identified as immediate responders to cadmium exposure. The rate of synthesis of most of the immediate responders to cadmium exposure decreased when the growth of the cells resumed. However, seven CDPs, including those encoded by argI, tyrA and xthA, maintained a high production rate during growth in the presence of cadmium. Two of the unidentified proteins were N-terminally sequenced by Edman degradation. The N-terminal amino acid sequence of one of these proteins (designated F023.3) matches the E. coli open reading frame o216. This ORF is similar to the N-terminal third of the copper-binding protein amine oxidases (encoded by maoA) of both E. coli and Klebsiella pneumoniae (K. aerogenes). The other N-terminally sequenced protein (designated C044.6) matches perfectly the product of the metK gene, S-adenosylmethionine synthetase I. In comparison to untreated cells, cadmium-stressed cells were found to recover more rapidly during subsequent stress conditions, such as ethanol, osmotic, heat shock, and nalidixic acid treatment. The role of the CDPs is discussed in view of their physiological assignments in the cell.",Escherichia coli,temperature,,
21435040,10.1111/j.1365-2958.2011.07646.x,,no_pmc,2011,Molecular microbiology,The Escherichia coli replication inhibitor CspD is subject to growth-regulated degradation by the Lon protease.,"Post-translational proteolysis-dependent regulation of critical cellular processes is a common feature in bacteria. The Escherichia coli Lon protease is involved in the control of the SOS response, acid tolerance and nutritional deprivation. Moreover, Lon plays a role in the regulation of toxin-antitoxin (TA) systems and thereby is linked to persister cell induction. Persister cells represent a small subpopulation that has reversibly switched to a dormant and non-dividing state without genomic alterations. Formation of persister cells permits viability upon nutritional depletion and severe environmental stresses. CspD is a replication inhibitor, which is induced in stationary phase or upon carbon starvation and increases the production of persister cells. It has remained unknown how CspD activity is counteracted when growth is resumed. Here we report that CspD is subject to proteolysis by the Lon protease both in vivo and in vitro. Turnover of CspD by Lon is strictly adjusted to the growth rate and growth phase of E. coli, reflecting the necessity to control CspD levels according to the physiological conditions.",Escherichia coli,temperature,,
31548273,10.1128/JB.00497-19,PMC6872200,pmc_not_oa,2019,Journal of bacteriology,A Universal Stress Protein That Controls Bacterial Stress Survival in Micrococcus luteus.,"Bacteria have remarkable mechanisms to survive severe external stresses, and one of the most enigmatic is the nonreplicative persistent (NRP) state. Practically, NRP bacteria are difficult to treat, and so inhibiting the proteins underlying this survival state may render such bacteria more susceptible to external stresses, including antibiotics. Unfortunately, we know little about the proteins and mechanisms conferring survival through the NRP state. Here, we report that a universal stress protein (Usp) is a primary regulator of bacterial survival through the NRP state in <i>Micrococcus luteus</i> NCTC 2665, a biosafety level 1 (BSL1) mycobacterial relative. Usps are widely conserved, and bacteria, including <i>Mycobacterium tuberculosis</i>, <i>Mycobacterium smegmatis</i>, and <i>Escherichia coli</i>, have multiple paralogs with overlapping functions that have obscured their functional roles. A kanamycin resistance cassette inserted into the <i>M. luteus</i> universal stress protein A 616 gene (Δ<i>uspA616</i>::<i>kan</i><i>M. luteus</i>) ablates the UspA616 protein and drastically impairs <i>M. luteus</i> survival under even short-term starvation (survival, 83% wild type versus 32% Δ<i>uspA616</i>::<i>kan</i><i>M. luteus</i>) and hypoxia (survival, 96% wild type versus 48% Δ<i>uspA616</i>::<i>kan</i><i>M. luteus</i>). We observed no detrimental UspA616 knockout phenotype in logarithmic growth. Proteomics demonstrated statistically significant log-phase upregulation of glyoxylate pathway enzymes isocitrate lyase and malate synthase in Δ<i>uspA616</i>::<i>kan</i><i>M. luteus</i> We note that these enzymes and the <i>M. tuberculosis</i> UspA616 homolog (Rv2623) are important in <i>M. tuberculosis</i> virulence and chronic infection, suggesting that Usps are important stress proteins across diverse bacterial species. We propose that UspA616 is a metabolic switch that controls survival by regulating the glyoxylate shunt.<b>IMPORTANCE</b> Bacteria tolerate severe external stresses, including antibiotics, through a nonreplicative persistent (NRP) survival state, yet the proteins regulating this survival state are largely unknown. We show a specific universal stress protein (UspA616) controls the NRP state in <i>Micrococcus luteus</i> Usps are widely conserved across bacteria, but their biological function(s) has remained elusive. UspA616 inactivation renders <i>M. luteus</i> susceptible to stress: bacteria die instead of adapting through the NRP state. UspA616 regulates malate synthase and isocitrate lyase, glyoxylate pathway enzymes important for chronic <i>Mycobacterium tuberculosis</i> infection. These data show that UspA616 regulates NRP stress survival in <i>M. luteus</i> and suggest a function for homologous proteins in other bacteria. Importantly, inhibitors of UspA616 and homologs may render NRP bacteria more susceptible to stresses, including current antibiotics.",Escherichia coli,temperature,,
32810909,10.1002/2211-5463.12959,PMC7530382,oa,2020,FEBS open bio,The transcriptional response of Arcobacter butzleri to cold shock.,"Arcobacter (A.) butzleri is an emerging zoonotic pathogen associated with gastrointestinal diseases, such as abdominal cramps and diarrhea, and is widely detected in animals, showing a high prevalence in poultry and seafood. The survival and adaptation of A. butzleri to cold temperatures remains poorly studied, although it might be of interest for food safety considerations. To address this, growth patterns of eight A. butzleri isolates were determined at 8 °C for 28 days. A. butzleri isolates showed strain-dependent behavior: six isolates were unculturable after day 18, one exhibited declining but detectable cell counts until day 28 and one grew to the stationary phase level. Out of 13 A. butzleri cold shock-related genes homologous to Escherichia coli, 10 were up-regulated in response to a temperature downshift to 8 °C, as demonstrated by reverse transcription-quantitative PCR. Additionally, we compared these data with the cold-shock response in E. coli. Overall, we provide a deeper insight into the environmental adaptation capacities of A. butzleri, which we find shares similarities with the E. coli cold-shock response.",Escherichia coli,temperature,,
36978781,10.3390/bioengineering10030390,PMC10045903,oa,2023,"Bioengineering (Basel, Switzerland)","Bioinformatics Analysis, Expression Profiling, and Functional Characterization of Heat Shock Proteins in <i>Wolfi-poria cocos</i>.","Heat shock proteins (HSPs) play critical roles in regulating different mechanisms under high-temperature conditions. HSPs have been identified and well-studied in different plants. However, there is a lack of information about their genomic organization and roles in medicinal plants and fungi, especially in <i>Wolfi-poria cocos (W. cocos).</i> We identified sixteen heat shock proteins (HSPs) in <i>W. cocos</i> and analyzed in terms of phylogenetic analysis, gene structure, motif distribution patterns, physiochemical properties, and expression comparison in different strains. Based on phylogenetic analysis, HSPs were divided into five subgroups (WcHSP100, WcHSP90, WcHSP70, WcHSP60, and WcsHSP). Subgroups WcHSP100s, WcHSP90s, WcHSP70s, WcHSP60, and WcsHSPs were further divided into 3, 2, 3, 1, and 6 subfamilies, respectively. Moreover, the expression profiling of all HSP genes in five strains of <i>W. cocos</i> under different temperature extremes revealed that expression of most HSPs were induced by high temperature. However, every subfamily showed different expression suggesting distinctive role in heat stress tolerance. WcHSP70-4, WcHSP90-1, and WcHSP100-1 showed the highest response to high temperature stress. Heterologous expression of WcHSP70-4, WcHSP90-1, and WcHSP100-1 genes in <i>Escherichia coli</i> enhanced survival rate of <i>E. coli</i> during heat stress. These findings suggest the role of <i>W. cocos</i> heat shock genes in the high temperature stress tolerance.",Escherichia coli,temperature,,
14633024,10.1046/j.1365-2672.2003.02067.x,,no_pmc,2003,Journal of applied microbiology,Desiccation and heat tolerance of Enterobacter sakazakii.,"Enterobacter sakazakii is an opportunistic pathogen which has been isolated at low levels from powdered infant formulas. This study was performed to demonstrate that Ent. sakazakii is not particularly thermotolerant, but can adapt to osmotic and dry stress. We determined the heat, osmotic and dry stress resistance of Ent. sakazakii. The D-value at 58 degrees C ranged from 0.39 to 0.60 min, which is comparable with that of other Enterobacteriaceae, but much lower than reported previously (Nazarowec-White and Farber 1997, Letters in Applied Microbiology 24: 9-13). However, stationary phase Ent. sakazakii cells were found to be more resistant to osmotic and dry stress than Escherichia coli, Salmonella and other strains of Enterobacteriaceae tested. Further analysis indicated that the dry resistance is most likely linked to accumulation of trehalose in the cells. The high tolerance to desiccation provides a competitive advantage for Ent. sakazakii in dry environments, as found in milk powder factories, and thereby increases the risk of postpasteurization contamination of the finished product. Understanding of the physiology and survival strategies of Ent. sakazakii is an important step in the efforts to eliminate this bacterium from the critical food production environments.",Escherichia coli,temperature,,
14602587,10.1128/AEM.69.11.6361-6369.2003,PMC262262,pmc_not_oa,2003,Applied and environmental microbiology,Cold shock response and major cold shock proteins of Vibrio cholerae.,"When exponentially growing Vibrio cholerae cells were shifted from 37 degrees C to various lower temperatures, it was found that the organism could adapt and grow at temperatures down to 15 degrees C, below which the growth was completely arrested. There was no difference between the patterns of the cold shock responses in toxinogenic and nontoxinogenic strains of V. cholerae. Gel electrophoretic analyses of proteins of cold-exposed cells revealed significant induction of two major cold shock proteins (Csps), whose molecular masses were 7.7 kDa (CspA(VC)) and 7.5 kDa (CspV), and six other Csps, most of which were much larger. We cloned, sequenced, and analyzed the cspV gene encoding the CspV protein of V. cholerae O139 strain SG24. Although CspA(VC) and CspV have similar kinetics of synthesis and down-regulation, the corresponding genes, cspA and cspV, which are located in the small chromosome, are not located in the same operon. A comparative analysis of the kinetics of synthesis revealed that the CspV protein was synthesized de novo only during cold shock. Although both CspA(VC) and CspV were stable for several hours in the cold, the CspV protein was degraded rapidly when the culture was shifted back to 37 degrees C, suggesting that this protein is probably necessary for adaptation at lower temperatures. Northern blot analysis confirmed that the cspV gene is cold shock inducible and is regulated tightly at the level of transcription. Interestingly, the cspV gene has a cold shock-inducible promoter which is only 12 nucleotides from the translational start site, and therefore, it appears that no unusually long 5' untranslated region is present in its mRNA transcript. Thus, this promoter is an exception compared to other promoters of cold shock-inducible genes of different organisms, including Escherichia coli. Our results suggest that V. cholerae may use an alternative pathway for regulation of gene expression during cold shock.",Escherichia coli,temperature,,
30586457,10.1371/journal.pone.0209706,PMC6306219,oa,2018,PloS one,Fitness cost of a mcr-1-carrying IncHI2 plasmid.,"IncHI2 is a common type of large mcr-1-carrying plasmids that have been found worldwide. Large plasmids could impose metabolic burden for host bacterial strains, we therefore examine the stability and fitness cost of a mcr-1-carrying 265.5-kb IncHI2 plasmid, pMCR1_1943, in Escherichia coli in nutrient-rich LB and nutrient-restricted M9 broth. Stability tests revealed that pMCR1_1943 was stably maintained with a stability frequency of 0.99±0.01 (mean ± standard deviation) after 880 generations in LB and 0.97±0.00 after 220 generations in M9 broth. Relative fitness (expressed as w, defined as relative fitness of the plasmid-carrying strain compared to the plasmid-free progenitor strain) was examined using the 24-h head to head competitions. pMCR1_1943 initially imposed costs (w, 0.88±0.03 in LB, 0.87±0.01 in M9) but such costs were largely reduced after 14-day cultures (w, 0.97±0.03 in LB, 0.95±0.03 in M9). The stable maintenance and the largely compensated cost after passage may contribute to the wide spread of mcr-1-carrying IncHI2 plasmids. To investigate potential mechanisms for the reduced fitness cost, we performed whole genome sequencing and single nucleotide polymorphism calling for the competitor strains. We identified that molecular chaperone-encoding dnaK, cell division protein-encoding cpoB and repeat protein-encoding rhsC were associated with the cost reduction for pMCR1_1943, which may represent new mechanisms for host bacterial strains to compensate fitness costs imposed by large plasmids and warrant further studies.",Escherichia coli,temperature,,
34455479,10.1007/s00253-021-11519-0,PMC8426250,oa,2021,Applied microbiology and biotechnology,Enhancement of lysine biosynthesis confers high-temperature stress tolerance to Escherichia coli cells.,"Lysine, a nutritionally important amino acid, is involved in adaptation and tolerance to environmental stresses in various organisms. Previous studies reported that lysine accumulation occurs in response to stress and that lysine supplementation enhances stress tolerance; however, the effect of lysine biosynthesis enhancement on stress tolerance has yet to be elucidated. In this study, we confirmed that lysine supplementation to the culture medium increased intracellular lysine content and improved cell growth of Escherichia coli at high temperature (42.5 °C). Lysine-overproducing strains were then isolated from the lysine analogue S-adenosylmethionine-resistant mutants by conventional mutagenesis and exhibited higher tolerance to high-temperature stress than the wild-type strain. We identified novel amino acid substitutions Gly474Asp and Cys554Tyr on ThrA, a bifunctional aspartate kinase/homoserine dehydrogenase (AK/HSDH), in the lysine-overproducing mutants. Interestingly, the Gly474Asp and Cys554Tyr variants of ThrA induced lysine accumulation and conferred high-temperature stress tolerance to E. coli cells. Enzymatic analysis revealed that the Gly474Asp substitution in ThrA reduced HSDH activity, suggesting that the intracellular level of aspartate semialdehyde, which is a substrate for HSDH and an intermediate for lysine biosynthesis, is elevated by the loss of HSDH activity and converted to lysine in E. coli. The present study demonstrated that both lysine supplementation and lysine biosynthesis enhancement improved the high-temperature stress tolerance of E. coli cells. Our findings suggest that lysine-overproducing strains have the potential as stress-tolerant microorganisms and can be applied to robust host cells for microbial production of useful compounds. KEY POINTS: • Lysine supplementation improved the growth of E. coli cells at high temperature. • The G474D and C554Y variant ThrA increased lysine productivity in E. coli cells. • The G474D substitution in ThrA reduced homoserine dehydrogenase activity. • E. coli cells that overproduce lysine exhibited high-temperature stress tolerance.",Escherichia coli,temperature,,
3554246,10.1073/pnas.84.9.2723,PMC304730,pmc_not_oa,1987,Proceedings of the National Academy of Sciences of the United States of America,Induction of superoxide dismutase in Escherichia coli by heat shock.,"Exposure of midlogarithmic-phase cultures of Escherichia coli B to 48 degrees C for 1 hr elicited an induction of the manganese-containing superoxide dismutase (MnSOD), which became more pronounced during 1 hr of recovery at 37 degrees C. This induction required protein biosynthesis, since it was suppressed by chloramphenicol. Induction of MnSOD appeared to be a response to a heat-mediated increase in O2- production because it was dioxygen-dependent and because heating to 48 degrees C doubled the cyanide-resistant fraction of the total respiration.",Escherichia coli,temperature,,
25370492,10.1128/mBio.01932-14,PMC4222104,oa,2014,mBio,Improving microbial biogasoline production in Escherichia coli using tolerance engineering.,"Engineering microbial hosts for the production of fungible fuels requires mitigation of limitations posed on the production capacity. One such limitation arises from the inherent toxicity of solvent-like biofuel compounds to production strains, such as Escherichia coli. Here we show the importance of host engineering for the production of short-chain alcohols by studying the overexpression of genes upregulated in response to exogenous isopentenol. Using systems biology data, we selected 40 genes that were upregulated following isopentenol exposure and subsequently overexpressed them in E. coli. Overexpression of several of these candidates improved tolerance to exogenously added isopentenol. Genes conferring isopentenol tolerance phenotypes belonged to diverse functional groups, such as oxidative stress response (soxS, fpr, and nrdH), general stress response (metR, yqhD, and gidB), heat shock-related response (ibpA), and transport (mdlB). To determine if these genes could also improve isopentenol production, we coexpressed the tolerance-enhancing genes individually with an isopentenol production pathway. Our data show that expression of 6 of the 8 candidates improved the production of isopentenol in E. coli, with the methionine biosynthesis regulator MetR improving the titer for isopentenol production by 55%. Additionally, expression of MdlB, an ABC transporter, facilitated a 12% improvement in isopentenol production. To our knowledge, MdlB is the first example of a transporter that can be used to improve production of a short-chain alcohol and provides a valuable new avenue for host engineering in biogasoline production. The use of microbial host platforms for the production of bulk commodities, such as chemicals and fuels, is now a focus of many biotechnology efforts. Many of these compounds are inherently toxic to the host microbe, which in turn places a limit on production despite efforts to optimize the bioconversion pathways. In order to achieve economically viable production levels, it is also necessary to engineer production strains with improved tolerance to these compounds. We demonstrate that microbial tolerance engineering using transcriptomics data can also identify targets that improve production. Our results include an exporter and a methionine biosynthesis regulator that improve isopentenol production, providing a starting point to further engineer the host for biogasoline production.",Escherichia coli,temperature,,
11544239,10.1128/JB.183.19.5747-5750.2001,PMC95468,pmc_not_oa,2001,Journal of bacteriology,The djlA gene acts synergistically with dnaJ in promoting Escherichia coli growth.,"The DnaK chaperone of Escherichia coli is known to interact with the J domains of DnaJ, CbpA, and DjlA. By constructing multiple mutants, we found that the djlA gene was essential for bacterial growth above 37 degrees C in the absence of dnaJ. This essentiality depended upon the J domain of DjlA but not upon the normal membrane location of DjlA.",Escherichia coli,temperature,,
40629052,10.1038/s41429-025-00849-0,,no_pmc,2025,The Journal of antibiotics,Altered gene expression of cold shock proteins under antibiotic exposure.,"Stressors like translational inhibitors stall protein synthesis and produce a response specific to temperature extremes. Yet, little is known about the expression of temperature-related proteins, particularly the cold shock proteins (Csps), under antibiotic stress. Here, we demonstrate the expression pattern of all nine Csps of Escherichia coli to a sub-lethal concentration of chloramphenicol, tetracycline, gentamicin, kanamycin, and ampicillin. The five antibiotics represent different classes that target different areas of the translational apparatus and the cell wall. To investigate whether all nine csps are expressed in response to antibiotics, we measured the survival of E. coli across the antibiotics and further analyzed expression by qPCR. We find that the expression pattern of csps varies between the Csp groups, and within a Csp group, certain members are more prominently expressed than the rest. The C-group antibiotics, which include chloramphenicol and tetracycline, upregulated the expression of cold-inducible and uncharacterized Csp groups. The H-group antibiotic, kanamycin, along with the uncharacterized antibiotics gentamicin and ampicillin, induced csps as well as heat shock proteins (hsps). To the best of our knowledge, this study is the first to demonstrate the expression pattern of all nine csps in response to antibiotics. Moreover, our study has implications for understanding the triggers of Csps and, in a broader context, their role in stress tolerance, virulence, and pathogenesis.",Escherichia coli,temperature,,
39596251,10.3390/ijms252212181,PMC11594932,oa,2024,International journal of molecular sciences,Potentiation of Catalase-Mediated Plant Thermotolerance by N-Terminal Attachment of Solubilizing/Thermostabilizing Fusion Partners.,"Catalase (CAT) plays a crucial role in plant responses to environmental stresses and maintaining redox homeostasis. However, its putative heat lability might compromise its activity and function, thus restricting plant thermotolerance. Herein, we verified Arabidopsis CAT3 was of poor thermostability that was then engineered by fusion expression in <i>Escherichia coli</i>. We found that our selected fusion partners, three hyperacidic mini-peptides and the short rubredoxin from hyperthermophile <i>Pyrococcus furiosus</i>, were commonly effectual to enhance the solubility and thermostability of CAT3 and enlarge its improvement on heat tolerance in <i>E. coli</i> and yeast. Most importantly, this finding was also achievable in plants. Fusion expression could magnify CAT3-mediated thermotolerance in tobacco. Under heat stress, transgenic lines expressing CAT3 fusions generally outperformed native CAT3 which in turn surpassed wild-type tobacco, in terms of seed germination, seedling survival, plant recovery growth, protection of chlorophyll and membrane lipids, elimination of H<sub>2</sub>O<sub>2</sub>, as well as mitigation of cell damage in leaves and roots. Moreover, we revealed that the introduced CAT3 or its fusions seemed solely responsible for the enhanced thermotolerance in tobacco. Prospectively, this fusion expression strategy would be applicable to other crucial plant proteins of intrinsic heat instability and thus provide an alternative biotechnological route for ameliorating plant heat tolerance.",Escherichia coli,temperature,,
8134371,10.1073/pnas.91.6.2191,PMC43336,pmc_not_oa,1994,Proceedings of the National Academy of Sciences of the United States of America,Role of an Escherichia coli stress-response operon in stationary-phase survival.,"The phage shock protein operon (pspABCE) of Escherichia coli is strongly expressed in response to stressful environmental conditions, such as heat shock, ethanol treatment, osmotic shock, and filamentous phage infection. We show that bacteria lacking the pspABC genes exhibit a substantial decrease in the ability to survive prolonged incubation in stationary phase under alkaline conditions (pH 9). The psp mutant bacteria grow approximately as well as wild-type strains in the alkaline medium, and stationary-phase survival of the psp mutants improves substantially at pH values closer to the optimal growth range (pH 6-8). In late stationary-phase (1- to 2-day-old) cells, the operon can be strongly induced under certain conditions, and PspA can become one of the most highly expressed bacterial proteins. The combination of stationary-phase starvation and alkaline pH is likely to place a severe strain on the maintenance of endogenous energy sources, and, consistent with these effects, we find that psp expression is also induced by uncouplers of oxidative phosphorylation and other agents that interfere with energy production. The death rate of psp mutants in stationary phase is accelerated by the presence of wild-type bacteria in the same culture, suggesting that the psp operon may play a significant role in enabling E. coli to compete for survival under nutrient- or energy-limited conditions.",Escherichia coli,temperature,,
16796689,10.1111/j.1365-2958.2006.05207.x,,no_pmc,2006,Molecular microbiology,"Regulation of Escherichia coli hchA, a stress-inducible gene encoding molecular chaperone Hsp31.","Escherichia coli Hsp31 is a homodimeric member of the ThiI/DJ-1/PfpI superfamily that combines molecular chaperone and aminopeptidase activities. Although it was originally identified on the basis of its induction by heat shock, little is known about the regulation of hchA, the structural gene encoding Hsp31. Here, we show that hchA is transcribed from dual promoters recognized by the sigmaD (sigma70) and sigmaS (sigma38) subunits of RNA polymerase (E). In exponentially growing cells, the nucleoid-binding protein H-NS downregulates Hsp31 synthesis, and hchA thermal induction primarily relies on the relief of H-NS-mediated silencing of EsigmaD-dependent transcription. This uncommon alternative to the use of a heat-shock sigma factor guarantees that Hsp31 concentration remains high throughout the length of the high temperature exposure phase. Entry into stationary phase leads to enhanced hchA transcription from its EsigmaS-dependent promoter. Consistent with a role of Hsp31 in the management of starvation, hchA null mutants exhibit a decrease ability to survive in deep stationary phase relative to hchA+ cells. Based on hchA heat-inducibility and membership in the sigmaS general stress regulon, we propose that Hsp31 performs a protective function under a wide range of stress conditions.",Escherichia coli,temperature,,
8850997,,,no_pmc,1995,Science progress,The cold-shock response in bacteria.,"The 'cold shock' response that occurs when exponentially growing Escherichia coli at 37 degrees C are transferred to 10 degrees C leads to the cesation of most protein synthesis, however, about 14 'cold shock' proteins continue to be made. These 'cold shock' proteins facilitate growth at low temperatures. Central to the regulation of this switch in gene expression is the 200 fold induction in the relative rate of synthesis of a small cold-shock protein only 70 amino acids in length, known as CS7.4. There is a remarkable conservation through evolution of the primary sequence found in this small cold shock protein and that of a nucleic acid binding domain within the Y-box family of eukaryotic gene regulatory proteins. Parallel studies on CS7.4 and the Y-box proteins have elucidated both molecular mechanisms regulating the cold shock response and a novel site for the regulation of eukaryotic gene expression.",Escherichia coli,temperature,,
41154615,10.3390/biom15101387,PMC12562117,oa,2025,Biomolecules,Cold Shock Proteins Mediate Transcription of Ribosomal RNA in <i>Escherichia coli</i> Under Cold-Stress Conditions.,"<i>Escherichia coli</i> displays strong adaptability for growth and reproduction at low temperatures, with ribosome biogenesis being a critical process for its growth in cold environments. The cold-shock proteins (CSPs) encompass a protein family that can assist bacterial growth at low temperatures by acting as molecular chaperones. In this study, we investigated whether CSP CspA, CspE, and CspI affect ribosomal RNA (rRNA) transcription. Deletion of the single genes encoding these proteins had only a very marginal effect on cellular growth at low temperatures, and rRNA synthesis was hardly affected. Double and triple deletion of the genes encoding these proteins resulted in a much stronger phenotype providing evidence that CspA, CspE, and CspI play an essential role in maintaining 16S rRNA synthesis and enabling optimal cellular growth at low temperatures. These findings suggest the existence of efficient backup mechanisms able to compensate for the absence of a single CSP.",Escherichia coli,temperature,,
3290192,10.1128/jb.170.7.2977-2983.1988,PMC211237,pmc_not_oa,1988,Journal of bacteriology,Ancient heat shock gene is dispensable.,Hsp83 is a major eucaryotic heat shock protein and one of the most conserved proteins known. We have isolated an Escherichia coli gene homologous to eucaryotic Hsp83 and used it to construct a deletion mutation. The E. coli mutant was viable but had a slight growth disadvantage that increased with temperature.,Escherichia coli,temperature,,
15342595,10.1128/JB.186.18.6248-6253.2004,PMC515143,pmc_not_oa,2004,Journal of bacteriology,Complementation of an Escherichia coli DnaK defect by Hsc70-DnaK chimeric proteins.,"Escherichia coli DnaK and rat Hsc70 are members of the highly conserved 70-kDa heat shock protein (Hsp70) family that show strong sequence and structure similarities and comparable functional properties in terms of interactions with peptides and unfolded proteins and cooperation with cochaperones. We show here that, while the DnaK protein is, as expected, able to complement an E. coli dnaK mutant strain for growth at high temperatures and lambda phage propagation, Hsc70 protein is not. However, an Hsc70 in which the peptide-binding domain has been replaced by that of DnaK is able to complement this strain for both phenotypes, suggesting that the peptide-binding domain of DnaK is essential to fulfill the specific functions of this protein necessary for growth at high temperatures and for lambda phage replication. The implications of these findings on the functional specificities of the Hsp70s and the role of protein-protein interactions in the DnaK chaperone system are discussed.",Escherichia coli,temperature,,
37436164,10.1128/spectrum.01360-23,PMC10434288,oa,2023,Microbiology spectrum,"Characterization of Hsp17, a Novel Small Heat Shock Protein, in Sphingomonas melonis TY under Heat Stress.","Bacteria are constantly exposed to a variety of environmental stresses. Temperature is considered one of the most important environmental factors affecting microbial growth and survival. As ubiquitous environmental microorganisms, <i>Sphingomonas</i> species play essential roles in the biodegradation of organic contaminants, plant protection, and environmental remediation. Understanding the mechanism by which they respond to heat shock will help further improve cell resistance by applying synthetic biological strategies. Here, we assessed the transcriptomic and proteomic responses of Sphingomonas melonis TY to heat shock and found that stressful conditions caused significant changes in functional genes related to protein synthesis at the transcriptional level. The most notable changes observed were increases in the transcription (1,857-fold) and protein expression (11-fold) of Hsp17, which belongs to the small heat shock protein family, and the function of Hsp17 in heat stress was further investigated in this study. We found that the deletion of <i>hsp17</i> reduced the capacity of the cells to tolerate high temperatures, whereas the overexpression of <i>hsp17</i> significantly enhanced the ability of the cells to withstand high temperatures. Moreover, the heterologous expression of <i>hsp17</i> in Escherichia coli DH5α conferred to the bacterium the ability to resist heat stress. Interestingly, its cells were elongated and formed connected cells following the increase in temperature, while <i>hsp17</i> overexpression restored their normal morphology under high temperature. In general, these results indicate that the novel small heat shock protein Hsp17 greatly contributes to maintaining cell viability and morphology under stress conditions. <b>IMPORTANCE</b> Temperature is generally considered the most important factor affecting metabolic functions and the survival of microbes. As molecular chaperones, small heat shock proteins can prevent damaged protein aggregation during abiotic stress, especially heat stress. <i>Sphingomonas</i> species are widely distributed in nature, and they can frequently be found in various extreme environments. However, the role of small heat shock proteins in <i>Sphingomonas</i> under high-temperature stress has not been elucidated. This study greatly enhances our understanding of a novel identified protein, Hsp17, in <i>S. melonis</i> TY in terms of its ability to resist heat stress and maintain cell morphology under high temperature, leading to a broader understanding of how microbes adapt to environmental extremes. Furthermore, our study will provide potential heat resistance elements for further enhancing cellular resistance as well as the synthetic biological applications of <i>Sphingomonas</i>.",Escherichia coli,temperature,,
8458845,10.1128/jb.175.7.2026-2036.1993,PMC204293,pmc_not_oa,1993,Journal of bacteriology,Global regulation of gene expression in Escherichia coli.,"Global transcription responses of Escherichia coli to various stimuli or genetic defects were studied by measuring mRNA levels in about 400 segments of the genome. Measuring mRNA levels was done by analyzing hybridization to DNA dot blots made with overlapping lambda clones spanning the genome of E. coli K-12. Conditions examined included isopropyl-beta-D-thiogalactopyranoside (IPTG) induction, heat shock, osmotic shock, starvation for various nutrients, entrance of cells into the stationary phase of growth, anaerobic growth in a tube, growth in the gnotobiotic mouse gut, and effects of pleiotropic mutations rpoH, himA, topA, and crp. Most mapped genes known to be regulated by a particular situation were successfully detected. In addition, many chromosomal regions containing no previously known regulated genes were discovered that responded to various stimuli. This new method for studying globally regulated genetic systems in E. coli combines detection, cloning, and physical mapping of a battery of coregulated genes in one step.",Escherichia coli,temperature,,
38780259,10.1128/aem.00789-24,PMC11218657,pmc_not_oa,2024,Applied and environmental microbiology,3-D stochastic modeling approach in thermal inactivation: estimation of thermal survival kinetics of <i>Escherichia coli</i> O157:H7 in a hamburger after exposure to desiccation stress.,"Desiccation tolerance of pathogenic bacteria is one strategy for survival in harsh environments, which has been studied extensively. However, the subsequent survival behavior of desiccation-stressed bacterial pathogens has not been clarified in detail. Herein, we demonstrated that the effect of desiccation stress on the thermotolerance of <i>Escherichia coli</i> O157:H7 in ground beef was limited, and its thermotolerance did not increase. <i>E. coli</i> O157:H7 was inoculated into a ground beef hamburger after exposure to desiccation stress. We combined a bacterial inactivation model with a heat transfer model to predict the survival kinetics of desiccation-stressed <i>E. coli</i> O157:H7 in a hamburger. The survival models were developed using the Weibull model for two-dimensional pouched thin beef patties (ca. 1 mm), ignoring the temperature gradient in the sample, and a three-dimensional thick beef patty (ca. 10 mm), considering the temperature gradient in the sample. The two-dimensional (2-D) and three-dimensional (3-D) models were subjected to stochastic variations of the estimated Weibull parameters obtained from 1,000 replicated bootstrapping based on isothermal experimental observations as uncertainties. Furthermore, the 3-D model incorporated temperature gradients in the sample calculated using the finite element method. The accuracies of both models were validated via experimental observations under non-isothermal conditions using 100 predictive simulations. The root mean squared errors in the log survival ratio of the 2-D and 3-D models for 100 simulations were 0.25-0.53 and 0.32-2.08, respectively, regardless of the desiccation stress duration (24 or 72 h). The developed approach will be useful for setting appropriate process control measures and quantitatively assessing food safety levels.IMPORTANCEAcquisition of desiccation stress tolerance in bacterial pathogens might increase thermotolerance as well and increase the risk of foodborne illnesses. If a desiccation-stressed pathogen enters a kneaded food product via cross-contamination from a food-contact surface and/or utensils, proper estimation of the internal temperature changes in the kneaded food during thermal processing is indispensable for predicting the survival kinetics of desiccation-stressed bacterial cells. Various survival kinetics prediction models that consider the uncertainty or variability of pathogenic bacteria during thermal processing have been developed. Furthermore, heat transfer processes in solid food can be estimated using finite element method software. The present study demonstrated that combining a heat transfer model with a bacterial inactivation model can predict the survival kinetics of desiccation-stressed bacteria in a ground meat sample, corresponding to the temperature gradient in a solid sample during thermal processing. Combining both modeling procedures would enable the estimation of appropriate bacterial survival kinetics in solid food.",Escherichia coli,temperature,,
16555073,10.1007/s00203-006-0103-y,,no_pmc,2006,Archives of microbiology,Indole-3-acetic acid improves Escherichia coli's defences to stress.,"Indole-3-acetic acid (IAA) is a ubiquitous molecule playing regulatory roles in many living organisms. To elucidate the physiological changes induced by IAA treatment, we used Escherichia coli K-12 as a model system. By microarray analysis we found that 16 genes showed an altered expression level in IAA-treated cells. One-third of these genes encode cell envelope components, or proteins involved in bacterial adaptation to unfavourable environmental conditions. We thus investigated the effect of IAA treatment on some of the structural components of the envelope that may be involved in cellular response to stresses. This showed that IAA-treated cells had increased the production of trehalose, lipopolysaccharide (LPS), exopolysaccharide (EPS) and biofilm. We demonstrated further that IAA triggers an increased tolerance to several stress conditions (heat and cold shock, UV-irradiation, osmotic and acid shock and oxidative stress) and different toxic compounds (antibiotics, detergents and dyes) and this correlates with higher levels of the heat shock protein DnaK. We suggest that IAA triggers an increased level of alert and protection against external adverse conditions by coordinately enhancing different cellular defence systems.",Escherichia coli,temperature,,
10768994,10.1128/IAI.68.5.2954-2961.2000,PMC97509,pmc_not_oa,2000,Infection and immunity,"Characterization of heat, oxidative, and acid stress responses in Brucella melitensis.","Brucella melitensis is a facultative intracellular pathogen which is able to survive and replicate within phagocytic cells. Therefore, it has to adapt to a range of different hostile environments. In order to understand the mechanisms of intracellular survival employed by virulent B. melitensis 16M, an initial approach consisting of analysis of the differences in patterns of protein synthesis in response to heat, oxidative, and acid pH stresses by two-dimensional (2-D) polyacrylamide gel electrophoresis was used. Depending on the stress, this involved about 6.4 to 12% of the 676 protein spots detected in 2-D gel electrophoresis. On the basis of N-terminal sequence analysis and database searching, 19 proteins whose level of synthesis was up- or down-regulated by stress conditions were identified. Some of them were previously reported for Brucella, such as BvrR, DnaK, GroEL, and Cu-Zn superoxide dismutase (SOD). Eight other proteins closely matched proteins found in other bacteria: AapJ, alpha-ETF, ClpP, Fe and/or Mn SOD, malate dehydrogenase, IalB, 30S ribosomal protein S1, and pyruvate dehydrogenase E1 component beta subunit. Results indicated that B. melitensis could bring specific regulatory mechanisms into play in response to stress conditions. For example, the ribosome releasing factor in B. melitensis appeared to be a heat shock protein, whereas the ClpP protein, described as a heat shock protein for Escherichia coli, was strongly down-regulated in B. melitensis in response to heat stress. Some of the identified proteins and their potential specific regulation could be required for the adaptation of B. melitensis to environmental stresses encountered in phagocytic cells and possibly for bacterial virulence.",Escherichia coli,temperature,,
40325874,10.1111/1462-2920.70105,,no_pmc,2025,Environmental microbiology,Two Cold-Shock Proteins Characterised as RNA Chaperone of Hyperthermophilic Archaeon Pyrococcus yayanosii.,"Cold shock proteins (Csps) play a crucial role in facilitating cellular growth at suboptimal temperatures. In this study, we identified and characterised two Csps, PyCsp and PyTRAM, in the hyperthermophilic archaeon Pyrococcus yayanosii A1. Using bio-layer interferometry (BLI) and molecular beacon assays, we demonstrated that both proteins exhibit RNA binding and unfolding activities in vitro. Heterologously expressed PyCsp and PyTRAM exhibited transcription anti-termination activity in Escherichia coli RL211 and could restore the growth of the cold-sensitive E. coli BX04 at 22°C. Knockout of the coding genes of either PyCsp or PyTRAM impaired the growth of P. yayanosii A1 at 85°C, a comparatively lower temperature to the optimal 95°C. Gene knockout and cross-complementation analyses of the coding genes for these two proteins suggest that PyCsp and PyTRAM functionally complement each other at low temperatures. PyTRAM contains the conserved TRAM domain, which is a typical characteristic of archaeal RNA chaperones. Notably, PyCsp shows low similarity to known archaeal RNA chaperones. Deletion of PYCH_0765, the gene encoding PyCsp, led to 27.5% changes in the transcriptome. This work highlights PyCsp as a non-TRAM class RNA chaperone that globally alters the transcriptome of P. yayanosii under cold shock conditions.",Escherichia coli,temperature,,
19797360,10.1099/mic.0.032334-0,,no_pmc,2010,"Microbiology (Reading, England)",Escherichia coli heat-shock proteins IbpA and IbpB affect biofilm formation by influencing the level of extracellular indole.,"The development of Escherichia coli biofilm requires the differential expression of various genes implicated in cell signalling, stress responses, motility and the synthesis of structures responsible for cell attachment. The ibpAB operon is among the stress-response genes most induced during growth of the E. coli biofilm. In this study we demonstrated, to our knowledge for the first time, that the lack of IbpAB proteins in E. coli cells inhibited the formation of biofilm at the air-liquid interface, although it allowed normal planktonic growth. We showed that ibpAB mutant cells experienced endogenous oxidative stress, which might result from a decreased catalase activity. The endogenous oxidative stress in ibpAB cells led to increased expression of tryptophanase, an enzyme which catalyses the synthesis of indole. We demonstrated that the formation of biofilm by the ibpAB mutant was delayed due to the increase in the extracellular concentration of indole, which is known to play the role of a signal molecule, inhibiting biofilm growth.",Escherichia coli,temperature,,
31670944,10.1021/acschembio.9b00721,,no_pmc,2019,ACS chemical biology,Deciphering the Antitoxin-Regulated Bacterial Stress Response via Single-Cell Analysis.,"Bacterial toxin-antitoxin (TA) systems, which are diverse and widespread among prokaryotes, are responsible for tolerance to drugs and environmental stresses. However, the low abundance of toxin and antitoxin proteins renders their quantitative measurement in single bacteria challenging. Employing a laboratory-built nano-flow cytometer (nFCM) to monitor a tetracysteine (TC)-tagged TA system labeled with the biarsenical dye FlAsH, we here report the development of a sensitive method that enables the detection of basal-level expression of antitoxin. Using the <i>Escherichia coli</i> MqsR/MqsA as a model TA system, we reveal for the first time that under its native promoter and in the absence of environmental stress, there exist two populations of bacteria with high or low levels of antitoxin MqsA. Under environmental stress, such as bile acid stress, heat shock, and amino acid starvation, the two populations of bacteria responded differently in terms of MqsA degradation and production. Subsequently, resumed production of MqsA after amino acid stress was observed for the first time. Taking advantage of the multiparameter capability of nFCM, bacterial growth rate and MqsA production were analyzed simultaneously. We found that under environmental stress, the response of bacterial growth was consistent with MqsA production but with an approximate 60 min lag. Overall, the results of the present study indicate that stochastic elevation of MqsA level facilitates bacterial survival, and the two populations with distinct phenotypes empower bacteria to deal with fluctuating environments. This analytical method will help researchers gain deeper insight into the heterogeneity and fundamental role of TA systems.",Escherichia coli,temperature,,
38183324,10.1111/imb.12889,,no_pmc,2024,Insect molecular biology,Constitutively expressed small heat shock protein LsHsp21.5 not only enhances heat tolerance but also helps to maintain reproduction in female Laodelphax striatellus.,"Coping with stressful conditions and maintaining reproduction are two key biological processes that affect insect population dynamics. Small heat shock proteins (sHSPs) are involved in the stress response and the development of insects. The sHsp gene Laodelphax striatellus (Hemiptera: Delphacidae) sHsp 21.5 (LsHsp21.5) showed constitutive, stage- and organ-specific expression in L. striatellus, a pest that damages cultivated rice in east Asia. The expression of LsHsp21.5 was highest in the ovary, with 43.60, 12.99 and 1.45 time higher expression here than in the head, gut and female fat bodies, respectively. The expression of this gene was weakly affected by heat or cold shock. The gene provided in vitro protection against heat damage to malate dehydrogenase and in vivo protection against heat stress in Escherichia coli (Enterobacteriales: Enterobacteriaceae) BL21(DE3) and L. striatellus. Moreover, L. striatellus reproduction decreased by 1.85 times when the expression of LsHsp21.5 was inhibited by RNA interference. The expression of some genes related to reproduction, such as the homologous gene of chorion protein, also declined. These results suggest that LsHsp21.5 expression not only protects other proteins against stress but also helps maintain the stable expression of some reproduction-related genes under non-stressful conditions, with impacts on L. striatellus fecundity.",Escherichia coli,temperature,,
1628824,10.1101/gad.6.7.1165,,no_pmc,1992,Genes & development,DnaK and DnaJ heat shock proteins participate in protein export in Escherichia coli.,"In Escherichia coli secreted proteins must be maintained in an export-competent state before translocation across the cytoplasmic membrane. This function is carried out by a group of proteins called chaperones. SecB is the major chaperone that interacts with precursor proteins before their secretion. We report results indicating that the DnaK and DnaJ heat shock proteins are also involved in the export of several proteins, most likely by acting as their chaperones. Translocation of alkaline phosphatase, a SecB-independent protein, was inhibited in dnaK- and dnaJ- mutant strains, suggesting that export of this protein probably involves DnaK and DnaJ. In addition, DnaK and DnaJ play a critical role in strains lacking SecB. They are required both for viability and for the residual processing of the SecB-dependent proteins LamB and maltose-binding protein (MBP) seen in secB null strains. Furthermore, overproduction of DnaK and DnaJ permits strains lacking SecB to grow in rich medium and accelerates the processing of LamB and MBP. These results suggest that under conditions where SecB becomes limiting, DnaK and DnaJ probably substitute for SecB and facilitate protein export. This provides the cell with a mechanism to overcome a temporary imbalance in the secretion process caused by an abrupt expansion in the pool of precursor proteins.",Escherichia coli,temperature,,
3070347,10.1007/BF00337711,,no_pmc,1988,Molecular & general genetics : MGG,Temperature dependent survival of UV-irradiated Escherichia coli K12.,"We have found that several excision deficient derivatives of Escherichia coli K12 survive better after UV irradiation if incubated at 42 degrees C than if incubated at 30 degrees C. The highest survival was observed when incubation at 42 degrees C followed UV irradiation and was maintained for at least 16 h. Our results indicate that this temperature dependent resistance (TDR) requires a functional recA gene, but not uvrA, uvrB, recF, or recB genes, or the recA441 (tif-1) mutation which allows thermoinduction of the recA-lexA regulon. Our data are consistent with the idea that the increase in survival observed at 42 degrees C reflects enhanced daughter-strand gap repair by DNA strand exchange. Although the conditions used to elicit TDR can induce heat shock proteins and thermotolerance in E. coli, the relationship between the two responses remains to be elucidated.",Escherichia coli,temperature,,
11485367,10.1006/niox.2001.0354,,no_pmc,2001,Nitric oxide : biology and chemistry,Nitric oxide inhibits the cochaperone activity of the RING finger-like protein DnaJ.,"As a consequence of bacterial infection and the ensuing inflammation, expression of the inducible NO synthase results in prolonged synthesis of NO in high concentrations, which among other functions, contributes to the innate defense against the infectious agent. Here we show that NO inhibits the ability of the bacterial cochaperone DnaJ containing a RING finger-like domain to cooperate with the Hsp70 chaperone DnaK in mediating correct folding of denatured rhodanese. This inhibition is accompanied by S-nitrosation of DnaJ as well as by Zn2+ release from the protein. In contrast, NO has no effect on the activity of GroEL, a bacterial chaperone without zinc sulfur clusters. Escherichia coli cells lacking the chaperone trigger factor and thus relying on the DnaJ/DnaK system are more susceptible toward NO-mediated cytostasis than are wild-type bacteria. Our studies identify the cochaperone DnaJ as a molecular target for NO. Thus, an encounter of bacterial cells with NO can impair the protein folding activity of the bacterial chaperone system, thereby increasing bacterial susceptibility toward the defensive attack by the host.",Escherichia coli,temperature,,
1362210,10.1099/00221287-138-10-2125,,no_pmc,1992,Journal of general microbiology,Stress proteins and cross-protection by heat shock and salt stress in Bacillus subtilis.,"Bacillus subtilis induced a set of general stress proteins in response to a salt or heat stress. Cells subjected to a mild heat stress showed a protective response which enabled them to survive otherwise lethal temperatures (e.g. 52 degrees C). In a similar way bacteria were enabled to survive toxic concentrations of NaCl by pretreatment with lower salt concentrations. A mild heat shock induced a cross-protection against lethal salt stress. The pretreatment of cells with low salt, however, was less effective in the induction of thermotolerance than a preceding mild heat stress. Three stress proteins were identified on the basis of their N-terminal amino acid sequences as homologues of GroEL, DnaK and ClpP of Escherichia coli. The role of general and specific stress proteins in the induction of thermotolerance/salt tolerance and cross-protection is discussed.",Escherichia coli,temperature,,
16204480,10.1128/AEM.71.10.5719-5727.2005,PMC1265914,pmc_not_oa,2005,Applied and environmental microbiology,Mycobacterial ecology of the Rio Grande.,"This is the first study to characterize the environmental conditions which contribute to the presence and proliferation of environmental mycobacteria in a major freshwater river. Over 20 different species of environmental mycobacteria were isolated, including the pathogenic M. avium and M. kansasii. Species of the rapidly growing M. fortuitum complex were the most commonly isolated mycobacteria, and one-third of all isolates were not identified at the species level, even by 16S sequencing. PCR restriction analysis of the hsp65 gene was more accurate and rapid than biochemical tests and as accurate as yet less expensive than 16S sequencing, showing great promise as a new tool for species identification of environmentally isolated mycobacteria. Total environmental mycobacteria counts positively correlated with coliform and Escherichia coli counts and negatively correlated with chemical toxicity and water temperature. Environmental mycobacteria can survive in the alkaline conditions of the river despite previous reports that especially acidic conditions favor their presence. A representative river isolate (M. fortuitum) survived better than E. coli O157:H7 at pHs below 7 and above 8 in nutrient broth. The river strain also retained viability at 8 ppm of free chlorine, while E. coli was eliminated at 2 ppm and above. Thus, in vitro studies support environmental observations that a variety of extreme conditions favor the hardy environmental mycobacteria.",Escherichia coli,temperature,,
2198567,10.1073/pnas.87.15.5589,PMC54372,pmc_not_oa,1990,Proceedings of the National Academy of Sciences of the United States of America,Ribosomes as sensors of heat and cold shock in Escherichia coli.,"Nearly all cells respond to an increase in temperature by inducing a set of proteins, called heat shock proteins (HSPs). Because a large number of other stress conditions induce the HSPs (or at least the most abundant ones), this response is often termed the universal stress response. However, a careful study of conditions that truly mimic a temperature shift suggested that these proteins are induced in response to a change in the translational capacity of the cell. To test this directly, Escherichia coli cells were treated with antibiotics that target the prokaryotic ribosome. Two-dimensional gels were used to evaluate the ability of these drugs to alter the rate of synthesis of the HSPs. One group of antibiotics induced the HSPs, whereas a second group repressed the HSPs and induced another set of proteins normally induced in response to a cold shock. Depending on the concentration used, the induction of the heat or cold shock proteins mimicked a mild or severe temperature shift. In addition, antibiotics of the cold shock-inducing group were found to block high temperature induction of the HSPs. The results implicate the ribosome as a prokaryotic sensor for the heat and cold shock response networks, a role it may serve in eukaryotes as well.",Escherichia coli,temperature,,
29359265,10.1007/s12192-018-0874-5,PMC6045537,pmc_not_oa,2018,Cell stress & chaperones,Heterologous expression of Oenococcus oeni sHSP20 confers temperature stress tolerance in Escherichia coli.,"Small heat shock proteins (sHSPs) are heat shock proteins sized 12-43 kDa that can protect proteins from denaturation, particularly under high temperature; sHSPs thus increase the heat tolerance capability of an organisms enabling survival in adverse climates. sHSP20 is overexpressed in Oenococcus oeni in response to low temperatures. However, we found that overexpression of sHSP20 in Escherichia coli BL21 increased the microbial survival ratio at 50 °C by almost 2 h. Adding sHSP20 to the glutamate dehydrogenase solution significantly increased the stability of the enzyme at high temperature (especially at 60-70 °C), low pH values (especially below 6.0), and high concentration of metal ions of Ga<sup>2+</sup>, Zn<sup>2+</sup>, Mn<sup>2+</sup>, and Fe<sup>3+</sup>. Notably, the coexpression of sHSP20 significantly enhanced soluble expression of laccase from Phomopsis sp. XP-8 (CCTCCM209291) in E. coli without codon optimization, as well as the activity and heat stability of the expressed enzyme. In addition to the chaperone activity of sHSP20 in the gene containing host in vivo and the enzyme heat stability in vitro, our study indicated the capability of coexpression of sHSP20 to increase the efficiency of prokaryotic expression of fungal genes and the activity of expressed enzymes. Graphical abstract ᅟ.",Escherichia coli,temperature,,
20185542,10.1261/rna.1981010,PMC2844616,pmc_not_oa,2010,"RNA (New York, N.Y.)",RNase R is a highly unstable protein regulated by growth phase and stress.,"RNase R is an important exoribonuclease that participates in the degradation of structured RNAs in Escherichia coli. In earlier work, it was shown that RNase R levels increase dramatically under certain stress conditions, particularly during cold shock and stationary phase. However, the regulatory processes that lead to this elevation are not well understood. We show here that the increase in RNase R in stationary phase is unaffected by the global regulators, RpoS and (p)ppGpp, and that it occurs despite a major reduction in rnr message. Rather, we find that RNase R is a highly unstable protein in exponential phase, with a half-life of approximately 10 min, and that the protein is stabilized in stationary phase, leading to its relative increase. RNase R is also stabilized during cold shock and by growth in minimal medium, two other conditions that lead to its elevation. These data demonstrate that RNase R is subject to regulation by a novel, posttranslational mechanism that may have important implications for our complete understanding of RNA metabolism.",Escherichia coli,temperature,,
34887885,10.3389/fpls.2021.741898,PMC8649800,oa,2021,Frontiers in plant science,Mitochondria-Targeted SmsHSP24.1 Overexpression Stimulates Early Seedling Vigor and Stress Tolerance by Multi-Pathway Transcriptome-Reprogramming.,"Among the diverse array of heat shock proteins across the three domains of life, mitochondria-targeted small heat shock proteins (sHSPs) are evolved in the plant lineage. However, they remained mysterious and understudied. In this study, we reported a systematic study of a novel mitochondria-targeted nuclear sHSP from eggplant (<i>Solanum melongena</i> L.; SmsHSP24.1). Differential expression of <i>SmsHSP24.1</i> indicated its positive role exerted during stress conditions. <i>Escherichia coli</i>-BL21 cell line overexpressing the <i>SmsHSP24.1</i> showed excellent thermo-tolerance ability, tolerating up to 52°C. Spectrometry and electron microscopy revealed a multimeric structure of the protein which acted as a molecular chaperone at high temperatures. Overexpression of <i>SmsHSP24.1</i> significantly enhanced resistance against heat, drought, and salt stresses and showed rapid germination in constitutively overexpressed eggplant lines. RNA-seq analysis reveals an apparent upregulation of a set of reactive oxygen species (ROS) scavenging enzymes of the glutathione (GHS) pathway and mitochondrial electron transport chain (ETC). Significant upregulation was also observed in auxin biosynthesis and cell-wall remodeling transcripts in overexpressed lines. qPCR, biochemical and physiological analysis further aligned with the finding of transcriptome analysis and suggested an essential role of <i>SmsHSP24.1</i> under various stress responses and positive physiological influence on the growth of eggplants. Therefore, this gene has immense potential in engineering stress-resilient crop plants.",Escherichia coli,temperature,,
38475984,10.1017/S0007485324000026,,no_pmc,2024,Bulletin of entomological research,"The small heat shock protein Hsp20.8 imparts tolerance to high temperatures in the leafminer fly, <i>Liriomyza trifolii</i> (Diptera: Agtomyzidae).","As an environmental factor, temperature impacts the distribution of species and influences interspecific competition. The molecular chaperones encoded by small heat shock proteins (sHsps) are essential for rapid, appropriate responses to environmental stress. This study focuses on <i>Hsp20.8</i>, which encodes a temperature-responsive <i>sHsp</i> in <i>Liriomyza trifolii</i>, an insect pest that infests both agricultural and ornamental crops. <i>Hsp20.8</i> expression was highest at 39℃ in <i>L. trifolii</i> pupae and adults, and expression levels were greater in pupae than in adults. Recombinant <i>Hsp20.8</i> was expressed in <i>Escherichia coli</i> and conferred a higher survival rate than the empty vector to bacterial cells exposed to heat stress. RNA interference experiments were conducted using <i>L. trifolii</i> adults and prepupae and the knockdown of <i>Hsp20.8</i> expression increased mortality in <i>L. trifolii</i> during heat stress. The results expand our understanding of <i>sHsp</i> function in <i>Liriomyza</i> spp. and the ongoing adaptation of this pest to climate change. In addition, this study is also important for predicting the distribution of invasive species and proposing new prevention and control strategies based on temperature adaptation.",Escherichia coli,temperature,,
9489030,10.1046/j.1472-765x.1998.00264.x,,no_pmc,1998,Letters in applied microbiology,Heat shock response enhances acid tolerance of Escherichia coli O157:H7.,"Escherichia coli O157:H7 (O157) has unusual acid tolerance. The influence of heat shock on acid tolerance of O157 was studied. Seven strains of O157 and E. coli K-12 were tested for their ability to survive in minimum glucose medium (pH 2.5) at 37 degrees C. The survival of heat-shocked (10 min at 48 degrees C) cells was about 10-100 times greater compared with untreated cells depending on the strain. No significant difference (P > 0.05) for O157 strain 932 was observed between heat shock-induced and acid adaptation-induced (pH 5.0) acid tolerance. Chloramphenicol prevented heat shock-induced acid tolerance, indicating the requirement of newly synthesized protein(s). Two outer membrane proteins (OMP) (22 and 15 kDa) were synthesized within 10 min of heat shock and were expressed for at least 6 h by cells held at 37 degrees C. N-terminal amino acid sequence analysis suggested that the 22 kDa OMP is a component of an alkyl hydroperoxide reductase. This protein contains a redox active disulphide, which is probably involved in H+ transport. Results indicate that sublethal heat treatment of O157 cells substantially increases their tolerance to acidic conditions. This could have practical implications for foods that receive a mild heat treatment and rely on acid as a preservative.",Escherichia coli,temperature,,
40635264,10.1111/mmi.70011,PMC12266644,pmc_not_oa,2025,Molecular microbiology,Characterization of a Novel RNA Polymerase Mutant of Escherichia coli That Confers Thermotolerance and Chaperone Independence.,"Bacterial cells activate stress-sensing and stress-mitigating pathways by employing a number of transcription regulators, some of which can bind directly to RNA polymerase to activate stress-specific response pathways. However, mutations in the RNA polymerase genes can accumulate under certain selection conditions and activate stress-mitigating pathways in a manner that is partly independent of pathway-specific regulators. In this study, we characterized a novel mutation in the rpoB gene that transforms RNA polymerase into a ""stringent"" polymerase in the absence of one of the key stringent response (SR) activating factors (p)ppGpp, produced by the relA gene product. The mutant RNA polymerase allele, rpoB58, elevated thermotolerance and permitted growth without the key molecular chaperones (DnaKJ) and proteases (Lon, ClpP) at temperatures nonpermissive to cells expressing the wild type RNA polymerase genes. Remarkably, rpoB58 also reversed the cell division defect of ΔdnaJ at a nonpermissive temperature but could not overcome its lambda phage-resistant phenotype. The rpoB58-mediated rescue of the ΔdnaKJ growth defect was partly reversed in the absence of DksA, a protein that acts synergistically with (p)ppGpp to transform RNA polymerase into a stringent state. The data suggest that pre-activated SR confers thermotolerance and chaperone independence in part by lowering protein synthesis.",Escherichia coli,temperature,,
19181801,10.1128/JB.01663-08,PMC2668401,pmc_not_oa,2009,Journal of bacteriology,"YbeY, a heat shock protein involved in translation in Escherichia coli.","Here we provide evidence that YbeY, a conserved heat shock protein with unknown function, is involved in the translation process. ybeY deletion mutants are temperature sensitive and have a significantly reduced thermotolerance. Nonetheless, there appears to be no damage of the protein quality control of mature polypeptides, as the levels of chaperones and proteases are normal and there is no accumulation of aggregates. Rather, the mutation results in a significant reduction in the level of polysomes, and upon a shift to a restrictive temperature (42 degrees C), there is an immediate and severe slowdown of translation. Taken together, the data indicate that YbeY is an important factor for bacterial translation even at 37 degrees C but becomes essential at high temperatures.",Escherichia coli,temperature,,
1350776,10.1128/jb.174.12.3981-3992.1992,PMC206107,pmc_not_oa,1992,Journal of bacteriology,Cloning and characterization of the groESL operon from Bacillus subtilis.,"The sequence of the 10 N-terminal amino acids of a Bacillus subtilis protein that cross-reacts with antibody to Escherichia coli GroEL was used to design a set of degenerate oligonucleotide probes. These probes identified a clone which carries almost the entire groESL operon from a B. subtilis subgenomic library. By chromosomal walking, an additional fragment carrying the 3' end of groESL and its flanking sequence was isolated. Sequence analysis revealed two open reading frames (ORFs) in the cloned DNA. The upstream ORF encodes a 10-kDa protein which has 47% amino acid identity with E. coli GroES. The downstream ORF encodes a 58-kDa protein which is 62% identical to E. coli GroEL. A 2.1-kb groESL mRNA from B. subtilis was detected independently by Northern (RNA) blot analyses with a groES- and a groEL-specific probe. This demonstrated that groES and groEL are in an operon. The groESL promoter was located by using a promoter-probing plasmid, and the apparent transcription start site was mapped by primer extension analysis. The same promoter is utilized under normal and heat shock conditions. This promoter has the same features as a typical sigma A promoter. A strain in which the groESL operon was under the control of the sucrose-inducible sacB promoter was created. With this strain, it was possible to show that both groES and groEL are essential genes under both normal and heat shock conditions.",Escherichia coli,temperature,,
9473038,10.1128/JB.180.4.846-854.1998,PMC106963,pmc_not_oa,1998,Journal of bacteriology,Roles of DnaK and RpoS in starvation-induced thermotolerance of Escherichia coli.,"DnaK is essential for starvation-induced resistance to heat, oxidation, and reductive division in Escherichia coli. Studies reported here indicate that DnaK is also required for starvation-induced osmotolerance, catalase activity, and the production of the RpoS-controlled Dps (PexB) protein. Because these dnaK mutant phenotypes closely resemble those of rpoS (sigma38) mutants, the relationship between DnaK and RpoS was evaluated directly during growth and starvation at 30 degrees C in strains with genetically altered DnaK content. A starvation-specific effect of DnaK on RpoS abundance was observed. During carbon starvation, DnaK deficiency reduced RpoS levels threefold, while DnaK excess increased RpoS levels nearly twofold. Complementation of the dnaK mutation restored starvation-induced RpoS levels to normal. RpoS deficiency had no effect on the cellular concentration of DnaK, revealing an epistatic relationship between DnaK and RpoS. Protein half-life studies conducted at the onset of starvation indicate that DnaK deficiency significantly destabilized RpoS. RpoH (sigma32) suppressors of the dnaK mutant with restored levels of RpoS and dnaK rpoS double mutants were used to show that DnaK plays both an independent and an RpoS-dependent role in starvation-induced thermotolerance. The results suggest that DnaK coordinates sigma factor levels in glucose-starved E. coli.",Escherichia coli,temperature,,
41432967,10.1007/s11103-025-01665-8,,no_pmc,2025,Plant molecular biology,Peanut annexin AhANN6 promotes heat resistance in plant and bacterial cells.,"Thermal energy has become an increasingly severe environmental stressor to cash crop production worldwide because of global warming. Annexins, proteinaceous protectants against abiotic stress, are multifunctional proteins capable of peroxidase- and Ca<sup>2+</sup>-dependent and Ca<sup>2+</sup>-independent binding to or insertion into membranes. Annexins in plants belong to the annexin D family and are further clustered into six phylogenetic clades on the basis of their structural diversity. A previous study in peanut identified six annexins, but their thermotolerance functions remain unknown. In this study, we report that AhANN6, a peanut annexin, confers heat resistance in Escherichia coli and Arabidopsis when overexpressed. AhANN6 expression led to positive responses to drought stress, ABA supplementation, and heat stress in leaves and was developmentally regulated during germination and pegging. The AhANN6-YFP fusion protein was targeted to the plasma membrane of tobacco cells, suggesting that AhANN6 is localized in the cell membrane. AhANN6-overexpressing E. coli exhibited better growth under heat stress and oxidative stress, validating the molecular function of AhANN6 against abiotic stress. AhANN6-overexpressing Arabidopsis also presented increased heat resistance during vegetative growth. The decreased response of electrolyte leakage in the transgenic Arabidopsis to heat stress indicates potentially improved membrane stability as a result of AhANN6 overexpression. Additionally, the overexpression of AhANN6 in Arabidopsis led to increased expression of AtPOD and AtAPX, key enzyme-encoding genes involved in ROS scavenging, suggesting that AhANN6 is involved in maintaining ROS detoxification. Our findings suggest that AhANN6 plays a crucial role in protecting cell membrane integrity and promoting vegetative growth under adverse environmental stressors.",Escherichia coli,temperature,,
1597413,10.1128/jb.174.12.3903-3914.1992,PMC206098,pmc_not_oa,1992,Journal of bacteriology,Function of a relaxed-like state following temperature downshifts in Escherichia coli.,"Temperature downshifts of Escherichia coli throughout its growth range resulted in transient growth inhibition and a cold shock response consisting of transient induction of several proteins, repression of heat shock proteins, and, despite the growth lag, continued synthesis of proteins involved in transcription and translation. The paradoxical synthesis of the latter proteins, which are normally repressed when growth is arrested, was explored further. First, by means of a nutritional downshift, a natural stringent response was induced in wild-type cells immediately prior to a shift from 37 to 10 degrees C. These cells displayed decreased synthesis of transcriptional and translational proteins and decreased induction of cold shock proteins; also, adaptation for growth at 10 degrees C was delayed, even after restoration of the nutrient supplementation. Next, the contribution of guanosine 5'-triphosphate-3'-diphosphate and guanosine 5'-diphosphate-3'-diphosphate, collectively abbreviated (p)ppGpp, to the alteration in cold shock response was studied with the aid of a mutant strain in which overproduction of these nucleotides can be artificially induced. Induction of (p)ppGpp synthesis immediately prior to shifting this strain from 37 to 10 degrees C produced results differing only in a few details from those described above for nutritional downshift of the wild-type strain. Finally, shifting a relA spoT mutant, which cannot synthesize (p)ppGpp, from 24 to 10 degrees C resulted in a greater induction of the cold shock proteins, increased synthesis of transcriptional and translational proteins, decreased synthesis of a major heat shock protein, and faster adaptation to growth than for the wild-type strain. Our results indicate that the previously reported decrease in the (p)ppGpp level following temperature downshift plays a physiological role in the regulation of gene expression and adaptation for growth at low temperature.",Escherichia coli,temperature,,
18524928,10.1099/mic.0.2007/014696-0,,no_pmc,2008,"Microbiology (Reading, England)",Escherichia coli heat-shock proteins IbpA/B are involved in resistance to oxidative stress induced by copper.,"The small heat-shock proteins IbpA/B are molecular chaperones that bind denatured proteins and facilitate their subsequent refolding by the ATP-dependent chaperones DnaK, DnaJ, GrpE and ClpB. In this report, we demonstrate that IbpA/B participate in the defence against copper-induced stress under aerobic conditions. In the presence of oxygen, DeltaibpA/B cells exhibit increased sensitivity to copper ions and accumulate elevated amounts of oxidized proteins, while under oxygen depletion, the DeltaibpA/B mutation has no effect on copper tolerance. This indicates that IbpA/B protect Escherichia coli cells from oxidative damage caused by copper. We show that AdhE, one of the proteins exposed to oxidation, is protected by IbpA/B against copper-mediated inactivation both in vivo and in vitro.",Escherichia coli,temperature,,
25015645,10.1093/molbev/msu209,PMC4166923,oa,2014,Molecular biology and evolution,Evolution of Escherichia coli to 42 °C and subsequent genetic engineering reveals adaptive mechanisms and novel mutations.,"Adaptive laboratory evolution (ALE) has emerged as a valuable method by which to investigate microbial adaptation to a desired environment. Here, we performed ALE to 42 °C of ten parallel populations of Escherichia coli K-12 MG1655 grown in glucose minimal media. Tightly controlled experimental conditions allowed selection based on exponential-phase growth rate, yielding strains that uniformly converged toward a similar phenotype along distinct genetic paths. Adapted strains possessed as few as 6 and as many as 55 mutations, and of the 144 genes that mutated in total, 14 arose independently across two or more strains. This mutational recurrence pointed to the key genetic targets underlying the evolved fitness increase. Genome engineering was used to introduce the novel ALE-acquired alleles in random combinations into the ancestral strain, and competition between these engineered strains reaffirmed the impact of the key mutations on the growth rate at 42 °C. Interestingly, most of the identified key gene targets differed significantly from those found in similar temperature adaptation studies, highlighting the sensitivity of genetic evolution to experimental conditions and ancestral genotype. Additionally, transcriptomic analysis of the ancestral and evolved strains revealed a general trend for restoration of the global expression state back toward preheat stressed levels. This restorative effect was previously documented following evolution to metabolic perturbations, and thus may represent a general feature of ALE experiments. The widespread evolved expression shifts were enabled by a comparatively scant number of regulatory mutations, providing a net fitness benefit but causing suboptimal expression levels for certain genes, such as those governing flagellar formation, which then became targets for additional ameliorating mutations. Overall, the results of this study provide insight into the adaptation process and yield lessons important for the future implementation of ALE as a tool for scientific research and engineering.",Escherichia coli,temperature,,
38924123,10.1002/jobm.202400113,,no_pmc,2024,Journal of basic microbiology,Role of cspA on the Preparation of Escherichia coli Competent Cells by Calcium Chloride Method.,"One of the fundamental techniques in genetic engineering is the creation of Escherichia coli competent cells using the CaCl<sub>2</sub> method. However, little is known about the mechanism of E. coli competence formation. We have previously found that the cspA gene may play an indispensable role in the preparation of E. coli DH5α competent cells through multiomics analysis. In the present study, the cellular localization, physicochemical properties, and function of the protein expressed by the cspA gene were analyzed. To investigate the role of the cspA gene in E. coli transformation, cspA-deficient mutant was constructed by red homologous recombination. The growth, transformation efficiency, and cell morphology of the cspA-deficient strain and E. coli were compared. It was found that there were no noticeable differences in growth and morphology between E. coli and the cspA-deficient strain cultured at 37°C, but the mutant exhibited increased transformation efficiencies compared to E. coli DH5α for plasmids pUC19, pET-32a, and p1304, with enhancements of 2.23, 2.24, and 3.46 times, respectively. It was proved that cspA gene is an important negative regulatory gene in the CaCl<sub>2</sub> preparation of competent cells.",Escherichia coli,temperature,,
8176549,10.1016/1011-1344(93)06966-7,,no_pmc,1994,"Journal of photochemistry and photobiology. B, Biology",Heat-shock-increased survival to far-UV radiation in Escherichia coli is wavelength dependent.,"Heat-shock-induced resistance to far-UV (FUV) radiation was studied in Escherichia coli. The induction of FUV resistance was shown to be dependent on the products of the genes uvrA and polA in bacteria irradiated at 254 nm. Heat shock increased the resistance to 280 nm radiation in a uvrA6 recA13 mutant. Heat shock lowered the mutation frequency (reversion to tryptophan proficiency) in wild-type or uvrA strains irradiated at 254 nm. When these strains were irradiated at 280 nm, heat shock did not interfere with the mutation frequency in the wild-type strain, but greatly enhanced mutations in the uvrA mutant. After heat-shock treatment, the wild-type strain irradiated at 254 nm showed increased DNA degradation, indicating enhanced repair activity. However, heat shock did not stimulate SOS repair triggered by FUV. An increased survival of bacteriophages irradiated with FUV and inoculated into heat-shock-treated bacteria was not detected. The possibility that heat shock enhances excision repair activity in a wavelength-dependent manner is discussed.",Escherichia coli,temperature,,
24206360,10.1139/cjm-2013-0266,,no_pmc,2013,Canadian journal of microbiology,Stress resistance of Escherichia coli and Bacillus subtilis is modulated by auxins.,"Two bacterial species, Gram-negative Escherichia coli and Gram-positive Bacillus subtilis, were exposed to different auxins to examine possible effects of these substances on bacterial stress tolerance. Bacterial resistance to UV irradiation, heat shock, and streptomycin was assessed with and without previous exposure to the following auxins: indole-3-acetic acid (IAA), indole-3-butyric acid (IBA), and 1-naphthalene acetic acid (NAA). Escherichia coli and B. subtilis cultures pretreated with any of the 3 auxins survived UV irradiation better than the untreated cultures. Also, B. subtilis cultures pretreated with IBA or NAA survived prolonged heat exposure better than the untreated cultures, while IAA pretreatment had no effect on heat shock survival. In contrast, auxin pretreatment rendered E. coli more sensitive to heat shock. Escherichia coli cultures pretreated with auxins were also more sensitive to streptomycin, while auxin pretreatment had no effect on sensitivity of B. subtilis to streptomycin. These results show that auxins may either enhance or reduce bacterial tolerance to different stressors, depending on the bacterial species and the type and level of the stress. Auxins usually had similar effects on the same bacterial species in cases when the same type and level of stress were applied.",Escherichia coli,temperature,,
23815967,10.1186/1756-0500-6-248,PMC3704898,oa,2013,BMC research notes,Cold shock CspA and CspB protein production during periodic temperature cycling in Escherichia coli.,"Temperature is an important environmental factor which can dramatically affect biochemical processes in bacteria. Temperatures above optimal cause heat shock, while low temperatures induce cold shock. Since the physiological response of the bacterium Escherichia coli to slow temperature fluctuation is not well known, we investigated the effect of periodic temperature cycling between 37° and 8°C with a period of 2 h on proteome profile, cold shock CspA and CspB protein and gene production. Several proteins (i.e. succinyl-CoA synthetase subunit alpha, periplasmic oligopeptide-binding protein, maltose-binding periplasmic protein, outer membrane porin protein, flavodoxin-1, phosphoserine aminotransferase) were up or down regulated during temperature cycling, in addition to CspA and CspB production. The results indicate that transcription of cspA and cspB increased during each temperature downshift and consistently decreased after each temperature upshift. In sharp contrast CspA-FLAG and CspB-FLAG protein concentrations in the cell increased during the first temperature down-shift and remained unresponsive to further temperature fluctuations. The proteins CspA-FLAG and CspB-FLAG were not significantly degraded during the temperature cycling. The study demonstrated that slow periodic temperature cycling affected protein production compared to cells constantly incubated at 37°C or during classical cold shock. Bacterial cspA and cspB mRNA transcript levels fluctuated in synchrony with the temperature fluctuations. There was no corresponding pattern of CspA and CspB protein production during temperature cycling.",Escherichia coli,temperature,,
18978085,10.1128/AEM.00654-08,PMC2607180,pmc_not_oa,2008,Applied and environmental microbiology,Improved thermostability and acetic acid tolerance of Escherichia coli via directed evolution of homoserine o-succinyltransferase.,"In Escherichia coli, growth is limited at elevated temperatures mainly because of the instability of a single enzyme, homoserine o-succinyltransferase (MetA), the first enzyme in the methionine biosynthesis pathway. The metA gene from the thermophile Geobacillus kaustophilus cloned into the E. coli chromosome was found to enhance the growth of the host strain at elevated temperature (44 degrees C), thus confirming the limited growth of E. coli due to MetA instability. In order to improve E. coli growth at higher temperatures, we used random mutagenesis to obtain a thermostable MetA(E. coli) protein. Sequencing of the thermotolerant mutant showed five amino acid substitutions: S61T, E213V, I229T, N267D, and N271K. An E. coli strain with the mutated metA gene chromosomally inserted showed accelerated growth over a temperature range of 34 to 44 degrees C. We used the site-directed metA mutants to identify two amino acid residues responsible for the sensitivity of MetA(E. coli) to both heat and acids. Replacement of isoleucine 229 with threonine and asparagine 267 with aspartic acid stabilized the protein. The thermostable MetA(E. coli) enzymes showed less aggregation in vivo at higher temperature, as well as upon acetic acid treatment. The data presented here are the first to show improved E. coli growth at higher temperatures solely due to MetA stabilization and provide new knowledge for designing E. coli strains that grow at higher temperatures, thus reducing the cooling cost of bioprocesses.",Escherichia coli,temperature,,
29580620,10.1016/j.micres.2018.02.002,,no_pmc,2018,Microbiological research,Physiologically distinct subpopulations formed in Escherichia coli cultures in response to heat shock.,"Bacteria can form heterogeneous populations containing phenotypic variants of genetically identical cells. The heterogeneity of populations can be considered a bet-hedging strategy allowing adaptation to unknown environmental changes - at least some individual subpopulations or cells might be able to withstand future adverse conditions. Using Percoll gradient centrifugation, we demonstrated that in an Escherichia coli culture exposed to heat shock at 50 °C, two physiologically distinct subpopulations were formed. A high-density subpopulation (HD<sub>50</sub>) demonstrated continued growth immediately after its transfer to LB medium, whereas the growth of a low-density subpopulation (LD<sub>50</sub>) was considerably postponed. The LD<sub>50</sub> subpopulation contained mainly viable but non-culturable bacteria and exhibited higher tolerance to sublethal concentrations of antibiotics or H<sub>2</sub>O<sub>2</sub> than HD<sub>50</sub> cells. The levels of aggregated proteins and main molecular chaperones were comparable in both subpopulations; however, a decreased number of ribosomes and a significant increase in protein oxidation were observed in the LD<sub>50</sub> subpopulation as compared with the HD<sub>50</sub> subpopulation. Interestingly, under anaerobic heat stress, the formation of the HD<sub>50</sub> subpopulation was decreased and culturability of the LD<sub>50</sub> subpopulation was significantly increased. In both subpopulations the level of protein aggregates formed under anaerobic and aerobic heat stress was comparable. We concluded that the formation of protein aggregates was independent of oxidative damage induced by heat stress, and that oxidative stress and not protein aggregation limited growth and caused loss of LD<sub>50</sub> culturability. Our results indicate that heat stress induces the formation of distinct subpopulations differing in their ability to grow under standard and stress conditions.",Escherichia coli,temperature,,
2254289,10.1128/jb.172.12.7297-7300.1990,PMC210862,pmc_not_oa,1990,Journal of bacteriology,Proteolysis and modulation of the activity of the cell division inhibitor SulA in Escherichia coli lon mutants.,"Intracellular accumulation of the inducible cell division inhibitor SulA is modulated by proteases that ensure its degradation, namely, the Lon protease and another ATP-dependent protease(s). Lon- cells are UV sensitive because SulA is stable. We asked whether these ATP-dependent proteases are more active when lon cells are grown at high temperature or in synthetic medium since these conditions decrease the UV sensitivity of lon cells. We found that these growth conditions have no direct effect on Lon-independent degradation of SulA. They may, instead, decrease the SulA-FtsZ interaction.",Escherichia coli,temperature,,
9371456,10.1128/jb.179.22.7081-7088.1997,PMC179650,pmc_not_oa,1997,Journal of bacteriology,"CspA, the major cold shock protein of Escherichia coli, negatively regulates its own gene expression.","When the gene for CspA, the major cold shock protein of Escherichia coli, was disrupted by a novel positive/negative selection method, the deltacspA cells did not show any discernible growth defect at either 37 or 15 degrees C. By two-dimensional gel electrophoresis, total protein synthesis was analyzed after temperature downshift in the deltacspA strain. The production of the CspA homologs CspB and CspG increased, and the duration of their expression was prolonged, suggesting that both CspB and CspG compensate for the function of CspA in the absence of CspA during cold shock adaptation. Interestingly, the production of the 159-base 5'-untranslated region (5'-UTR) of cspA from the chromosomal cspA::cat gene, detected by primer extension, failed to be repressed after cold shock. When an independent system to produce CspA was added to the deltacspA strain, the 5'-UTR production for the cspA::cat gene was significantly reduced compared to that of the deltacspA strain. By examining the expression of translationally fused cspA and cspB genes to lacZ in the deltacspA strain, it was found that cspA is more strongly regulated by CspA than cspB is. We showed that the increased expression of the 5'-UTR of the cspA mRNA in the deltacspA strain occurred mainly at the level of transcription and, to a certain extent, at the level of mRNA stabilization. The mRNA stabilization in the deltacspA strain was observed for other mRNAs, supporting the notion that CspA functions as an mRNA chaperone to destabilize secondary structures in mRNAs.",Escherichia coli,temperature,,
28281578,10.1038/srep44050,PMC5345034,oa,2017,Scientific reports,Improved drought tolerance in wheat plants overexpressing a synthetic bacterial cold shock protein gene SeCspA.,"Cold shock proteins (CSPs) enhance acclimatization of bacteria to adverse environmental circumstances. The Escherichia coli CSP genes CspA and CspB were modified to plant-preferred codon sequences and named as SeCspA and SeCspB. Overexpression of exogenous SeCspA and SeCspB in transgenic Arabidopsis lines increased germination rates, survival rates, and increased primary root length compared to control plants under drought and salt stress. Investigation of several stress-related parameters in SeCspA and SeCspB transgenic wheat lines indicated that these lines possessed stress tolerance characteristics, including lower malondialdehyde (MDA) content, lower water loss rates, lower relative Na<sup>+</sup> content, and higher chlorophyll content and proline content than the control wheat plants under drought and salt stresses. RNA-seq and qRT-PCR expression analysis showed that overexpression of SeCsp could enhance the expression of stress-responsive genes. The field experiments showed that the SeCspA transgenic wheat lines had great increases in the 1000-grain weight and grain yield compared to the control genotype under drought stress conditions. Significant differences in the stress indices revealed that the SeCspA transgenic wheat lines possessed significant and stable improvements in drought tolerance over the control plants. No such improvement was observed for the SeCspB transgenic lines under field conditions. Our results indicated that SeCspA conferred drought tolerance and improved physiological traits in wheat plants.",Escherichia coli,temperature,,
41041937,10.1093/gbe/evaf171,PMC12492005,oa,2025,Genome biology and evolution,Laboratory Evolution Reveals Transcriptional Mechanisms Underlying Thermal Adaptation of Escherichia coli.,"Adaptive laboratory evolution is able to generate microbial strains, which exhibit extreme phenotypes, revealing fundamental biological adaptation mechanisms. Here, we use adaptive laboratory evolution to evolve Escherichia coli strains that grow at temperatures as high as 45.3 °C, a temperature lethal to wild-type cells. The strains adopted a hypermutator phenotype and employed multiple systems-level adaptations that made global analysis of the DNA mutations difficult. Given the challenge at the genomic level, we were motivated to uncover high-temperature tolerance adaptation mechanisms at the transcriptomic level. We employed independently modulated gene set (iModulon) analysis to reveal five transcriptional mechanisms underlying growth at high temperatures. These mechanisms were connected to acquired mutations, changes in transcriptome composition, sensory inputs, phenotypes, and protein structures. They are as follows: (i) downregulation of general stress responses while upregulating the specific heat stress responses, (ii) upregulation of flagellar basal bodies without upregulating motility and upregulation fimbriae, (iii) shift toward anaerobic metabolism, (iv) shift in regulation of iron uptake away from siderophore production, and (v) upregulation of yjfIJKL, a novel heat tolerance operon whose structures we predicted with AlphaFold. iModulons associated with these five mechanisms explain nearly half of all variance in the gene expression in the adapted strains. These thermotolerance strategies reveal that optimal coordination of known stress responses and metabolism can be achieved with a small number of regulatory mutations and may suggest a new role for large protein export systems. Adaptive laboratory evolution with transcriptomic characterization is a productive approach for elucidating and interpreting adaptation to otherwise lethal stresses.",Escherichia coli,temperature,,
15175291,10.1128/JB.186.12.3777-3784.2004,PMC419933,pmc_not_oa,2004,Journal of bacteriology,Functional dissection of Escherichia coli trigger factor: unraveling the function of individual domains.,"In Escherichia coli, the ribosome-associated chaperone Trigger Factor (TF) promotes the folding of newly synthesized cytosolic proteins. TF is composed of three domains: an N-terminal domain (N), which mediates ribosome binding; a central domain (P), which has peptidyl-prolyl cis/trans isomerase activity and is involved in substrate binding in vitro; and a C-terminal domain (C) with unknown function. We investigated the contributions of individual domains (N, P, and C) or domain combinations (NP, PC, and NC) to the chaperone activity of TF in vivo and in vitro. All fragments comprising the N domain (N, NP, NC) complemented the synthetic lethality of Deltatig DeltadnaK in cells lacking TF and DnaK, prevented protein aggregation in these cells, and cross-linked to nascent polypeptides in vitro. However, DeltatigDeltadnaK cells expressing the N domain alone grew more slowly and showed less viability than DeltatigDeltadnaK cells synthesizing either NP, NC, or full-length TF, indicating beneficial contributions of the P and C domains to TF's chaperone activity. In an in vitro system with purified components, none of the TF fragments assisted the refolding of denatured d-glyceraldehyde-3-phosphate dehydrogenase in a manner comparable to that of wild-type TF, suggesting that the observed chaperone activity of TF fragments in vivo is dependent on their localization at the ribosome. These results indicate that the N domain, in addition to its function to promote binding to the ribosome, has a chaperone activity per se and is sufficient to substitute for TF in vivo.",Escherichia coli,temperature,,
26793993,10.1021/acssynbio.5b00158,,no_pmc,2016,ACS synthetic biology,Intelligent Microbial Heat-Regulating Engine (IMHeRE) for Improved Thermo-Robustness and Efficiency of Bioconversion.,"The growth and production of microorganisms in bioconversion are often hampered by heat stress. In this study, an intelligent microbial heat-regulating engine (IMHeRE) was developed and customized to improve the thermo-robustness of Escherichia coli via the integration of a thermotolerant system and a quorum-regulating system. At the cell level, the thermotolerant system composed of different heat shock proteins and RNA thermometers hierarchically expands the optimum temperature by sensing heat changes. At the community level, the quorum-regulating system dynamically programs the altruistic sacrifice of individuals to reduce metabolic heat release by sensing the temperature and cell density. Using this hierarchical, dynamical, and multilevel regulation, the IMHeRE is able to significantly improve cell growth and production. In a real application, the production of lysine was increased 5-fold at 40 °C using the IMHeRE. Our work provides new potential for the development of bioconversion by conserving energy and increasing productivity.",Escherichia coli,temperature,,
22159372,10.3892/mmr.2011.699,,no_pmc,2012,Molecular medicine reports,Enhancement of enterohemorrhagic Escherichia coli O157:H7 stress tolerance via pre-heating.,"Enterohemorrhagic Escherichia coli O157:H7 infection causes several hundred cases of food poisoning every year in Japan. In severe cases, this type of food poisoning can be fatal. In the present study, we examined the induction of HSP70 in E. coli O157:H7 cells at various temperatures and the thermotolerance of E. coli O157:H7 cells alone and in contaminated food following pre-heating. We evaluated the possibility that thermotolerance by E. coli O157:H7 increases the likelihood of food poisoning. E. coli O157:H7 cells were heated at 43-51 °C, and the survival rate was examined. The temperature of highest induction of HSP70 was used as the pre-heating temperature. We measured the thermotolerance of E. coli O157:H7 cells following pre-heating as the survival after heating at 53 °C (lethal temperature). Additionally, we evaluated the thermotolerance of E. coli O157:H7 cells in ground beef following pre-heating. Heating at 47 °C for 30 min caused the highest induction of HSP70 and this temperature was selected as the pre-heating temperature. The survival rate was significantly higher for 0-90 min compared to that in cultures incubated at 53 °C without pre-heating indicating thermotolerance. Additionally, in ground beef, thermotolerance in E. coli O157:H7 cells was induced by pre-heating. We showed that E. coli O157:H7 cells acquired thermotolerance after pre-heating, which significantly increased survival after a lethal temperature, and increased the likelihood of food poisoning.",Escherichia coli,temperature,,
26147890,10.1002/mbo3.272,PMC4554461,oa,2015,MicrobiologyOpen,YoeB toxin is activated during thermal stress.,"Type II toxin-antitoxin (TA) modules are thought to mediate stress-responses by temporarily suppressing protein synthesis while cells redirect transcription to adapt to environmental change. Here, we show that YoeB, a ribosome-dependent mRNase toxin, is activated in Escherichia coli cells grown at elevated temperatures. YoeB activation is dependent on Lon protease, suggesting that thermal stress promotes increased degradation of the YefM antitoxin. Though YefM is efficiently degraded in response to Lon overproduction, we find that Lon antigen levels do not increase during heat shock, indicating that another mechanism accounts for temperature-induced YefM proteolysis. These observations suggest that YefM/YoeB functions in adaptation to temperature stress. However, this response is distinct from previously described models of TA function. First, YoeB mRNase activity is maintained over several hours of culture at 42°C, indicating that thermal activation is not transient. Moreover, heat-activated YoeB does not induce growth arrest nor does it suppress global protein synthesis. In fact, E. coli cells proliferate more rapidly at elevated temperatures and instantaneously accelerate their growth rate in response to acute heat shock. We propose that heat-activated YoeB may serve a quality control function, facilitating the recycling of stalled translation complexes through ribosome rescue pathways.",Escherichia coli,temperature,,
39302453,10.1007/s00484-024-02780-9,,no_pmc,2024,International journal of biometeorology,"Effects of Bacillus subtilis and Lactobacillus on growth performance, serum biochemistry, nutrient apparent digestibility, and cecum flora in heat-stressed broilers.","This study investigates the effect of dietary Bacillus subtilis and Lactobacillus on the growth performance, serum biochemistry, nutrient apparent digestibility, and cecum flora of broilers under heat stress (HS) and provides a theoretical basis for the application of probiotic additives to alleviate the stress of poultry under HS. A total of 200 Cobb broilers were randomly assigned to four replicates of 10 broilers in each of the five groups. The growth performance, serum biochemistry, nutrient apparent digestibility, and cecum flora of broilers were detected on the 28th, 35th, and 42nd days, respectively. Results revealed that HS can affect the growth performance and serum biochemical indexes of broilers, lowered the number of intestinal bifidobacteria and Lactobacillus, and increase the number of Escherichia coli in comparsion to the CON group. Compared with the HS group, the ADFI of HS broilers in the BS group and the combined group significantly increased (P < 0.05) at 22-28 days of age, and the serum calcium and phosphorus increased (P < 0.05) significantly at 42 days of age. Meanwhile, the number of Lactobacillus in the BS group and LAB group increased significantly at 42 days of age (P < 0.05). The number of Escherichia coli in the LAB group and combination group decreased significantly at 35 days of age (P < 0.01). The present study revealed that the addition of Bacillus subtilis or Lactobacillus to diets increased ADFI, increased probiotic counts, and lowered Escherichia coli counts in HS broilers, while probiotics alone work well.",Escherichia coli,temperature,,
40730239,10.1098/rspb.2025.0832,PMC12307065,pmc_not_oa,2025,Proceedings. Biological sciences,Thermal adaptation in <i>Aedes aegypti</i> does not constrain temperature-sensitive growth of bacteria or dengue virus.,"Because temperature affects many aspects of the physiology of mosquitoes, including their immune response, anthropogenic climate warming is expected to change the epidemiology and thus the burden of mosquito-borne diseases. However, the impact of temperature on epidemiology may differ from current predictions, if the mosquitoes can adapt evolutionarily to their changing environment. Here, we investigated how thermal adaptation affects the growth of two infectious agents-the bacterium <i>Escherichia coli</i> and dengue virus-in the mosquito <i>Aedes aegypti</i>. We used a panel of mosquito lines that had undergone 19-20 generations of experimental evolution at temperatures from 24°C to 30°C. We assessed the infection of <i>E. coli</i> and dengue virus in each line as a function of adaptation temperature (during experimental evolution) and rearing temperature (during the infection experiment). While increasing rearing temperature enhanced both bacterial and viral growth, adaptation temperature had no detectable main effect on either. The effect of rearing temperature on bacterial growth was only slightly influenced by adaptation temperature. Our findings suggest that thermal adaptation is unlikely to directly affect mosquito immune competence, making one-generation experiments with different rearing generations reliable. We caution that thermal adaptation of mosquitoes may influence other traits underlying pathogen transmission, such as longevity and biting rate. Accounting for the potential for adaptation to modify mosquito thermal responses will improve the predictions of changes in transmission risk due to climate warming.",Escherichia coli,temperature,,
12728302,10.1007/s00203-003-0549-0,,no_pmc,2003,Archives of microbiology,Heat-shock response and its contribution to thermotolerance of the nitrogen-fixing cyanobacterium Anabaena sp. strain L-31.,"Compared to Escherichia coli, the nitrogen-fixing soil cyanobacterium Anabaena sp. strain L-31 exhibited significantly superior abilities to survive prolonged and continuous heat stress and recover therefrom. Temperature upshift induced the synthesis of heat-shock proteins of similar molecular mass in the two microbes. However, in Anabaena sp. strain L-31 the heat-shock proteins (particularly the GroEL proteins) were synthesised throughout the stress period, were much more stable and accumulated during heat stress. In contrast, in E. coli the heat-shock proteins were transiently synthesised, quickly turned over and did not accumulate. Nitrogenase activity of Anabaena cells of sp. strain L-31 continuously exposed to heat stress for 7 days rapidly recovered from thermal injury, although growth recovery was delayed. Exposure of E. coli cells to >4.5 h of heat stress resulted in a complete loss of viability and the ability to recover. Marked differences in the synthesis, stability and accumulation of heat-shock proteins appear to distinguish these bacteria in their thermotolerance and recovery from heat stress.",Escherichia coli,temperature,,
25545317,10.1016/j.yrtph.2014.12.014,,no_pmc,2015,Regulatory toxicology and pharmacology : RTP,"Purification, characterization and safety assessment of the introduced cold shock protein B in DroughtGard maize.","DroughtGard maize was developed through constitutive expression of cold shock protein B (CSPB) from Bacillus subtilis to improve performance of maize (Zea mays) under water-limited conditions. B. subtilis commonly occurs in fermented foods and CSPB has a history of safe use. Safety studies were performed to further evaluate safety of CSPB introduced into maize. CSPB was compared to proteins found in current allergen and protein toxin databases and there are no sequence similarities between CSPB and known allergens or toxins. In order to validate the use of Escherichia coli-derived CSPB in other safety studies, physicochemical and functional characterization confirmed that the CSPB produced by DroughtGard possesses comparable molecular weight, immunoreactivity, and functional activity to CSPB produced from E. coli and that neither is glycosylated. CSPB was completely digested with sequential exposure to pepsin and pancreatin for 2 min and 30 s, respectively, suggesting that CSPB will be degraded in the mammalian digestive tract and would not be expected to be allergenic. Mice orally dosed with CSPB at 2160 mg/kg, followed by analysis of body weight gains, food consumption and clinical observations, showed no discernible adverse effects. This comprehensive safety assessment indicated that the CSPB protein from DroughtGard is safe for food and feed consumption.",Escherichia coli,temperature,,
38252174,10.1007/s00792-023-01326-y,PMC10803503,oa,2024,Extremophiles : life under extreme conditions,"Effects of small heat shock proteins from thermotolerant bacteria on the stress resistance of Escherichia coli to temperature, pH, and hyperosmolarity.","Small heat shock proteins (HSPs), such as HSP20, represent cellular thermal resistance mechanisms, to avoid protein aggregation at elevated temperatures. Recombinantly expressed HSP20s serve as a molecular tool for improving the tolerance of living cells to various physical and chemical stressors. Here, we aimed to heterologously express 18 HSP20s from 12 thermotolerant bacteria in Escherichia coli and evaluate their effects on various physical and chemical cellular stresses. Seventeen HSP20s were successfully expressed as soluble proteins. Recombinant E. coli cells were subjected to heat, cold, acidic, alkaline, and hyperosmolar stress to evaluate the effects of HSP20 proteins on stress resistance. Notably, the overexpression of 15 HSP20s enhanced the stress resistance of E. coli compared to that of the control strain. In particular, HSPs from Tepidimonas sediminis and Oceanithermus profundus improved the stress tolerance of E. coli under all tested conditions. In addition, E. coli harboring HSP20 from T. sediminis retained cell viability even after heat treatment at 52 °C for 5 days. To our knowledge, this is the first report of E. coli tolerance to prolonged (> 100 h) high-temperature stress. These findings indicate the potential of thermotolerant HSPs as molecular tools for improving stress tolerance in E. coli.",Escherichia coli,temperature,,
2180903,10.1128/jb.172.4.1791-1797.1990,PMC208670,pmc_not_oa,1990,Journal of bacteriology,"The HtrA (DegP) protein, essential for Escherichia coli survival at high temperatures, is an endopeptidase.","As a preliminary step in the understanding of the function of the Escherichia coli HtrA (DegP) protein, which is indispensable for bacterial survival only at elevated temperatures, the protein was purified and partially characterized. The HtrA protein was purified from cells carrying the htrA gene cloned into a multicopy plasmid, resulting in its overproduction. The sequence of the 13 N-terminal amino acids of the purified HtrA protein was determined and was identical to the one predicted for the mature HtrA protein by the DNA sequence of the cloned gene. Moreover, the N-terminal sequence showed that the 48-kilodalton HtrA protein is derived by cleavage of the first 26 amino acids of the pre-HtrA precursor polypeptide and that the point of cleavage follows a typical target sequence recognized by the leader peptidase enzyme. The HtrA protein was shown to be a specific endopeptidase which was inhibited by diisopropylfluorophosphate, suggesting that HtrA is a serine protease.",Escherichia coli,temperature,,
29305972,10.1016/j.gene.2018.01.002,,no_pmc,2018,Gene,LEA proteins from Gastrodia elata enhance tolerance to low temperature stress in Escherichia coli.,"Late embryogenesis abundant (LEA) proteins were initially discovered about 35years ago as accumulating late in embryogenesis of cotton seeds. Although abundant in seeds and pollens, these proteins have been found to protect cells against desiccation, cold, high temperature, and high salinity. Here, we present the first comprehensive survey of LEA proteins and their encoding genes in Gastrodia elata, a well-known medicinal orchid in China. Moreover, we researched on LEA family evolutionary relationships and functional characteristics. The LEA gene family in G. elata (GeLEAs) was cloned based on RNA-Seq data. In addition, all of GeLEA genes were introduced into Escherichia coli to assess the function of GeLEAs under low temperature stress. Based on the phylogenetic analysis with Arabidopsis and Oryza LEA proteins, we identified 8 LEA protein encoding genes in G. elata that could be classified into 6 distinct subgroups. The motif composition of these proteins was an important feature specific to LEA groups. Compared with control, the expressions of 5 GeLEAs in E. coli exhibited enhanced cold resistance and viability, indicating that GeLEAs protein could play a protective role in cells under low temperature stress. Our results suggest that LEAs from G. elata play an important role in responses to abiotic stress.",Escherichia coli,temperature,,
15983803,10.1007/s00253-005-0053-3,,no_pmc,2005,Applied microbiology and biotechnology,Proteome response of Escherichia coli fed-batch culture to temperature downshift.,"During fed-batch cultivation of Escherichia coli K-12, the proteomic response to a temperature downshift from 37 to 20 degrees C was quantitatively monitored and analyzed by using two-dimensional electrophoresis. When the temperature of exponentially growing E. coli K-12 culture was downshifted to 20 degrees C, the synthesis level of 57 intracellular proteins showed significant changes for a prolonged period of time, compared to the fed-batch culture controlled at 37 degrees C. Thus, these proteins are regarded as important stress proteins responsive to cold shock, which were analyzed by using matrix-assisted laser desorption/ionization time-of-flight mass spectrometry and identified using the E. coli SWISS-2DPAGE database. Most of the identified proteins were shown to be involved in energy metabolism, several cellular molecule biosynthetic pathways and catabolism, cell processes, flagellar biosynthesis and motility, and protein translation and folding. The systematic approach to the monitoring of proteomic responses and the detailed analysis results reported in this article would be useful in understanding the metabolic adaptation to lowered culture temperature and designing efficient fermentation strategies for the production of recombinant proteins and metabolites using E. coli strains.",Escherichia coli,temperature,,
20549191,10.1007/s00203-010-0597-1,,no_pmc,2010,Archives of microbiology,Physiological responses of Escherichia coli exposed to different heat-stress kinetics.,"The effects of heat-stress kinetics on the viability of Escherichia coli were investigated. Cells were exposed to heat-stress treatments extending from 30 to 50 degrees C, with either a slope (40 min) or a shock (10 s), both followed by a 1-h plateau at 50 degrees C in nutritive medium. A higher survival rate was observed after the slope than after the shock, when both were followed by a plateau, so the heat slope induced a certain degree of thermotolerance. This tolerance was partly (i) linked to de novo protein synthesis during the subsequent plateau phase, and (ii) abolished after rapid cooling from 50 to 30 degrees C, which means that cellular components with rapidly reversible thermal properties are involved in this type of thermotolerance. The heat-slope-induced thermotolerance was chiefly linked to the maintenance of the plasma membrane integrity (preservation of structure, fluidity, and permeability), and not to GroEL or DnaK overexpression. Moreover, the high level of cell mortality induced by the heat shock could be related to changes in the membrane integrity.",Escherichia coli,temperature,,
22093878,10.1016/j.gene.2011.10.047,,no_pmc,2012,Gene,Expression of Escherichia coli cspA during early exponential growth at 37 °C.,"CspA is a small (7.4 kDa) nucleic acid binding protein of Escherichia coli whose expression is stimulated after cold-stress but whose level is also extraordinarily high during the early phase of growth of non-stressed cells. In this study the relationship existing between cspA transcription/translation on the one hand and the acquisition of critical mass for cell division and chromosome replication, on the other, in stationary phase cells subjected to a nutritional up-shift at 37 °C has been analyzed. Measurements of optical density and viable counts, pulse-chase, real-time PCR and immunodetection experiments, as well as cytofluorimetric and DNA duplication analyses show that synthesis of new CspA molecules at 37 °C is not only restricted to the lag phase ensuing the nutritional up-shift, but continues also during the first stages of logarithmic growth, when cells have already started dividing; although the early synthesized molecules are diluted by the following cell divisions and new synthesis occurs at an extremely low level, cspA mRNA and CspA continue to be present. A possible explanation for the apparent paradox that cspA is activated not only following cold stress, but also under non-stress and other stress conditions which entail a down-regulation of bulk gene expression and protein synthesis is presented.",Escherichia coli,temperature,,
17418553,10.1016/j.micres.2006.11.014,,no_pmc,2009,Microbiological research,Resuscitation and quantification of stressed Escherichia coli K12 NCTC8797 in water samples.,"The aim of this study was to investigate the impact on numbers of using different media for the enumeration of Escherichia coli subjected to stress, and to evaluate the use of different resuscitation methods on bacterial numbers. E. coli was subjected to heat stress by exposure to 55 degrees C for 1h or to light-induced oxidative stress by exposure to artificial light for up to 8h in the presence of methylene blue. In both cases, the bacterial counts on selective media were below the limits of detection whereas on non-selective media colonies were still produced. After resuscitation in non-selective media, using a multi-well MPN resuscitation method or resuscitation on membrane filters, the bacterial counts on selective media matched those on non-selective media. Heat and light stress can affect the ability of E. coli to grow on selective media essential for the enumeration as indicator bacteria. A resuscitation method is essential for the recovery of these stressed bacteria in order to avoid underestimation of indicator bacteria numbers in water. There was no difference in resuscitation efficiency using the membrane filter and multi-well MPN methods. This study emphasises the need to use a resuscitation method if the numbers of indicator bacteria in water samples are not to be underestimated. False-negative results in the analysis of drinking water or natural bathing waters could have profound health effects.",Escherichia coli,temperature,,
31160467,10.1073/pnas.1904014116,PMC6589665,pmc_not_oa,2019,Proceedings of the National Academy of Sciences of the United States of America,"Hsp90 of <i>E. coli</i> modulates assembly of FtsZ, the bacterial tubulin homolog.","Heat shock protein 90 (Hsp90) is a highly conserved molecular chaperone involved in ATP-dependent client protein remodeling and activation. It also functions as a protein holdase, binding and stabilizing clients in an ATP-independent process. Hsp90 remodels over 300 client proteins and is essential for cell survival in eukaryotes. In bacteria, Hsp90 is a highly abundant protein, although very few clients have been identified and it is not essential for growth in many bacterial species. We previously demonstrated that in <i>Escherichia coli</i>, Hsp90 causes cell filamentation when expressed at high levels. Here, we have explored the cause of filamentation and identified a potentially important client of <i>E. coli</i> Hsp90 (Hsp90<sub>Ec</sub>), FtsZ. We observed that FtsZ, a bacterial tubulin homolog essential for cell division, fails to assemble into FtsZ rings (divisomes) in cells overexpressing Hsp90<sub>Ec</sub> Additionally, Hsp90<sub>Ec</sub> interacts with FtsZ and inhibits polymerization of FtsZ in vitro, in an ATP-independent holding reaction. The FtsZ-Hsp90<sub>Ec</sub> interaction involves residues in the client-binding region of Hsp90<sub>Ec</sub> and in the C-terminal tail of FtsZ, where many cell-division proteins and regulators interact. We observed that <i>E. coli</i> deleted for the Hsp90<sub>Ec</sub> gene <i>htpG</i> turn over FtsZ more rapidly than wild-type cells. Additionally, the length of Δ<i>htpG</i> cells is reduced compared to wild-type cells. Altogether, these results suggest that Hsp90<sub>Ec</sub> is a modulator of cell division, and imply that the polypeptide-holding function of Hsp90 may be a biologically important chaperone activity.",Escherichia coli,temperature,,
28565406,10.1111/j.1558-5646.1999.tb03774.x,,no_pmc,1999,Evolution; international journal of organic evolution,EVOLUTIONARY ADAPTATION TO TEMPERATURE. VII. EXTENSION OF THE UPPER THERMAL LIMIT OF ESCHERICHIA COLI.,"What factors influence the ability of populations to adapt to extreme environments that lie outside their current tolerance limits? We investigated this question by exposing experimental populations of the bacterium Escherichia coli to lethally high temperatures. We asked: (1) whether we could obtain thermotolerant mutants with an extended upper thermal limit by this selective screen; (2) whether the propensity to obtain thermotolerant mutants depended on the prior selective history of the progenitor genotypes; and (3) how the fitness properties of these mutants compared to those of their progenitors within the ancestral thermal niche. Specifically, we subjected 15 independent populations founded from each of six progenitors to 44°C; all of the progenitors had upper thermal limits between about 40°C and 42°C. Two of the progenitors were from populations that had previously adapted to 32°C, two were from populations adapted to 37°C, and two were from populations adapted to 41-42°C. All 90 populations were screened for mutants that could survive and grow at 44°C. We obtained three thermotolerant mutants, all derived from progenitors previously adapted to 41-42°C. In an earlier study, we serendipitously found one other thermotolerant mutant derived from a population that had previously adapted to 32°C. Thus, prior selection at an elevated but nonlethal temperature may predispose organisms to evolve more extreme thermotolerance, but this is not an absolute requirement. It is evidently possible to obtain mutants that tolerate more extreme temperatures, so why did they not become prevalent during prior selection at 41-42°C, near the upper limit of the thermal niche? To address this question, we measured the fitness of the thermotolerant mutants at high temperatures just within the ancestral niche. None of the four thermotolerant mutants had an advantage relative to their progenitor even very near the upper limit of the thermal niche; in fact, all of the mutants showed a noticeable loss of fitness around 41°C. Thus, the genetic adaptations that improve competitive fitness at high but nonlethal temperatures are distinct from those that permit tolerance of otherwise lethal temperatures.",Escherichia coli,temperature,,
25403660,10.1128/AAC.04465-14,PMC4291377,pmc_not_oa,2015,Antimicrobial agents and chemotherapy,Novel strategy for biofilm inhibition by using small molecules targeting molecular chaperone DnaK.,"Biofilms are complex communities of microorganisms that attach to surfaces and are embedded in a self-produced extracellular matrix. Since these cells acquire increased tolerance against antimicrobial agents and host immune systems, biofilm-associated infectious diseases tend to become chronic. We show here that the molecular chaperone DnaK is important for biofilm formation and that chemical inhibition of DnaK cellular functions is effective in preventing biofilm development. Genetic, microbial, and microscopic analyses revealed that deletion of the dnaK gene markedly reduced the production of the extracellular functional amyloid curli, which contributes to the robustness of Escherichia coli biofilms. We tested the ability of DnaK inhibitors myricetin (Myr), telmisartan, pancuronium bromide, and zafirlukast to prevent biofilm formation of E. coli. Only Myr, a flavonol widely distributed in plants, inhibited biofilm formation in a concentration-dependent manner (50% inhibitory concentration [IC50] = 46.2 μM); however, it did not affect growth. Transmission electron microscopy demonstrated that Myr inhibited the production of curli. Phenotypic analyses of thermosensitivity, cell division, intracellular level of RNA polymerase sigma factor RpoH, and vulnerability to vancomycin revealed that Myr altered the phenotype of E. coli wild-type cells to make them resemble those of the isogenic dnaK deletion mutant, indicating that Myr inhibits cellular functions of DnaK. These findings provide insights into the significance of DnaK in curli-dependent biofilm formation and indicate that DnaK is an ideal target for antibiofilm drugs.",Escherichia coli,temperature,,
38219255,10.1093/jas/skae012,PMC10825842,pmc_not_oa,2024,Journal of animal science,"Effect of supplementing a Bacillus subtilis-based probiotic on performance, intestinal integrity, and serum antioxidant capacity and metabolites concentrations of heat-stressed growing pigs.","Exposing pigs to heat stress (HS) seems to modify the intestinal microbiota which may compromise the integrity of the small intestine epithelia. Probiotics, live microorganisms, can help pigs to maintain a healthy intestinal environment. Eighty pigs (21.6 ± 3.4 kg body weight) exposed to HS or thermal neutral (TN) conditions were used to evaluate the effect of a Bacillus subtilis-based probiotic on performance, body temperature, and intestinal integrity. Treatments were: TN pigs fed a control diet without (TN-C) or with 1 × 106 CFU probiotic/g of feed (TN-P), and HS pigs fed a control without (HS-C) or with probiotic (HS-P). The control diet was formulated with wheat, soybean meal, and free amino acids (AA). Feed and water were freely available during the 21-d study. At completion, samples from duodenum, jejunum, and ileum were collected to analyze epithelial histology and tight junction protein expression; antioxidant activity, and free AA and metabolites in serum. Relative abundance of Lactobacillus, Bifidobacterium, Escherichia coli, and Bacillus in ileal content was analyzed. Ambient temperature in the TN room ranged from 19 to 25 °C, and in HS room from 30 to 38.5 °C. Intestinal temperature in HS-P pigs was lower than in HS-C pigs. Weight gain and feed intake reduced, but feed:gain and respiration rate increased in HS compared to TN pigs, regardless of diet (P < 0.01). Probiotic increased weight gain and improved feed:gain (P < 0.05) in both TN and HS pigs, but feed intake did not differ. Heat stress decreased villi height in jejunum and villi height:crypt depth in duodenum and jejunum (P < 0.05). Probiotic increased villi height in duodenum and ileum, and villi height:crypt depth in all small intestine segments (P < 0.05). Relative abundance of Lactobacillus and Bifidobacterium tended to reduce, and E. coli tended to increase (P < 0.10) in ileal content of HS-C pigs. Ileal relative abundance of Bacillus was higher (P < 0.01) in HS-P pigs than in HS-C and TN-C pigs. Cystathionine, homocysteine, hydroxylysine, α-amino-adipic acid, citrulline, α-amino-n-butyric acid, P-Ser, and taurine were higher in HS than in TN pigs (P < 0.05). These data confirm the negative effect of HS on performance, body temperature, and intestinal integrity of pigs. These data suggest that supplementing 1 × 106 CFU probiotic/g of feed based on Bacillus subtilis DSM 32540 may help to counteract the negative effects of HS on the performance and intestinal integrity of pigs.",Escherichia coli,temperature,,
2256677,10.1007/BF00548929,,no_pmc,1990,Antonie van Leeuwenhoek,Adaptation of Escherichia coli to elevated temperatures: the metA gene product is a heat shock protein.,,Escherichia coli,temperature,,
8274003,10.1007/BF00870921,,no_pmc,1993,Antonie van Leeuwenhoek,Characterization of the heat shock response in Enterococcus faecalis.,"We have characterized the general properties of the heat shock response of the Gram-positive hardy bacterium Enterococcus faecalis. The heat resistance (60 degrees C or 62.5 degrees C, 30 min) of log phase cells of E. faecalis grown at 37 degrees C was enhanced by exposing cells to a prior heat shock at 45 degrees C or 50 degrees C for 30 min. These conditioning temperatures also induced ethanol (22%, v/v) tolerance. The onset of thermotolerance was accompanied by the synthesis of a number of heat shock proteins. The most prominent bands had molecular weights in the range of 48 to 94kDa. By Western blot analysis two of them were found to be immunologically related to the well known DnaK (72kDa) and GroEL (63kDa) heat shock proteins of Escherichia coli. Four other proteins showing little or no variations after exposure to heat are related to DnaJ, GrpE and Lon (La) E. coli proteins and to the Bacillus subtilis sigma 43 factor. Ethanol (2% or 4%, v/v) treatments elicited a similar response although there was a weaker induction of heat shock proteins than with heat shock.",Escherichia coli,temperature,,
28450727,10.1038/s41598-017-01407-x,PMC5430664,oa,2017,Scientific reports,The CsHSP17.2 molecular chaperone is essential for thermotolerance in Camellia sinensis.,"Small heat shock proteins (sHSPs) play important roles in responses to heat stress. However, the functions of sHSPs in tea plants (Camellia sinensis) remain uncharacterized. A novel sHSP gene, designated CsHSP17.2, was isolated from tea plants. Subcellular localization analyses indicated that the CsHSP17.2 protein was present in the cytosol and the nucleus. CsHSP17.2 expression was significantly up-regulated by heat stress but was unaffected by low temperature. The CsHSP17.2 transcript levels increased following salt and polyethylene glycol 6000 treatments but decreased in the presence of abscisic acid. The molecular chaperone activity of CsHSP17.2 was demonstrated in vitro. Transgenic Escherichia coli and Pichia pastoris expressing CsHSP17.2 exhibited enhanced thermotolerance. The transgenic Arabidopsis thaliana exhibited higher maximum photochemical efficiencies, greater soluble protein proline contents, higher germination rates and higher hypocotyl elongation length than the wild-type controls. The expression levels of several HS-responsive genes increased in transgenic A. thaliana plants. Additionally, the CsHSP17.2 promoter is highly responsive to high-temperature stress in A. thaliana. Our results suggest that CsHSP17.2 may act as a molecular chaperone to mediate heat tolerance by maintaining maximum photochemical efficiency and protein synthesis, enhancing the scavenging of reactive oxygen species and inducing the expression of HS-responsive genes.",Escherichia coli,temperature,,
20840551,10.1111/j.1472-765X.2010.02920.x,,no_pmc,2010,Letters in applied microbiology,Heat stress adaptation of Escherichia coli under dynamic conditions: effect of inoculum size.,"When subjected to dynamic temperatures surpassing the expected maximum growth temperature, Escherichia coli K12 MG1655 shows disturbed growth curves. These irregular population dynamics were explained by considering two subpopulations, i.e. a thermoresistant and a thermosensitive one (Van Derlinden et al. 2010a). In this paper, the influence of the initial cell concentration on the subpopulations' dynamics is evaluated. Experiments were performed in a bioreactor with the temperature increasing from 42 to 65.2 °C (1 and 4 °C h(-1)) with varying initial cell concentrations [6, 12 and 18 ln(CFU ml(-1))]. When started from the highest cell concentration, the population was characterized by a higher overall maximum growth temperature and a higher inactivation temperature. For all experimental set-ups, resistant cells were still growing at the final temperature of 65.2 °C. The initial cell concentration had no effect on temperature resistance. The increase in temperature resistance of the sensitive subpopulation was because of the change of the physiological state to the stationary phase. A higher initial cell concentration leads to higher heat stress adaptation when cultures reach a maximum cell concentration. The observed growth at a temperature of 65.2 °C is very important for food safety and the temperature treatment of micro-organisms.",Escherichia coli,temperature,,
12923102,10.1128/JB.185.17.5279-5286.2003,PMC180990,pmc_not_oa,2003,Journal of bacteriology,Polynucleotide phosphorylase-deficient mutants of Pseudomonas putida.,"In bacteria, polynucleotide phosphorylase (PNPase) is one of the main exonucleolytic activities involved in RNA turnover and is widely conserved. In spite of this, PNPase does not seem to be essential for growth if the organisms are not subjected to special conditions, such as low temperature. We identified the PNPase-encoding gene (pnp) of Pseudomonas putida and constructed deletion mutants that did not exhibit cold sensitivity. In addition, we found that the transcription pattern of pnp upon cold shock in P. putida was markedly different from that in Escherichia coli. It thus appears that pnp expression control and the physiological roles in the cold may be different in different bacterial species.",Escherichia coli,temperature,,
19770038,10.1016/j.resmic.2009.08.015,,no_pmc,2009,Research in microbiology,Temperature-dependent proteolysis as a control element in Escherichia coli metabolism.,"Escherichia coli can grow at a broad temperature range, from less than 20 degrees C up to 45 degrees C. An increase in temperature results in a major physiological change, as enzymes work faster but, on the other hand, proteins tend to unfold. Therefore, a shift-up in temperature results in the induction of several regulatory response mechanisms aimed at restoring balanced growth at the new temperature. One important mechanism involves temperature-dependent proteolysis, which constitutes a fast response to temperature shift-ups. Here we discuss the effect of proteolysis on protein synthesis, and the heat shock response.",Escherichia coli,temperature,,
42253479,10.1016/j.engmic.2025.100256,PMC13241884,oa,2026,Engineering microbiology,Enhancement of heat resistance of <i>Bacillus thermoamylovorans</i> drives enhanced PET degradation.,"Microbial polyethylene terephthalate (PET) degradation has emerged as an environmentally friendly approach to reducing plastic pollution, but microbial activity is often limited by the high temperatures (60-70 °C) required for efficient degradation. In this study, six endogenous thermotolerant genes were identified in the PET-degrading strain <i>Bacillus thermoamylovorans</i> JQ3. Overexpression of the genes <i>hrcA, hsp20A,</i> and <i>hsp20B</i> significantly enhanced thermotolerance in <i>Escherichia coli</i>, which increased cell viability by >24.2% at temperatures above 40 °C. Similarly, overexpression of <i>hsp20A</i> in <i>B. thermoamylovorans</i> (<i>B. th</i>_Hsp20A) improved its thermotolerance, increasing cell viability by 46.8% at 50 °C and 69.8% at 60 °C. The <i>hsp20A</i>-encoded protein was identified as a small heat shock protein (sHSP). <i>B. th</i>_Hsp20A exhibited significantly improved PET degradation at 60 °C compared with 50 °C, which released 282 µg of terephthalic acid after 7 days of incubation, representing an 84.3% increase compared with the wildtype strain (153 µg). These results highlight that the overexpression of thermotolerant proteins, particularly sHSPs, significantly enhances microbial PET degradation under high-temperature conditions, offering a novel pathway for enhancing microbial PET waste degradation.",Escherichia coli,temperature,,
12788720,10.1128/AEM.69.6.3231-3237.2003,PMC161491,pmc_not_oa,2003,Applied and environmental microbiology,Escherichia coli heat shock protein DnaK: production and consequences in terms of monitoring cooking.,"Through use of commercially available DnaK proteins and anti-DnaK monoclonal antibodies, a competitive enzyme-linked immunosorbent assay was developed to quantify this heat shock protein in Escherichia coli ATCC 25922 subjected to various heating regimens. For a given process lethality (F(70)(10) of 1, 3, and 5 min), the intracellular concentration of DnaK in E. coli varied with the heating temperature (50 or 55 degrees C). In fact, the highest DnaK concentrations were found after treatments at the lower temperature (50 degrees C) applied for a longer time. Residual DnaK after heating was found to be necessary for cell recovery, and additional DnaK was produced during the recovery process. Overall, higher intracellular concentrations of DnaK tended to enhance cell resistance to a subsequent lethal stress. Indeed, E. coli cells that had undergone a sublethal heat shock (105 min at 55 degrees C, F(70)(10) = 3 min) accompanied by a 12-h recovery (containing 76,786 +/- 25,230 molecules/cell) resisted better than exponentially growing cells (38,500 +/- 6,056 molecules/cell) when later heated to 60 degrees C for 50 min (F(70)(10) = 5 min). Results reported here suggest that using stress protein to determine cell adaptation and survival, rather than cell counts alone, may lead to more efficient heat treatment.",Escherichia coli,temperature,,
27590820,10.1128/AEM.02027-16,PMC5086559,pmc_not_oa,2016,Applied and environmental microbiology,Stress-Induced Evolution of Heat Resistance and Resuscitation Speed in Escherichia coli O157:H7 ATCC 43888.,"The development of resistance in foodborne pathogens to food preservation techniques is an issue of increasing concern, especially in minimally processed foods where safety relies on hurdle technology. In this context, mild heat can be used in combination with so-called nonthermal processes, such as high hydrostatic pressure (HHP), at lower individual intensities to better retain the quality of the food. However, mild stresses may increase the risk of (cross-)resistance development in the surviving population, which in turn might compromise food safety. In this investigation, we examined the evolution of Escherichia coli O157:H7 strain ATCC 43888 after recurrent exposure to progressively intensifying mild heat shocks (from 54.0°C to 60.0°C in 0.5°C increments) with intermittent resuscitation and growth of survivors. As such, mutant strains were obtained after 10 cycles of selection with ca. 10<sup>6</sup>-fold higher heat resistance than that for the parental strain at 58.0°C, although this resistance did not extend to temperatures exceeding 60.0°C. Moreover, these mutant strains typically displayed cross-resistance against HHP shock and displayed signs of enhanced RpoS and RpoH activity. Interestingly, additional cycles of selection maintaining the intensity of the heat shock constant (58.5°C) selected for mutant strains in which resuscitation speed, rather than resistance, appeared to be increased. Therefore, it seems that resistance and resuscitation speed are rapidly evolvable traits in E. coli ATCC 43888 that can compromise food safety. In this investigation, we demonstrated that Escherichia coli O157:H7 ATCC 43888 rapidly acquires resistance to mild heat exposure, with this resistance yielding cross-protection to high hydrostatic pressure treatment. In addition, mutants of E. coli ATCC 43888 in which resuscitation speed, rather than resistance, appeared to be improved were selected. As such, both resistance and resuscitation speed seem to be rapidly evolvable traits that can compromise the control of foodborne pathogens in minimal processing strategies, which rely on the efficacy of combined mild preservation stresses for food safety.",Escherichia coli,temperature,,
1429465,10.1128/jb.174.22.7436-7444.1992,PMC207440,pmc_not_oa,1992,Journal of bacteriology,Physiological consequences of DnaK and DnaJ overproduction in Escherichia coli.,"The physiological consequences of molecular chaperone overproduction in Escherichia coli are presented. Constitutive overproduction of DnaK from a multicopy plasmid containing large chromosomal fragments spanning the dnaK region resulted in plasmid instability. Co-overproduction of DnaJ with DnaK stabilized plasmid levels. To examine the effects of altered levels of DnaK and DnaJ in a more specific manner, an inducible expression system for dnaK and dnaJ was constructed and characterized. Differential rates of DnaK synthesis were determined by quantitative Western blot (immunoblot) analysis. Moderate levels of DnaK overproduction resulted in a defect in cell septation and formation of cell filaments, but co-overproduction of DnaJ overcame this effect. Further increases in the level of DnaK terminated culture growth despite increased levels of DnaJ. DnaK overproduction was found to be bacteriocidal, and this effect was also partially suppressed by DnaJ. The bacteriocidal effect was apparent only with cultures which were allowed to enter stationary phase, indicating that DnaK toxicity is growth phase dependent.",Escherichia coli,temperature,,
28242719,10.1128/JB.00057-17,PMC5388819,pmc_not_oa,2017,Journal of bacteriology,Tail-Anchored Inner Membrane Protein ElaB Increases Resistance to Stress While Reducing Persistence in Escherichia coli.,"Host-associated bacteria, such as <i>Escherichia coli</i>, often encounter various host-related stresses, such as nutritional deprivation, oxidative stress, and temperature shifts. There is growing interest in searching for small endogenous proteins that mediate stress responses. Here, we characterized the small C-tail-anchored inner membrane protein ElaB in <i>E. coli</i> ElaB belongs to a class of tail-anchored inner membrane proteins with a C-terminal transmembrane domain but lacking an N-terminal signal sequence for membrane targeting. Proteins from this family have been shown to play vital roles, such as in membrane trafficking and apoptosis, in eukaryotes; however, their role in prokaryotes is largely unexplored. Here, we found that the transcription of <i>elaB</i> is induced in the stationary phase in <i>E. coli</i> and stationary-phase sigma factor RpoS regulates <i>elaB</i> transcription by binding to the promoter of <i>elaB</i> Moreover, ElaB protects cells against oxidative stress and heat shock stress. However, unlike membrane peptide toxins TisB and GhoT, ElaB does not lead to cell death, and the deletion of <i>elaB</i> greatly increases persister cell formation. Therefore, we demonstrate that disruption of C-tail-anchored inner membrane proteins can reduce stress resistance; it can also lead to deleterious effects, such as increased persistence, in <i>E. coli</i><b>IMPORTANCE</b><i>Escherichia coli</i> synthesizes dozens of poorly understood small membrane proteins containing a predicted transmembrane domain. In this study, we characterized the function of the C-tail-anchored inner membrane protein ElaB in <i>E. coli</i> ElaB increases resistance to oxidative stress and heat stress, while inactivation of ElaB leads to high persister cell formation. We also demonstrated that the transcription of <i>elaB</i> is under the direct regulation of stationary-phase sigma factor RpoS. Thus, our study reveals that small inner membrane proteins may have important cellular roles during the stress response.",Escherichia coli,temperature,,
11005383,10.1379/1466-1268(2000)005<0255:techsp>2.0.co;2,PMC312891,pmc_not_oa,2000,Cell stress & chaperones,The Escherichia coli heat shock protein ClpB restores acquired thermotolerance to a cyanobacterial clpB deletion mutant.,"In both prokaryotes and eukaryotes, the heat shock protein ClpB functions as a molecular chaperone and plays a key role in resisting high temperature stress. ClpB is important for the development of thermotolerance in yeast and cyanobacteria but apparently not in Escherichia coli. We undertook a complementation study to investigate whether the ClpB protein from E coli (EcClpB) differs functionally from its cyanobacterial counterpart in the unicellular cyanobacterium Synechococcus sp. PCC 7942. The EcClpB protein is 56% identical to its ClpB1 homologue in Synechococcus. A plasmid construct was prepared containing the entire E coli clpB gene under the control of the Synechococcus clpB1 promoter. This construct was transformed into a Synechococcus clpB1 deletion strain (deltaclpB1) and integrated into a phenotypically neutral site of the chromosome. The full-length EcClpB protein (EcClpB-93) was induced in the transformed Synechococcus strain during heat shock as well as the smaller protein (EcClpB-79) that arises from a second translational start inside the single clpB message. Using cell survival measurements we show that the EcClpB protein can complement the Synechococcus deltaclpB1 mutant and restore its ability to develop thermotolerance. We also demonstrate that both EcClpB-93 and -79 appear to contribute to the degree of acquired thermotolerance restored to the Synechococcus complementation strains.",Escherichia coli,temperature,,
15632312,10.1093/jb/mvh178,,no_pmc,2004,Journal of biochemistry,A comprehensive study on the immunological reactivity of the Hsp90 molecular chaperone.,"Periodontitis is a chronic infectious disease, Porphyromonas gingivalis being the most implicated pathogen. In the present study, we investigated the role of P. gingivalis HtpG (PgHtpG), a bacterial ortholog of mammalian Hsp90, in the growth of P. gingivalis and also assessed the immunological cross-reactivity of the members of the Hsp90 family. Antiserum against rat liver Hsp90 potently reacted with yeast Hsp90, called Hsc82, and also weakly with human Hsp90 (hHsp90) and human mitochondrial paralog Trap1, but did not react with PgHtpG, Escherichia coli HtpG, or human endoplasmic reticulum paralog Grp94. Moreover, among 19 monoclonal antibodies raised against hHsp90, nine cross-reacted with yeast Hsc82, and one with human Grp94, but none bound to PgHtpG or E. coli HtpG. Among them, three mAbs that strongly reacted with yeast Hsc82 recognized Asn(291)-Ile(304), a conserved region of the family protein. The polyclonal antibody raised against a peptide, Met(315)-Glu(328), of human Grp94, which corresponded to the conserved region of hHsp90, cross-reacted with hHsp90, but not with other Hsp90-family members. Thus, although mammalian Hsp90 shares some immunological reactivity with yeast Hsc82, human Grp94, and human Trap1, it is considerably distinct from its bacterial ortholog, HtpG. Disruption of the P. gingivalis htpG gene neither affected bacterial survival nor altered the sensitivity of P. gingivalis to various forms of stress.",Escherichia coli,temperature,,
3529094,10.1073/pnas.83.18.6959,PMC386630,pmc_not_oa,1986,Proceedings of the National Academy of Sciences of the United States of America,Heat shock response in Escherichia coli influences cell division.,"Analysis of a mutant in fam, a pleiotropic gene affecting cell division in Escherichia coli, revealed that this gene is probably identical to the heat shock regulatory gene htpR. The fam-715 mutant and different htpR mutants were found to share the following three characteristics: temperature-sensitive growth, faulty cell division, and inability to induce the normal cellular heat shock response. These defects were all corrected in fam and htpR mutants by complementation with plasmids carrying intact htpR+ or by recombination between these mutant alleles and a plasmid carrying only a portion of htpR. These results implicate the E. coli heat shock system in the regulation of cell division and raise the question of a similar role in other organisms.",Escherichia coli,temperature,,
3315852,10.1101/gad.1.6.525,,no_pmc,1987,Genes & development,Induction of the heat shock regulon does not produce thermotolerance in Escherichia coli.,"The addition of isopropyl thio-beta-D-galactoside (IPTG) to Escherichia coli cells containing multiple copies of the heat shock regulatory gene htpR (rpoH) under the control of an IPTG-inducible promoter (P-tac) induced 15 of the 17 polypeptides of the heat shock (HTP) regulon. The time course and magnitude of the induction closely resembled that caused by a shift to 42 degrees C. Nevertheless the two means of inducing the heat shock regulon differed in outcome. Cultures grown at 28 degrees C and induced by incubation at 42 degrees C for 15 min gave significant protection against a challenge temperature of 50 degrees C, but no protection was afforded by a 15-min IPTG treatment at 28 degrees C. It could be shown that there was no interference by IPTG with the development of thermotolerance at 42 degrees C. Also, treatment of a wild strain of E. coli with various toxic agents revealed no correlation between the development of thermotolerance and the induction of any subset of the heat shock proteins. Thermotolerance appears to develop by processes other than the htpR-dependent induction of heat shock proteins.",Escherichia coli,temperature,,
28589291,10.1007/s10930-017-9723-0,,no_pmc,2017,The protein journal,Hydroxylation of Human Type III Collagen Alpha Chain by Recombinant Coexpression with a Viral Prolyl 4-Hydroxylase in Escherichia coli.,"High-level expression of recombinant collagen by genetic engineering is urgently required. Recombinant collagen is different from natural collagen in its hydroxyproline (Hyp) content and thermal stability. To obtain hydroxylated collagen for applications in biomedicine and biomaterials, the human collagen α1(III) chain was co-expressed with the viral prolyl 4-hydroxylase A085R in Escherichia coli. Unlike previous reports using human prolyl 4-hydroxylase, this study examined the hydroxylation of full-length human collagen α1(III) chain (COL3A1) by viral prolyl 4-hydroxylase. The genes encoding these two proteins were controlled by different promoters, Ptac and PRPL, on a recombinant pKK223-3 plasmid. The sequencing results verified that the target genes were successfully inserted into the recombinant vector. Based on quantitative PCR, SDS-PAGE, and western blotting, successful expression by E. coli BL21(DE3) was detected at the mRNA and protein levels for both loci. Liquid chromatography-mass spectrometry (LC-MS/MS) results suggested that the highest Hyp yield was obtained when the two proteins were induced with 0.5 mM IPTG and heat-shock treatment at 50 °C, corresponding to high enzyme expression and low human collagen α1(III) chain expression levels. A biological activity analysis indicated that the recombinant collagen with the highest hydroxylation level supported the growth of baby hamster kidney cells, similar to observations for native collagen. The production of hydroxylated collagen in this study establishes a new method for collagen hydroxylation and provides a basis for the application of recombinant collagen expressed in E. coli.",Escherichia coli,temperature,,
27457208,10.14348/molcells.2016.0042,PMC4990751,oa,2016,Molecules and cells,Enhancement of the Chaperone Activity of Alkyl Hydroperoxide Reductase C from Pseudomonas aeruginosa PAO1 Resulting from a Point-Specific Mutation Confers Heat Tolerance in Escherichia coli.,"Alkyl hydroperoxide reductase subunit C from Pseudomonas aeruginosa PAO1 (PaAhpC) is a member of the 2-Cys peroxiredoxin family. Here, we examined the peroxidase and molecular chaperone functions of PaAhpC using a site-directed mutagenesis approach by substitution of Ser and Thr residues with Cys at positions 78 and 105 located between two catalytic cysteines. Substitution of Ser with Cys at position 78 enhanced the chaperone activity of the mutant (S78C-PaAhpC) by approximately 9-fold compared with that of the wild-type protein (WT-PaAhpC). This increased activity may have been associated with the proportionate increase in the high-molecular-weight (HMW) fraction and enhanced hydrophobicity of S78C-PaAhpC. Homology modeling revealed that mutation of Ser(78) to Cys(78) resulted in a more compact decameric structure than that observed in WT-PaAhpC and decreased the atomic distance between the two neighboring sulfur atoms of Cys(78) in the dimer-dimer interface of S78C-PaAhpC, which could be responsible for the enhanced hydrophobic interaction at the dimer-dimer interface. Furthermore, complementation assays showed that S78C-PaAhpC exhibited greatly improved the heat tolerance, resulting in enhanced survival under thermal stress. Thus, addition of Cys at position 78 in PaAhpC modulated the functional shifting of this protein from a peroxidase to a chaperone.",Escherichia coli,temperature,,
16980444,10.1128/JB.00977-06,PMC1698179,pmc_not_oa,2006,Journal of bacteriology,The Escherichia coli rpoS-dependent htrC gene is not involved in the heat shock response.,"We found that a new mutant with a deletion/replacement of the Escherichia coli K-12 htrC gene, a gene previously reported to be required for growth at elevated temperatures, is not temperature sensitive. Furthermore, the original mutants, kindly provided by the original authors, although temperature sensitive, do not have mutations in the open reading frame designated htrC. We found that htrC requires RpoS for enhanced expression in the early stationary phase and is expressed at very low levels until then. The growth of our htrC mutant slowed during the early stationary phase, and the mutant was replaced by its parent in mixed cultures. Since we cannot assign a function or distinctive phenotype to htrC, we suggest that this open reading frame should be given a positional designation, yjaZ, until a specific function is identified.",Escherichia coli,temperature,,
17651431,10.1111/j.1574-6968.2007.00860.x,,no_pmc,2007,FEMS microbiology letters,Up-regulation of yggG promotes the survival of Escherichia coli cells containing Era-1 mutant protein.,"Era is a highly conserved GTPase essential for bacterial growth. Using a digoxigenin-labeled Era protein to screen a phage expression library of Escherichia coli genomic DNA, yggG, a gene that encodes a putative zinc metalloprotease was isolated and characterized. The deduced amino acid sequence of YggG showed high degrees of similarity to some reported heat shock proteins. In this study, the direct interaction between Era and YggG was confirmed, and it was found that the yggG gene, encoding a 25 kDa heat shock protein, was up-regulated at the mRNA level in partially defective Era GTPase mutants (era-1) and in E. coli cells overproducing Era-1. The delta yggG strain displayed the same growth rate as wild-type strain under normal growth conditions and after heat shock. Overexpression of Era-1 in the delta yggG strain resulted in a stronger growth-inhibitory effect than that in the wild-type strain, while coexpression of YggG partially restored the bacterial growth rate. The results indicated that YggG expression is significantly increased in response to stress caused by the Era-1 mutant protein in E. coli, thus promoting the growth of E. coli.",Escherichia coli,temperature,,
16573693,10.1111/j.1365-2958.2006.05104.x,,no_pmc,2006,Molecular microbiology,The Escherichia coli plasma membrane contains two PHB (prohibitin homology) domain protein complexes of opposite orientations.,"Two membrane proteases, FtsH and HtpX, are jointly essential for Escherichia coli cell viability, presumably through their abilities to degrade abnormal membrane proteins. To search for additional cellular factors involved in membrane protein quality control, we isolated multicopy suppressors that alleviated the growth defect of the ftsH/htpX dual disruption mutant. One of them was ybbK, which is renamed qmcA, encoding a membrane-bound prohibitin homology (PHB) domain family protein. Multicopy suppression was also observed with hflK-hflC, encoding another set of PHB domain membrane proteins, which had been known to form a complex (HflKC) and to interact with FtsH. Whereas the DeltaftsH sfhC21 (a viability defect suppressor for DeltaftsH) strain exhibited temperature sensitivity in the presence of cAMP, additional disruption of both qmcA and hflK-hflC exaggerated the growth defect. Pull-down and sedimentation experiments showed that QmcA, like HflKC, forms an oligomer and interacts with FtsH. Protease accessibility assays revealed that QmcA, unlike periplasmically exposed HflKC, possesses a cytoplasmically disposed large C-terminal domain, thus assuming the type I (NOUT-CIN) orientation. We discuss possible significance of having PHB domains on both sides of the membrane.",Escherichia coli,temperature,,
19114495,10.1128/JB.01536-08,PMC2648200,pmc_not_oa,2009,Journal of bacteriology,Growth phase- and cell division-dependent activation and inactivation of the {sigma}32 regulon in Escherichia coli.,"Alternative sigma factors allow bacteria to reprogram global transcription rapidly and to adapt to changes in the environment. Here we report on growth- and cell division-dependent sigma(32) regulon activity in Escherichia coli in batch culture. By analyzing sigma(32) expression in growing cells, an increase in sigma(32) protein levels is observed during the first round of cell division after exit from stationary phase. Increased sigma(32) protein levels result from transcriptional activation of the rpoH gene. After the first round of bulk cell division, rpoH transcript levels and sigma(32) protein levels decrease again. The late-logarithmic phase and the transition to stationary phase are accompanied by a second increase in sigma(32) levels and enhanced stability of sigma(32) protein but not by enhanced transcription of rpoH. Throughout growth, sigma(32) target genes show expression patterns consistent with oscillating sigma(32) protein levels. However, during the transition to early-stationary phase, despite high sigma(32) protein levels, the transcription of sigma(32) target genes is downregulated, suggesting functional inactivation of sigma(32). It is deduced from these data that there may be a link between sigma(32) regulon activity and cell division events. Further support for this hypothesis is provided by the observation that in cells in which FtsZ is depleted, sigma(32) regulon activation is suppressed.",Escherichia coli,temperature,,
17420206,10.1128/AAC.00052-07,PMC1891003,pmc_not_oa,2007,Antimicrobial agents and chemotherapy,PhoU is a persistence switch involved in persister formation and tolerance to multiple antibiotics and stresses in Escherichia coli.,"When a bactericidal antibiotic is added to a growing bacterial culture, the great majority of the bacterial population is killed but a small number of metabolically quiescent bacteria called persisters survive antibiotic treatment. The mechanism of this bacterial persistence is poorly understood. In Escherichia coli, we identified a new persistence gene, phoU, whose inactivation leads to a generalized higher susceptibility than that of the parent strain to a diverse range of antibiotics, including ampicillin, norfloxacin, and gentamicin, and stresses, such as starvation, acid pH, heat, peroxide, weak acids, and energy inhibitors, especially in stationary phase. The PhoU mutant phenotype could be complemented by a functional phoU gene. Mutation in PhoU leads to a metabolically hyperactive status of the cell, as shown by an increased expression of energy production genes, flagella, and chemotaxis genes and a defect in persister formation. PhoU, whose expression is regulated by environmental changes like nutrient availability and age of culture, is a global negative regulator beyond its role in phosphate metabolism and facilitates persister formation by the suppression of many important cellular metabolic processes. A new model of persister formation based on PhoU as a persister switch is proposed. PhoU may be an ideal drug target for designing new drugs that kill persister bacteria for more effective control of bacterial infections.",Escherichia coli,temperature,,
2106513,10.1128/jb.172.3.1478-1484.1990,PMC208623,pmc_not_oa,1990,Journal of bacteriology,Acquired thermotolerance and heat shock in the extremely thermophilic archaebacterium Sulfolobus sp. strain B12.,"The extreme thermophile Sulfolobus sp. strain B12 exhibits an acquired thermotolerance response. Thus, survival of cells from a 70 degrees C culture at the lethal temperature of 92 degrees C was enhanced by as much as 6 orders of magnitude over a 2-h period if the culture was preheated to 88 degrees C for 60 min or longer before being exposed to the lethal temperature. In eubacteria and eucaryotes, acquired thermotolerance correlates with the induced synthesis of a dozen or so proteins known as heat shock proteins. In this Sulfolobus species, it correlates with the preferential synthesis of primarily one major protein (55 kilodaltons) and, to a much lesser extent, two minor proteins (28 and 35 kilodaltons). Since the synthesis of all other proteins was radically reduced and these proteins were apparently not degraded or exported, their relative abundance within the cell increased during the time the cells were becoming thermotolerant. They could not yet be related to known heat shock proteins. In immunoassays, they were not cross-reactive with antibodies against heat shock proteins from Escherichia coli (DnaK and GroE), which are highly conserved between eubacteria and eucaryotes. However, it appears that if acquired thermotolerance depends on the synthesis of protective proteins, then in this extremely thermophilic archaebacterium it depends primarily on one protein.",Escherichia coli,temperature,,
8152377,10.1111/j.1365-2958.1994.tb00334.x,,no_pmc,1994,Molecular microbiology,"Expression and role of the universal stress protein, UspA, of Escherichia coli during growth arrest.","The synthesis of the small, cytoplasmic protein UspA universal stress protein A) of Escherichia coli is induced as soon as the cell growth rate falls below the maximal growth rate supported by the medium, regardless of the condition inhibiting growth. The increase in UspA synthesis appears to be the result of induction of the monocistronic uspA gene. Induction of this gene during a heat-shock treatment is demonstrated to be the result of transcriptional activation of a sigma 70-dependent promoter which has previously been shown to be activated also during carbon starvation-induced growth arrest. Mutant cells lacking UspA grow at rates indistinguishable from the isogenic parent at different temperatures and in the presence of different growth inhibitors but are impaired in their ability to survive prolonged periods of complete growth inhibition caused by a variety of diverse stresses, including CdCl2, H2O2, DNP, CCCP exposure, and osmotic shock. Moreover, the uspA mutation results in an increased sensitivity of cells to carbon-source starvation (i.e. glucose, glycerol or succinate depletion). Also, the mutation causes a marked alteration in the timing of starvation protein expression but protein expression during steady-state growth appears to be normal. The results presented have prompted us to postulate that UspA may have a general protective function related to the growth arrest state.",Escherichia coli,temperature,,
19525523,10.1136/vr.164.24.746,,no_pmc,2009,The Veterinary record,Thermotolerance and multidrug resistance in bacteria isolated from equids and their environment.,"Sixty-nine vaginal swabs and 138 rectal swabs collected from 195 equids were analysed for the presence of thermotolerant bacteria, that is, bacteria surviving at 60+/-0.1 degrees C for one hour. Thermotolerant Escherichia coli, Enterobacter species, Klebsiella pneumoniae, Proteus species and Pseudomonas species were isolated from 41, 16, nine, three and three of the 138 rectal swabs, respectively; seven of the E coli and two of the Enterobacter species isolates survived pasteurisation at 63.8+/-0.1 degrees C for 30 minutes. All except three E coli, two Enterobacter species and one Proteus species isolate were resistant to three or more antimicrobial drugs, that is, they were multidrug resistant. Thermotolerant E coli, Enterobacter species and Proteus species were isolated from 11, two and two of the 69 vaginal swabs, respectively, but only one isolate of E coli survived pasteurisation at 63.8+/-0.1 degrees C for 30 minutes. All except two of the E coli isolates were multidrug resistant. None of the four thermotolerant isolates from nine soil samples collected on four of the farms where the equids were kept was pasteurisation resistant, but they were all multidrug resistant. Of the 10 pasteurisation-resistant isolates, nine were multidrug resistant but none was resistant to chloramphenicol, ciprofloxacin, cotrimazine, cotrimoxazole or streptomycin. All the isolates grew at 42+/-0.1 degrees C but none grew at 46+/-0.1 degrees C or above. The Enterobacter isolates were more tolerant to pasteurisation than the E coli isolates, particularly during the first few minutes of exposure.",Escherichia coli,temperature,,
3301809,10.1128/jb.169.8.3701-3706.1987,PMC212454,pmc_not_oa,1987,Journal of bacteriology,"DNA replication initiation, doubling of rate of phospholipid synthesis, and cell division in Escherichia coli.","In synchronized culture of Escherichia coli, the specific arrest of phospholipid synthesis (brought about by glycerol starvation in an appropriate mutant) did not affect the rate of ongoing DNA synthesis but prevented the initiation of new rounds. The initiation block did not depend on cell age at the time of glycerol removal, which could be before, during, or after the doubling in the rate of phospholipid synthesis (DROPS) and as little as 10 min before the expected initiation. We conclude that the initiation of DNA replication is not triggered by the preceding DROPS but requires active phospholipid synthesis. Conversely, when DNA replication initiation was specifically blocked in a synchronized culture of a dnaC(Ts) mutant, two additional DROPS were observed, after which phospholipid synthesis continued at a constant rate for at least 60 min. Similarly, when DNA elongation was blocked by thymine starvation of a synchronized culture, one additional DROPS was observed, followed by linear phospholipid accumulation. Control experiments showed that specific inhibition of cell division by ampicillin, heat shock, or induction of the SOS response did not affect phospholipid synthesis, suggesting that the arrest of DROPS observed was due to the DNA replication block. The data are compatible with models in which the DROPS is triggered by an event associated with replication termination or chromosome segregation.",Escherichia coli,temperature,,
18997854,10.1139/w08-088,,no_pmc,2008,Canadian journal of microbiology,Evaluation of photoreactivation of Escherichia coli and Enterococci after UV disinfection of municipal wastewater.,"Because chlorine disinfection is not permitted in the province of Quebec, wastewater disinfection by ultraviolet (UV) light has been used for years in wastewater treatment plants. Thermotolerant coliforms discharge criteria are set for each plant and are adjusted by a factor of 1 log to compensate for photoreactivation in UV-disinfected effluents. The current study evaluated levels of Escherichia coli and enterococci photoreactivation from disinfected wastewater under varying temperature, visible light, and type of UV lamps. Escherichia coli photoreactivation increased significantly after exposure to 5600 lx compared with 1600 lx of visible light. This increase was significantly higher in warm water (25 degrees C) than cold water (4 degrees C). The level of photoreactivation of E. coli was also higher after wastewater disinfection by low-pressure UV lamps as opposed to medium-pressure UV lamps. Enterococci, however, were not photoreactivated under any test conditions. This result suggests that enterococci could be a better indicator than thermotolerant coliforms or E. coli. The use of enterococci would also eliminate the requirement to set different discharge criteria based on disinfection type (UV or chemical) and would also provide a better assessment of treatment efficiency for more resistant microorganisms.",Escherichia coli,temperature,,
10658654,10.1099/00221287-146-1-77,,no_pmc,2000,"Microbiology (Reading, England)",Chaperone-like activities of the CsaA protein of Bacillus subtilis.,"The growth and protein export defects of Escherichia coli secA51(Ts) strains can be suppressed by the CsaA protein of Bacillus subtilis. The present studies indicate that this effect can be attributed to chaperone-like activities of CsaA. First, CsaA stimulated protein export in secB, groES and dnaJ mutant strains of E. coli. Second, CsaA suppressed the growth defects of dnaK, dnaJ and grpE mutants of E. coli. Third, and most importantly, CsaA exhibited chaperone-like properties by stimulating the reactivation of heat-denatured firefly luciferase in groEL, groES, dnaK and grpE mutant strains of E. coli, and by preventing the aggregation of heat-denatured luciferase in vitro. Thus, it seems that CsaA suppresses the growth and secretion defects of E. coli secA(Ts) strains either by improving the translocation competence of exported pre-proteins, thereby making them better substrates for mutant SecA proteins, or by stimulating the translocation activity of mutant SecA proteins.",Escherichia coli,temperature,,
12373757,10.1002/1522-2683(200210)23:19<3300::AID-ELPS3300>3.0.CO;2-Q,,no_pmc,2002,Electrophoresis,Effect of bacteria growth temperature on the distribution of supercoiled DNA and its thermal stability.,"Changes in DNA supercoiling might be essential to generate the response of cellular machinery to temperature stress. The heat-induced structural transition for a topoisomer depends on the value of its specific linking difference. We detect only less negatively supercoiled DNA and an abundance of alternative irregular DNA forms at culture temperatures close to the growth limit of Escherichia coli. We show that the irregular forms are derived from regular plasmid DNAs and their population in the cells is temperature-dependent. Here, we show that it is possible to isolate and characterize individual DNA topoisomers directly from cells without a topoisomerase treatment. Temperature gradient gel electrophoresis (TGGE) and atomic force microscopy (AFM) were used to study the effect of bacteria growth temperature on the distribution of supercoiled DNA and its thermal stability.",Escherichia coli,temperature,,
11824762,10.1023/a:1013302924843,,no_pmc,2001,Journal of biomolecular NMR,Resonance assignments for cold-shock protein ribosome-binding factor A (RbfA) from Escherichia coli.,,Escherichia coli,temperature,,
11873911,,,no_pmc,2002,Journal of molecular microbiology and biotechnology,"Characterization of the ves gene, which is expressed at a low temperature in Escherichia coli.","A gene, designated ves, that is expressionally responsive to temperature was found in Escherichia coli. Experiments with a single-copy lacZ operon fusion and primer extension analysis revealed that ves was expressed at a low temperature with a peak around 25 degrees C but was hardly expressed at 42 degrees C. After a temperature downshift, the mRNA level increased until 6 to 12 h and then decreased. Consistently, an A + T-rich sequence similar to UP elements seen in cold-shock inducible cold-shock protein (Csp) genes was found up-stream of the ves promoter, and its 5'-untranslated region was found to share similarity with those of the cold-shock inducible and cold-adaptive cspA and cspB genes. Additionally, a putative down-stream box, which also exists in cold-inducible proteins, was found. The ves product was identified by overproduction and determination of its N-terminal sequence. Similarity of the C-terminal portion of Ves to the CspA family suggests that Ves belongs to this family. The results of gene-disruption experiments suggest that ves is not essential for E. coli.",Escherichia coli,temperature,,
19186550,,,no_pmc,2008,"Zhurnal mikrobiologii, epidemiologii i immunobiologii",[Development and use of a new growth medium for detection and identification of sanitary-indicative microorganisms].,"Threat of emergence and spreading of dangerous intestinal infections determines the necessity to control for water quality in its sources in respect of sanitary-indicative microorganisms, thermo-tolerant coliforms and lactose-negative intestinal bacilli testifying fecal pollution. Standard techniques for isolation of enterobacteria are based on use of lactose-containing inhibitory and non-inhibitory growth media such as lactase-peptone and Kessler media. Development of standard, effective, and reliable for use in laboratory conditions accumulation medium for detection of enterobacteria aimed to increase reliability of sanitary-bacteriological monitoring of objects of aquatic environment. Two variants of Eikman medium with an added indicator were designed for differentiation of enterobacteria on the basis of lactose and glucose fermentation with application of a thermo-tolerance test at 44-46 degrees C. Maximal accumulation of coliforms on the developed media in static cultivation conditions and at sensitivity on the level of individual cells was observed after 16 +/- 2 hours, whereas in control inhibitory media--after 22 +/- 2 hours. Studies on sterilization of the developed media in disposable packages byy-irradiation were conducted to elucidate the possibility of their use in field conditions performing analysis in flasks for preservation of high growth properties. In order to reduce time for analysis on confirmation of detection of thermotolerant coliforms, addition of tryptophan in composition of the media was provided, which allows to perform an indole test and definitively confirm the detection of Escherichia coli. Pilot industrial samples of designed media were successively passed the approbation.",Escherichia coli,temperature,,
32985020,10.1111/mmi.14614,PMC7984374,oa,2021,Molecular microbiology,A recently isolated human commensal Escherichia coli ST10 clone member mediates enhanced thermotolerance and tetrathionate respiration on a P1 phage-derived IncY plasmid.,"The ubiquitous human commensal Escherichia coli has been well investigated through its model representative E. coli K-12. In this work, we initially characterized E. coli Fec10, a recently isolated human commensal strain of phylogroup A/sequence type ST10. Compared to E. coli K-12, the 4.88 Mbp Fec10 genome is characterized by distinct single-nucleotide polymorphisms and acquisition of genomic islands. In addition, E. coli Fec10 possesses a 155.86 kbp IncY plasmid, a composite element based on phage P1. pFec10 harbours multiple cargo genes such as coding for a tetrathionate reductase and its corresponding regulatory two-component system. Among the cargo genes is also the Transmissible Locus of Protein Quality Control (TLPQC), which mediates tolerance to lethal temperatures in bacteria. The disaggregase ClpG<sub>GI</sub> of TLPQC constitutes a major determinant of the thermotolerance of E. coli Fec10. We confirmed stand-alone disaggregation activity, but observed distinct biochemical characteristics of ClpG<sub>GI-Fec10</sub> compared to the nearly identical Pseudomonas aeruginosa ClpG<sub>GI-SG17M.</sub> Furthermore, we noted a unique contribution of ClpG<sub>GI-Fec10</sub> to the exquisite thermotolerance of E. coli Fec10, suggesting functional differences between both disaggregases in vivo. Detection of thermotolerance in 10% of human commensal E. coli isolates hints to the successful establishment of food-borne heat-resistant strains in the human gut.",Escherichia coli,temperature,,
15849317,10.1093/nar/gki526,PMC1084324,oa,2005,Nucleic acids research,Inhibition of archaeal growth and DNA topoisomerase VI activities by the Hsp90 inhibitor radicicol.,"Type II DNA topoisomerases have been classified into two families, Topo IIA and Topo IIB, based on structural and mechanistic dissimilarities. Topo IIA is the target of many important antibiotics and antitumoural drugs, most of them being inactive on Topo IIB. The effects and mode of action of Topo IIA inhibitors in vitro and in vivo have been extensively studied for the last twenty-five years. In contrast, studies of Topo IIB inhibitors were lacking. To document this field, we have studied two Hsp90 inhibitors (radicicol and geldanamycin), known to interact with the ATP-binding site of Hsp90 (the Bergerat fold), which is also present in Topo IIB. Here, we report that radicicol inhibits the decatenation and relaxation activities of Sulfolobus shibatae DNA topoisomerase VI (a Topo IIB) while geldanamycin does not. In addition, radicicol has no effect on the Topo IIA Escherichia coli DNA gyrase. In agreement with their different effects on DNA topoisomerase VI, we found that radicicol can theoretically fit in the ATP-binding pocket of the DNA topoisomerase VI 'Bergerat fold', whereas geldanamycin cannot. Radicicol inhibited growths of Sulfolobus acidocaldarius (a crenarchaeon) and of Haloferax volcanii (a euryarchaeon) at the same doses that inhibited DNA topoisomerase VI in vitro. In contrast, the bacteria E.coli was resistant to this drug. Radicicol thus appears to be a very promising compound to study the mechanism of Topo IIB in vitro, as well as the biological roles of these enzymes in vivo.",Escherichia coli,temperature,,
2061284,10.1128/jb.173.13.4021-4026.1991,PMC208049,pmc_not_oa,1991,Journal of bacteriology,Lysis of Escherichia coli by beta-lactams which bind penicillin-binding proteins 1a and 1b: inhibition by heat shock proteins.,"The heat shock proteins (HSPs) of Escherichia coli were artificially induced in cells containing the wild-type rpoH+ gene under control of a tac promoter. At 30 degrees C, expression of HSPs produced cells that were resistant to lysis by cephaloridine and cefsulodin, antibiotics that bind penicillin-binding proteins (PBPs) 1a and 1b. This resistance could be reversed by the simultaneous addition of mecillinam, a beta-lactam that binds PBP 2. However, even in the presence of mecillinam, cells induced to produce HSPs were resistant to lysis by ampicillin, which binds all the major PBPs. Lysis of cells induced to produce HSPs could also be effected by imipenem, a beta-lactam known to lyse nongrowing cells. These effects suggest the existence of at least two pathways for beta-lactam-dependent lysis, one inhibited by HSPs and one not. HSP-mediated lysis resistance was abolished by a mutation in any one of five heat shock genes (dnaK, dnaJ, grpE, GroES, or groEL). Thus, resistance appeared to depend on the expression of the complete heat shock response rather than on any single HSP. Resistance to lysis was significant in the absence of the RelA protein, implying that resistance could not be explained by activation of the stringent response. Since many environmental stresses promote the expression of HSPs, it is possible that their presence contributes an additional mechanism toward development in bacteria of phenotypic tolerance to beta-lactam antibiotics.",Escherichia coli,temperature,,
16233755,10.1263/jbb.99.61,,no_pmc,2005,Journal of bioscience and bioengineering,Efficient utilization of ectoine by halophilic Brevibacterium species and Escherichia coli subjected to osmotic downshock.,"Halophilic and non-halophilic bacteria subjected to osmotic downshock, from 0.7 M NaCl to deionized water, were examined for their survival, with the uptake and utilization of the cyclic amino acid ectoine, one of the representative compatible solutes, being taken into account. The uptake of ectoine added externally and survival of the cells were monitored as a function of incubation time in the presence and absence of NaCl. The halophilic Brevibacterium sp. JCM 6894 and B. epidermidis JCM 2593 actively accumulated ectoine regardless of the presence of NaCl, which led to cell survival. Brevibacterium casei JCM 2594 belonging to the same Brevibacterium species, however, revealed Na+-dependence of its uptake activity of ectoine. Non-halophilic Escherichia coli K-12 did not accumulate ectoine, and thereby this strain failed to survive irrespective of whether NaCl was present. The physiological meanings of the downshock procedure are discussed in connection with the uptake and the subsequent utilization of ectoine.",Escherichia coli,temperature,,
24736846,10.1101/gad.238394.114,PMC4003281,oa,2014,Genes & development,Distinct regulatory mechanisms balance DegP proteolysis to maintain cellular fitness during heat stress.,"Intracellular proteases combat proteotoxic stress by degrading damaged proteins, but their activity must be carefully controlled to maintain cellular fitness. The activity of Escherichia coli DegP, a highly conserved periplasmic protease, is regulated by substrate-dependent allosteric transformations between inactive and active trimer conformations and by the formation of polyhedral cages that confine the active sites within a proteolytic chamber. Here, we investigate how these distinct control mechanisms contribute to bacterial fitness under heat stress. We found that mutations that increase or decrease the equilibrium population of active DegP trimers reduce high-temperature fitness, that a mutation that blocks cage formation causes a mild fitness decrease, and that combining mutations that stabilize active DegP and block cage formation generates a lethal rogue protease. This lethality is suppressed by an extragenic mutation that prevents covalent attachment of an abundant outer-membrane lipoprotein to peptidoglycan and makes this protein an inhibitor of the rogue protease. Lethality is also suppressed by intragenic mutations that stabilize inactive DegP trimers. In combination, our results suggest that allosteric control of active and inactive conformations is the primary mechanism that regulates DegP proteolysis and fitness, with cage formation providing an additional layer of cellular protection against excessive protease activity.",Escherichia coli,temperature,,
33671243,10.3390/ijms22041971,PMC7922944,oa,2021,International journal of molecular sciences,A Novel Protein from <i>Ectocarpus</i> sp. Improves Salinity and High Temperature Stress Tolerance in <i>Arabidopsis thaliana</i>.,"Brown alga <i>Ectocarpus</i> sp. belongs to Phaeophyceae, a class of macroalgae that evolved complex multicellularity. <i>Ectocarpus</i> sp. is a dominant seaweed in temperate regions, abundant mostly in the intertidal zones, an environment with high levels of abiotic stresses. Previous transcriptomic analysis of <i>Ectocarpus</i> sp. revealed several genes consistently induced by various abiotic stresses; one of these genes is <i>Esi0017_0056</i>, which encodes a protein with unknown function. Bioinformatics analyses indicated that the protein encoded by <i>Esi0017_0056</i> is soluble and monomeric. The protein was successfully expressed in <i>Escherichia coli,</i><i>Arabidopsis thaliana</i> and <i>Nicotiana benthamiana.</i> In <i>A. thaliana</i> the gene was expressed under constitutive and stress inducible promoters which led to improved tolerance to high salinity and temperature stresses. The expression of several key abiotic stress-related genes was studied in transgenic and wild type <i>A. thaliana</i> by qPCR. Expression analysis revealed that genes involved in ABA-induced abiotic stress tolerance, K<sup>+</sup> homeostasis, and chaperon activities were significantly up-regulated in the transgenic line. This study is the first report in which an unknown function <i>Ectocarpus</i> sp. gene, highly responsive to abiotic stresses, was successfully expressed in <i>A. thaliana</i>, leading to improved tolerance to salt and temperature stress.",Escherichia coli,temperature,,
9077460,10.1046/j.1365-2443.1996.d01-219.x,,no_pmc,1996,Genes to cells : devoted to molecular & cellular mechanisms,Complete growth inhibition of Escherichia coli by ribosome trapping with truncated cspA mRNA at low temperature.,"CspA, the major cold-shock protein of Escherichia coli, is transiently induced upon temperature downshift and considered to play an important role in low-temperature adaptation. Overproduction of truncated cspA mRNAs retaining translational ability was found to completely block cell growth at low temperatures. This effect was termed 'low-temperature antibiotic effect of truncated cspA expression (LACE)'. In contrast to the significant reduction of polysomes in normal cells upon cold shock, cells under LACE maintained a high polysome profile, producing only truncated cspA products. Growth inhibition of cells under LACE was suppressed when CspA was overproduced together with the truncated cspA mRNA. LACE is caused by the overproduction of a truncated cspA mRNA in the absence of CspA production, which in turn traps all the cellular ribosomes in a non-adaptive form incapable of forming initiation complexes with other cellular mRNAs. LACE may provide a novel approach to the development of a new antibiotic.",Escherichia coli,temperature,,
18548247,10.1007/s00253-008-1555-6,,no_pmc,2008,Applied microbiology and biotechnology,Enhancing survival of Escherichia coli by expression of azoreductase AZR possessing quinone reductase activity.,"Quinone reductase activity of azoreductase AZR from Rhodobacter sphaeroides was reported. High homologies were found in the cofactor/substrate-binding regions of quinone reductases from different domains. 3D structure comparison revealed that AZR shared a common overall topology with mammal NAD(P)H/quinone oxidoreductase NQO1. With menadione as substrate, the optimal pH value and temperature were pH 8-9 and 50 degrees C, respectively. Following the ping-pong kinetics, AZR transferred two electrons from NADPH to quinone substrate. It could reduce naphthoquinones and anthraquinones, such as menadione, lawsone, anthraquinone-2-sulfonate, and anthraquinone-2,6-disulfonate. However, no activity was detected with 1,4-benzoquinone. Dicoumarol competitively inhibited AZR's quinone reductase activity with respect to NADPH, with an obtained K (i) value of 87.6 microM. Significantly higher survival rates were obtained in Escherichia coli YB overexpressing AZR than in the control strain when treated by heat shock and oxidative stressors such as H(2)O(2) and menadione.",Escherichia coli,temperature,,
18318713,10.1111/j.1574-6941.2008.00453.x,,no_pmc,2008,FEMS microbiology ecology,Changes in Escherichia coli outer membrane subproteome under environmental conditions inducing the viable but nonculturable state.,"Changes in the outer membrane subproteome of Escherichia coli along the transition to the viable but nonculturable state (VBNC) were studied. The VBNC state was triggered by exposure of E. coli cells to adverse conditions such as aquatic systems, starvation, suboptimal temperature, visible light irradiation and seawater. The subproteome, obtained according to Molloy et al., was analysed at the beginning of exposure (inoculum, phase 1), after a variable exposure time (95% of population culturable, phase 2) and when populations were mainly in the VBNC state (95% of cells VBNC, phase 3). Proteome changes were dependent on adverse conditions inducing the transition and were detected mainly in phase 2. The permanence of E. coli cells in seawater under illumination conditions entailed a dramatic rearrangement of the outer membrane subproteome involving 106 new spots, some of which could be identified by peptide fingerprinting. However, proteins exclusive to the VBNC state were not detected.",Escherichia coli,temperature,,
8932299,10.1128/jb.178.22.6443-6450.1996,PMC178529,pmc_not_oa,1996,Journal of bacteriology,"Role of the Escherichia coli FadR regulator in stasis survival and growth phase-dependent expression of the uspA, fad, and fab genes.","The increased expression of the uspA gene of Escherichia coli is an essential part of the cell's response to growth arrest. We demonstrate that stationary-phase activation of the uspA promoter is in part dependent on growth phase-dependent inactivation or repression of the FadR regulator. Transcription of uspA is derepressed during exponential growth in fadR null mutants or by including the fatty acid oleate in the growth medium of FadR+ cells. The results of DNA footprinting analysis show that FadR binds downstream of the uspA promoter in the noncoding region. Thus, uspA is a member of the fadR regulon. All the fad-lacZ fusions examined (fadBA, fadL, and fadD) are increasingly expressed in stationary phase with kinetics similar to that of the increased expression of uspA. In contrast, beta-galactosidase levels decrease during stationary phase in a fabA-lacZ lysogen, consistent with the role of FadR as an activator of fabA. The growth phase-dependent increased and decreased transcription of fad genes and fabA, respectively, is dependent on the status of the fadR gene. Cells carrying a mutation in the FadR gene (fadRS219N) that makes it nonderepressible exhibit a weak stationary-phase induction of uspA and fad genes. In addition, cells carrying fadRS219N survive long-term stasis poorly, indicating that FadR-dependent alterations in fatty acid metabolism are an integral and important part of the adaptation to stationary phase.",Escherichia coli,temperature,,
15664909,10.1128/IAI.73.2.712-721.2005,PMC546957,pmc_not_oa,2005,Infection and immunity,HtrA stress protein is involved in intramacrophagic replication of adherent and invasive Escherichia coli strain LF82 isolated from a patient with Crohn's disease.,"Adherent and invasive Escherichia coli (AIEC) bacteria isolated from Crohn's disease patients are able to greatly replicate within macrophages without escaping from the phagosome and without inducing macrophage death. In the present study, evidence is provided that in AIEC strain LF82 the htrA gene encoding the stress protein HtrA is essential for intracellular replication within J774-A1 macrophages. Deletion of the htrA gene in strain LF82 induced increased sensitivity of the isogenic mutant to oxidative stress caused by hydrogen peroxide and a reduced rate of growth in an acid and nutrient-poor medium partly reproducing the microenvironment of the phagosome. In vitro experiments using an LF82 htrA gene promoter fusion with the lacZ gene revealed a 38-fold activation of the promoter in AIEC LF82 intramacrophagic bacteria. The CpxRA two-component signaling pathway was not involved in this activation. In addition, the activation of the LF82 htrA gene promoter was not observed in the nonpathogenic E. coli K-12 intramacrophagic bacteria, indicating that the AIEC LF82 genetic background is crucial for induction of htrA gene transcription during phagocytosis.",Escherichia coli,temperature,,
9271843,,,no_pmc,1997,Acta microbiologica Polonica,Escherichia coli defects caused by null mutations in dnaK and dnaJ genes.,"Escherichia coli dnaJ and dnaKdnaJ mutants are defective in cell growth and survival at high temperature. Lack of DnaK and DnaJ proteins results in cell filamentation and leads to the defect in motility. Synthesis of DNA and protein is inhibited at 42 degrees C, especially in double-deletion mutant. Degradation of protein was observed in both mutants at high temperature. Complementation of these defects can be achieved by the expression of the wild-type alleles from low-copy number plasmid.",Escherichia coli,temperature,,
32764655,10.1038/s41598-020-70047-5,PMC7413402,oa,2020,Scientific reports,Insight into the dual function of lipid phosphate phosphatase PgpB involved in two essential cell-envelope metabolic pathways in Escherichia coli.,"Ubiquitous PAP2 lipid phosphatases are involved in a wide array of central physiological functions. PgpB from Escherichia coli constitutes the archetype of this subfamily of membrane proteins. It displays a dual function by catalyzing the biosynthesis of two essential lipids, the phosphatidylglycerol (PG) and the undecaprenyl phosphate (C<sub>55</sub>-P). C<sub>55</sub>-P constitutes a lipid carrier allowing the translocation of peptidoglycan subunits across the plasma membrane. PG and C<sub>55</sub>-P are synthesized in a redundant manner by PgpB and other PAP2 and/or unrelated membrane phosphatases. Here, we show that PgpB is the sole, among these multiple phosphatases, displaying this dual activity. The inactivation of PgpB does not confer any apparent growth defect, but its inactivation together with another PAP2 alters the cell envelope integrity increasing the susceptibility to small hydrophobic compounds. Evidence is also provided of an interplay between PAP2s and the peptidoglycan polymerase PBP1A. In contrast to PGP hydrolysis, which relies on a His/Asp/His catalytic triad of PgpB, the mechanism of C<sub>55</sub>-PP hydrolysis appeared as only requiring the His/Asp diad, which led us to hypothesize distinct processes. Moreover, thermal stability analyses highlighted a substantial structural change upon phosphate binding by PgpB, supporting an induced-fit model of action.",Escherichia coli,temperature,,
9380743,10.1073/pnas.94.20.10967,PMC23547,pmc_not_oa,1997,Proceedings of the National Academy of Sciences of the United States of America,"Expression of a gene encoding a 16.9-kDa heat-shock protein, Oshsp16.9, in Escherichia coli enhances thermotolerance.","A gene encoding the rice 16.9-kDa class I low-molecular-mass (LMM) heat-shock protein (HSP), Oshsp16.9, was introduced into Escherichia coli using the pGEX-2T expression vector to analyze the possible function of this LMM HSP under heat stress. It is known that E. coli does not normally produce class I LMM HSPs. We compared the survivability of E. coli XL1-Blue cells transformed with a recombinant plasmid containing a glutathione S-transferase (GST)-Oshsp16.9 fusion protein (pGST-FL cells) with the control E. coli cells transformed with the pGEX-2T vector (pGST cells) under heat-shock (HS) after isopropyl beta-D-thiogalactopyranoside induction. The pGST-FL cells demonstrated thermotolerance at 47.5 degrees C, a treatment that was lethal to the pGST cells. When the cell lysates from these two E. coli transformants were heated at 55 degrees C, the amount of protein denatured in the pGST-FL cells was 50% less than that of the pGST cells. Similar results as pGST-FL cells were obtained in pGST-N78 cells (cells produced a fusion protein with only the N-terminal 78 aa in the Oshsp16.9 portion) but not in pGST-C108 cells (cells produced a fusion protein with C-terminal 108 aa in the Oshsp16.9 portion). The acquired thermotolerant pGST-FL cells synthesized three types of HSPs, including the 76-, 73-, and 64-kDa proteins according to their abundance at a lethal temperature of 47.5 degrees C. This finding indicates that a plant class I LMM HSP, when effectively expressed in transformed prokaryotic cells that do not normally synthesize this class of LMM HSPs, may directly or indirectly increase thermotolerance.",Escherichia coli,temperature,,
34416960,10.1016/j.fm.2021.103860,,no_pmc,2021,Food microbiology,Bacterial quality and safety of raw beef: A comparison between Finland and Nigeria.,"Beef can easily be contaminated with bacteria during the meat production chain. In this work, we studied the contamination levels of mesophilic aerobic bacteria (MAB) and thermotolerant coliform bacteria (TCB) on raw beef surfaces from small shops in Helsinki, Finland and meat markets in Benin City, Nigeria. We also investigated the prevalence of Salmonella, Campylobacter, Yersinia, Shiga toxin-producing Escherichia coli (STEC), Listeria, and cephalosporin-resistant E. coli (CREC). In total, one hundred unpacked raw beef samples from Finland and Nigeria were collected in 2019. The median MAB and TCB counts were significantly (P < 0.001) higher on beef from Nigeria than from Finland. The median MAB and TCB counts in Nigeria were 7.5 and 4.0 log<sub>10</sub> cfu/cm<sup>2</sup>, respectively, and 6.5 and 2.8 log<sub>10</sub> cfu/cm<sup>2</sup> in Finland, respectively. Most (94%) Nigerian samples were unacceptable according to limits set by the EU. Beef samples from meat markets in Benin City were significantly (P < 0.05) more frequently contaminated with Salmonella, STEC, and CREC than beef samples from small shops in Helsinki. Salmonella, STEC, and CREC were isolated from 30, 36, and 96% of Nigerian samples, respectively, and from <2, 12, and 2% of Finnish samples, respectively. Our study demonstrates a significant difference between the bacterial contaminations of raw beef in Nigeria and Finland, along with a possible misuse of cephalosporins in animal husbandry in Nigeria.",Escherichia coli,temperature,,
11252494,10.1016/s0168-1605(00)00463-3,,no_pmc,2001,International journal of food microbiology,Survival of Escherichia coli O157:H7 in frozen foods: impact of the cold shock response.,"The survival of Escherichia coli O157:H7 strains in both frozen foods and trypticase soy broth (TSB) was investigated following cold shocking at 10 degrees C for 1.5 h. Using both trypticase soy agar (TSA) and violet red bile agar (VRBA) as recovery media, it was demonstrated that survival levels between cold shocked (CS) and non-cold shocked (NS) E. coli in ground beef or pork were not significantly different (P < or = 0.05). In contrast, cold shocking E. coli in either milk, whole egg or sausage resulted in a significant(P < or = 0.05) enhancement in survival. For milk, survival levels of CS E. coli, by 28 days of frozen storage, were 1.89 and 1.66 log10 cfu/ml higher on TSA and VRBA, respectively, when compared to NS cells. In egg these values were 0.64 and 1.31, while in sausage, values of 0.74 and 1.19 were obtained. In TSB (pH 7) survival of CS E. coli for some strains was about 3 log10 cfu/ml higher when compared to NS cells. Acidification of TSB (pH 5), however, appeared to negate the protective effects of the cold shock treatment. In milk, increasing the differential between the growth and cold shock temperatures resulted in higher numbers of survivors. In this regard the growth-cold shock temperature protocol giving optimum protection was 37-10 degrees C. In contrast, growth of E. coli at 20 degrees C followed by cold shocking at 10 degrees C did not result in any significant freeze protection. In addition, increased protection due to cold shocking was correlated with the appearance of a novel protein appearing at pI 4.8 following isoelectric focusing analysis, thus demonstrating an alteration of protein synthesis.",Escherichia coli,temperature,,
1447099,10.1152/jappl.1992.73.4.1517,,no_pmc,1992,"Journal of applied physiology (Bethesda, Md. : 1985)",Acute heat stress protects rats against endotoxin shock.,"The purpose of this study was to determine 1) whether prior (24-h) heat stress could render rats cross-resistant to the lethal activity of bacterial lipopolysaccharide (LPS) and 2) whether this acquired state of resistance is associated with endotoxemia during the heat stress event. Four groups (n = 7/group) of rats were examined: 1) saline treated, 2) LPS treated, 3) heat stressed and saline treated, and 4) heat stressed and LPS treated. Saline or LPS (Escherichia coli, serotype 0111:B4, 20 mg/kg body wt) was given intravenously 24 h after exposure to heat (ambient temperature 47-50 degrees C, relative humidity 30%) for heat-stressed rats and at the same time of day for nonheated rats; survival was monitored for 48 h. Thermal responses were similar (P > 0.05); values for maximum core temperature (Tc) and time above Tc of 40 degrees C were 42.7 +/- 0.1 and 42.6 +/- 0.1 degrees C (SE) and 44.0 +/- 2.1 and 47.9 +/- 3.7 (SE) min for the heat-stressed saline-treated and heat-stressed LPS-treated rats, respectively. Administration of LPS to nonheated rats resulted in 71.4% (5 of 7 rats) lethality. In contrast, all (7 of 7) rats subjected to a single nonlethal heat stress event 24 h before LPS treatment survived (P < 0.05). Endotoxin was not detected in arterial plasma immediately after heat stress in rats (n = 6) exposed to a Tc of 42.9 +/- 0.1 degrees C. These findings demonstrate that acute heat stress can protect rats from the lethal activity of LPS.",Escherichia coli,temperature,,
10200963,10.1046/j.1365-2958.1999.01284.x,,no_pmc,1999,Molecular microbiology,"Characterization of Escherichia coli cspE, whose product negatively regulates transcription of cspA, the gene for the major cold shock protein.","Escherichia coli contains nine members of the CspA protein family from CspA to Cspl. To elucidate the cellular function of CspE, we constructed a delta cspE strain. CspE is highly produced at 37 degrees C. The synthesis level of CspE transiently increased during the growth lag period after dilution of stationary-phase cells into the fresh medium at 37 degrees C. This is consistent with the delta cspE phenotype of the longer growth lag period after dilution. The protein synthesis patterns of the delta cspE strain and the wild-type strain were compared using two-dimensional gel electrophoresis. In the delta cspE strain, the synthesis of a number of proteins at 37 degrees C was found to be altered and cspA was derepressed. The derepression of cspA in the delta cspE strain was at the level of transcription in a promoter-independent fashion but was not caused by stabilization of the cspA mRNA, which was shown to be a major cause of CspA induction after cold shock. In vitro transcription assays demonstrated that both CspE and CspA enhanced transcription pause at the region immediately downstream of the cold box, a putative repressor binding site on the cspA mRNA. In a cell-free protein synthesis system using S-30 cell extracts, CspA production was specifically inhibited by the addition of CspE. These results indicate that CspE functions as a negative regulator for cspA expression at 37 degrees C, probably by interacting with the transcription elongation complex at the cspA cold box region.",Escherichia coli,temperature,,
30417965,10.1002/biot.201800483,,no_pmc,2019,Biotechnology journal,Improved Thermotolerance of Genome-Reduced Pseudomonas putida EM42 Enables Effective Functioning of the P<sub>L</sub> /cI857 System.,"The higher intracellular ATP levels of genome-edited strains of P. putida that result from deleting various energy-consuming functions has been exploited for expanding the window of thermal tolerance of this bacterium. Unlike instant growth halt and eventual death of the naturally occurring strain P. putida KT2440 at 42 °C, the EM42 variant maintained growth and viability of most of the population at the higher temperature for at least 6 h. The authors took advantage of this quality for implementing a robust thermo-inducible heterologous expression device in this species. To this end, the cI857/P<sub>L</sub> pair of the lambda phage of Escherichia coli was reshaped as a functional cargo that followed the SEVA (Standard European Vector Architecture) format. Quantitation of the transcriptional output of the resulting expression device with GFP reporter technology in various gene dosages identified conditions of unprecedented induced/uninduced ratios (>300 folds) and very high total transcriptional capacity in this bacterial host. The broad-host range nature of the cognate replication origins makes expression vectors pSEVA2214 (low plasmid copy number), pSEVA2314 (medium), and pSEVA2514 (high) to cover a wide range of heterologous expression needs in P. putida and possibly other Gram-negative species.",Escherichia coli,temperature,,
10945574,10.4315/0362-028x-63.8.1021,,no_pmc,2000,Journal of food protection,Heat inactivation of Escherichia coli O157:H7 in apple juice exposed to chlorine.,"Exposure of Escherichia coli O157:H7 to chlorine before heat treatment results in increased production of heat shock proteins. Current heating regimens for pasteurizing apple cider do not account for chlorine exposure in the wash water. This research determined the effect of sublethal chlorine treatment on thermal inactivation of E. coli O157:H7. D58-values were calculated for stationary-phase cells exposed to 0.6 mg/liter of total available chlorine and unchlorinated cells in commercial shelf-stable apple juice (pH 3.6). D58-values for unchlorinated and chlorine-exposed cells in buffer were 5.45 and 1.65 min, respectively (P < 0.01). Death curves of chlorine-exposed and unchlorinated cells in apple juice were not completely linear. Unchlorinated cells heated in apple juice exhibit a 3-min delay before onset of linear inactivation. Chlorine treatment eliminated this shoulder, indicating an overall loss of thermotolerance. The linear portion of each curve represented a small fraction of the total population. D58-values calculated from these populations are 0.77 min for unexposed cells and 1.19 min for chlorine-exposed cells (P = 0.05). This indicates that a subpopulation of chorine-treated cells is possibly more resistant to heat because of chlorine treatment. The effect of chlorine treatment, however, is insignificant when compared with the effect of losing the shoulder. This is illustrated by the time required to kill the initial 90% of the cell population. This is observed to be 3.14 min for unchlorinated versus 0.3 min for chlorine-exposed cells (P < 0.001). These observations indicate that current heat treatments need not be adjusted for the effect of chlorine treatment.",Escherichia coli,temperature,,
2900239,10.1128/jb.170.8.3640-3649.1988,PMC211339,pmc_not_oa,1988,Journal of bacteriology,Isolation and characterization of Escherichia coli mutants that lack the heat shock sigma factor sigma 32.,"The product of the Escherichia coli rpoH (htpR) gene, sigma 32, is required for heat-inducible transcription of the heat shock genes. Previous studies on the role of sigma 32 in growth at low temperature and in gene expression involved the use of nonsense and missense rpoH mutations and have led to ambiguous or conflicting results. To clarify the role of sigma 32 in cell physiology, we have constructed loss-of-function insertion and deletion mutations in rpoH. Strains lacking sigma 32 are extremely temperature sensitive and grow only at temperatures less than or equal to 20 degrees C. There is no transcription from the heat shock promoters preceding the htpG gene or the groESL and dnaKJ operons; however, several heat shock proteins are produced in the mutants. GroEL protein is present in the rpoH null mutants, but its synthesis is not inducible by a shift to high temperature. The low-level synthesis of GroEL results from transcription initiation at a minor sigma 70-controlled promoter for the groE operon. DnaK protein synthesis cannot be detected at low temperature, but can be detected after a shift to 42 degrees C. The mechanism of this heat-inducible synthesis is not known. We conclude that sigma 32 is required for cell growth at temperatures above 20 degrees C and is required for transcription from the heat shock promoters. Several heat shock proteins are synthesized in the absence of sigma 32, indicating that there are additional mechanisms controlling the synthesis of some heat shock proteins.",Escherichia coli,temperature,,
23770902,10.1128/AEM.00958-13,PMC3754711,pmc_not_oa,2013,Applied and environmental microbiology,Whole-genome transcriptional analysis of Escherichia coli during heat inactivation processes related to industrial cooking.,"Escherichia coli K-12 was grown to the stationary phase, for maximum physiological resistance, in brain heart infusion (BHI) broth at 37°C. Cells were then heated at 58°C or 60°C to reach a process lethality value \[\mathbf{\left(}{{\mathit{F}}^{\mathit{o}}}_{\mathbf{70}}^{\mathbf{10}}\mathbf{\right)} \] of 2 or 3 or to a core temperature of 71°C (control industrial cooking temperature). Growth recovery and cell membrane integrity were evaluated immediately after heating, and a global transcription analysis was performed using gene expression microarrays. Only cells heated at 58°C with F(o) = 2 were still able to grow on liquid or solid BHI broth after heat treatment. However, their transcriptome did not differ from that of bacteria heated at 58°C with F(o) = 3 (P value for the false discovery rate [P-FDR] > 0.01), where no growth recovery was observed posttreatment. Genome-wide transcriptomic data obtained at 71°C were distinct from those of the other treatments without growth recovery. Quantification of heat shock gene expression by real-time PCR revealed that dnaK and groEL mRNA levels decreased significantly above 60°C to reach levels similar to those of control cells at 37°C (P < 0.0001). Furthermore, despite similar levels of cell inactivation measured by growth on BHI media after heating, 132 and 8 genes were differentially expressed at 71°C compared to 58°C and 60°C at F(o) = 3, respectively (P-FDR < 0.01). Among them, genes such as aroA, citE, glyS, oppB, and asd, whose expression was upregulated at 71°C, may be worth investigating as good biomarkers for accurately determining the efficiency of heat treatments, especially when cells are too injured to be enumerated using growth media.",Escherichia coli,temperature,,
18980646,10.1111/j.1365-313X.2008.03732.x,,no_pmc,2009,The Plant journal : for cell and molecular biology,"A mutation in Thermosensitive Male Sterile 1, encoding a heat shock protein with DnaJ and PDI domains, leads to thermosensitive gametophytic male sterility in Arabidopsis.","In most flowering plant species, pollination and fertilization occur during the hot summer, so plants must have evolved a mechanism that ensures normal growth of their pollen tubes at high temperatures. Despite its importance to plant reproduction, little is known about the molecular basis of thermotolerance in pollen tubes. Here we report the identification and characterization of a novel Arabidopsis gene, Thermosensitive Male Sterile 1 (TMS1), which plays an important role in thermotolerance of pollen tubes. TMS1 encodes a Hsp40-homologous protein with a DnaJ domain and an a_ERdj5_C domain found in protein disulfide isomerases (PDI). Purified TMS1 expressed in Escherichia coli (BL21 DE3) had the reductive activity of PDI. TMS1 was expressed in pollen grains, pollen tubes and other vegetative tissues, including leaves, stems and roots. Heat shock treatment at 37 degrees C increased its expression levels in growing pollen tubes as well as in vegetative tissues. A knockout mutation in TMS1 grown at 30 degrees C had greatly retarded pollen tube growth in the transmitting tract, resulting in a significant reduction in male fertility. Our study suggests that TMS1 is required for thermotolerance of pollen tubes in Arabidopsis, possibly by functioning as a co-molecular chaperone.",Escherichia coli,temperature,,
16995510,10.4315/0362-028x-69.9.2091,,no_pmc,2006,Journal of food protection,Lethality of commercial whole-muscle beef jerky manufacturing processes against Salmonella serovars and Escherichia coli O157:H7.,"Thermal processes used in making whole-muscle beef jerky include a drying step, which may result in enhanced pathogen thermotolerance and evaporative cooling that reduce process lethality. Several salmonellosis outbreaks have been associated with beef jerky. In this study, a standardized process was used to inoculate beef strips with five-strain cocktails of either Salmonella serovars or Escherichia coli O157:H7, to marinate the strips at pH 5.3 for 22 to 24 h at 5 degrees C, and to convert the strips to jerky using various heating and drying regimes. Numbers of surviving organisms were determined during and after heating and drying. Salmonella reductions of > or = 6.4 log CFU and similar reductions in E. coli O157:H7 were best achieved by ensuring that high wet-bulb temperatures were reached and maintained early in the process (51.7 or 54.4 degrees C for 60 min, 57.2 degrees C for 30 min, or 60 degrees C for 10 min) followed by drying at 76.7 degrees C (dry-bulb temperature). Processes with less lethality that reduced counts of both pathogens by > or = 5.0 log CFU were (i) heating and drying at 76.7 degrees C (dry bulb) within 90 min of beginning the process, (ii) heating for successive hourly intervals at 48.9, 54.4, 60, and 76.7 degrees C (dry bulb), and (iii) heating at 51.7 degrees C (dry bulb) and then drying at 76.7 degrees C (dry bulb), starting before the product water activity dropped below 0.86. In several trials, separate beef strips were inoculated with a commercial Pediococcus acidilactici starter culture as a potential surrogate for evaluating pathogen thermotolerance. The results of these trials suggested that this experimental approach may be useful for in-plant validation of process lethality.",Escherichia coli,temperature,,
29216232,10.1371/journal.pone.0188853,PMC5720752,oa,2017,PloS one,Indole at low concentration helps exponentially growing Escherichia coli survive at high temperature.,"A culture of stationary phase Escherichia coli cells has been reported to produce copious indole when exposed to high temperature (50°C), and this response has been proposed to aid survival. We reinvestigated this phenomenon and found that indole production under these conditions is probably not a direct response to heat stress. Rather, E. coli produces indole when growth is prevented, irrespective of whether this is due to heat stress, antibiotic treatment or the removal of nutrients. Moreover, 300μM indole produced at 50°C does not improve the viability of heat stressed cells. Interestingly, a much lower concentration of indole (20 μM) improves the survival of an indole-negative strain (ΔtnaA) when heat stressed during exponential growth. In addition we have shown that the distribution of tryptophanase, the enzyme responsible for indole synthesis, is highly heterogeneous among cells in a population, except during the transition between exponential and stationary phases. The observation that, despite the presence of the tryptophanase, very little indole is produced during early exponential phase suggests that there is post-translational regulation of the enzyme.",Escherichia coli,temperature,,
23133404,10.1371/journal.pgen.1003037,PMC3486835,oa,2012,PLoS genetics,A bacteriophage-encoded J-domain protein interacts with the DnaK/Hsp70 chaperone and stabilizes the heat-shock factor σ32 of Escherichia coli.,"The universally conserved J-domain proteins (JDPs) are obligate cochaperone partners of the Hsp70 (DnaK) chaperone. They stimulate Hsp70's ATPase activity, facilitate substrate delivery, and confer specific cellular localization to Hsp70. In this work, we have identified and characterized the first functional JDP protein encoded by a bacteriophage. Specifically, we show that the ORFan gene 057w of the T4-related enterobacteriophage RB43 encodes a bona fide JDP protein, named Rki, which specifically interacts with the Escherichia coli host multifunctional DnaK chaperone. However, in sharp contrast with the three known host JDP cochaperones of DnaK encoded by E. coli, Rki does not act as a generic cochaperone in vivo or in vitro. Expression of Rki alone is highly toxic for wild-type E. coli, but toxicity is abolished in the absence of endogenous DnaK or when the conserved J-domain of Rki is mutated. Further in vivo analyses revealed that Rki is expressed early after infection by RB43 and that deletion of the rki gene significantly impairs RB43 proliferation. Furthermore, we show that mutations in the host dnaK gene efficiently suppress the growth phenotype of the RB43 rki deletion mutant, thus indicating that Rki specifically interferes with DnaK cellular function. Finally, we show that the interaction of Rki with the host DnaK chaperone rapidly results in the stabilization of the heat-shock factor σ(32), which is normally targeted for degradation by DnaK. The mechanism by which the Rki-dependent stabilization of σ(32) facilitates RB43 bacteriophage proliferation is discussed.",Escherichia coli,temperature,,
30420452,10.1128/JB.00610-18,PMC6349089,pmc_not_oa,2019,Journal of bacteriology,Importance of Pyruvate Sensing and Transport for the Resuscitation of Viable but Nonculturable <i>Escherichia coli</i> K-12.,"<i>Escherichia coli</i> and many other bacterial species can enter into a viable but nonculturable (VBNC) state, which is a survival strategy adopted by cells exposed to adverse environmental conditions. Pyruvate is known to be one factor that promotes resuscitation of VBNC cells. Here we studied the role of a pyruvate-sensing network, composed of the histidine kinase-response regulator systems BtsS/BtsR and YpdA/YpdB and the target gene <i>btsT</i>, encoding the high-affinity pyruvate/H<sup>+</sup> symporter BtsT, in the resuscitation of VBNC <i>E. coli</i> K-12 cells after exposure to cold for 120 days. Analysis of the proteome of VBNC cells revealed upregulation, relative to exponentially growing cells, of BtsT and other proteins involved in pyruvate metabolism. Provision of pyruvate stimulated protein and DNA biosynthesis, and thus resuscitation, in wild-type but not <i>btsSR ypdAB</i> mutant VBNC cells. This result was corroborated by time-dependent tracking of the resuscitation of individual VBNC <i>E. coli</i> cells observed in a microfluidic system. Finally, transport assays revealed that <sup>14</sup>C-labeled pyruvate was rapidly taken up into VBNC cells by BtsT. These results provide the first evidence that pyruvate is taken up as a carbon source for the resuscitation of VBNC <i>E. coli</i> cells.<b>IMPORTANCE</b> Viable but nonculturable (VBNC) bacteria do not form colonies in standard medium but otherwise retain their metabolic activity and can express toxic proteins. Many bacterial genera, including <i>Escherichia</i>, <i>Vibrio</i>, and <i>Listeria</i>, have been shown to enter the VBNC state upon exposure to adverse conditions, such as low temperature, radiation, and starvation. Ultimately, these organisms pose a public health risk with potential implications for the pharmaceutical and food industries, as dormant organisms are especially difficult to selectively eliminate and VBNC bacteria can be resuscitated if placed in an environment with appropriate nutrition and temperature. Here we used a microfluidic system to monitor the resuscitation of single VBNC cells over time. We provide new molecular insights into the initiation of resuscitation by demonstrating that VBNC <i>E. coli</i> cells rapidly take up pyruvate with an inducible high-affinity transporter, whose expression is triggered by the BtsSR-YpdAB sensing network.",Escherichia coli,temperature,,
36066817,10.1007/s12602-022-09989-3,,no_pmc,2023,Probiotics and antimicrobial proteins,Diets Supplemented with Probiotics Improve the Performance of Broilers Exposed to Heat Stress from 15 Days of Age.,"The poultry sector demands alternative additives to antibiotics that can be used as performance enhancers. Therefore, this experiment was conducted to evaluate the probiotics effects on performance, intestinal health, and redox status of 720 broilers exposed to heat stress from 15 days of age. Eight dietary treatments were evaluated: basal diet (BD) without antibiotic and probiotic (T1); BD supplemented with antibiotic zinc bacitracin (T2), BD supplemented with commercial probiotic of Bacillus subtilis DSM 17,299 (T3), BD supplemented with non-commercial probiotic of Lactococcus lactis NCDO 2118, Lactobacillus delbrueckii CNRZ 327, Escherichia coli CEC15, or Saccharomyces boulardii (T4 to T7), and BD simultaneously supplemented with the four non-commercial probiotics (T8). Feed intake, weight gain, and feed conversion were determined in the period from 1 to 42 days of age. Carcass and cuts yield, abdominal fat deposition, cloacal temperature, weight and length of intestine, activity of myeloperoxidase and eosinophilic peroxidase enzymes in the jejunum, jejunal histomorphometry, relative gene expression in the jejunum (occludin, zonulin, interleukin-8, cholecystokinin, ghrelin, and heat shock protein-70), and liver (heat shock protein-70), in addition to malondialdehyde level and superoxide dismutase activity in the intestine, liver, and blood, were measured in broilers at 42 days old. As main results, broilers fed T1 diet exhibited lower weight gain (3.222 kg) and worse feed conversion (1.70 kg/kg). However, diets containing non-commercial probiotics resulted in up to 3.584 kg of weight gain and improved feed conversion by up to 10%, similar to that observed for broilers of the T2 and T3 groups.",Escherichia coli,temperature,,
1732210,10.1128/jb.174.3.743-748.1992,PMC206150,pmc_not_oa,1992,Journal of bacteriology,Role of the heat shock response in stability of mRNA in Escherichia coli K-12.,"The heat shock response in Escherichia coli involves extensive induction of the heat shock proteins, with the concomitant suppression of the synthesis of the non-heat shock proteins. While the induction of the heat shock proteins has been shown to occur primarily at the transcriptional level, the suppression of non-heat shock proteins is poorly understood. We have investigated the possibility that an increased decay of non-heat shock mRNAs is a means of decreasing the synthesis of non-heat shock proteins during the heat shock response. Heat shock response-defective strains were compared with wild-type controls by several criteria to evaluate both mRNA stability and the induction of enzymes known to be involved in mRNA turnover. Our results indicate that increased mRNA decay is not a mechanism used to regulate the synthesis of non-heat shock proteins.",Escherichia coli,temperature,,
31211484,10.1002/jbt.22344,,no_pmc,2019,Journal of biochemical and molecular toxicology,AgsA response to cadmium and copper effects at different temperatures in Escherichia coli.,"Small heat shock proteins (sHsps), present from prokaryotes to eukaryotes, are a highly conserved molecular chaperone family. They play a crucial role in protecting organisms against cellular insults from single or multiple environmental stressors including heavy metal exposure, heat or cold shock, oxidative stress, desiccation, etc. Here, the toxicity of cadmium and copper, and their ability to modify the cellular growth rate at different temperatures in Escherichia coli cells were tested. Also, the response mechanism of the sHSP aggregation-suppressing protein (AgsA) in such multiple stress conditions was investigated. The results showed that the half effect concentration (EC<sub>50</sub> ) of cadmium in AgsA-transformed E. coli cells at 37°C, 42°C, and 50°C were 11.106, 29.50, and 4.35 mg/L, respectively, and that of the control cells lacking AgsA were 5.05, 0.93, and 0.18 mg/L, respectively, while the half effect concentration (EC<sub>50</sub> ) of copper in AgsA-transformed E. coli cells at 37°C, 42°C, and 50°C were 27.3, 3.40, and 1.28 mg/L, respectively, and that of the control cells lacking AgsA were 27.7, 5.93, and 0.134 mg/L, respectively. The toxicities of cadmium and copper at different temperatures as observed by their modification of the cellular growth rate and inhibitory effects were in a dose-dependent manner. Additionally, biochemical characterization of AgsA protein in cells subjected to cadmium and copper stresses at different temperatures implicated suppressed aggregation of cellular proteins in AgsA-transformed E. coli cells. Altogether, our data implicate the AgsA protein as a sensitive protein-based biomarker for metal-induced toxicity monitoring.",Escherichia coli,temperature,,
1409717,10.1073/pnas.89.20.9885,PMC50238,pmc_not_oa,1992,Proceedings of the National Academy of Sciences of the United States of America,A protein methyltransferase specific for altered aspartyl residues is important in Escherichia coli stationary-phase survival and heat-shock resistance.,"Proteins are subject to spontaneous degradation reactions including the deamidation, isomerization, and racemization of asparaginyl and aspartyl residues. A major product of these reactions, the L-isoaspartyl residue, is recognized with high affinity by the protein-L-isoaspartate(D-aspartate) O-methyltransferase (EC 2.1.1.77). This enzyme catalyzes the methyl esterification of the L-isoaspartyl residue in a reaction that can initiate its conversion to the normal aspartyl configuration. To directly study the physiological role of this methyltransferase, especially with respect to the potential repair of isomerized aspartyl residues in aging proteins, we examined the ability of the bacterium Escherichia coli to survive in the absence of its activity. We utilized gene disruption techniques to replace the chromosomal copy of the pcm gene that encodes the methyltransferase with a kanamycin-resistance cassette to produce mutants that have no detectable L-isoaspartyl methyltransferase activity. Although no changes in exponential-phase growth were observed, pcm- mutants did not survive well upon extended culture into stationary phase or upon heat challenge at 55 degrees C. These results provide genetic evidence for a role of the L-isoaspartyl methyltransferase in the metabolism of altered proteins that can accumulate in aging cells and limit their viability.",Escherichia coli,temperature,,
9878565,10.1006/bbrc.1998.9766,,no_pmc,1998,Biochemical and biophysical research communications,Overexpression of dnaK/dnaJ and groEL confers freeze tolerance to Escherichia coli.,"Heat shock proteins not only can protect host cells against heat stress, they can also enable freeze tolerance as well. With respect to this unexpected feature, we are able to show that, at least in Escherichia coli, the heat shock proteins DnaK/DnaJ and GroEL play a very significant role. We found that the recovery rate of E. coli cultures that had been stored at -80 degreesC in the absence of any cryoprotectant was related to the abundance of these heat shock proteins accumulated before the freeze treatment. Before freezing, the DnaK in the bacterial cells was induced to accumulate to a level comparable to that produced in response to heat shock. After the freezing treatment, the recovery rate of the induced culture was very similar to that of the heat-shocked culture. Over production of GroEL was also protective but less effective. While freezing inevitably leads to protein denaturation, we propose that advance synthesis of DnaK/DnaJ and GroEL can accordingly prevent irreversible denaturation by chaperoning the unfolded polypeptides during freezing.",Escherichia coli,temperature,,
31285520,10.1038/s41598-019-46318-1,PMC6614396,oa,2019,Scientific reports,A ParDE-family toxin antitoxin system in major resistance plasmids of Enterobacteriaceae confers antibiotic and heat tolerance.,"Toxin-antitoxin (TA) systems were initially discovered as plasmid addiction systems on low-copy-number plasmids. Thousands of TA loci have since been identified on chromosomes, plasmids and mobile elements in bacteria and archaea with diverse roles in bacterial physiology and in maintenance of genetic elements. Here, we identified and characterised a plasmid mediated type II TA system in Enterobacteriaceae as a member of the ParDE super family. This system (hereafter, ParDE<sup>I</sup>) is distributed among IncI and IncF-type antibiotic resistance and virulence plasmids found in avian and human-source Escherichia coli and Salmonella. It is found that ParDE<sup>I</sup> is a plasmid stability and stress response module that increases tolerance of aminoglycoside, quinolone and β-lactam antibiotics in E. coli by ~100-1,000-fold, and thus to levels beyond those achievable in the course of antibiotic therapy for human infections. ParDE<sup>I</sup> also confers a clear survival advantage at 42 °C and expression of the ParE<sup>I</sup> toxin in trans induces the SOS response, inhibits cell division and promotes biofilm formation. This transmissible high-level antibiotic tolerance is likely to be an important factor in the success of the IncI and IncF plasmids which carry it and the important pathogens in which these are resident.",Escherichia coli,temperature,,
1903206,10.3181/00379727-197-43240,,no_pmc,1991,"Proceedings of the Society for Experimental Biology and Medicine. Society for Experimental Biology and Medicine (New York, N.Y.)",Alcohols protect Escherichia coli against cold shock.,"Alcohols protect Escherichia coli against cold shock, and the concentration of alcohol which provided optimal protection declined with increasing hydrophobicity of the alcohol. The rate of loss of viability after the chilling transition was decreased by n-octanol, even when it was added after that chilling transition. Cold-shocked cells exhibited a sensitivity toward dioxygen, seen as greater enumeration on anaerobic, rather than on aerobic, trypticase-yeast extract agar plates, and addition of catalase or antioxidants, such as alpha-tocopherol or probucol, to the agar plates did not lessen this dioxygen sensitivity. Respiratory capacity was diminished by cold shock, and cyanide-sensitive respiration was more affected than was cyanide-resistant respiration. Discharging the proton gradient, with the uncoupler carbonyl cyanide trifluoromethoxy-phenylhydrazone, did not change sensitivity to cold shock. There was no evidence for minimal medium recovery after cold shock. The data presented, as well as that already in the literature, are explained on the basis of membrane damage caused by patches of ordering transitions in one membrane leaflet, unmatched by comparable transitions in the mating leaflet.",Escherichia coli,temperature,,
1374377,10.1128/jb.174.10.3204-3211.1992,PMC205987,pmc_not_oa,1992,Journal of bacteriology,Interaction of the heat shock protein GroEL of Escherichia coli with single-stranded DNA-binding protein: suppression of ssb-113 by groEL46.,"Previous studies from our laboratory have shown that an allele of the heat shock protein GroEL (groEL411) is able to specifically suppress some of the physiological defects of the single-stranded DNA-binding protein mutation ssb-1. A search for additional alleles of the groE genes which may act as suppressors for ssb mutations has led to the identification of groEL46 as a specific suppressor of ssb-113. It has very little or no effect on ssb-1 or ssb-3. All of the physiological defects of ssb-113, including temperature-sensitive growth, temperature-sensitive DNA synthesis, sensitivity to UV irradiation, methyl methanesulfonate, and bleomycin, and reduced recombinational capacity, are restored to wild-type levels. The ssb-113 allele, however, is unable to restore sensitivity of groEL46 cells to phage lambda. The mechanism of suppression of ssb-113 by groEL46 appears to differ from that of ssb-1 by groEL411. The data suggest that GroEL may interact with single-stranded DNA-binding protein in more than one domain.",Escherichia coli,temperature,,
2651417,10.1128/jb.171.5.2748-2755.1989,PMC209960,pmc_not_oa,1989,Journal of bacteriology,The heat-shock-regulated grpE gene of Escherichia coli is required for bacterial growth at all temperatures but is dispensable in certain mutant backgrounds.,"Previous work has established that the grpE+ gene product is a heat shock protein that is essential for bacteriophage lambda growth at all temperatures and for Escherichia coli growth at temperatures above 43 degrees C. Here it is shown that the grpE+ gene product is essential for bacterial viability at all temperatures. The strategy required constructing a grpE deletion derivative carrying a selectable chloramphenicol drug resistance marker provided by an omega insertion and showing that this deletion construct can be crossed into the bacterial chromosome if and only if a functional grpE+ gene is present elsewhere in the same cell. As a control, the same omega insertion could be placed immediately downstream of the grpE+ coding sequence without any observable effects on host growth. This result demonstrates that the inability to construct a grpE-deleted E. coli strain is not simply due to a lethal polar effect on neighboring gene expression. Unexpectedly, it was found that the grpE deletion derivative could be crossed into the bacterial chromosome in a strain that was defective in DnaK function. Further analysis showed that it was not the lack of DnaK function per se that allowed E. coli to tolerate a deletion in the grpE+ gene. Rather, it was the presence of unknown extragenic suppressors of a dnaK mutation that somehow compensated for the deficiency in both DnaK and GrpE function.",Escherichia coli,temperature,,
41099882,10.1007/s10482-025-02177-7,,no_pmc,2025,Antonie van Leeuwenhoek,Function and transcription of the lon gene in Xanthomonas campestris pv. campestris.,"The Gram-negative bacterium Xanthomonas campestris pv. campestris is the etiological agent of black rot, a widespread and destructive disease affecting cruciferous plants. In this study, a lon mutant was obtained by EZ-Tn5 transposon mutagenesis of the X. campestris pv. campestris. The lon gene encodes an ATP-dependent protease implicated in protein quality control and stress adaptation across various bacterial species. Functional analysis revealed that lon disruption in X. campestris pv. campestris resulted in diminished extracellular protease activity, reduced virulence, and heightened sensitivity to puromycin and elevated temperatures. Complementation with the wild-type lon allele restored most phenotypes, except thermotolerance, which was only partially recovered. Interestingly, lon overexpression in wild-type cells compromised growth under heat stress, indicating that lon dosage is critical for thermal adaptation. Promoter activity assays indicated that lon expression is subject to catabolite repression and is induced by heat shock. Additionally, analysis of upstream regions of lon and multiple experimentally validated heat-inducible genes revealed a conserved motif similar to the σ<sup>32</sup>-binding site in Escherichia coli, suggesting a conserved σ<sup>32</sup>-mediated regulatory mechanism. This work provides the functional and regulatory characterization of lon in X. campestris pv. campestris, underscoring its integral role in stress resilience and pathogenicity.",Escherichia coli,temperature,,
25113416,10.1016/j.imbio.2014.07.012,,no_pmc,2014,Immunobiology,Study on the immune response to recombinant Hsp70 protein from Megalobrama amblycephala.,"The expression of heat shock protein 70 (Hsp70) is induced in response to many factors including high temperature, infection, metal pollutants and toxic chemicals. In this study, Megalobrama amblycephala HSP70 promoter was cloned, and characteristic heat shock elements (HSEs) were identified in the promoter region. The recombinant M. amblycephala Hsp70 protein (rMaHsp70) was expressed and purified from Escherichia coli BL21 (DE3). To evaluate in vivo immune response of rMaHsp70, we administered intraperitoneal (IP) injection, and demonstrated that rMaHsp70 stimulated M. amblycephala immune activity by inducing the expression of HSP70, HIF-1α, HSC70, CXCR4b, TNF-α and IL-1β mRNAs in liver, headkidney, spleen and gill, as well as SOD, glutathione, lysozyme and interferon alpha proteins in serum and liver. The effect of rMaHsp70 as adjuvant against Aeromonas hydrophila was assessed by injecting a mixed vaccine of rMaHsp70 and A. hydrophila (A. hydrophila/Hsp70) into M. amblycephala, and the relative percent survival (RPS) in the A. hydrophila/Hsp70 group was 75% compared to 50% in the A. hydrophila/PBS group. Furthermore, rMaHsp70 also promoted the proliferation and suppressed apoptosis in M. amblycephala fin cells (MAF) in a dose-dependent manner. Taken together, these results suggest that rMaHsp70 can induce organic immune response and improve environmental tolerance.",Escherichia coli,temperature,,
9315728,10.1016/s0014-5793(97)01024-7,,no_pmc,1997,FEBS letters,Overexpression of the hslVU operon suppresses SOS-mediated inhibition of cell division in Escherichia coli.,"A multicopy clone was isolated which conferred resistance to the SOS inducer nitrofurantoin in an Escherichia coli lon mutant. Plasmid pHL1 was found to contain a 7-8 kbp HindIII DNA insert from a region of the chromosome at 88.5 minutes. Further characterisation of pHL1 revealed that resistance to nitrofurantoin was due to the overexpression of the hslV-hslU operon which encodes an ATP-dependent protease complex in E. coli. The overexpression of hslVU also conferred resistance to ultraviolet irradiation in the lon mutant. It is proposed that when overproduced, the HslV-HslU protease complex can degrade SulA which is an endogenous inhibitor of the essential cell division protein FtsZ. The ability of HslVU to degrade SulA in vivo suggests that Lon and HslVU may share a range of substrates. Furthermore, the suppression of lon could be used as a simple genetic test of proteolytic activity of cloned HslVU.",Escherichia coli,temperature,,
2066337,10.1128/jb.173.14.4404-4410.1991,PMC208102,pmc_not_oa,1991,Journal of bacteriology,Role of heat shock protein DnaK in osmotic adaptation of Escherichia coli.,"Escherichia coli can adapt and recover growth at high osmolarity. Adaptation requires the deplasmolysis of cells previously plasmolyzed by the fast efflux of water promoted by osmotic upshift. Deplasmolysis is essentially ensured by a net osmo-dependent influx of K+. The cellular content of the heat shock protein DnaK is increased in response to osmotic upshift and does not decrease as long as osmolarity is high. The dnaK756(Ts) mutant, which fails to deplasmolyze and recover growth, does not take up K+ at high osmolarity; DnaK protein is required directly or indirectly for the maintenance of K+ transport at high osmolarity. The temperature-sensitive mutations dnaJ259 and grpE280 do not affect the osmoadaptation of E. coli at 30 degrees C.",Escherichia coli,temperature,,
27154490,10.1007/s12192-016-0696-2,PMC4908002,pmc_not_oa,2016,Cell stress & chaperones,"Thermotolerance and molecular chaperone function of an SGT1-like protein from the psychrophilic yeast, Glaciozyma antarctica.","The ability of eukaryotes to adapt to an extreme range of temperatures is critically important for survival. Although adaptation to extreme high temperatures is well understood, reflecting the action of molecular chaperones, it is unclear whether these molecules play a role in survival at extremely low temperatures. The recent genome sequencing of the yeast Glaciozyma antarctica, isolated from Antarctic sea ice near Casey Station, provides an opportunity to investigate the role of molecular chaperones in adaptation to cold temperatures. We isolated a G. antarctica homologue of small heat shock protein 20 (HSP20), GaSGT1, and observed that the GaSGT1 mRNA expression in G. antarctica was markedly increased following culture exposure at low temperatures. Additionally, we demonstrated that GaSGT1 overexpression in Escherichia coli protected these bacteria from exposure to both high and low temperatures, which are lethal for growth. The recombinant GaSGT1 retained up to 60 % of its native luciferase activity after exposure to luciferase-denaturing temperatures. These results suggest that GaSGT1 promotes cell thermotolerance and employs molecular chaperone-like activity toward temperature assaults.",Escherichia coli,temperature,,
3025556,10.1007/BF02428043,,no_pmc,1986,Molecular & general genetics : MGG,A new cell division operon in Escherichia coli.,"At 76 min on the E. coli genetic map there is a cluster of genes affecting essential cellular functions, including the heat shock response and cell division. A combination of in-vivo and in-vitro genetic analysis of cell division mutants suggests that the cell division gene fts E is the second gene in a 3 gene operon. A cold-sensitive mutant, defective in the third gene, is also unable to divide at the restrictive temperature, and we designate this new cell division gene fts X. Another cell division gene, fts S, is very close to, but distinct from, the 3 genes of the operon. The fts E product is a 24.5 Kd polypeptide which shows strong homology with a small group of proteins involved in transport. Both the fts E product and the protein coded by the first gene (fts Y) in the operon have a sequence motif found in a wide range of heterogeneous proteins, including the Ras proteins of yeast. This common domain is indicative of a nucleotide-binding site.",Escherichia coli,temperature,,
25393552,10.1111/jeu.12197,,no_pmc,2015,The Journal of eukaryotic microbiology,"Isolation and genotyping of acanthamoeba strains from soil sources from Jamaica, West Indies.","Acanthamoeba spp. are opportunistic pathogens that are ubiquitous in nature. Many species of this genus are responsible for a fatal encephalitis and keratitis in humans and other animals. Seventy-two soil samples were collected from the parishes across Jamaica and assessed for the presence of Acanthamoeba spp. Cultivation was carried out on non-nutrient agar plates seeded with heat killed Escherichia coli. PCR and sequencing of the DF3 region were carried out in order to genotype the isolated strains of Acanthamoeba. Thermotolerance and osmotolerance assays were utilized to investigate the pathogenic potential of the Acanthamoeba isolates. Acanthamoeba spp. was isolated from 63.9% of soil samples. Sequencing of the DF3 region of the 18S rDNA resulted in the identification of genotypes T4, T5, and T11. T4 genotype was most frequently isolated. Most isolates were thermotolerant or both thermotolerant and osmotolerant, indicating that they may present the potential to cause disease in humans and other animals.",Escherichia coli,temperature,,
32431687,10.3389/fmicb.2020.00849,PMC7214794,oa,2020,Frontiers in microbiology,Disruption of a C69-Family Cysteine Dipeptidase Gene Enhances Heat Shock and UV-B Tolerances in <i>Metarhizium acridum</i>.,"In fungi, peptidases play a crucial role in adaptability. At present, the roles of peptidases in ultraviolet (UV) and thermal tolerance are still unclear. In this study, a C69-family cysteine dipeptidase of the entomopathogenic fungus <i>Metarhizium acridum</i>, MaPepDA, was expressed in <i>Escherichia coli</i>. The purified enzyme had a molecular mass of 56-kDa, and displayed a high activity to dipeptide substrate with an optimal Ala-Gln hydrolytic activity at about pH 6.0 and 55°C. It was demonstrated that MaPepDA is an intracellular dipeptidase localized in the cytosol, and that it is expressed during the whole fungal growth. Disruption of the <i>MaPepDA</i> gene increased conidial germination, growth rate, and significantly improved the tolerance to UV-B and heat stress in <i>M. acridum</i>. However, virulence and conidia production was largely unaffected in the Δ<i>MaPepDA</i> mutant. Digital gene expression data revealed that the Δ<i>MaPepDA</i> mutant had a higher UV-B and heat-shock tolerance compared to wild type by regulating transcription of sets of genes involved in cell surface component, cell growth, DNA repair, amino acid metabolism, sugar metabolism and some important signaling pathways of stimulation. Our results suggested that disruption of the <i>MaPepDA</i> could potentially improve the performance of fungal pesticides in the field application with no adverse effect on virulence and conidiation.",Escherichia coli,temperature,,
23033472,10.1128/mBio.00308-12,PMC3518916,oa,2012,mBio,Toward a semisynthetic stress response system to engineer microbial solvent tolerance.,"Strain tolerance to toxic metabolites is an important trait for many biotechnological applications, such as the production of solvents as biofuels or commodity chemicals. Engineering a complex cellular phenotype, such as solvent tolerance, requires the coordinated and tuned expression of several genes. Using combinations of heat shock proteins (HSPs), we engineered a semisynthetic stress response system in Escherichia coli capable of tolerating high levels of toxic solvents. Simultaneous overexpression of the HSPs GrpE and GroESL resulted in a 2-fold increase in viable cells (CFU) after exposure to 5% (vol/vol) ethanol for 24 h. Co-overexpression of GroESL and ClpB on coexisting plasmids resulted in 1,130%, 78%, and 25% increases in CFU after 24 h in 5% ethanol, 1% n-butanol, and 1% i-butanol, respectively. Co-overexpression of GrpE, GroESL, and ClpB on a single plasmid produced 200%, 390%, and 78% increases in CFU after 24 h in 7% ethanol, 1% n-butanol, or 25% 1,2,4-butanetriol, respectively. Overexpression of other autologous HSPs (DnaK, DnaJ, IbpA, and IbpB) alone or in combinations failed to improve tolerance. Expression levels of HSP genes, tuned through inducible promoters and the plasmid copy number, affected the effectiveness of the engineered stress response system. Taken together, these data demonstrate that tuned co-overexpression of GroES, GroEL, ClpB, and GrpE can be engaged to engineer a semisynthetic stress response system capable of greatly increasing the tolerance of E. coli to solvents and provides a starting platform for engineering customized tolerance to a wide variety of toxic chemicals. Microbial production of useful chemicals is often limited by the toxicity of desired products, feedstock impurities, and undesired side products. Improving tolerance is an essential step in the development of practical platform organisms for production of a wide range of chemicals. By overexpressing autologous heat shock proteins in Escherichia coli, we have developed a modular semisynthetic stress response system capable of improving tolerance to ethanol, n-butanol, and potentially other toxic solvents. Using this system, we demonstrate that a practical stress response system requires both tuning of individual gene components and a reliable framework for gene expression. This system can be used to seek out new interacting partners to improve the tolerance phenotype and can be used in the development of more robust solvent production strains.",Escherichia coli,temperature,,
2160943,10.1128/jb.172.6.3417-3426.1990,PMC209153,pmc_not_oa,1990,Journal of bacteriology,"A new Escherichia coli heat shock gene, htrC, whose product is essential for viability only at high temperatures.","We identified and characterized a new Escherichia coli gene, htrC. Inactivation of the htrC gene results in the inability to form colonies at 42 degrees C. An identical bacterial phenotype is found whether the htrC gene is inactivated either by Tn5 insertions or by a deletion spanning the entire gene. The htrC gene has been localized at 90 min, immediately downstream of the rpoC gene, and has been previously sequenced. It codes for a basic polypeptide with an Mr of 21,130. The htrC gene is under heat shock regulation, since it is transcribed actively only in bacteria possessing functional sigma 32. Inactivation of htrC results in (i) bacterial filamentation at intermediate temperatures, (ii) cell lysis at temperatures above 42 degrees C, (iii) overproduction of sigma 32-dependent heat shock proteins at all temperatures, (iv) overproduction of a few additional polypeptides, (v) underproduction of many polypeptides, and (vi) an overall defect in cellular proteolysis as judged by the reduced rate of puromycyl polypeptide degradation. In addition, the presence of an htrC mutation eliminates the UV sensitivity normally exhibited by lon mutant bacteria.",Escherichia coli,temperature,,
19141481,10.1101/gad.1729508,PMC2607070,pmc_not_oa,2008,Genes & development,YmdB: a stress-responsive ribonuclease-binding regulator of E. coli RNase III activity.,"The broad cellular actions of RNase III family enzymes include ribosomal RNA (rRNA) processing, mRNA decay, and the generation of noncoding microRNAs in both prokaryotes and eukaryotes. Here we report that YmdB, an evolutionarily conserved 18.8-kDa protein of Escherichia coli of previously unknown function, is a regulator of RNase III cleavages. We show that YmdB functions by interacting with a site in the RNase III catalytic region, that expression of YmdB is transcriptionally activated by both cold-shock stress and the entry of cells into stationary phase, and that this activation requires the sigma-factor-encoding gene, rpoS. We discovered that down-regulation of RNase III activity occurs during both stresses and is dependent on YmdB production during cold shock; in contrast, stationary-phase regulation was unperturbed in YmdB-null mutant bacteria, indicating the existence of additional, YmdB-independent, factors that dynamically regulate RNase III actions during normal cell growth. Our results reveal the previously unsuspected role of ribonuclease-binding proteins in the regulation of RNase III activity.",Escherichia coli,temperature,,
9260955,10.1128/jb.179.16.5126-5130.1997,PMC179371,pmc_not_oa,1997,Journal of bacteriology,"Growth-phase-dependent expression of cspD, encoding a member of the CspA family in Escherichia coli.","The cspD gene of Escherichia coli encodes a protein of high sequence similarity with the cold shock protein CspA, but cspD expression is not induced by cold shock. In this study, we analyzed the regulation of cspD gene expression. By using a cspD-lacZ fusion and primer extension analysis, the expression of cspD was found to be dramatically induced by stationary-phase growth. However, this induction does not depend on the stationary-phase sigma factor sigmaS. Moreover, the expression of cspD is inversely dependent on growth rates and induced upon glucose starvation. Using a (p)ppGpp-depleted strain, we found that (p)ppGpp is one of the positive factors for the regulation of cspD expression.",Escherichia coli,temperature,,
32935660,10.1017/S0007485320000541,,no_pmc,2021,Bulletin of entomological research,"Characterization, expression profiling, and thermal tolerance analysis of heat shock protein 70 in pine sawyer beetle, <i>Monochamus alternatus</i> hope (Coleoptera: Cerambycidae).","Monochamus alternatus Hope (Coleoptera: Cerambycidae) warrants attention as a dominant transmission vector of the pinewood nematode, and it exhibits tolerance to high temperature. Heat shock protein 70 (HSP70) family members, including inducible HSP70 and heat shock cognate protein 70 (HSC70), are major contributors to the molecular chaperone networks of insects under heat stress. In this regard, we specifically cloned and characterized three MaltHSP70s and three MaltHSC70s. Bioinformatics analysis on the deduced amino acid sequences showed these genes, having close genetic relationships with HSP70s of Coleopteran species, collectively shared conserved signature structures and ATPase domains. Subcellular localization prediction revealed the HSP70s of M. alternatus were located not only in the cytoplasm and endoplasmic reticulum but also in the nucleus and mitochondria. The transcript levels of MaltHSP70s and MaltHSC70s in each state were significantly upregulated by exposure to 35-50°C for early 3 h, while MaltHSP70s reached a peak after exposure to 45°C for 2-3 h in contrast to less-upregulated MaltHSC70s. In terms of MaltHSP70s, the expression threshold in females was lower than that in males. Also, both fat bodies and Malpighian tubules were the tissues most sensitive to heat stress in M. alternatus larvae. Lastly, the ATPase activity of recombinant MaltHSP70-2 in vitro remained stable at 25-40°C, and this recombinant availably enhanced the thermotolerance of Escherichia coli. Overall, our findings unraveled HSP70s might be the intrinsic mediators of the strong heat tolerance of M. alternatus due to their stabilized structure and bioactivity.",Escherichia coli,temperature,,
7601833,10.1128/jb.177.13.3695-3703.1995,PMC177085,pmc_not_oa,1995,Journal of bacteriology,"An essential role for the Escherichia coli DnaK protein in starvation-induced thermotolerance, H2O2 resistance, and reductive division.","During a 3-day period, glucose starvation of wild-type Escherichia coli produced thermotolerant, H2O2-resistant, small cells with a round morphology. These cells contained elevated levels of the DnaK protein, adjusted either for total protein or on a per-cell basis. Immunoprecipitation of [35S]methionine-labeled protein produced by such starving cells demonstrated that DnaK underwent continuous synthesis but at decreasing rates throughout this time. Glucose resupplementation of starving cells resulted in rapid loss of thermotolerance, H2O2 resistance, and the elevated DnaK levels. A dnaK deletion mutant, but not an otherwise isogenic wild-type strain, failed to develop starvation-induced thermotolerance or H2O2 resistance. The filamentous phenotype associated with DnaK deficiency was suppressed by cultivation in a defined glucose medium. When starved for glucose, the nonfilamentous and rod-shaped dnaK mutant strain failed to convert into the small spherical form typical of starving wild-type cells. The dnaK mutant retained the ability to develop adaptive H2O2 resistance during growth but not adaptive resistance to heat. Complementation of DnaK deficiency by using Ptac-regulated dnaK+ and dnaK+J+ expression plasmids confirmed a specific role for the DnaK molecular chaperone in these starvation-induced phenotypes.",Escherichia coli,temperature,,
30962907,10.1002/ece3.4983,PMC6434544,oa,2019,Ecology and evolution,The effects of <i>Bacillus subtilis</i> on <i>Caenorhabditis elegans</i> fitness after heat stress.,"Microbes can provide their hosts with protection from biotic and abiotic factors. While many studies have examined how certain bacteria can increase host lifespan, fewer studies have examined how host reproduction can be altered. The nematode <i>Caenorhabditis elegans</i> has been a particularly useful model system to examine how bacteria affect the fitness of their hosts under different contexts. Here, we examine how the bacterium <i>Bacillus subtilis</i>, compared to the standard <i>C. elegans</i> lab diet, <i>Escherichia coli</i>, affects <i>C. elegans</i> survival and reproduction after experiencing a period of intense heat stress. We find that under standard conditions, nematodes reared on <i>B</i>. <i>subtilis</i> produce fewer offspring than when reared on <i>E</i>. <i>coli</i>.However, despite greater mortality rates on <i>B</i>. <i>subtilis</i> after heat shock, young adult nematodes produced more offspring after heat shock when fed <i>B</i>. <i>subtilis</i> compared to <i>E. coli</i>. Because offspring production is necessary for host population growth and evolution, the reproductive advantage conferred by <i>B</i>. <i>subtilis</i> supersedes the survival advantage of <i>E. coli</i>. Furthermore, we found that nematodes must be reared on <i>B</i>. <i>subtilis</i> (particularly at the early stages of development) and not merely be exposed to the bacterium during heat shock, to obtain the reproductive benefits provided by <i>B</i>. <i>subtilis</i>. Taken together, our findings lend insight into the importance of environmental context and interaction timing in shaping the protective benefits conferred by a microbe toward its host.",Escherichia coli,temperature,,
9791178,10.1046/j.1365-2958.1998.01067.x,,no_pmc,1998,Molecular microbiology,Genetic and biochemical characterization of mutations affecting the carboxy-terminal domain of the Escherichia coli molecular chaperone DnaJ.,"DnaJ is a universally conserved heat shock protein involved in protein folding. DnaJ contains four conserved domains. The N-terminal 'J-domain' has been shown to be responsible for the recruitment of its specific DnaK partner protein. The 'Gly/Phe'- and 'Cys-rich' domains have been implicated in stabilizing interactions with DnaK. DnaJ is also able to interact independently with unfolded or native polypeptides. Very little is known regarding such binding/chaperone abilities, but it has been suggested that the least conserved carboxy-terminal domain could contribute to these properties. To gain insight into the biological activity of this fourth domain, we deleted two relatively conserved patches of amino acid residues, a 'G-rich' cluster and a 'G-D-L-Y-V' motif, resulting in the DnaJDelta[230-238] and DnaJDelta[242-246] mutant proteins respectively. Both mutant proteins are partially defective in stimulating the ATPase activity of DnaK and in preventing aggregation of firefly luciferase in vitro. Both mutants have lost the ability to regulate the sigma32-dependent heat shock response, as shown in vivo using a heat shock transcriptional fusion. Furthermore, and unlike wild-type DnaJ, DnaJDelta[242-246] is unable to assist the DnaK-dependent refolding of denatured luciferase. In agreement with these results, we found that DnaJDelta[242-246] is unable to restore either the temperature-sensitive phenotype or the motility defect of a dnaJ null mutation. Substitution of amino acids [242-246] by five alanines leads to similar phenotypic defects, suggesting that altering the 'G-D-L-Y-V' motif leads to partial loss of DnaJ activity. Our data clearly support a role in the intrinsic chaperone/substrate binding ability of the carboxy-terminal domain of DnaJ.",Escherichia coli,temperature,,
12743825,10.1007/s00425-003-1048-x,,no_pmc,2003,Planta,A 10-kDa class-CI sHsp protects E. coli from oxidative and high-temperature stress.,"We report on a new cDNA clone (Qshsp10.4-CI) of a Quercus suber L. class-CI small heat-shock protein (sHsp) obtained from cork (phellem), a highly oxidatively stressed plant tissue. The deduced gene product lacks the C-terminal extension and the consensus I region of the alpha-crystallin domain, being the most C-terminally truncated sHsp reported to date. In an attempt to prove that a protective function is possible for such a truncated sHsp, we overexpressed in Escherichia coli three recombinant sHsp-CIs, one (rQsHsp10.4-CI) showing the same truncation as Qshsp10.4-CI, a second (rN49) lacking the whole alpha-crystallin domain, and a third (rN153) consisting of a full-length sHsp-CI. The overexpression of rN153 and, remarkably, rQsHsp10.4-CI but not rN49 enhanced cell viability under high temperature and, interestingly, under oxidative stress. These results show that the C-terminal extension and the consensus I region of the alpha-crystallin domain are dispensable, but amino acids 1-41 of the alpha-crystallin domain (including the consensus II region) are essential for the protective activity of sHsp-CIs. On the other hand, two-dimensional immunodetection patterns showed accumulation of ca. 10-kDa sHsp-CI immunorelated polypeptides in cork and other oxidatively stressed tissues but not in control and heat-stressed tissues. We discuss the possible role of highly truncated sHsps in relation to oxidative stress.",Escherichia coli,temperature,,
31158492,10.1016/j.micpath.2019.103570,,no_pmc,2019,Microbial pathogenesis,Contribution of the serine protease HtrA in Escherichia coli to infection in foxes.,"Escherichia coli can cause severe, acute hemorrhagic pneumonia and systemic infection in farmed foxes, raccoon dogs and minks, leading to considerable economic losses to the farmers. It is well established that the htrA-encoded serine protease HtrA is critical for bacterial growth and survival under stress, and HtrA has been determined to be a potential vaccine target. However, the roles of HtrA in E. coli pathogenesis remain unknown. In this study, we generated an htrA-deletion mutant of the E. coli protype strain HBCLE-12 that causes pneumonia in silver foxes and then evaluated the changes in bacterial physiological characteristics in the absence of HtrA. The data show that knockout of the htrA gene did not affect growth and biochemical characteristics but led to impaired virulence of the strain. Increased susceptibility to environmental stresses, impaired survival in serum, and reduced biofilm formation may contribute to the virulence attenuation of the mutant. Furthermore, the HtrA-deficient mutant was subjected to RNA-seq analysis, and 16 differentially expressed genes were determined. This study provided insight that HtrA plays a definitive role in E. coli-induced infection.",Escherichia coli,temperature,,
8243989,10.1111/j.1574-6968.1993.tb06494.x,,no_pmc,1993,FEMS microbiology letters,Impairment of nucleoid segregation and cell division at high osmolarity in a strain of Escherichia coli overproducing the chaperone DnaK.,"Escherichia coli strain WM1390, which overproduces 20-fold the chaperone protein DnaK, was able to grow exponentially without apparent abnormality in 300 mosM medium. In contrast, it showed both aberrant nucleoid segregation and strong inhibition of septation when shifted to high osmolarity. These impairments could not be accounted for by a bacteriocidal effect of the high DnaK content. Rather, the DnaK content appeared to promote faster growth than that of the parent C600, at least at high osmolarity in the presence of the osmoprotectant glycine betaine.",Escherichia coli,temperature,,
11976293,10.1128/JB.184.10.2642-2653.2002,PMC135024,pmc_not_oa,2002,Journal of bacteriology,Functional analysis of the signal recognition particle in Escherichia coli by characterization of a temperature-sensitive ffh mutant.,"The Ffh protein of Escherichia coli is a 48-kDa polypeptide that is homologous to the SRP54 subunit of the eukaryotic signal recognition particle (SRP). Efforts to understand the function of Ffh in bacteria have depended largely on the use of E. coli strains that allow depletion of the wild-type gene product. As an alternative approach to studying Ffh, a temperature-sensitive ffh mutant was isolated. The ffh-10(Ts) mutation results in two amino acid changes in conserved regions of the Ffh protein, and characterization of the mutant revealed that the cells rapidly lose viability at the nonpermissive temperature of 42 degrees C as well as show reduced growth at the permissive temperature of 30 degrees C. While the ffh mutant is defective in insertion of inner membrane proteins, the export of proteins with cleavable signal sequences is not impaired. The mutant also shows elevated expression of heat shock proteins and accumulates insoluble proteins, especially at 42 degrees C. It was further observed that the temperature sensitivity of the ffh mutant was suppressed by overproduction of 4.5S RNA, the RNA component of the bacterial SRP, by stabilizing the thermolabile protein. Collectively, these results are consistent with a model in which Ffh is required only for localization of proteins integral to the cytoplasmic membrane and suggest new genetic approaches to the study of how the structure of the SRP contributes to its function.",Escherichia coli,temperature,,
21695201,10.1371/journal.pone.0020063,PMC3112155,oa,2011,PloS one,Molecular strategy for survival at a critical high temperature in Eschierichia coli.,"The molecular mechanism supporting survival at a critical high temperature (CHT) in Escherichia coli was investigated. Genome-wide screening with a single-gene knockout library provided a list of genes indispensable for growth at 47°C, called thermotolerant genes. Genes for which expression was affected by exposure to CHT were identified by DNA chip analysis. Unexpectedly, the former contents did not overlap with the latter except for dnaJ and dnaK, indicating that a specific set of non-heat shock genes is required for the organism to survive under such a severe condition. More than half of the mutants of the thermotolerant genes were found to be sensitive to H(2)O(2) at 30°C, suggesting that the mechanism of thermotolerance partially overlaps with that of oxidative stress resistance. Their encoded enzymes or proteins are related to outer membrane organization, DNA double-strand break repair, tRNA modification, protein quality control, translation control or cell division. DNA chip analyses of essential genes suggest that many of the genes encoding ribosomal proteins are down-regulated at CHT. Bioinformatics analysis and comparison with the genomic information of other microbes suggest that E. coli possesses several systems for survival at CHT. This analysis allows us to speculate that a lipopolysaccharide biosynthesis system for outer membrane organization and a sulfur-relay system for tRNA modification have been acquired by horizontal gene transfer.",Escherichia coli,temperature,,
10075935,10.1093/emboj/18.6.1653,PMC1171252,pmc_not_oa,1999,The EMBO journal,Massive presence of the Escherichia coli 'major cold-shock protein' CspA under non-stress conditions.,"The most characteristic event of cold-shock activation in Escherichia coli is believed to be the de novo synthesis of CspA. We demonstrate, however, that the cellular concentration of this protein is > or = 50 microM during early exponential growth at 37 degrees C; therefore, its designation as a major cold-shock protein is a misnomer. The cspA mRNA level decreases rapidly with increasing cell density, becoming virtually undetectable by mid-to-late exponential growth phase while the CspA level declines, although always remaining clearly detectable. A burst of cspA expression followed by a renewed decline ensues upon dilution of stationary phase cultures with fresh medium. The extent of cold-shock induction of cspA varies as a function of the growth phase, being inversely proportional to the pre-existing level of CspA which suggests feedback autorepression by this protein. Both transcriptional and post-transcriptional controls regulate cspA expression under non-stress conditions; transcription of cspA mRNA is under the antagonistic control of DNA-binding proteins Fis and H-NS both in vivo and in vitro, while its decreased half-life with increasing cell density contributes to its rapid disappearance. The cspA mRNA instability is due to its 5' untranslated leader and is counteracted in vivo by the cold-shock DeaD box RNA helicase (CsdA).",Escherichia coli,temperature,,
29678913,10.1128/AEM.00283-18,PMC6007106,pmc_not_oa,2018,Applied and environmental microbiology,"Long-Term Survival and Thermal Death Kinetics of Enterohemorrhagic Escherichia coli Serogroups O26, O103, O111, and O157 in Wheat Flour.","Wheat flour has been associated with outbreaks of enterohemorrhagic <i>Escherichia coli</i> (EHEC), but little is known on EHEC's survival during storage and thermal processing. The objective of this study was to determine long-term viability and thermal inactivation kinetics of EHEC serogroups O26, O103, O111, and O157. Wheat flour samples were inoculated with a cocktail of five strains of a single serogroup and stored at 23 and 35°C. Inoculated samples were heated at 55, 60, 65, and 70°C. Viability was determined by plate counting. Decimal reduction time (<i>D</i>) and first decimal reduction time (δ) values were calculated with log-linear and Weibull models, respectively. At 23°C, EHEC counts declined gradually for 84 days and samples tested positive from 84 to 280 days. The thermal resistance (<i>D</i> and δ) values ranged from 7.5 to 8.2 and 3.1 to 5.3 days, respectively, but there were no significant differences among serogroups (<i>P</i> ≤ 0.05). At 35°C, no EHEC was quantifiable by day 7 and no positive samples were detected after 49 days. Heating at 55 and 65°C resulted in δ-value ranges of 15.6 to 39.7 min and 3.0 to 3.9 min, respectively, with no significant difference among serogroups either. Z values were 12.6, 6.7, 10.2, and 13.4°C for O26, O103, O111, and O157, respectively. Thermal death kinetics of EHEC in flour were better described using the Weibull model. Survival and inactivation rates of four serogroups were remarkably similar. These findings indicated that all EHEC serovars tested remained viable for at least 9 months at room temperature and survived for up to 60 min at 70°C in wheat flour.<b>IMPORTANCE</b> Enterohemorrhagic <i>Escherichia coli</i> (EHEC) and <i>Salmonella</i> have recently caused several gastroenteritis outbreaks and recalls of wheat flour. Because EHEC can cause illness with very low doses and there is very scarce information regarding their ability to survive storage and heating in flour, the present study was undertaken to assess the long-term survival of EHEC serogroups O26, O103, O111, and O157 in flour. These findings are relevant, as we report that EHEC can survive for more than 9 months in wheat flour during storage. In addition, results obtained suggest that thermal inactivation at 65°C for 30 min or 2 months of storage at 35°C may be feasible strategies to mitigate the risk of most EHEC serovars in wheat flour.",Escherichia coli,temperature,,
17244490,10.5483/bmbrep.2007.40.1.107,,no_pmc,2007,Journal of biochemistry and molecular biology,ATP-independent thermoprotective activity of Nicotiana tabacum heat shock protein 70 in Escherichia coli.,"To study the functioning of HSP70 in Escherichia coli, we selected NtHSP70-2 (AY372070) from among three genomic clones isolated in Nicotiana tabacum. Recombinant NtHSP70-2, containing a hexahistidine tag at the amino-terminus, was constructed, expressed in E. coli, and purified by Ni(2+) affinity chromatography and Q Sepharose Fast Flow anion exchange chromatography. The expressed fusion protein, H(6)NtHSP70-2 (hexahistidine-tagged Nicotiana tabacum heat shock protein 70-2), maintained the stability of E. coli proteins up to 90 degrees C. Measuring the light scattering of luciferase (luc) revealed that NtHSP70-2 prevents the aggregation of luc without ATP during high-temperature stress. In a functional bioassay (1 h at 50 degrees C) for recombinant H(6)NtHSP70-2, E. coli cells overexpressing H(6)NtHSP70-2 survived about seven times longer than those lacking H(6)NtHSP70-2. After 2 h at 50 degrees C, only the E. coli overexpressing H(6)NtHSP70-2 survived under such conditions. Our NtHSP70-2 bioassays, as well as in vitro studies, strongly suggest that HSP70 confers thermo-tolerance to E. coli.",Escherichia coli,temperature,,
27271586,10.3390/molecules21060731,PMC6273942,oa,2016,"Molecules (Basel, Switzerland)",Biologically Synthesized Gold Nanoparticles Ameliorate Cold and Heat Stress-Induced Oxidative Stress in Escherichia coli.,"Due to their unique physical, chemical, and optical properties, gold nanoparticles (AuNPs) have recently attracted much interest in the field of nanomedicine, especially in the areas of cancer diagnosis and photothermal therapy. Because of the enormous potential of these nanoparticles, various physical, chemical, and biological methods have been adopted for their synthesis. Synthetic antioxidants are dangerous to human health. Thus, the search for effective, nontoxic natural compounds with effective antioxidative properties is essential. Although AuNPs have been studied for use in various biological applications, exploration of AuNPs as antioxidants capable of inhibiting oxidative stress induced by heat and cold stress is still warranted. Therefore, one goal of our study was to produce biocompatible AuNPs using biological methods that are simple, nontoxic, biocompatible, and environmentally friendly. Next, we aimed to assess the antioxidative effect of AuNPs against oxidative stress induced by cold and heat in Escherichia coli, which is a suitable model for stress responses involving AuNPs. The response of aerobically grown E. coli cells to cold and heat stress was found to be similar to the oxidative stress response. Upon exposure to cold and heat stress, the viability and metabolic activity of E. coli was significantly reduced compared to the control. In addition, levels of reactive oxygen species (ROS) and malondialdehyde (MDA) and leakage of proteins and sugars were significantly elevated, and the levels of lactate dehydrogenase activity (LDH) and adenosine triphosphate (ATP) significantly lowered compared to in the control. Concomitantly, AuNPs ameliorated cold and heat-induced oxidative stress responses by increasing the expression of antioxidants, including glutathione (GSH), glutathione S-transferase (GST), super oxide dismutase (SOD), and catalase (CAT). These consistent physiology and biochemical data suggest that AuNPs can ameliorate cold and heat stress-induced oxidative damage in E. coli. Our results indicate that AuNPs may be effective antioxidants. However, further studies are needed to confirm the role of AuNPs as antioxidative agents, as well as their mechanism of action.",Escherichia coli,temperature,,
31869349,10.1371/journal.pone.0226576,PMC6927610,oa,2019,PloS one,Kinetics of the thermal inactivation and the refolding of bacterial luciferases in Bacillus subtilis and in Escherichia coli differ.,"Here we present a study of the thermal inactivation and the refolding of the proteins in Gram positive Bacillus subtilis. To enable use of bacterial luciferases as the models for protein thermal inactivation and refolding in B. subtilis cells, we developed a variety of bright luminescent B. subtilis strains which express luxAB genes encoding luciferases of differing thermolability. The kinetics of the thermal inactivation and the refolding of luciferases from Photorhabdus luminescens and Photobacterium leiognathi were compared in Gram negative and Gram positive bacteria. In B. subtilis cells, these luciferases are substantially more thermostable than in Escherichia coli. Thermal inactivation of the thermostable luciferase P. luminescens in B. subtilis at 48.5°С behaves as a first-order reaction. In E.coli, the first order rate constant (Kt) of the thermal inactivation of luciferase in E. coli exceeds that observed in B. subtilis cells 2.9 times. Incubation time dependence curves for the thermal inactivation of the thermolabile luciferase of P. leiognathi luciferase in the cells of E. coli and B. subtilis may be described by first and third order kinetics, respectively. Here we shown that the levels and the rates of refolding of thermally inactivated luciferases in B. subtilis cells are substantially lower that that observed in E. coli. In dnaK-negative strains of B. subtilis, both the rates of thermal inactivation and the efficiency of refolding are similar to that observed in wild-type strains. These experiments point that the role that DnaKJE plays in thermostability of luciferases may be limited to bacterial species resembling E. coli.",Escherichia coli,temperature,,
2249663,10.1002/j.1460-2075.1990.tb07624.x,PMC552175,pmc_not_oa,1990,The EMBO journal,Mutations altering heat shock specific subunit of RNA polymerase suppress major cellular defects of E. coli mutants lacking the DnaK chaperone.,"An Escherichia coli mutant lacking HSP70 function, delta dnaK52, is unable to grow at both high and low temperatures and, at intermediate temperature (30 degrees C), displays defects in major cellular processes such as cell division, chromosome segregation and regulation of heat shock gene expression that lead to poor growth and genetic instability of the cells. In an effort to understand the roles of molecular chaperones such as DnaK in cellular metabolism, we analyzed secondary mutations (sid) that suppress the growth defects of delta dnaK52 mutants at 30 degrees C and also permit growth at low temperature. Of the five suppressors we analyzed, four were of the sidB class and mapped within rpoH, which encodes the heat shock specific sigma subunit (sigma 32) of RNA polymerase. The sidB mutations affected four different regions of the sigma 32 protein and, in one case, resulted in a several fold reduction in the cellular concentration of sigma 32. Presence of any of the sidB mutations in delta dnaK52 mutants as well as in dnaK+ cells caused down-regulation of heat shock gene expression at 30 degrees C and decreased induction of the heat shock response after shift to 43.5 degrees C. These findings suggest that the physiologically most significant function of DnaK in the metabolism of unstressed cells is its function in heat shock gene regulation.",Escherichia coli,temperature,,
2061318,,,no_pmc,1991,The Journal of biological chemistry,Spermidine acetylation in response to a variety of stresses in Escherichia coli.,"Heat shock, cold shock, ethanol, and alkaline shift, but not hydrogen peroxide, stimulate the accumulation of monoacetylspermidine in Escherichia coli. Acetylation occurs with nearly equal frequencies at both the N1 and N8 positions of this ubiquitous polycation. Spermidine acetylation does not appear to be associated with known stress regulons, such as htpR, oxyR, and SOS. E. coli, capable of acetylating spermidine, constitutively express a spermidine acetyltransferase activity during all phases of growth, and this activity is unaffected by cold shock. A mutant strain, incapable of acetylating spermidine, does not express this enzyme activity but grows at an identical rate as the parent strain at 37 degrees C. These results demonstrate that the monoacetylation of spermidine in E. coli is regulated by some mechanism other than a stress-inducible acetyltransferase and is not essential for growth of these cells. They suggest that polyamine acetylation is involved in the responses of these organisms to a variety of chemical and physical stresses.",Escherichia coli,temperature,,
10742270,10.1128/AEM.66.4.1726-1729.2000,PMC92051,pmc_not_oa,2000,Applied and environmental microbiology,"Effects of acid adaptation, product pH, and heating on survival of Escherichia coli O157:H7 in pepperoni.",The thermotolerance of E. coli O157:H7 cells (strain 380-94) heated in pepperoni is reported. Information on the pattern of thermal inactivation of E. coli O157:H7 in pepperoni was applied in the development of heating processes designed to reduce E. coli O157:H7 numbers therein by 5 log(10) units.,Escherichia coli,temperature,,
24637367,10.1016/j.jbiotec.2014.03.010,,no_pmc,2014,Journal of biotechnology,Engineering cellular robustness of microbes by introducing the GroESL chaperonins from extremophilic bacteria.,"The cellular robustness is a big concern for efficient microbial production of biofuels and biochemicals. In this study, the groESL genes from extremophilic bacteria were found to serve as transplantable stress-response elements to improve diverse types of stress-tolerances of other microbes. By overexpressing the groESL from the solvent-tolerant Pseudomonas putida in Escherichia coli, its thermo-tolerance and ethanol-tolerance were significantly increased. Meanwhile, the groESL from the thermophilic Thermoanaerobacter tengcongensis endowed Clostridium acetobutylicum with improved corn cob hydrolysates (CCH)-tolerance as well as elevated butanol productivity. The chaperonins GroESL have been widely considered as cellular stress-response proteins and overexpression of native groESL has been proven to improve cellular tolerances facing various stresses. Here we found that the groESL genes from extremophilic bacteria were superior to the native ones, possibly because they have adapted to the environmental stresses during long-term natural evolution. Moreover, our results also revealed that different extreme groESL genes performed quite different in different microbes. Thus the relation and compatibility between the extremophiles and the host must be considered for selection of the proper groESL for engineering microbial robustness.",Escherichia coli,temperature,,
32918603,10.1007/s00436-020-06874-2,,no_pmc,2020,Parasitology research,Acanthamoeba species isolated from Philippine freshwater systems: epidemiological and molecular aspects.,"Free-living amoeba (FLA) research in the Philippines is still in its infancy but has, by far, demonstrated the presence of potentially pathogenic species. Acanthamoeba may cause sight-threatening and central nervous system infections to humans, yet its epidemiologic distribution from local environmental sources is yet to be defined. The present study aimed to provide a baseline epidemiologic distribution of Acanthamoeba spp. in freshwater systems in the Philippines and establish potential pathogenicity of isolates through thermo-tolerance assay. A total of 63 water samples were collected from 13 freshwater systems all over the Philippine archipelago. The low-volume (50 ml) water samples were processed and cultured on non-nutrient agar lawned with Escherichia coli and observed for amoebic growth using light microscopy. Amoebic culture demonstrated 14.28% (9/63) positivity while further molecular testing of culture-positive plates using Acanthamoeba-specific primers demonstrated 100% (9/9) confirmation of Acanthamoeba species. Genotyping of Acanthamoeba isolates revealed T1, T3, T4, T5, T7, T11, and T15 genotypes. Thermo-tolerance assay demonstrated that T5 and T7 genotypes were potentially pathogenic strains. The evidence of environmental distribution of Acanthamoeba spp. in the freshwater systems in the Philippines and thermo-tolerance profile of isolates are significant aspects of amoeba study in public health and calls for initiatives in the dissemination of relevant information and the expansion of knowledge, awareness, and policies on pathogenic waterborne amoeba to mitigate, prevent, detect, and report cases of human infections.",Escherichia coli,temperature,,
3045813,10.1073/pnas.85.17.6237,PMC281944,pmc_not_oa,1988,Proceedings of the National Academy of Sciences of the United States of America,Biosynthesis of a protein containing a nonprotein amino acid by Escherichia coli: L-2-aminohexanoic acid at position 21 in human epidermal growth factor.,"Endeavoring to develop a method to biosynthesize proteins substituted with nonprotein amino acids, we attempted the incorporation of L-2-aminohexanoic acid (Ahx) into human epidermal growth factor (hEGF). Escherichia coli YK537 strain harboring plasmid pTA1522, which has the phoA promoter-phoA signal peptide-hEGF gene, was used. Cells were cultured first in high-phosphate medium and then, for induction of the hEGF-encoding gene, transferred to low-phosphate medium containing Ahx (0.25 mg/ml). hEGF and Ahx-substituted hEGF, [Ahx21]hEGF, secreted into the periplasm were recovered. After treatment with H2O2, [Ahx21]-hEGF was clearly separated from methionine-oxidized hEGF by one-step reverse-phase HPLC. Substitution of the methionine residue of hEGF with Ahx was confirmed by the amino acid analysis of [Ahx21]hEGF. The three biological activities of [Ahx21]hEGF were the same as those of hEGF. From the successful production of [Ahx21]hEGF, a basic strategy was established for preparing proteins substituted with nonprotein amino acid (alloprotein). Induction of the phoA promoter of pho regulon and secretion of the product to the periplasm may depress heat shock-like responses and subsequent hydrolysis of the product by cytoplasmic protease.",Escherichia coli,temperature,,
