pmid,doi,pmcid,oa_status,year,journal,title,abstract,organism,condition,screened,screen_reason
42615605,10.1128/msphere.00379-26,,no_pmc,2026,mSphere,Elevated temperature undermines the efficacy of <i>Streptococcus pyogenes</i> dCas9-based CRISPRi systems.,"Targeted gene repression using CRISPRi has become a foundational technique for microbiology. The effector protein in most CRISPRi systems is a catalytically inactivated version of Cas9, an RNA-guided DNA endonuclease from <i>Streptococcus pyogenes</i> (SpCas9). The application of SpCas9-based CRISPRi systems in increasingly ambitious experiments in diverse bacteria raises important questions about the effects of growth temperature on CRISPRi efficacy, particularly because SpCas9 loses cutting efficacy at elevated temperatures. Here, we test the effect of temperature on SpCas9<i>-</i>based CRISPRi knockdown efficacy by performing a series of genome-wide screens using a well-characterized CRISPRi system in the model firmicute <i>Bacillus subtilis</i>. We observe very little repression at high (45°C) growth temperatures and confirm this observation using single cell measurements of GFP fluorescence in CRISPRi strains grown at different temperatures. Our data suggest that <i>Streptococcus pyogenes-</i>based CRISPRi systems are ill-suited for thermophiles and should not be used for elevated-temperature or heat shock experiments in mesophilic bacteria. CRISPRi is a common technique for inducible gene depletion in bacteria and has been used for many different types of experiments in increasingly diverse bacteria. We identify increased temperatures as an important limitation of the most common CRISPRi effector (<i>Streptococcus pyogenes</i> dCas9). This finding both affects experimental design and informs the kinds of bacterial species amenable to manipulation by <i>S. pyogenes</i>-based CRISPRi systems.",Bacillus subtilis,temperature,,
42573668,10.1007/s42770-026-02047-y,,no_pmc,2026,Brazilian journal of microbiology : [publication of the Brazilian Society for Microbiology],From decay to discovery: A new antimicrobial peptide from Chrysomya megacephala (Diptera: Calliphoridae) larvae.,"The larvae of Chrysomya megacephala (Diptera: Calliphoridae) thrive in environments rich in decaying organic matter and dead animals, which are often colonized by bacteria. This adaptation suggests the larvae possess antimicrobial substances that provide them with a defense against bacterial infection. The hemolymph from around 200 C. megacephala larvae previously exposed to methicillin-resistant Staphylococcus aureus (MRSA) (clinical isolate) was collected, purified, and isolated utilizing Reverse Phase High Performance Liquid Chromatography (RP-HPLC). Fractions exhibiting antimicrobial properties underwent further analysis using Quadrupole Time-of-Flight Liquid Chromatography Mass Spectrometry (QTOF-LCMS). The resulting mass spectra were translated into amino acid sequences through de novo algorithms. Antimicrobial prediction tools from repositories such as APD3, Database of Antimicrobial Activity and Structure of Peptides (DBSAAP), Database of Antimicrobial Peptide (DBAMP), and Collection of Antimicrobial Peptide Version 4 (CAMPR4) were employed to validate the peptide sequences. We found the peptide (HGCGRLSKWFRQPGLLLSVKR) exhibited partial similarity with C. megacephala's heat shock protein 70 (hsp70). The peptide demonstrated activity against Staphylococcus aureus, including MRSA, Micrococcus luteus, Staphylococcus epidermidis, and Bacillus subtilis with a minimum inhibitory concentration (MIC) of 0.06 mg/ml and an inhibition zone ranging from 8 to 11 mm at a concentration of 1 mg/ml. The cytotoxicity test of the peptide on immortalized keratinocyte cells (HaCat) and human corneal epithelial cells (HCEC) revealed an average cell viability > 80% at concentration of 0.06 mg/ml. In conclusion, the novel peptide (HGCGRLSKWFRQPGLLLSVKR) exhibits a broad spectrum of activity against Gram-positive bacteria while demonstrating minimal toxicity towards human cells.",Bacillus subtilis,temperature,,
42537292,10.1016/j.jhazmat.2026.143148,,no_pmc,2026,Journal of hazardous materials,AI-2 type quorum-sensing signal enhances mercury resistance and adsorption in thermotolerant Bacillus subtilis.,"Heavy metal contamination in coastal sediments threatens marine microbes and ecological health. Elucidating microbial community synergistic resistance mechanisms is essential for developing novel bioremediation strategies. Microorganisms are known to regulate population-level adaptation to environmental stress through quorum-sensing signals, yet the role of autoinducer-2 (AI-2) in mercury (Hg) resistance and immobilization remains poorly understood. Here, we isolated a thermotolerant Bacillus subtilis strain from coastal sediments and demonstrated that Hg stress selectively activated luxS-associated AI-2 production. AI-2 addition enhanced bacterial survival under combined Hg and heat stress by reducing intracellular reactive oxygen species, increasing antioxidant enzyme activities, promoting biofilm formation, and strengthening Hg adsorption. Sediment microcosm validation further showed that the B. subtilis + AI-2 treatment reduced soluble Hg by 29.6% after 24 h and increased the biomass-associated Hg fraction. These results reveal an AI-2-associated microbial strategy that links intracellular detoxification with extracellular Hg immobilization. While further genetic validation is needed to establish its causal role, this mechanism provides mechanistic insight for microbiome-assisted mercury remediation in thermally dynamic coastal sediments.",Bacillus subtilis,temperature,,
42529022,10.3389/fpls.2026.1867580,PMC13416453,oa,2026,Frontiers in plant science,<i>Bacillus</i> from the Brazilian Caatinga biome enhances maize productivity and agronomic performance under rainfed conditions across multi-location field trials.,"Drought stress is among the most critical limitations to maize productivity, particularly under rainfed conditions. In this study, we explored the Brazilian Caatinga biome as a source of drought adapted plant growth-promoting bacteria and evaluated their potential to mitigate drought effects in maize (<i>Zea mays</i> L.). A total of 414 thermo-tolerant bacterial strains were isolated from soil, of which 28 <i>Bacillus</i> strains were able to grow under low water activity. These strains exhibited multiple plant growth-promoting traits <i>in vitro</i>, including exopolysaccharide production, biofilm formation, siderophore production, indole-3-acetic acid synthesis, putative nitrogen fixation, and phosphate solubilization. Twelve selected strains significantly improved root morphology, relative chlorophyll content (SPAD units), and biomass accumulation in maize seedlings under osmotic stress induced by polyethylene glycol. Notably, strain 1A11 showed the most consistent effects, promoting root growth and biomass accumulation under both stressed and non-stressed conditions, indicating constitutive growth promotion across environments, whereas other strains showed stronger responses under stress. This stability across environments strengthens its agronomic value, particularly in regions characterized by high rainfall variability. Genome sequencing of five elite strains (1A11, 5D5, 6E9, 1H10, and 2E7) identified conserved gene clusters associated with exopolysaccharide production, indole-3-acetic acid synthesis, phosphate metabolism, iron acquisition (siderophore synthesis), synthesis of volatile compounds, motility, chemotaxis, and general responses to osmotic and oxidative stress. Multi-location field trials conducted across five locations in Brazil, under rainfed conditions, indicate that strains 1A11 (<i>Bacillus subtilis</i>), 5D5, and 6E9 (<i>Bacillus velezensis</i>) consistently increased grain yield compared to the non-inoculated control and performed similarly to or better than a commercial inoculant. Mean productivity gains with the strain 1A11 reached up to 39% relative to the non-inoculated treatment across environments. These results indicate that <i>Bacillus</i> strains isolated from semi-arid soils were able to convert multifunctional potential into measurable agronomic gains under field conditions, demonstrating their potential as bioinoculants to enhance maize resilience under water-limited agricultural systems.",Bacillus subtilis,temperature,,
42454250,10.1021/acsapm.6c00761,PMC13366588,oa,2026,ACS applied polymer materials,PEG-Based Living Hydrogels Engineered for Tunable Production of Bioactive Lipopeptides.,"Encapsulation of microbial cells within nanoporous hydrogels creates dynamic and responsive living materials well-suited for biotherapeutic applications. <i>Bacillus subtilis</i> is a promising microbe in this application as it is generally regarded as safe, can be sporulated for long-term stability and resistance to nonideal environments, and can produce antimicrobial and anticancer molecules such as the cyclic lipopeptide surfactin. Here, we examine the growth of <i>B. subtilis</i> cells and corresponding production of surfactin after encapsulation within poly-(ethylene glycol) (PEG) hydrogels at varied levels of nanoconfinement. Encapsulation was achieved through Michael-type addition reactions between PEG diacrylate and PEG tetrathiol macromers, where macromer molecular weight was systematically varied to generate hydrogels across a range of average mesh sizes (9-19 nm). Hydrogels had varied Young's modulus (7.3 ± 1.7 kPa to 16.4 ± 0.7 kPa) and provided a 7-fold range in small molecule diffusivity. In-situ cellular growth monitoring and surfactin quantification revealed that all hydrogels stimulated the production of surfactin with verified antibacterial activity and in a manner tunable with mesh size. Smallest mesh sizes drove highest surfactin production, a ∼5-fold increase relative to equivalent cultures of unconfined cells. Cell loading was then varied in 9 nm mesh size hydrogels to reveal that low cell loading (0.1-1 × 10<sup>4</sup> cells per μL hydrogel) promoted sustained growth and surfactin production proportional to the number of cells loaded. Conversely, hydrogels loaded with excessive cells (2.5-7.5 × 10<sup>4</sup> cells per μL hydrogel) resulted in unsustained growth and diminished surfactin production. Finally, to develop a more robust material, <i>B. subtilis</i> endospores were encapsulated into hydrogels at optimized conditions. Spore-laden hydrogels retained the capability to produce surfactin after exposure to dehydration and temperature stress. These results indicate that hydrogel encapsulation stimulates <i>B. subtilis</i> surfactin production according to the level of nanoconfinement to achieve a tunable engineered living material for production of bioactive molecules.",Bacillus subtilis,temperature,,
42376094,10.5455/OVJ.2026.v16.i3.46,PMC13314159,oa,2026,Open veterinary journal,A <i>Bacillus</i>-based synbiotic blend improves broiler productivity and metabolic resilience under suboptimal water quality and heat stress.,"Antibiotic growth promoters (AGPs) are being phased out in poultry production, leading to the search for functional non-nutritive additives. Synbiotic blends, such as the BBG complex, can enhance gut health and resilience against environmental stressors, particularly suboptimal water quality and heat stress. This study aimed to evaluate the effect of a synbiotic blend (BBG) comprising <i>Bacillus</i> spp., β-glucans, and β-mannans as a non-nutritive immunostimulant on the productive performance and physiological parameters of broiler chickens. A total of 264 one-day-old Ross broiler chickens were distributed into two treatments (<i>n</i> = 132 each) with three replicates of 44 birds each, covering three phases (pre-starter, starter, and finisher). The control group received a commercial diet, whereas the BBG group received a dietary inclusion (5%) of a conglomerate comprising <i>Bacillus</i> <i>subtilis</i> (10%-14%), <i>Bacillus toyonensis</i> (10%-14%), <i>Bacillus licheniformis</i> (13%-17%), <i>Heyndrickxia coagulans</i> (10%-14%), <i>Shouchella clausii</i> (13%-17%), β-glucans (1%-5%), β-mannans (1%-5%). Data were analyzed using one-way analysis of variance. Physicochemical analyses were performed on the feed and water, while production parameters (i.e., initial and final body weight (BW), daily feed intake, BW gain, feed conversion ratio, and mortality) were evaluated. Hematological and biochemical analyses were performed weekly. Physicochemical analysis confirmed that the drinking water deviated from regulatory standards, exhibiting a lack of residual chlorine, slightly acidic pH, and elevated nitrate levels. BBG administration enhanced overall productive performance, yielding higher final BW and weight gain, alongside a noteworthy reduction in mortality during the pre-starter phase. Hematological analysis showed marked leukocytosis and elevated liver enzymes (alanine aminotransferase, aspartate aminotransferase, and bilirubin) in both treatments, confirming active environmental stress. Although BBG treatment did not completely normalize these stress indicators, it improved the birds´ resilience and enhanced feed efficiency during the initial stages. The BBG synbiotic blend is a viable alternative to conventional AGPs, improving productivity and early viability under challenging field conditions characterized by high temperatures and suboptimal water quality.",Bacillus subtilis,temperature,,
42324599,10.1080/19490976.2026.2684066,PMC13285563,oa,2026,Gut microbes,Biofilm overproduction enhances gastrointestinal stress tolerance and intestinal fitness in <i>Bacillus subtilis</i>.,"Microorganisms with health-promoting potential often experience substantial losses in viability and function due to stresses encountered during manufacturing and gastrointestinal transit. In this study, we investigate whether biofilm can be leveraged to enhance microbial resilience and functional performance. Using <i>Bacillus subtilis</i> as a model biofilm-forming bacterium, we examined strains with defined biofilm phenotypes: a biofilm-deficient mutant (<i>tasA eps</i>), a biofilm-overproducing mutant (<i>sinR</i>), and an isogenic wild-type control. These strains were evaluated across multiple functional benchmarks, including survival in simulated gastric and bile juices, thermotolerance, and intestinal bacterial colonization in the <i>Caenorhabditis elegans</i> model. Commercially available strains <i>Lactobacillus rhamnosus</i> GG and <i>Saccharomyces boulardii</i> were included as reference comparators. The biofilm-overproducing <i>B. subtilis sinR</i> strain demonstrated markedly enhanced survival under simulated gastrointestinal conditions and showed increased colonization within the <i>C. elegans</i> intestine. In contrast, the biofilm-deficient <i>tasA eps</i> mutant exhibited severe sensitivity to gastric stress and reduced the intestinal bacterial load. Furthermore, we demonstrate that cell-free <i>B. subtilis</i> biofilm can function as an effective bioencapsulation matrix. When used to encapsulate multiple probiotic strains, the biofilm matrix significantly improved their survival under acidic gastric conditions by neutralizing the environmental pH, indicating its broad potential for probiotic formulations and targeted gastrointestinal delivery. Overall, biofilms are traditionally studied for their roles in infection and antimicrobial resistance; however, their protective and adaptive traits may be repurposed for beneficial use. As an example of this concept, our findings show that <i>B. subtilis</i> biofilms enhance multiple functional and technological traits and highlight biofilm-based strategies as a promising platform for improving beneficial microbial robustness and the delivery of live biotherapeutics.",Bacillus subtilis,temperature,,
42138174,10.1021/acs.jnatprod.6c00112,PMC13316988,oa,2026,Journal of natural products,Proteotoxic Stress Bioreporter Enables Mechanism-Informed Antibiotic Discovery.,"Antibiotic resistance poses a major global health challenge, which is intensified by the decline in antibiotic discovery efforts. This highlights the urgent need for innovative antibacterial agents. Natural products remain a key source of antibiotics, yet early mechanistic insights are often lacking. Classical whole-cell screening identifies growth inhibition but provides no mechanistic information. Bioreporter strains combine bioactivity detection with preliminary mechanistic profiling; however, they remain unavailable for several promising antibiotic target areas. We developed a sensitive bioreporter that signals the induction of the heat-shock Clp-ATPase gene <i>clpE</i> in <i>Bacillus subtilis</i>. ClpE serves as a specific biomarker for proteotoxic stress, resulting from the accumulation of damaged or misfolded proteins. The self-sustained luminescence of the P<sub><i>clpE</i></sub>-lux bioreporter enables monitoring of proteotoxic stress in both solid and liquid assay formats and supports high-throughput screening. Consolidated through extensive validation with reference antibiotics, the bioreporter also identified antibacterial agents that were not previously associated with proteotoxic stress. Coupling the bioreporter with a microfractionation-based metabolomics workflow accelerated the identification of hydrophilic antibacterial metabolites from complex natural product extracts, thereby uncovering an extensive group of streptothricin derivatives, including putatively novel analogues. This study demonstrates that the P<sub><i>clpE</i></sub>-lux bioreporter is a versatile tool for mechanism-informed antibiotic discovery, enhancing the detection sensitivity and dereplication efficiency.",Bacillus subtilis,temperature,,
42124587,10.64898/2026.02.24.707801,PMC13160166,pmc_not_oa,2026,bioRxiv : the preprint server for biology,Spore-Based Biocomposite Thermoplastic Polyesters with Enhanced Toughness and Programmable Disintegration.,"Thermoplastic polyesters are widely used in commodity and high-performance applications due to their tunable and exceptional properties, versatile performance, and increasing relevance in sustainable materials. Integrating biological functionality into these polymers offers a promising route to enhance performance and end-of-life behavior beyond what conventional additives can achieve. Here, we report the generalization of an embedded spore-based engineered living material concept to three representative thermoplastic polyesters; polycaprolactone (PCL), polylactic acid (PLA), and poly(butylene adipate-co-terephthalate) (PBAT). Heat-shock-tolerized <i>Bacillus subtilis</i> spores were compounded with each polyester as a living biofiller via hot melt extrusion. The resulting biocomposite polyesters retained high spore viability (>90%) after extrusion and exhibited improved mechanical performance (up to 41% toughness improvement compared to neat polymers). End-of-life behavior was evaluated in a microbially-limited composting environment, where spore-containing PCL exhibited nearly complete disintegration within five months, corresponding to a ∼7-fold increase in degradation kinetics relative to neat PCL. Finally, 3D printing of biocomposite PCL was demonstrated through fused deposition modeling and direct ink writing methodologies. Together, this work demonstrated the successful extension of spore-based engineered living materials from thermoplastic polyurethane to multiple thermoplastic polyesters.",Bacillus subtilis,temperature,,
42100216,10.3389/fvets.2026.1776015,PMC13143784,oa,2026,Frontiers in veterinary science,"Synergistic effects of dietary RISCO-NUTRIFOUR probiotic on broiler performance, upregulation of intestinal immunoglobulin A and mucin-2 genes, enhancement of occludin expression, and downregulation of HSP70 under heat stress.","Heat stress (HS) remains a major challenge in poultry production, negatively impacting performance, gut health, and immune function. This study investigated the synergistic effects of a novel probiotic solution, RISCO-NUTRIFOUR (RNFS), on growth performance, immune modulation, and intestinal barrier integrity in heat-stressed broilers. A total of 288 Ross 308 broiler chicks were allocated to six dietary treatments, including RNFS at three inclusion levels [0.4, 0.2, and 0.1% ""(4, 2, and 1 L RNFS/ton feed)""], 0.1% <i>Bacillus subtilis</i>, 0.1% <i>Saccharomyces cerevisiae</i>, and a negative control. Over a 42-day trial, RNFS supplementation improved (<i>p</i> < 0.05) average daily weight gain (ADWG), feed conversion ratio (FCR), and intestinal gene expression of immunoglobulin A (IgA), occludin, and claudin-1, while downregulating the heat shock protein HSP70. These improvements exhibited dose-dependent patterns, with productive performance indices improving at lower RNFS doses, while intestinal gene expression was enhanced at higher inclusion levels. No adverse effects were observed on lymphoid organ development or core metabolic indicators. RNFS also modulated serum lipid profiles favorably and demonstrated a robust antioxidant and immunomodulatory phytochemical profile. These findings highlight RNFS as a promising probiotic feed additive to mitigate HS and enhance gut health and productive performance in broilers.",Bacillus subtilis,temperature,,
42075202,10.3390/microorganisms14040805,PMC13118429,oa,2026,Microorganisms,Role of Stress Response Genes in Resistance and Germination of <i>Bacillus subtilis</i> Spores.,"Bacterial adaptation to hostile environments depends on the coordinated expression of stress response genes. When adverse conditions persist and nutrients become limiting, sporulating species may initiate sporulation as a last-resort survival strategy. However, sporulation under such conditions may alter the resistance and germination properties of the resulting spores. In this study, we investigated whether stress response regulators that facilitate vegetative cell adaptation to temperature and/or salinity changes during growth can influence the properties of <i>Bacillus subtilis</i> 168 spores. To this end, we examined the resistance and germination of mutant spores lacking key regulators of stress response pathways (SigB, SigW, SigX, Fur, HrcA, CtsR, and CssRS regulon), all produced under optimal sporulation conditions. The constitutive activation of the SigB-mediated general stress response, achieved through the deletion of its negative regulator RsbX, reduced spore heat resistance by 2.2-fold compared to the parental strain, while no effect was observed in vegetative cells. Additionally, Δ<i>rsbX</i> spores displayed both impaired nutrient-induced and CaDPA-induced germination. Collectively, these findings suggest that stress response regulators can influence spore behavior, although their effects may differ from those observed in vegetative cells.",Bacillus subtilis,temperature,,
41751191,10.3390/biomedicines14020293,PMC12938160,oa,2026,Biomedicines,Deciphering the Role of Postbiotics Derived from <i>Bacillus subtilis natto</i> on LPS-Induced Endothelial Cell Dysfunction.,"<b>Background</b>: This study aimed to assess the effects of postbiotic derived from <i>Bacillus subtilis natto</i> (Szendi2020) on endothelial responses under LPS-induced inflammatory stress. <b>Methods</b>: In human umbilical vein endothelial cells (HUVECs), inflammation was induced with 200 ng/mL LPS. Cell viability, apoptosis, and mitochondrial integrity were assessed using MTT assay, DiIC, and Sytox Green permeability assays. Intracellular ROS levels, heat shock proteins (HSPB1/Hsp27, HSPA1L/Hsp70), adhesion molecules (ICAM-1, VCAM-1), tight junction protein (Occludin), transcription regulators (NF-κB, TNFα), and proinflammatory cytokines (IL-1β, IL-6, IL-8) were quantified using qPCR and ELISA. <b>Results</b>: LPS exposure significantly induced apoptosis in HUVECs, as reflected by decreased metabolic activity, decreased mitochondrial membrane potential, and increased cell death (<i>p</i> < 0.05). Concurrent postbiotic administration completely abolished LPS-induced cytotoxicity in all assay platforms, demonstrating a potent cytoprotective effect. Postbiotic treatment significantly reduced LPS-induced ROS accumulation (<i>p</i> < 0.05). LPS significantly increased Hsp27 and Hsp70 mRNA expression. However, combined LPS and postbiotic exposure mitigated Hsp27 and Hsp70 mRNA expression compared with LPS treatment alone (<i>p</i> < 0.001, <i>p</i> < 0.005). Postbiotic treatment also decreased the upregulation of adhesion molecules induced by LPS. Although this effect decreased after 24 h (<i>p</i> < 0.001). LPS strongly increased NF-κB, IL-1β and TNFα mRNA levels and was suppressed by postbiotics at early time points but not maintained over 24 h. Importantly, postbiotics significantly reduced IL-6, and IL-8 expression at both the mRNA and protein levels, highlighting the attenuation of endothelial inflammatory features (<i>p</i> < 0.05, <i>p</i> < 0.005, <i>p</i> < 0.001). <b>Conclusions</b>: Our results are the first to demonstrate that postbiotics derived from <i>Bacillus subtilis natto</i> (Szendi2020) exert potent cytoprotective and anti-inflammatory effects in LPS-induced endothelial inflammation. By reducing ROS accumulation, preventing apoptosis, stabilizing mitochondrial and barrier integrity, modulating HSP, NF-κB, and cytokine responses. Postbiotics may be promising therapeutic candidates for alleviating endothelial inflammation and the resulting endothelial dysfunction.",Bacillus subtilis,temperature,,
41745998,10.3390/vetsci13020204,PMC12945024,oa,2026,Veterinary sciences,"Dietary Combined Thyme Meal and <i>Bacillus subtilis</i> to Promote Growth Performance, Immune Function, Gene Expression, Antioxidant Defense, and Cecal Microbiota in Growing Rabbits Under Heat Stress Conditions.","This study investigates the nutritional effects of a thyme meal and <i>B. subtilis</i> mixture on growth performance, immune function, antioxidant capacity, gene expression, and gut microbiota in heat-stressed rabbits. One hundred and twenty male New Zealand White rabbits were divided into four dietary treatments (five replicates/group). The rabbits in the first group were fed a basal diet, while the other three groups were fed a basal diet containing <i>B. subtilis</i>, thyme meal, and their mixture, respectively. The <i>B. subtilis</i> and thyme meal mixture increases the heat-stressed rabbits' body weight gain and carcass weight, and enhances nutrient digestibility and the feed conversion ratio. Supplementing the CBT mixture improved the lipid profile and liver and kidney function via decreasing plasma triglycerides, cholesterol, LDL, creatinine, urea, and AST levels, while increasing total protein and albumin levels. Furthermore, the CBT mixture enhanced the immune response and oxidative stability by increasing IgA and IgG levels, GPx enzyme activity, and SOD, while decreasing plasma MDA content. Adding the CBT mixture enhanced gut health by reducing pathogens and inflammation, as well as increasing volatile fatty acid levels and the expression of CAT-1, MUC-2, and SGLT-1 genes. The combination of a thyme meal and <i>B. subtilis</i> enhanced growth, immune function, antioxidant capacity, gut microbiota modification, and the expression of gut health nutrient absorption-related genes in heat-stressed rabbits.",Bacillus subtilis,temperature,,
41640756,10.3389/fpls.2025.1694929,PMC12866984,oa,2025,Frontiers in plant science,Foliar application of magnesium and the use of plant growth-promoting rhizobacteria improve photosynthetic physiology and the yield components of soybean.,"The study evaluated the effects of foliar magnesium (Mg) application and inoculation/co-inoculation with plant growth-promoting rhizobacteria (PGPRs) on soybean physiological metabolism and yield in a long-term no-tillage system under Brazilian Cerrado conditions. Despite the relevance of PGPRs for crop resilience, there remains a research gap regarding the use of <i>Priestia megaterium</i> and <i>Bacillus subtilis</i> as stimulators of plant physiological metabolism under field conditions, particularly their potential to mitigate adverse climate-related stresses. The novelty of this study lies in the unprecedented assessment of the interaction between foliar Mg application and the inoculation of these bacteria in soil under a long-term no-tillage system. We investigate how this combination can enhance the crop's physiological metabolism, contributing to refined agricultural management techniques that are essential for addressing the challenges posed by climate change. The field experiment was carried out in an Oxisol over two growing seasons, using a randomized complete block design in a factorial scheme (3 x 2), combining three inoculation treatments (<i>Bradyrhizobium</i>, <i>Bacillus subtilis</i>, and <i>Priestia megaterium</i>) with or without foliar Mg application at the V<sub>6</sub> soybean growth stage. The control treatment (<i>Bradyrhizobium japonicum</i>) showed higher ureide content (approximately 25% greater than the seed co-inoculation treatment) and greater plant height in both growing seasons. Principal Component Analysis (PCA) indicated that the control was more susceptible to heat stress, as evidenced by higher MDA and peroxide levels. Furrow co-inoculation exhibited intermediate performance, with greater sensitivity to high temperatures in the 2023/24 season and lower water-use efficiency in 2024/25. In contrast, seed co-inoculation increased the number of pods (40%) and grains per plant (45%), enhanced gross photosynthesis (40%), instantaneous water-use efficiency (25%), and internal carbon concentration (10%), compared with the control in both evaluated seasons. The combination of seed co-inoculation with foliar Mg application reduced hydrogen peroxide content, suggesting mitigation of reactive compounds and greater physiological stability. In summary, seed co-inoculation associated with foliar Mg application improved physiological attributes and yield components of soybean under field conditions in the Cerrado.",Bacillus subtilis,temperature,,
41526225,10.2323/jgam.2025.12.004,,no_pmc,2026,The Journal of general and applied microbiology,Decolorization and degradation of azo dyes by the thermal and heavy metal tolerant bacterial consortium BPA-1.,"An efficient bacterial consortium (designated BPA-1), comprising Bacillus subtilis SX-6, Pseudomonas sp. SX-10, and Georgenia sp. SY-1, was successfully constructed for the decolorization of the azo dye Congo Red (CR). BPA-1 exhibited significant thermotolerance and heavy metal resistance, achieving over 90% CR decolorization within 60 h at 47°C under co-stress conditions with Zn²⁺, Mn²⁺, and Pb²⁺ (50 mg/L each). The consortium demonstrated broad substrate specificity, effectively decolorizing 12 structurally diverse azo dyes. Enzymatic assays revealed the involvement of laccase, manganese peroxidase, lignin peroxidase, and azoreductase in CR biodegradation. Metabolic pathway analysis indicated a three-stage degradation mechanism: (1) Asymmetric cleavage of azo bonds (-N=N-) generated 4,4'-diazaldenylbiphenyl and 4-amino-1-naphthalenesulfonic acid (Intermediate II); (2) Deamination converted Intermediate II to 3,4-dihydroxy-1-naphthalenesulfonic acid, followed by desulfurization to form naphthalene-1,2,3,4-tetraol; (3) Complete mineralization of intermediates occurred through subsequent oxidative steps. Notably, 4,4'-diazaldenylbiphenyl was further transformed into 4,4'-diaminobiphenyl, confirming the consortium's capacity for multi-step detoxification.",Bacillus subtilis,temperature,,
41347500,10.1128/spectrum.02694-25,PMC12772383,oa,2026,Microbiology spectrum,Contribution of the <i>Bacillus subtilis ytrGABCDEF</i> operon to antibiotic stress adaptation.,"The <i>Bacillus subtilis ytrGABCDEF</i> operon encodes a putative ABC transporter, its transcriptional repressor YtrA, and YtrG, a small transmembrane protein of unknown function. The operon is induced by inhibitors of the membrane-bound lipid II cycle, cold shock, and during the exponential to stationary phase transition and has been implicated in antibiotic stress adaptation, cell wall synthesis, sporulation, biofilm formation, and competence. Here, we assessed its contribution to antibiotic stress adaptation using a broad range of <i>ytr</i> mutant strains and different susceptibility testing setups. We could not confirm a consistent role of the operon in antibiotic survival. However, we observed a stimulating effect of ABC transporter expression on cell wall synthesis and turnover and could pinpoint this to the membrane-bound lipid II cycle. We conclude that the <i>ytrGABCDEF</i> operon is induced by antibiotics that target lipid-linked cell wall precursors, not because it constitutes a dedicated antibiotic stress response but rather because these stress conditions mimic its natural trigger. We speculate that this could be related to the accumulation of intracellular cell wall precursor compounds, a signature effect of antibiotics that bind to lipid-linked cell wall precursors such as lipid II or bactoprenol phosphate. The <i>Bacillus subtilis ytrGABCDEF</i> operon is a reliable and specific marker for the inhibition of cell wall biosynthesis by antibiotics. It has therefore advanced as a common reporter in transcriptomic, proteomic, and reporter gene studies aimed at elucidating antibiotic mechanisms of action. Despite this established role, its function is poorly understood, and its contribution to survival under antibiotic exposure is debated. Here, we provide evidence that the function of the operon is not related to antibiotic stress but rather that its induction is a by-product of antibiotic-induced changes in cell wall metabolism.",Bacillus subtilis,temperature,,
41295677,10.3390/vetsci12111039,PMC12656663,oa,2025,Veterinary sciences,"Nano-Encapsulated Cumin Oil and <i>Bacillus subtilis</i> Enhance Growth Performance, Immunity, Oxidative Stability, and Intestinal Integrity in Growing Rabbits Under High Ambient Temperature.","The study evaluated the influence of dietary supplementation with nano-encapsulated cumin oil, <i>B. subtilis</i>, or a combination of both to mitigate the impacts of heat stress on the performance and health of growing rabbits. In the feeding trial, a total of eighty-four growing New Zealand White (35 days, 781.3 ± 1.8 g average body weight) were randomly distributed in a completely randomized design into four groups; each had 21 rabbits arranged in 7 replicates (3 rabbits each). The experiment lasted 42 days (35 days to 77 days). Growing rabbits received a basal diet (first group, CON) without additives, while the other groups were supplemented with nano-encapsulated cumin oil (NECO, 200 mg/kg), <i>B. subtilis</i> (BS, 500 mg/kg), or both (BSNO, 500 mg BS plus 200 mg/kg NECO). Adding BSNO significantly enhanced body weight gain, carcass weight, and feed conversion ratio and reduced mortality rate (<i>p</i> < 0.05). Additionally, the BSNO enhanced digestive system performance by increasing the secretion of trypsin enzymes, as well as nutrient digestibility, especially for protein and fiber (<i>p</i> < 0.05). Supplementing BSNO enhanced oxidative stability and immunity via higher levels of superoxide dismutase (SOD), IgA, IgG, triiodothyronine (T3), thyroxine (T4) and lower malondialdehyde (MDA) levels (<i>p</i> < 0.05), indicating a better ability to adapt to stress. During the examination of gut health, pathogenic bacteria counts decreased, as well as down-regulation of interleukin-6 (IL-6) gene expression and up-regulation of cationic amino acid transporter-1 (CAT-1), interleukin-10 (IL-10), and mucin-2 (MUC-2) gene expression (<i>p</i> < 0.05), supporting gut integrity. This study highlights the potential of mixing nano-encapsulated cumin oil and <i>B. subtilis</i> in growing rabbits' diets as an effective strategy to counteract the negative effects of heat stress caused by high ambient temperatures.",Bacillus subtilis,temperature,,
41277973,10.3389/fmicb.2025.1699655,PMC12634643,oa,2025,Frontiers in microbiology,Requirement of ClpX for CtsR dissociation from its operator elements upon heat stress in <i>Bacillus subtilis</i>.,"A sudden increase in temperature triggers <i>Bacillus subtilis</i> to activate expression of stress-specific heat shock proteins of the CtsR (class three stress gene repressor) regulon to withstand the adverse conditions. Key members of this regulon, such as ATPases, proteolytic subunits and their adaptors, which can assemble to the functional Clp protease system, perform crucial roles in maintaining cellular proteostasis, while their transcription is repressed by CtsR during vegetative growth. Upon heat shock, a conformational change in a thermosensing glycine-rich loop causes CtsR to detach from its DNA operators, enabling the transcriptional activation of the regulon. Novel data from a <i>clpX</i>-deficient strain demonstrated that in addition, the presence of the ATPase ClpX is essential for the CtsR dissociation from its DNA binding site. To further elucidate this role of ClpX, we constructed a conditional <i>clpX</i> strain, in which <i>clpX</i> induction is decoupled from its native transcriptional control. This conditional expression system mimicked a <i>clpX-</i>deficient phenotype under non-inducing conditions and restored the wild-type phenotype upon induction. Our results indicate that the full induction of the CtsR regulon, particularly <i>clpE</i>, requires both heat and the presence of ClpX, thereby extending the current model for the transcriptional activation of genes repressed by CtsR.",Bacillus subtilis,temperature,,
41224848,10.1038/s41598-025-23910-2,PMC12612037,oa,2025,Scientific reports,"Lysozyme and Bacillus subtilis improve growth performance, nutrient utilization, physiological stress indices, intestinal integrity, and gene expression of heat-stressed broilers.","Feed additives play a crucial role in enhancing the poultry's overall performance, whether by meeting their needs or helping to overcome various challenges, especially during heat stress. This study examined the effects of adding lysozyme and Bacillus subtilis on growth indices, lipid profiles, immune responses, gut integrity, and gene expression in heat-stressed broilers. A total of 600 one-day-old (Ross 308) male chicks were randomly allocated into four treatment groups (six replicates) as follows: CON, a basal diet without feed additives; B.S, a basal diet supplemented with B. subtilis (500 mg/kg diet); LYS, a basal diet supplemented with lysozyme (150 mg/kg diet); and BSLY, a basal diet supplemented with both B. subtilis and lysozyme (500 mg/kg and 150 mg/kg diet, respectively). Chickens were exposed to a temperature of 33 °C for 4 h daily during the experimental period. Results indicated that broilers receiving a diet supplemented with BSLY showed higher body weight gain and lower feed conversion ratio than the control (p < 0.05). The carcass characteristics and nutrient digestibility of the BSLY group were also improved. Total cholesterol decreased in chickens fed BSLY and B.S, while low-density lipoprotein (LDL) levels decreased in the LYS group. compared to the control group; however, high-density lipoprotein (HDL) increased in the BSLY, B.S, and LYS groups. Additionally, the addition of BSLY and B.S enhanced the immune response by increasing the levels of immunoglobulin G (IgG), immunoglobulin M (IgM), and the relative weight of the Bursa of Fabricius. Furthermore, gut integrity improved via expanding the ileum villus height in chickens fed BSLY, B.S, and LYS , as well as the counts of Bacillus spp. and Lactobacillus in the broilers fed BSLY and B.S. Dietary BSLY, B.S, and LYS modulated gene expression, via up-regulation of insulin-like growth factor 1 (IGF1), superoxide dismutase (SOD), glutathione peroxidase (GPx), and interferon-gamma (IFN-γ) gene expression compared to the control group, while the highest SOD and IGF1 genetic modification was in the group that received BSLY. In conclusion, adding B. subtilis-lysozyme mixture can have a positive impact on growth performance indices, immune response, gut health, and gene expression, thereby increasing heat stress resistance of broiler chickens.",Bacillus subtilis,temperature,,
41217542,10.1007/s11250-025-04711-1,,no_pmc,2025,Tropical animal health and production,"Effects of Bacillus subtilis and Lactobacillus on production performance, meat quality, serum immunoglobulins, immune organ indices and redox status in heat-stressed broilers.","This study investigated the effects of dietary Bacillus subtilis (BS group), Lactobacillus (LAB group), and their combination (COM group) on the growth and slaughter performance, meat quality, serum immunoglobulins, immune organ indices, and immune organ antioxidant activity of heat-stressed broilers. A total of 200 one-day-old Cobb broilers were randomly divided into five treated groups, with four replicates per treatment and 10 birds per replicate. Results showed that heat stress (HS) had multiple negative effects on broilers: it reduced average daily feed intake (ADFI) and average daily gain(ADG), and increased the feed-to-gain ratio (F/G) (P < 0.05); and slaughter performance decreased except for leg muscle and abdominal fat yields (P < 0.05); meat quality (pH, drip loss, shear force, and some color parameters) deteriorated (P < 0.05); serum immunoglobulin levels (P < 0.05), thymus/spleen/bursa indices (P < 0.05), and thymic glutathione peroxidase (GSH-PX) levels were reduced (P < 0.05), while malondialdehyde (MDA) levels increased (P < 0.05). Compared with the HS group, the probiotic-treated groups (BS, LAB, and COM groups) improved the ADG and reduced the F/G of broilers (P < 0.05). The BS group increased the semi-eviscerated yield (P < 0.05), while the LAB group improved the carcass yield, eviscerated yield, and semi-eviscerated yield (P < 0.05). The BS group had lower drip loss and shear force in breast muscles (P < 0.05), and the LAB and COM groups showed reduced shear force in leg muscles (P < 0.05). The probiotic-treated groups exhibited higher a* value in leg muscles (P < 0.05). These groups also showed elevated serum IgA, IgM, and IgG (P < 0.05); the BS group had a higher bursa index (P < 0.05), while the LAB group displayed enhanced thymic total superoxide dismutase (T-SOD) activity (P < 0.05). This study demonstrates that dietary Bacillus subtilis and Lactobacillus supplementation enhances growth and slaughter performance, meat quality, serum immunoglobulin levels, immune organ indices, and antioxidant activity in heat-stressed broilers. It mitigates HS impacts, providing substantial practical value for broiler farming under thermal stress conditions.",Bacillus subtilis,temperature,,
41044366,10.1038/s41598-025-17988-x,PMC12494778,oa,2025,Scientific reports,Dietary RISCO NUTRIFOUR multistrain multikingdom probiotic consortia improves meat quality carcass traits and growth efficiency in heat stressed broilers.,"Heat stress (HS) compromises broiler productivity by depressing growth, meat quality, and physiological resilience. This trial evaluated the effects of a novel multi-strain probiotic solution, RISCO NUTRIFOUR (MSPS), in 288 Ross 308 broilers reared under standard environmental temperatures until day 28, followed by exposure to cyclic HS (35 ± 1°C, 09:00–17:00; 23 ± 1°C thereafter) until day 42. Birds were randomly allotted to six dietary treatments within the basal diet: MSPS at 1, 2, or 4 mL kg-¹; Bacillus subtilis (1 mL kg-¹); S. cerevisiae (1 mL kg-¹); or an unsupplemented control (n = 8 pens * 6 birds). At day 42, breast meat quality and carcass characteristics of heat-stressed broilers were assessed. Also, the performance index (PI), European production efficiency factor (EPEF), and feed efficiency (FE) of the production cycle were calculated. MSPS at 1 mL kg-¹ significantly (p < 0.05) enhanced PI (+ 18.5%), EPEF (+ 18.2%), and FE (+ 13.6%) versus the negative control. Also, cooking loss percentage fell by 40.5% and breast meat lightness (L*) and whiteness index increased (p < 0.05). MSPS improved ultimate pH and reduced core temperature 24 h post-mortem, indicating better metabolic recovery. No adverse effects on relative internal organ weights, texture, or sensory traits were noted (p > 0.05). GC-MS revealed that MSPS has antioxidant and antimicrobial metabolites that may underpin these responses. In conclusion, MSPS, particularly at 1 mL kg-¹, mitigates HS-induced detriments to meat quality and growth, resulting in improved PI, EPEF, and FE, offering a practical antibiotic-free strategy for the broiler industry in hot climates.",Bacillus subtilis,temperature,,
41040150,10.1101/2025.09.22.676666,PMC12485807,oa,2025,bioRxiv : the preprint server for biology,Cross-species phenotypic profiling uncovers functional determinants of bacterial cold shock adaptation.,"Temperature shifts impose broad physiological stress, requiring precise and dynamic regulatory programs to restore cellular homeostasis. While the heat shock response is well characterized, the mechanisms underlying cold shock response (CSR) remain less understood. To identify genes critical for cold adaptation, we applied transposon sequencing (Tn-seq) to monitor mutant fitness across the full course of CSR and sustained low-temperature growth in two mesophilic bacteria, <i>Escherichia coli</i> and <i>Bacillus subtilis</i>. In <i>B. subtilis</i>, phenotypic profiling revealed a temporally structured program: membrane fluidity and cell wall remodeling were most critical in the early stage of CSR, whereas post-transcriptional regulation became essential during late-stage recovery to reprogram gene expression and restore growth. Cross-species comparison uncovered both conserved and species-specific mechanisms, with RNA metabolism and ribosome/translation regulators playing broad roles. Specifically, we identified a conserved synergy between two ribosomal RNA methyltransferases, RsmA and RsmH, in promoting cold adaptation. In <i>B. subtilis</i>, mutants lacking these enzymes exhibited significant delay in translation recovery following cold-induced global inhibition. Together, these findings provide a comparative, systems-level view of bacterial cold adaptation and establish a framework for exploring stress responses in pathogens and extremophiles.",Bacillus subtilis,temperature,,
41035886,10.3389/fmicb.2025.1625265,PMC12479497,oa,2025,Frontiers in microbiology,Microbiome engineering to enhance disease resistance in aquaculture: current strategies and future directions.,"Aquaculture, a cornerstone of global food security, faces critical threats from disease outbreaks, antimicrobial resistance, and ecological disruption. Through a narrative analysis of over 160 studies, this review synthesizes advances in microbiome engineering-a sustainable approach to enhancing disease resistance in aquatic animals-addressing key gaps: the inconsistent efficacy of conventional probiotics and prebiotics under field conditions, and the need for climate-resilient solutions. Critically, we highlight the emergence of precision microbiome engineering as a transformative paradigm. We integrate findings from genomics, metabolomics, clustered regularly interspaced short palindromic repeats, and artificial intelligence to identify microbial strategies that enhance host resilience. Genomic and multi-omics methods reveal health-associated microbes and metabolites, such as <i>Vibrio</i>-dominated dysbiosis markers in shrimp and butyrate-mediated immunity. Guided by these biomarkers, we describe precision-tailored probiotics-host-derived or genome-edited <i>Bacillus subtilis</i> strains whose adhesion factors, metabolic outputs (e.g., butyrate, bacteriocins), and heat stress tolerance are matched to the target species' gut niche. These are combined with complementary prebiotics (e.g., chitosan oligosaccharides) and synbiotics (e.g., <i>Lactiplantibacillus plantarum</i> plus king oyster mushroom extracts) that suppress pathogens through competitive exclusion and immune modulation. Ecologically rational innovations-interventions explicitly grounded in ecological theory (niche complementarity, K-selection) to stabilize resource-efficient microbiomes-such as fecal microbiota transplantation and synthetic consortia, demonstrate further disease control potential. Our synthesis reveals that translating microbiome engineering from laboratory to farm requires overcoming host-microbiome compatibility challenges and ecological risks. Policy alignment with the United Nations Sustainable Development Goals-Zero Hunger (Sustainable Development Goal 2), Climate Action (Sustainable Development Goal 13), and Life Below Water (Sustainable Development Goal 14)-is critical for sustainable adoption.",Bacillus subtilis,temperature,,
40945337,10.1016/j.psj.2025.105795,PMC12683144,oa,2025,Poultry science,"Mitigating Heat Stress in Broilers: Effects of Bacillus subtilis Probiotic and Garlic (Allium sativum) Supplementation on Growth Performance, Antioxidant Status, Cecal Microbiota and Immune Response.","This study evaluated the effects of Bacillus subtilis and garlic supplementation on growth performance, oxidative stress, and immune response in heat-stressed broilers. A total of 320-day-old Hubbard broiler chicks were randomly allocated to four dietary treatments: a control group (thermoneutral) and three heat-stressed groups supplemented with Bacillus subtilis at 3 × 10¹⁰, 4 × 10¹⁰, and 5 × 10¹⁰ CFU/kg each combined with 1 % garlic powder. Heat stress was induced by maintaining the temperature at 32-35°C for three hours daily from day 22-35. Broilers were evaluated for feed intake (FI), weight gain (WG), feed conversion ratio (FCR), malondialdehyde (MDA) levels, cecal microbiota composition, and differential leukocyte counts (DLC). The results showed that higher levels of Bacillus subtilis (4 × 10¹⁰ and 5 × 10¹⁰ CFU/kg) with 1 % garlic significantly (P < 0.001) improved FI, WG, and FCR during the finisher phase. Supplemented groups exhibited lower MDA levels, indicating reduced oxidative stress (P < 0.001). Moreover, DLC analysis revealed enhanced immune function, with reduced heterophil counts and increased monocyte and eosinophil percentages (P < 0.05). No significant differences were observed in cecal microbiota composition. Overall, 5 × 10¹⁰ CFU/kg Bacillus subtilis + 1 % garlic showed the best performance, demonstrating its potential as an effective strategy to mitigate heat stress in broilers.",Bacillus subtilis,temperature,,
40714398,10.1016/j.ijfoodmicro.2025.111352,,no_pmc,2025,International journal of food microbiology,"Temperature-mediated shift from competitive to facilitative interactions between lactic acid bacteria and bacillus species in daqu fermentation: Insights from metagenomics, dual RNA-seq, and coculture analysis.","Daqu, a pivotal starter that defines the flavor profile and quality of Baijiu, undergoes dynamic temperature changes during its production, significantly influencing the microbial community structure and function. Although the importance of fermentation temperature in shaping microbial biodiversity is well-recognized, its impact on microbial interaction dynamics and the underlying mechanisms remains poorly understood. This study integrates metagenomics, dual RNA-seq, and coculture experiments to elucidate temperature-dependent microbial interactions during Daqu fermentation. Metagenomic analysis revealed that lactic acid bacteria (LAB) and Bacillus are dominant genera with distinct thermal preferences that nevertheless coexist throughout the fermentation process. Elevated temperature stress was found to enhance positive microbial interactions within the Daqu ecosystem. Dual RNA-seq analysis uncovered temperature-responsive gene expression patterns associated with oxidative stress, metabolic capacity, and environmental information processing in representative LAB and Bacillus strains. Guided by these multi-omics findings, co-culture assays demonstrated a temperature-dependent shift in microbial interaction modes. At 30 °C, Lactococcus lactis secretes lactic acid that inhibits the growth of Bacillus subtilis, whereas at 50 °C, B. subtilis alleviates oxidative stress in L. lactis by producing cobalamin, thereby enabling short-term rescue and sustained coexistence over serial transfers. These findings provide critical insights into the temperature-driven modulation of microbial interactions, enhancing the precision and manageability of the Daqu fermentation process.",Bacillus subtilis,temperature,,
40534784,10.3389/fvets.2025.1581675,PMC12175249,oa,2025,Frontiers in veterinary science,<i>In vitro</i> analysis of probiotic characteristics of gut-associated bacteria from <i>Solea solea</i>.,"One of the major challenges hindering blue agri-economy of Pakistan, is the extensive use of antibiotics and chemotherapeutics in aquaculture. A sustainable alternative is the supplementation of fish feed with non-pathogenic and non-invasive probiotics. In this study, bacteria associated with gastrointestinal tract (GIT) of fish <i>Solea solea</i> were isolated and characterized for probiotic potential. Bacterial isolation was conducted from the gut using serial dilution method and Mueller-Hinton Agar (MHA) medium. Isolates were characterized through biochemical analysis and 16S rRNA gene sequencing. Analysis of, intestinal cell adhesion efficiency, tolerance to bile salts, NaCl and pH, survivability in simulated gastric conditions, antibiotic sensitivity profiling, heat shock tolerance, antimicrobial activity of bacteria against <i>Staphylococcus aureus</i> and <i>Pseudomonas aeruginosa</i>, hemolytic activity, cholesterol assimilation potential and resistance against antibiotics. i.e., azithromycin, erythromycin, amoxil, ciprofloxacin and velosef, was performed. Five isolates were identified as <i>Lacticaseibacillus rhamnosus, Enterococcus faecium, Bacillus amyloliquefaciens, Bacillus subtilis</i>, and <i>Bacillus cereus</i>. All bacteria were fast growing. Optimal growth was observed at pH 5. All isolates demonstrated growth in simulated gastric medium. They exhibited γ-hemolysis, survived heat shock treatment at 100°C, and showed good cholesterol degradation efficiency (ranging between 26.77 and 83.44 mg/dL). Optimum cell adhesion potential was recorded at 90 min. i.e., 119-129 CFUs. All isolates were sensitive to antibiotics with sensitivity order velosef > ciprofloxacin > amoxil > erythromycin and azithromycin. Due to these probiotic characteristics, current study bacteria might be good candidates for antibiotics replacement in aquaculture.",Bacillus subtilis,temperature,,
40453950,10.14202/vetworld.2025.1059-1069,PMC12123271,oa,2025,Veterinary world,Impact of probiotic-supplemented water on the performance and physiological responses of broilers under normal and heat stress conditions.,"Heat stress (HS) significantly compromises broiler performance, intestinal health, and immune responses, posing a growing threat under climate change. Probiotics (PROs) have been proposed as a nutritional intervention to mitigate HS effects, yet their efficacy through drinking water remains understudied. This study aimed to evaluate the effects of water-supplemented PROs on growth performance, physiological responses, intestinal morphology, and inflammatory biomarkers in broiler chickens under thermo-neutral (TN) and HS conditions. A total of 192 one-day-old Ross 308 broiler chicks were randomly allocated to four treatment groups (6 replicates/group): TN with control (CON) water, TN with PRO-supplemented water, HS with CON water, and HS with PRO-supplemented water. PROs (<i>Bacillus subtilis</i> and <i>Bacillus pumilus</i>) were administered in drinking water at 50 mg/L from day 1 to 35. Birds in the HS groups were subjected to 3 h daily heat exposure (33°C ± 2°C) from days 31 to 35. Growth performance, physiological indicators, intestinal histomorphology, and blood biomarkers were assessed. HS significantly increased rectal temperature (Tr) (1.6°C; p < 0.01) and respiratory rate (57 breaths/min; p < 0.01). PRO supplementation reduced Tr by 0.17°C (p = 0.01) but did not affect performance metrics (feed intake, body weight gain, feed conversion ratio). HS reduced villus height (VH) and surface area in the jejunum and ileum (p < 0.05), while PROs partially ameliorated VH under HS. No significant effects of PROs were observed on serum amyloid A or tumor necrosis factor-alpha levels. However, PROs tended to reduce diamine oxidase levels (24%; p = 0.09). HS also decreased albumin and glucose levels (p ≤ 0.02). HS adversely affected intestinal integrity and selected blood metabolites. Although PRO supplementation had limited effects on performance and inflammatory biomarkers, it conferred modest thermoregulatory benefits and tended to improve intestinal permeability. Further research is warranted to optimize PRO formulation and assess synergistic strategies for HS mitigation in poultry.",Bacillus subtilis,temperature,,
40445255,10.1007/s11250-025-04488-3,PMC12125155,oa,2025,Tropical animal health and production,Effect of probiotic supplementation on productive performance and epithelial intestinal integrity of broiler chickens exposed to heat stress.,"Heat stress (HS) impacts performance and intestinal homeostasis of broiler chickens. Probiotic represents an alternative to counteract those negative effects. This study evaluated the performance and intestinal integrity of HS chickens supplemented with a B. subtilis based probiotic in two 35-d periods. Period 1 was conducted under thermoneutral conditions (TN; 25.7 ± 1.7 °C) using 150 one-day old chickens (Ross-308) randomly assigned to two dietary treatments: TN birds fed a standard diet without (TN-S) or added with 0.05% probiotic (TN-P). Period 2 was conducted under HS (29.3 ± 2.6 °C) with 120 one-day old chickens fed the standard diet without (HS-S) or with 0.05% probiotic (HS-P). On day 35, ten birds per treatment were sacrificed and jejunum was collected. HS and probiotic supplementation reduced feed intake from d-1 to d-35 (P < 0.01). Feed conversion from day 1 to 21 was better in HS compared to TN chickens, but the opposite occurred from d-1 to d-35 (P < 0.01). Overall, from d-1 to d-35, body weight and daily gain were lower in HS than TN chickens (P < 0.01), but these variables were higher in HS-P than HS-S chickens (P < 0.05). HS chickens reduced villi height, and crypt depth, and increased villi height:crypt depth ratio compared to TN chickens (P < 0.01), but probiotic supplementation increased them (P < 0.01). Probiotic supplementation increased claudin-5 expression during TN and HS periods (P < 0.05), and TJP-1 during TN period (P < 0.05), but decreased occludin expression during HS (P < 0.05). In general, Bacillus subtilis supplementation positively impacts performance and epithelium integrity of the small intestine of HS broiler chickens.",Bacillus subtilis,temperature,,
40281551,10.1186/s12917-025-04728-6,PMC12032670,oa,2025,BMC veterinary research,Physiological responses and reproductive performance of naturally heat-stressed rabbit does treated with postbiotic of Bacillus subtilis and Saccharomyces cerevisiae in free and nano-encapsulated forms.,"Heat stress negatively affects the physiology and reproductive functions of rabbits. In order to mitigate these effects, palm date seeds were fermented with Bacillus (B.) subtilis and/or Saccharomyces (S.) cerevisiae to generate microbial-derived active metabolites, postbiotics, which were subsequently characterized using GC-MS. Notably, the postbiotic generated by the combined microbial fermentation (BYP) exhibited the highest concentration of secondary active metabolites. This postbiotic was then incorporated into rabbit diets in either free (BYP) or nano-encapsulated (NBYP) formulations. Forty-five nulliparous rabbit does were randomly assigned to one of three groups and received dietary supplementation with either 0.9 g/kg BYP, 0.9 g/kg NBYP, or no supplementation (C) over 30 days spanning mating and the first and second semesters of pregnancy. Supplementation with BYP and NBYP significantly increased feed intake compared to the C group, while concurrently reducing rectal temperatures and respiratory rates. Both treatments markedly enhanced hematological, immunological, and redox parameters, as well as progesterone levels during pregnancy. The NBYP demonstrated superior effects for most variables, particularly during pregnancy. Additionally, the kindling rate and litter size and litter weight at birth were significantly higher in the BYN and NBPY groups compared to the C group. The incorporation of NBYP is recommended as an innovative natural microbial-derived supplement to enhance the health status, heat tolerance, and reproductive efficiency of rabbit does maintained under natural thermal stress conditions.",Bacillus subtilis,temperature,,
40243034,10.1111/mmi.15366,PMC12242103,oa,2025,Molecular microbiology,Protein Homeostasis Impairment Alters Phenotypic Heterogeneity of Biofilm Communities.,"Biofilms are highly organized, cooperating communities of microorganisms encased in a self-produced extracellular matrix, providing resilience against external stress such as antimicrobial agents and host defenses. A hallmark of biofilms is their phenotypic heterogeneity, which enhances the overall growth and survival of the community. In this study, we demonstrate that removing the dnaK and tig genes encoding the core molecular chaperones DnaK (Hsp70 homolog) and Trigger factor disrupted protein homeostasis in Bacillus subtilis and resulted in the formation of an extremely mucoid biofilm with aberrant architecture, compromised structural integrity, and altered phenotypic heterogeneity. These changes include a large reduction in the motile subpopulation and an overrepresentation of matrix producers and endospores. Overproduction of poly-γ-glutamic acid contributed crucially to the mucoid phenotype and aberrant biofilm architecture. Homeostasis impairment, triggered by elevated temperatures, in wild-type cells led to mucoid and aberrant biofilm phenotypes similar to those observed in strains lacking both dnaK and tig. Our findings show that disruption of protein homeostasis, whether due to the absence of molecular chaperones or because of environmental factors, severely changes biofilm features.",Bacillus subtilis,temperature,,
39753052,10.1016/j.psj.2024.104708,PMC11754040,oa,2025,Poultry science,"Effects of cold-pressed wheat germ oil and Bacillus subtilis on growth performance, digestibility, immune status, intestinal microbial enumeration, and gene expression of broilers under heat stress.","This study evaluated the effect of wheat germ oil (WGO), Bacillus subtilis, and their combination on growth performance, immune response, nutrient digestibility, intestinal microbial, oxidative status, and gene expression in heat-stressed broilers. Four hundred one-day-old male Ross 308 broilers were distributed into five pens (20 birds/pen) in four experimental groups: a control (CON) without additives, WGO group fed diet with WGO at 200 mg.kg<sup>-1</sup>, BS group fed diet with B. subtilis at 500 mg.kg<sup>-1</sup> containing 5 × 10<sup>8</sup> CFU.g<sup>-1</sup>, and CWB group received both WGO and B. subtilis. Heat stress exposure adversely affected broiler growth performance, carcass traits, immune response, and insulin-like growth factor 1 (IGF-1) and mucin2 (MUC2) mRNA expression. However, the CWB group showed a lower FCR, reduced mortality rate, and increased BWG compared to the other groups. Nutrient digestion was also improved, with a higher digestibility of ether extract, dry matter, and crude protein. By day 35, stress biomarkers like corticosterone and glucose levels were reduced, while triiodothyronine levels increased in the BS and CWB groups. The CWB group also showed lower malondialdehyde and interleukin-6 levels, with higher superoxide dismutase activity, and increased levels of IgA, IgG, and interleukin-10. Additionally, the CWB group had higher HDL levels and lower cholesterol and LDL levels (P < 0.05). Notably, CWB supplements modified the structure of the cecal microbial community by increasing Lactobacillus counts and decreasing E. coli and C. perfringens counts. Furthermore, the expressions of intestinal MUC2 and hepatic IGF-1 were up-regulated (P < 0.05) in the CWB group. This study provides evidence that supplementing heat-stressed broiler diets with a mixture of WGO and B. subtilis enhances antioxidant capacity, immune response, growth performance, and gut integrity via modulating the microbial community and regulating gene expression.",Bacillus subtilis,temperature,,
39706398,10.1016/j.ijbiomac.2024.138987,,no_pmc,2025,International journal of biological macromolecules,"Dietary Bacillus subtilis HGcc-1 improves the growth performance, α-amylase and lipase activities, immunity and antioxidant capacity, intestinal microbiota, and heat stress resistance in Pacific white shrimp (Litopenaeus vannamei).","This study aimed to investigate the effects of B. subtilis HGcc-1 supplementation on the growth performance, immunity response, antioxidant capacity, intestinal microbiota and heat stress resistance of Litopenaeus vannamei. The results showed that B. subtilis HGcc-1 increased the activities of α-amylase and lipase and the activities of acid phosphatase and alkaline phosphatase, significantly decreased malondialdehyde content and significantly increased the activities of total antioxidant capacity, glutathione S-transferase, total superoxide dismutase, the expression levels of immune-related genes Toll and prophenoloxidase as compared to the control. Analysis of the intestinal microbial revealed that a significant increase in the relative abundance of Firmicutes, such as Lactococcus. Conversely, there was a decrease in the relative abundance of Proteobacteria, such as Vibrio and Shewanella. Furthermore, B. subtilis HGcc-1 supplementation may help alleviating heat stress injury in shrimp by modulating the Hippo signaling pathway. In summary, this study provided a valuable insight into the functional benefits of B. subtilis HGcc-1 supplementation in shrimp, offering a theoretical basis for its practical application in aquaculture.",Bacillus subtilis,temperature,,
39674004,10.1016/j.micres.2024.127979,,no_pmc,2025,Microbiological research,Arginine kinase McsB and ClpC complex impairs the transition to biofilm formation in Bacillus subtilis.,"Robust biofilm formation on host niches facilitates beneficial Bacillus to promote plant growth and inhibit plant pathogens. Arginine kinase McsB is involved in bacterial development and stress reaction by phosphorylating proteins for degradation through a ClpC/ClpP protease. Conversely, cognate arginine phosphatase YwlE counteracts the process. Regulatory pathways of biofilm formation have been studied in Bacillus subtilis, of which Spo0A∼P is a master transcriptional regulator, which is transcriptionally activated by itself in biofilm formation. Previous studies have shown that Spo0A∼P transcript regulation controls biofilm formation, where MecA binds ClpC to inhibit Spo0A∼P-dependent transcription without triggering degradation. It remains unclear whether McsB and ClpC regulate biofilm formation together and share a similar non-proteolytic mechanism like MecA/ClpC complex. In this study, we characterized McsB and ClpC as negative regulators of biofilm formation and matrix gene eps expression. Our genetic and morphological evidence further indicates that McsB and ClpC inhibit eps expression by decreasing the spo0A and sinI expression, leading to the release of SinR, a known repressor of eps transcription. Given that the spo0A and sinI expression is transcriptionally activated by Spo0A∼P in biofilm formation, we next demonstrate that McsB interacts with Spo0A directly by bacterial two-hybrid system and Glutathione transferase pull-down experiments. Additionally, we present that McsB forms a complex with ClpC to dampen biofilm formation in vivo. Finally, we show that YwlE acts as a positive regulator of biofilm formation, counteracting the function of McsB. These findings suggest that McsB, ClpC, and YwlE play vital roles in the transition to biofilm formation in Bacillus subtilis, providing new insights into the regulatory mechanisms underlying biofilm development and sharing a similar non-proteolytic mechanism in biofilm formation as MecA/ClpC complex.",Bacillus subtilis,temperature,,
39580901,10.1016/j.psj.2024.104518,PMC11625347,oa,2025,Poultry science,"Effects of dietary Bacillus subtilis 14823 on growth performance, gut barrier integrity and inflammatory response of broilers raised in a stressful tropical environment.","Heat stress (HS) has become a major concern for the poultry industry in many countries. HS impacts gut health by causing damaged mucosal microstructures, increased oxidative stress, weakened immunity, and heightened permeability to toxins and poultry pathogens. We investigated the potential benefits to broiler chickens subjected to HS of dietary supplementation with Bacillus subtilis 14823. Growth performance, gut barrier integrity, and expressions of inflammatory cytokines were analyzed. The results indicated that dietary supplementation with B. subtilis spores at concentrations of 1 × 10<sup>6</sup> CFU/g of feed (BS6 group) and 1 × 10<sup>7</sup> CFU/g of feed (BS7 group) improved body weight and body weight gain during d 0-42 (P < 0.05), while the feed intake of the BS7 group was highest (P < 0.05). Additionally, the BS6 group showed a better feed conversion ratio than the control (CON) group (P < 0.05). The BS7 group showed the lowest serum fluorescein isothiocyanate-dextran levels (P < 0.05), and both the BS6 and BS7 groups showed lower corticosterone levels than the CON group (P < 0.05). Additionally, both the BS6 and BS7 groups demonstrated increased villi height and villus height/crypt depth ratio, along with decreased crypt depth in the duodenum and ileum (P < 0.05). However, only the BS7 group exhibited greater improvements than the CON group in the jejunum at d 35. Furthermore, at d 14 and 35, mRNA expressions of occludin, claudin-1, and tight junction protein-1 in the jejunum were upregulated (P < 0.05), and expression levels of five inflammatory cytokine genes were downregulated in the ileum (P < 0.05). Our findings provide new insights and evidence supporting the application of B. subtilis 14823 for enhancing growth performance, gut barrier integrity, and modulating inflammatory cytokines in broilers.",Bacillus subtilis,temperature,,
39514131,10.1007/s11033-024-10000-1,,no_pmc,2024,Molecular biology reports,"Exploring newly isolated thermotolerant, halotolerant and antimicrobial resistant Bacillus subtilis ProNTL1 from tannery waste and its alkaline protease production.","A hydrolytic enzyme called protease from microbial sources has expansive applications in leather as well as tannery industries and thus leaves no choice but to discover a potential candidate for efficient yield of protease with eccentric characteristics. In the current study, using skim milk agar medium, three bacterial strains (Pro SS14, Pro NTL1, Pro SM) were identified for protease production out of thirty tannery waste samples. The bacterial isolates were identified through morphological, biochemical and molecular basis and the highest protease producer (134 U/mL) having the paramount protein content (8.75%) with the greatest biomass (absorbance 1.7 at 600 nm) was further bioinformatically identified as Bacillus subtilis Pro NTL1. Moreover, the cultural conditions-pH, temperature, incubation period and salinity were tested to get the optimized condition for the three isolates where Bacillus subtilis Pro NTL1 gave best growth at pH 9 demonstrating alkaline protease producing capability, at 45 °C for 72 h proving its thermotolerance characteristics and at 3% NaCl concentration declaring its halotolerance property. Furthermore, following Kirby-Bauer agar disc diffusion technique, the antimicrobial susceptibility pattern was investigated showing Bacillus subtilis Pro NTL1 was resistant to ampicillin, penicillin, sulfafurazole and sensitive to amoxicillin, gentamycin, cefotaxime, kanamycin, imipenem, tetracycline. Additionally, Bacillus subtilis Pro NTL1 showed antagonistic activity against three pathogens named Bacillus cereus, Bacillus megaterium and Escherichia coli. Thus, these findings suggest that Bacillus subtilis Pro NTL1 is a newly isolated strain with unique features which might help to contribute in several biotechnological purposes with significant industrial benefits.",Bacillus subtilis,temperature,,
39301922,10.1093/jas/skae267,PMC11484798,pmc_not_oa,2024,Journal of animal science,"Enhancing skeletal muscle fiber characteristics, intramuscular fat deposition, and fatty acid composition in broilers under heat stress through combined selenomethionine and Bacillus subtilis supplementation in the diet.","Heat stress is the most common environmental stressor in poultry production, negatively affecting growth performance, meat quality, and welfare. Therefore, the aim of this study was to compare the nutritional effects of dietary supplementation with selenomethionine, Bacillus subtilis (BS), and a combination of selenomethionine and BS on broilers challenged with heat stress. A total of 300 21-day-old male broilers (Ross 308) were randomly assigned to 5 groups with 6 replicates of 10 broilers per each: control group (CON, broilers raised at 22 ± 2 °C), heat stress exposure group (HS, broilers raised at 32 ± 2 °C for 8 h/d), HSS group (HS group supplemented with 0.3 mg/kg selenomethionine), HSB group (HS group supplemented with 1 × 109 cfu/kg BS), and HSBS group (HS group supplemented with 0.3 mg/kg selenomethionine and × 109 cfu/kg BS). The experiment lasted for 21 d. The results indicated that, compared to the CON group, heat stress reduces (P < 0.05) broiler growth performance and damages the meat quality in breast and thigh muscles. Dietary supplementation with selenomethionine and BS did not improve the growth performance of broilers under heat stress. However, compared to the HS group, the HSS, HSB, and HSBS groups showed significantly increased (P < 0.05) pH45 min, redness (a*) and yellowness (b*), muscle fiber density, intramuscular fat, triglyceride content, and expression levels of Myf5, CAPN 2, FM, SLC27A1, A-FABP, H-FABP, APOB-100, and ACC in breast and thigh muscles. Meanwhile, these groups showed reduced (P < 0.05) lightness (L*), drip loss, shear force, muscle fiber cross-sectional area, and FM gene expression level. The HSBS group showed greater improvement in the physicochemical quality of muscle and volatile substances compared to the HSS and HSB groups. In conclusion, selenomethionine and BS improved meat quality and flavor in broilers under heat stress by modulating muscle fiber composition and characteristics, as well as increasing intramuscular fat deposition.",Bacillus subtilis,temperature,,
39302453,10.1007/s00484-024-02780-9,,no_pmc,2024,International journal of biometeorology,"Effects of Bacillus subtilis and Lactobacillus on growth performance, serum biochemistry, nutrient apparent digestibility, and cecum flora in heat-stressed broilers.","This study investigates the effect of dietary Bacillus subtilis and Lactobacillus on the growth performance, serum biochemistry, nutrient apparent digestibility, and cecum flora of broilers under heat stress (HS) and provides a theoretical basis for the application of probiotic additives to alleviate the stress of poultry under HS. A total of 200 Cobb broilers were randomly assigned to four replicates of 10 broilers in each of the five groups. The growth performance, serum biochemistry, nutrient apparent digestibility, and cecum flora of broilers were detected on the 28th, 35th, and 42nd days, respectively. Results revealed that HS can affect the growth performance and serum biochemical indexes of broilers, lowered the number of intestinal bifidobacteria and Lactobacillus, and increase the number of Escherichia coli in comparsion to the CON group. Compared with the HS group, the ADFI of HS broilers in the BS group and the combined group significantly increased (P < 0.05) at 22-28 days of age, and the serum calcium and phosphorus increased (P < 0.05) significantly at 42 days of age. Meanwhile, the number of Lactobacillus in the BS group and LAB group increased significantly at 42 days of age (P < 0.05). The number of Escherichia coli in the LAB group and combination group decreased significantly at 35 days of age (P < 0.01). The present study revealed that the addition of Bacillus subtilis or Lactobacillus to diets increased ADFI, increased probiotic counts, and lowered Escherichia coli counts in HS broilers, while probiotics alone work well.",Bacillus subtilis,temperature,,
38930488,10.3390/microorganisms12061106,PMC11205373,oa,2024,Microorganisms,Amylase and Cellulase Production from Newly Isolated <i>Bacillus subtilis</i> Using Acid Treated Potato Peel Waste.,"Species belonging to the genus <i>Bacillus</i> produce many advantageous extracellular enzymes that have tremendous applications on a commercial scale for the textile, detergent, feed, food, and beverage industries. This study aimed to isolate potent thermo-tolerant amylolytic and cellulolytic bacterium from the local environment. Using the Box-Behnken design of response surface methodology, we further optimized the amylase and cellulase activity. The isolate was identified by 16S rRNA gene sequencing as <i>Bacillus subtilis</i> QY4. This study utilized potato peel waste (PPW) as the biomaterial, which is excessively being dumped in an open environment. Nutritional status of the dried PPW was determined by proximate analysis. All experimental runs were carried out in 250 mL Erlenmeyer flasks containing acid treated PPW as a substrate by the thermos-tolerant <i>Bacillus subtilis</i> QY4 incubated at 37 °C for 72 h of submerged fermentation. Results revealed that the dilute H<sub>2</sub>SO<sub>4</sub> assisted autoclaved treatment favored more amylase production (0.601 IU/mL/min) compared to the acid treatment whereas high cellulase production (1.269 IU/mL/min) was observed in the dilute acid treatment and was found to be very effective compared to the acid assisted autoclaved treatment. The <i>p</i>-value, F-value, and coefficient of determination proved the significance of the model. These results suggest that PPW could be sustainably used to produce enzymes, which offer tremendous applications in various industrial arrays, particularly in biofuel production.",Bacillus subtilis,temperature,,
38898189,10.1007/s10123-024-00549-z,,no_pmc,2025,International microbiology : the official journal of the Spanish Society for Microbiology,"Characterization of heat, salt, acid, alkaline, and antibiotic stress response in soil isolate Bacillus subtilis strain PSK.A2.","Microbes play an essential role in soil fertility by replenishing the nutrients; they encounter various biotic and abiotic stresses disrupting their cellular homeostasis, which expedites activating a conserved signaling pathway for transient over-expression of heat shock proteins (HSPs). In the present study, a versatile soil bacterium Bacillus subtilis strain PSK.A2 was isolated and characterized. Further, the isolated bacterium was exposed with several stresses, viz., heat, salt, acid, alkaline, and antibiotics. Stress-attributed cellular morphological modifications such as swelling, shrinkage, and clump formation were observed under the scanning electron microscope. The comparative protein expression pattern was studied by SDS-PAGE, relative protein stabilization was assessed by protein aggregation assay, and relative survival was mapped by single spot dilution and colony-counting method under control, stressed, lethal, and stressed lethal conditions of the isolate. The findings demonstrated that bacterial stress tolerance was maintained via the activation of various HSPs of molecular weight ranging from 17 to 115 kD to respective stimuli. The treatment of subinhibitory dose of antibiotics not interfering protein synthesis (amoxicillin and ciprofloxacin) resulted in the expression of eight HSPs of molecular weight ranging from 18 to 71 kD. The pre-treatment of short stress dosage showed endured overall tolerance of bacterium to lethal conditions, as evidenced by moderately enhanced total soluble intracellular protein content, better protein stabilization, comparatively over-expressed HSPs, and relatively enhanced cell survival. These findings hold an opportunity for developing novel approaches towards enhancing microbial resilience in a variety of conditions, including industrial bioprocessing, environmental remediation, and infectious disease management.",Bacillus subtilis,temperature,,
38717171,10.1128/spectrum.03925-23,PMC11237406,oa,2024,Microbiology spectrum,Lipid phase separation impairs membrane thickness sensing by the <i>Bacillus subtilis</i> sensor kinase DesK.,"Membrane fluidity and thickness have emerged as crucial factors for the activity of and resistance to several antimicrobials. However, the lack of tools to study membrane fluidity and, in particular, thickness in living bacteria limits our understanding of this interplay. The <i>Bacillus subtilis</i> histidine kinase/phosphatase DesK is a molecular sensor that directly detects membrane thickness. It controls activity of DesR, which regulates expression of the lipid desaturase Des, known for its role in cold adaptation and daptomycin susceptibility. We hypothesized that this property could be exploited to develop biosensors and reporters for antibiotic-induced changes in membrane fluidity and thickness. To test this, we designed three assays based on the <i>des</i> system: activation of the <i>Pdes</i> promoter as reporter for membrane thickening, localization of DesK-GFP(green-fluorescent protein) as proxy for rigidified membrane domains, and antibiotic sensitivity of <i>des</i>, <i>desK</i>, and <i>desR</i> deletion mutants as readout for the importance of membrane rigidification/thickening under the tested condition. While we could not confirm the suitability of the <i>des</i> system as reporter for antibiotic-induced changes in membrane thickness, we did observe that <i>des</i> expression is only activated by mild temperature shocks, likely due to partitioning of the sensor DesK into fluid membrane domains upon phase separation, precluding effective thickness sensing under harsh cold shock and antibiotic stress conditions. Similarly, we did not observe any sensitivity of the deletion mutants to either temperature or antibiotic stress, raising the question to what extent the <i>des</i> system contributes to fluidity adaptation under these conditions. The <i>B. subtilis</i> des system is a prime model for direct molecular membrane thickness sensor and, as such, has been well studied <i>in vitro</i>. Our study shows that our understanding of its function <i>in vivo</i> and its importance under temperature and antibiotic stress is still very limited. Specifically, our results suggest that (i) the <i>des</i> system senses very subtle membrane fluidity changes that escape detection by established fluidity reporters like laurdan; (ii) membrane thickness sensing by DesK is impaired by phase separation due to partitioning of the protein into the fluid phase; and (iii) fluidity adaptations by Des are too subtle to elicit growth defects under rigidifying conditions, raising the question of how much the <i>des</i> system contributes to adaptation of overall membrane fluidity.",Bacillus subtilis,temperature,,
38663147,10.1016/j.ijfoodmicro.2024.110709,,no_pmc,2024,International journal of food microbiology,Mechanistic insights into the adaptive evolvability of spore heat resistance in Bacillus cereus sensu lato.,"Wet heat treatment is a commonly applied method in the food and medical industries for the inactivation of microorganisms, and bacterial spores in particular. While many studies have delved into the mechanisms underlying wet heat killing and spore resistance, little attention has so far been dedicated to the capacity of spore-forming bacteria to tune their resistance through adaptive evolution. Nevertheless, a recent study from our group revealed that a psychrotrophic strain of the Bacillus cereus sensu lato group (i.e. Bacillus weihenstephanensis LMG 18989) could readily and reproducibly evolve to acquire enhanced spore wet heat resistance without compromising its vegetative cell growth ability at low temperatures. In the current study, we demonstrate that another B. cereus strain (i.e. the mesophilic B. cereus sensu stricto ATCC 14579) can acquire significantly increased spore wet heat resistance as well, and we subjected both the previously and currently obtained mutants to whole genome sequencing. This revealed that five out of six mutants were affected in genes encoding regulators of the spore coat and exosporium pathway (i.e. spoIVFB, sigK and gerE), with three of them being affected in gerE. A synthetically constructed ATCC 14579 ΔgerE mutant likewise yielded spores with increased wet heat resistance, and incurred a compromised spore coat and exosporium. Further investigation revealed significantly increased spore DPA levels and core dehydration as the likely causes for the observed enhanced spore wet heat resistance. Interestingly, deletion of gerE in Bacillus subtilis 168 did not impose increased spore wet heat resistance, underscoring potentially different adaptive evolutionary paths in B. cereus and B. subtilis.",Bacillus subtilis,temperature,,
38219255,10.1093/jas/skae012,PMC10825842,pmc_not_oa,2024,Journal of animal science,"Effect of supplementing a Bacillus subtilis-based probiotic on performance, intestinal integrity, and serum antioxidant capacity and metabolites concentrations of heat-stressed growing pigs.","Exposing pigs to heat stress (HS) seems to modify the intestinal microbiota which may compromise the integrity of the small intestine epithelia. Probiotics, live microorganisms, can help pigs to maintain a healthy intestinal environment. Eighty pigs (21.6 ± 3.4 kg body weight) exposed to HS or thermal neutral (TN) conditions were used to evaluate the effect of a Bacillus subtilis-based probiotic on performance, body temperature, and intestinal integrity. Treatments were: TN pigs fed a control diet without (TN-C) or with 1 × 106 CFU probiotic/g of feed (TN-P), and HS pigs fed a control without (HS-C) or with probiotic (HS-P). The control diet was formulated with wheat, soybean meal, and free amino acids (AA). Feed and water were freely available during the 21-d study. At completion, samples from duodenum, jejunum, and ileum were collected to analyze epithelial histology and tight junction protein expression; antioxidant activity, and free AA and metabolites in serum. Relative abundance of Lactobacillus, Bifidobacterium, Escherichia coli, and Bacillus in ileal content was analyzed. Ambient temperature in the TN room ranged from 19 to 25 °C, and in HS room from 30 to 38.5 °C. Intestinal temperature in HS-P pigs was lower than in HS-C pigs. Weight gain and feed intake reduced, but feed:gain and respiration rate increased in HS compared to TN pigs, regardless of diet (P < 0.01). Probiotic increased weight gain and improved feed:gain (P < 0.05) in both TN and HS pigs, but feed intake did not differ. Heat stress decreased villi height in jejunum and villi height:crypt depth in duodenum and jejunum (P < 0.05). Probiotic increased villi height in duodenum and ileum, and villi height:crypt depth in all small intestine segments (P < 0.05). Relative abundance of Lactobacillus and Bifidobacterium tended to reduce, and E. coli tended to increase (P < 0.10) in ileal content of HS-C pigs. Ileal relative abundance of Bacillus was higher (P < 0.01) in HS-P pigs than in HS-C and TN-C pigs. Cystathionine, homocysteine, hydroxylysine, α-amino-adipic acid, citrulline, α-amino-n-butyric acid, P-Ser, and taurine were higher in HS than in TN pigs (P < 0.05). These data confirm the negative effect of HS on performance, body temperature, and intestinal integrity of pigs. These data suggest that supplementing 1 × 106 CFU probiotic/g of feed based on Bacillus subtilis DSM 32540 may help to counteract the negative effects of HS on the performance and intestinal integrity of pigs.",Bacillus subtilis,temperature,,
37762026,10.3390/ijms241813720,PMC10531026,oa,2023,International journal of molecular sciences,Examining the Transcriptomic and Biochemical Signatures of <i>Bacillus subtilis</i> Strains: Impacts on Plant Growth and Abiotic Stress Tolerance.,"Rhizobacteria from various ecological niches display variations in physiological characteristics. This study investigates the transcriptome profiling of two <i>Bacillus subtilis</i> strains, BsCP1 and BsPG1, each isolated from distinct environments. Gene expression linked to the synthesis of seven types of antibiotic compounds was detected in both BsCP1 and BsPG1 cultures. Among these, the genes associated with plipastatin synthesis were predominantly expressed in both bacterial strains. However, genes responsible for the synthesis of polyketide, subtilosin, and surfactin showed distinct transcriptional patterns. Additionally, genes involved in producing exopolysaccharides (EPS) showed higher expression levels in BsPG1 than in BsCP1. Consistently with this, a greater quantity of EPS was found in the BsPG1 culture compared to BsCP1. Both bacterial strains exhibited similar effects on <i>Arabidopsis</i> seedlings, promoting root branching and increasing seedling fresh weight. However, BsPG1 was a more potent enhancer of drought, heat, and copper stress tolerance than BsCP1. Treatment with BsPG1 had a greater impact on improving survival rates, increasing starch accumulation, and stabilizing chlorophyll content during the post-stress stage. qPCR analysis was used to measure transcriptional changes in <i>Arabidopsis</i> seedlings in response to BsCP1 and BsPG1 treatment. The results show that both bacterial strains had a similar impact on the expression of genes involved in the salicylic acid (SA) and jasmonic acid (JA) signaling pathways. Likewise, genes associated with stress response, root development, and disease resistance showed comparable responses to both bacterial strains. However, treatment with BsCP1 and BsPG1 induced distinct activation of genes associated with the ABA signaling pathway. The results of this study demonstrate that bacterial strains from different ecological environments have varying abilities to produce beneficial metabolites for plant growth. Apart from the SA and JA signaling pathways, ABA signaling triggered by PGPR bacterial strains could play a crucial role in building an effective resistance to various abiotic stresses in the plants they colonize.",Bacillus subtilis,temperature,,
37546722,10.1101/2023.07.22.550177,PMC10401945,oa,2023,bioRxiv : the preprint server for biology,Metabolomic rearrangement controls the intrinsic microbial response to temperature changes.,"Temperature is one of the key determinants of microbial behavior and survival, whose impact is typically studied under heat- or cold-shock conditions that elicit specific regulation to combat lethal stress. At intermediate temperatures, cellular growth rate varies according to the Arrhenius law of thermodynamics without stress responses, a behavior whose origins have not yet been elucidated. Using single-cell microscopy during temperature perturbations, we show that bacteria exhibit a highly conserved, gradual response to temperature upshifts with a time scale of ~1.5 doublings at the higher temperature, regardless of initial/final temperature or nutrient source. We find that this behavior is coupled to a temperature memory, which we rule out as being neither transcriptional, translational, nor membrane dependent. Instead, we demonstrate that an autocatalytic enzyme network incorporating temperature-sensitive Michaelis-Menten kinetics recapitulates all temperature-shift dynamics through metabolome rearrangement, which encodes a temperature memory and successfully predicts alterations in the upshift response observed under simple-sugar, low-nutrient conditions, and in fungi. This model also provides a mechanistic framework for both Arrhenius-dependent growth and the classical Monod Equation through temperature-dependent metabolite flux.",Bacillus subtilis,temperature,,
37483985,10.7717/peerj.15337,PMC10358339,oa,2023,PeerJ,Immunostimulation of <i>Parasteatoda tepidariorum</i> (Araneae: Theridiidae) in juvenile and adult stages. Immunity reactions to injury with foreign body and <i>Bacillus subtilis</i> infection.,"To assess the immune potential of spiders, in the present study juvenile and adult females of <i>Parasteatoda tepidariorum</i> were exposed to <i>Bacillus subtilis</i> infection, injury by a nylon monofilament and a combination of both. The expression level of selected immune-related genes: defensin 1 (Pt<i>DEF1</i>), lysozyme 1 (Pt<i>LYS1</i>), lysozyme C (Pt<i>LYSC</i>), lysozyme M1 (Pt<i>LYSM1</i>), autophagy-related protein 101 (Pt<i>ATG101</i>), dynamin (Pt<i>DYN</i>) and heat shock proteins (HSP70) (Pt<i>HSPB</i>, Pt<i>HSPB2A</i>, Pt<i>HSPB2B</i>), production of lysozyme and HSP70 proteins, and hemocytes viability were measured. The obtained results indicated expression of the lysozyme, autophagy-related protein and HSP70 genes in both ontogenetic stages of <i>P. tepidariorum</i>. It has been also shown that the simultaneous action of mechanical and biological factors causes higher level of lysozyme and HSP70, cell apoptosis intensity and lower level of hemocytes viability than in the case of exposure to a single immunostimulant. Moreover, mature females showed stronger early immune responses compared to juveniles.",Bacillus subtilis,temperature,,
37217261,10.1261/rna.079652.123,PMC10573289,oa,2023,"RNA (New York, N.Y.)",Transcriptome-wide probing reveals RNA thermometers that regulate translation of glycerol permease genes in <i>Bacillus subtilis</i>.,"RNA structure regulates bacterial gene expression by several distinct mechanisms via environmental and cellular stimuli, one of which is temperature. While some genome-wide studies have focused on heat shock treatments and the subsequent transcriptomic changes, soil bacteria are less likely to experience such rapid and extreme temperature changes. Though RNA thermometers (RNATs) have been found in 5' untranslated leader regions (5' UTRs) of heat shock and virulence-associated genes, this RNA-controlled mechanism could regulate other genes as well. Using Structure-seq2 and the chemical probe dimethyl sulfate (DMS) at four growth temperatures ranging from 23°C to 42°C, we captured a dynamic response of the <i>Bacillus subtilis</i> transcriptome to temperature. Our transcriptome-wide results show RNA structural changes across all four temperatures and reveal nonmonotonic reactivity trends with increasing temperature. Then, focusing on subregions likely to contain regulatory RNAs, we examined 5' UTRs to identify large, local reactivity changes. This approach led to the discovery of RNATs that control the expression of <i>glpF</i> (glycerol permease) and <i>glpT</i> (glycerol-3-phosphate permease); expression of both genes increased with increased temperature. Results with mutant RNATs indicate that both genes are controlled at the translational level. Increased import of glycerols at high temperatures could provide thermoprotection to proteins.",Bacillus subtilis,temperature,,
36552400,10.3390/ani12243479,PMC9774105,oa,2022,Animals : an open access journal from MDPI,Alleviation of Catching and Crating Stress by Dietary Supplementation of <i>Bacillus subtilis</i> in Pekin Ducks.,"Catching and crating may elicit stress and fear reactions in poultry because the procedures involve human contact and exposure to a novel environment. This study determined the effects of dietary probiotic supplementation on physiological stress, underlying fear, and growth performance of Pekin ducks subjected to catching and 4 h of crating. The study used a 2 × 2 factorial arrangement; the main factors were diet (basal or basal + probiotic) and crating durations (0 or 4 h). From 1 to 21 days of age (doa), birds were fed a basal or basal + probiotic (CLOSTAT® (Bacillus subtilis) (Kemin Industries, Inc., Des Moines, IA, USA), 1 g/kg) diet. At 21 doa, an equal number of ducklings from each dietary group were caught and crated for 4 h or left undisturbed in the home pens. Birds were examined for serum corticosterone (CORT), heat shock protein (HSP) 70, creatine kinase (CK), triglyceride (TG), glucose (GLU), cholesterol (CHOL), and lactate (LAC) concentrations, heterophil to lymphocyte ratios (HLR), tonic immobility (TI) duration, open-field (OF) test, body weight (BW), and feed conversion ratios (FCR). Diet had no significant (p > 0.05) effect on CORT among the non-crated ducks. However, after catching and crating, birds fed the control diet had significantly (p < 0.05) higher CORT than their probiotic-supplemented counterparts. Catching and crating significantly (p < 0.05) elevated HSP70, HLR, GLU, and CHOL but reduced TG in ducks. Birds fed the probiotic-supplemented diet showed significantly (p < 0.05) lower HSP70, HLR, TG, and CK than those fed the control diet. Probiotic-supplemented ducks showed reduced fear-related behaviours, including TI durations, ambulation latency, and body shaking. Diet had a negligible effect on body weights and FCR of ducks at 21 doa. In brief, catching and crating for 4 h augmented Pekin ducks’ physiological stress and fear reactions, and supplementing birds with probiotics was beneficial in ameliorating these detrimental effects.",Bacillus subtilis,temperature,,
36529325,10.1016/j.envres.2022.115088,,no_pmc,2023,Environmental research,Bacillus subtilis reduces antibiotic resistance genes of animal sludge in vermicomposting by improving heat stress tolerance of Eisenia foetida and bacterial community adjustment.,"Antibiotic resistance genes (ARGs) in livestock industry have been recognized as a kind of pollutant. The effect of Bacillus subtilis (B. subtilis) as an additive for the reduction of ARGs in animal sludge from livestock and poultry wastewater treatment plant during vermicomposting was investigated. We also evaluated the oxidative stress level and growth of earthworms, Eisenia foetida, bacterial community succession, and the quality of the end products. Two treatments were conducted using B. subtilis, one at 18 °C and another at 28 °C. Controls were setup without the bacteria. The results showed that inoculation of B. subtilis promoted the degradation of organics at 28 °C and increased the germination index to 236%. The increased activities of the superoxide dismutase (1.69 U/mg pr) and catalase (8.05 U/mg pr) and the decreased activity of malondialdehyde (0.02 nmol/mg pr) by B. subtilis at 28 °C showed that the earthworms were relieved of heat stress. The addition of B. subtilis reduced the abundance of 32 target ARGs, including integron (intI-1), transposase (IS613) and resistant genes, such as sulfonamide (sul2), quinolone (oprJ), macrolide-lincosamide-streptogramin group B (ermF, ermB), tetracycline (tetL-02, tetX), β-lactama (blaOXA10-01) and aminoglycoside [strB, aac(6')-Ib(aka aacA4)-01, aac(6')-Ib(aka aacA4)-02]. Organic matter degrading Membranicola, Paludisphaera, Sphingorhabdus and uncultured bacterium belonging to the order Chitinophagales, nitrifying and nitrogen-fixing Singulisphaera and Allorhizobium-Neorhizobium-Pararhizobium-Rhizobium, soil remediating Achromobacter, and plant growth promoting Kaistia, Galbibacter and Ilumatobacter were increased significantly (P < 0.05). However, the growth of harmful bacteria such as Burkholderiaceae was inhibited in the vermicompost. In earthworm guts, the probiotic Mesorhizobium was promoted, while the pathogenic uncultured bacterium belonging to the family Enterobacteriaceae was reduced. Besides, B. subtilis enhanced the host relationships between bacteria and ARGs. These findings might be helpful in the removal of ARGs in animal wastes and in understanding the synergy between earthworms and microorganisms.",Bacillus subtilis,temperature,,
36214676,10.1128/spectrum.02042-22,PMC9604228,oa,2022,Microbiology spectrum,Identification of Arginine Phosphorylation in Mycolicibacterium smegmatis.,"Tuberculosis is a leading cause of worldwide infectious mortality. The prevalence of multidrug-resistant Mycobacterium tuberculosis infections drives an urgent need to exploit new drug targets. One such target is the ATP-dependent protease ClpC1P1P2, which is strictly essential for viability. However, few proteolytic substrates of mycobacterial ClpC1P1P2 have been identified to date. Recent studies in Bacillus subtilis have shown that the orthologous ClpCP protease recognizes proteolytic substrates bearing posttranslational arginine phosphorylation. While several lines of evidence suggest that ClpC1P1P2 is similarly capable of recognizing phosphoarginine-bearing proteins, the existence of phosphoarginine modifications in mycobacteria has remained in question. Here, we confirm the presence of posttranslational phosphoarginine modifications in Mycolicibacterium smegmatis, a nonpathogenic surrogate of M. tuberculosis. Using a phosphopeptide enrichment workflow coupled with shotgun phosphoproteomics, we identified arginine phosphosites on several functionally diverse targets within the M. smegmatis proteome. Interestingly, phosphoarginine modifications are not upregulated by heat stress, suggesting divergent roles in mycobacteria and <i>Bacillus</i>. Our findings provide new evidence supporting the existence of phosphoarginine-mediated proteolysis by ClpC1P1P2 in mycobacteria and other actinobacterial species. <b>IMPORTANCE</b> Mycobacteria that cause tuberculosis infections employ proteolytic pathways that modulate cellular behavior by destroying specific proteins in a highly regulated manner. Some proteolytic enzymes have emerged as novel antibacterial targets against drug-resistant tuberculosis infections. However, we have only a limited understanding of how these enzymes function in the cell and how they select proteins for destruction. Some proteolytic enzymes are capable of recognizing proteins that carry an unusual chemical modification, arginine phosphorylation. Here, we confirm the existence of arginine phosphorylation in mycobacterial proteins. Our work expands our understanding of a promising drug target in an important global pathogen.",Bacillus subtilis,temperature,,
36207632,10.1007/s11356-022-23385-y,,no_pmc,2023,Environmental science and pollution research international,"Dietary supplementation with synbiotics improves growth performance, antioxidant status, immune function, and intestinal barrier function in broilers subjected to cyclic heat stress.","This study investigated the effects of synbiotics supplementation on growth performance, antioxidant status, immune function, and intestinal barrier function in broilers subjected to cyclic heat stress. One hundred and forty-four 22-day-old male broilers were randomly assigned to one of three treatment groups of six replicates each for a 21-day study, with eight birds per replicate. Broilers in the control group were reared at a thermoneutral temperature and received a basal diet. Broilers in the other two heat-stressed groups were fed a basal diet supplemented without (heat-stressed group) and with 1.5 g/kg synbiotic (synbiotic group). One and a half gram of the synbiotic consisted with 3 × 10<sup>9</sup> colony forming units (CFU) Clostridium butyricum, 1.5 × 10<sup>9</sup> CFU Bacillus licheniformis, 4.5 × 10<sup>10</sup> CFU Bacillus subtilis, 600 mg yeast cell wall, and 150 mg xylooligosaccharide. Compared with the control group, heat stress increased rectal temperatures at 28, 35, and 42 days of age, respectively (P < 0.05). Birds subjected to heat stress had reduced weight gain, feed intake, and feed efficiency during 22 to 42 days (P < 0.05). In contrast, supplementation with the synbiotic decreased rectal temperature at 42 days of age and elevated weight gain of heat stress-challenged broilers (P < 0.05). Heat-stressed broilers exhibited a lower superoxide dismutase (SOD) activity in jejunal mucosa and a higher malondialdehyde accumulation in serum, liver and jejunal mucosa (P < 0.05), and the regressive SOD activity was normalized to control level when supplementing synbiotic (P < 0.05). Heat stress increased interleukin-1β (IL-1β) and interferon-γ (IFN-γ) levels in serum and IL-1β content in jejunal mucosa of broilers (P < 0.05). Synbiotic reduced IL-1β level in serum of broilers subjected to heat stress (P < 0.05). Compared with the control group, elevated serum diamine oxidase activity and reduced jejunal villus height were observed in broilers of the heat-stressed group (P < 0.05), and the values of these two parameters in the synbiotic group were intermediate (P > 0.05). Heat stress upregulated mRNA abundance of IL-1β and IFN-γ and downregulated gene expression levels of occluding and zonula occluden-1 (ZO-1) in jejunal mucosa of broilers (P < 0.05). The alterations in the mRNA expression levels of jejunal IL-1β and ZO-1 were reversed by the synbiotic (P > 0.05). In conclusion, dietary synbiotics could improve growth performance, antioxidant capacity, immune function, and intestinal barrier function in heat-stressed broilers.",Bacillus subtilis,temperature,,
36173303,10.1128/spectrum.02567-22,PMC9603734,oa,2022,Microbiology spectrum,Cervimycin-Resistant Staphylococcus aureus Strains Display Vancomycin-Intermediate Resistant Phenotypes.,"Resistance to antibiotics is an increasing problem and necessitates novel antibacterial therapies. The polyketide antibiotics cervimycin A to D are natural products of Streptomyces tendae HKI 0179 with promising activity against multidrug-resistant staphylococci and vancomycin-resistant enterococci. To initiate mode of action studies, we selected cervimycin C- and D-resistant (CmR) Staphylococcus aureus strains. Genome sequencing of CmR mutants revealed amino acid exchanges in the essential histidine kinase WalK, the Clp protease proteolytic subunit ClpP or the Clp ATPase ClpC, and the heat shock protein DnaK. Interestingly, all characterized CmR mutants harbored a combination of mutations in <i>walK</i> and <i>clpP</i> or <i>clpC</i>. <i>In vitro</i> and <i>in vivo</i> analyses showed that the mutations in the Clp proteins abolished ClpP or ClpC activity, and the deletion of <i>clpP</i> rendered S. aureus but not all Bacillus subtilis strains cervimycin-resistant. The essential gene <i>walK</i> was the second mutational hotspot in the CmR S. aureus strains, which decreased WalK activity <i>in vitro</i> and generated a vancomycin-intermediate resistant phenotype, with a thickened cell wall, a lower growth rate, and reduced cell lysis. Transcriptomic and proteomic analyses revealed massive alterations in the CmR strains compared to the parent strain S. aureus SG511, with major shifts in the heat shock regulon, the metal ion homeostasis, and the carbohydrate metabolism. Taken together, mutations in the heat shock genes <i>clpP</i>, <i>clpC</i>, and <i>dnaK</i>, and the <i>walK</i> kinase gene in CmR mutants induced a vancomycin-intermediate resistant phenotype in S. aureus, suggesting cell wall metabolism or the Clp protease system as primary target of cervimycin. <b>IMPORTANCE</b> Staphylococcus aureus is a frequent cause of infections in both the community and hospital setting. Resistance development of S. aureus to various antibiotics is a severe problem for the treatment of this pathogen worldwide. New powerful antimicrobial agents against Gram-positives are needed, since antibiotics like vancomycin fail to cure vancomycin-intermediate resistant S. aureus (VISA) and vancomycin-resistant enterococci (VRE) infections. One candidate substance with promising activity against these organisms is cervimycin, which is an antibiotic complex with a yet unknown mode of action. In our study, we provide first insights into the mode of action of cervimycins. By characterizing cervimycin-resistant S. aureus strains, we revealed the Clp system and the essential kinase WalK as mutational hotspots for cervimycin resistance in S. aureus. It further emerged that cervimycin-resistant S. aureus strains show a VISA phenotype, indicating a role of cervimycin in perturbing the bacterial cell envelope.",Bacillus subtilis,temperature,,
36066817,10.1007/s12602-022-09989-3,,no_pmc,2023,Probiotics and antimicrobial proteins,Diets Supplemented with Probiotics Improve the Performance of Broilers Exposed to Heat Stress from 15 Days of Age.,"The poultry sector demands alternative additives to antibiotics that can be used as performance enhancers. Therefore, this experiment was conducted to evaluate the probiotics effects on performance, intestinal health, and redox status of 720 broilers exposed to heat stress from 15 days of age. Eight dietary treatments were evaluated: basal diet (BD) without antibiotic and probiotic (T1); BD supplemented with antibiotic zinc bacitracin (T2), BD supplemented with commercial probiotic of Bacillus subtilis DSM 17,299 (T3), BD supplemented with non-commercial probiotic of Lactococcus lactis NCDO 2118, Lactobacillus delbrueckii CNRZ 327, Escherichia coli CEC15, or Saccharomyces boulardii (T4 to T7), and BD simultaneously supplemented with the four non-commercial probiotics (T8). Feed intake, weight gain, and feed conversion were determined in the period from 1 to 42 days of age. Carcass and cuts yield, abdominal fat deposition, cloacal temperature, weight and length of intestine, activity of myeloperoxidase and eosinophilic peroxidase enzymes in the jejunum, jejunal histomorphometry, relative gene expression in the jejunum (occludin, zonulin, interleukin-8, cholecystokinin, ghrelin, and heat shock protein-70), and liver (heat shock protein-70), in addition to malondialdehyde level and superoxide dismutase activity in the intestine, liver, and blood, were measured in broilers at 42 days old. As main results, broilers fed T1 diet exhibited lower weight gain (3.222 kg) and worse feed conversion (1.70 kg/kg). However, diets containing non-commercial probiotics resulted in up to 3.584 kg of weight gain and improved feed conversion by up to 10%, similar to that observed for broilers of the T2 and T3 groups.",Bacillus subtilis,temperature,,
35428308,10.1186/s12934-022-01788-3,PMC9013152,oa,2022,Microbial cell factories,Glycosyl hydrolase 11 (xynA) gene with xylanase activity from thermophilic bacteria isolated from thermal springs.,"Hemicellulose is one of the copious polymer in lignocellulosic biomass (LCB). It is primarily composed of xylan linked by β-1,4 glycosidic bonds. Xylanase preferentially cleaves the β-1,4-glycosidic bonds in the xylan backbone resulting in complete hydrolysis of the biomass. Thermostable variants of glycoside hydrolases act as robust catalysts, not only in degradation but also during processing, to obtain specific carbohydrate-containing chemicals and materials (Ramasamy et al. in Madras Agric J 107(special):1. https://doi.org/10.29321/MAJ.2020.000382 , 2020). The xylanase production by two thermophilic bacteria isolated from thermal springs was evaluated. In addition, the gene encoding this industrially vital enzyme was isolated and characterized, and its protein structure was analyzed. The thermophilic bacteria producing xylanases were isolated from augmented sawdust and banana fiber biomass from hot springs of Himachal Pradesh and identified as Bacillus subtilis VSDB5 and Bacillus licheniformis KBFB4 using 16S rRNA gene sequencing. The persistent xylanase activity revealed that the enzyme is secreted extracellularly with the maximum activity of 0.76 IU mL<sup>-1</sup> and 1.0 IU mL<sup>-1</sup> at 6 h and 12 h of growth by KBFB4 and VSDB5, respectively, under submerged fermentation. Both the strains exhibited the maximum activity at pH 6 and a temperature of 50 °C. The xylanases of KBFB4 and VSDB5 were thermostable and retained 40% of their activity at 60 °C after incubation for 30 min. Xylanase of VSDB5 had wide thermotolerance and retained 20% of its activity from 60 to 80 °C, whereas xylanase of KBFB4 showed wide alkali tolerance and retained 80% of its activity until pH 10. The xylanase (xynA)-encoding gene (650 bp) cloned from both the strains using specific primers showed 98 to 99% homology to β-1,4-endoxylanase gene. Further in silico analysis predicted that the xylanase protein, with a molecular weight of 23 kDa, had a high pI (9.44-9.65), which explained the alkaline nature of the enzyme and greater aliphatic index (56.29). This finding suggested that the protein is thermostable. Multiple sequence alignment and homology modeling of the protein sequence revealed that the gene product belonged to the GH11 family, indicating its possible application in bioconversion. The strains B. subtilis VSDB5 and B. licheniformis KBFB4 obtained from hot springs of Himachal Pradesh produced potent and alkali-tolerant thermostable xylanases, which belong to the GH11 family. The enzyme can be supplemented in industrial applications for biomass conversion at high temperatures and pH (or in processes involving alkali treatment).",Bacillus subtilis,temperature,,
35066384,10.1016/j.psj.2021.101693,PMC8789536,oa,2022,Poultry science,"Dietary administration of Bacillus subtilis KC1 improves growth performance, immune response, heat stress tolerance, and disease resistance of broiler chickens.","The purpose of the present study was to evaluate the probiotic properties of Bacillus subtilis KC1 as a feed additive in the poultry feed. Effects of the Bacillus subtilis supplementation on growth performance, heat-stress tolerance, resistance to Mycoplasma gallisepticum (MG) and Salmonella Pullorum challenge of broilers were determined. The protective effects of the Bacillus subtilis on liver function and immune response of broilers challenged with Aflatoxin B1 (AFB1) were also scrutinized. The results showed that the Bacillus subtilis supplementation could improve growth performance, increased body weight, relative weight of the immune organ and dressing percentage, and decrease feed conversion ratio. In addition, the Bacillus subtilis supplementation alleviated adverse effects caused by heat stress, MG, and Salmonella Pullorum challenge. Furthermore, the Bacillus subtilis supplementation resulted in improved liver function and enhanced immune response of broilers challenged with AFB1. In conclusion, these results suggested a tremendous potential of Bacillus subtilis KC1 as a feed additive in the poultry feed.",Bacillus subtilis,temperature,,
34613715,10.1021/acs.biochem.1c00561,,no_pmc,2021,Biochemistry,Effects of Hydrostatic Pressure on the Thermodynamics of CspB-Bs Interactions with the ssDNA Template.,"Understanding the thermodynamic mechanisms of adaptation of biomacromolecules to high hydrostatic pressure can help shed light on how piezophilic organisms can survive at pressures reaching over 1000 atmospheres. Interaction of proteins with nucleic acids is one of the central processes that allow information flow encoded in the sequence of DNA. Here, we report the results of a study on the interaction of cold shock protein B from <i>Bacillus subtilis</i> (CspB-Bs) with heptadeoxythymine template (pDT7) as a function of temperature and hydrostatic pressure. Experimental data collected at different CspB-Bs:pDT7 ratios were analyzed using a thermodynamic linkage model that accounts for both protein unfolding and CspB-Bs:pDT7 binding. The global fit to the model provided estimates of the stability of CspB-Bs, Δ<i>G</i><sub>Prot</sub><sup>o</sup>, the volume change upon CspB-Bs unfolding, Δ<i>V</i><sub>Prot</sub>, the association constant for CspB-Bs:pDT7 complex, <i>K</i><sub>a</sub><sup>o</sup>, and the volume changes upon pDT7 single-stranded DNA (ssDNA) template binding, Δ<i>V</i><sub>Bind</sub>. The protein, CspB-Bs, unfolds with an increase in hydrostatic pressure (Δ<i>V</i><sub>Prot</sub> < 0). Surprisingly, our study showed that Δ<i>V</i><sub>Bind</sub> < 0, which means that the binding of CspB-Bs to ssDNA is stabilized by an increase in hydrostatic pressure. Thus, CspB-Bs binding to pDT7 represents a case of linked equilibrium in which folding and binding react differently upon an increase in hydrostatic pressure: protein folding/unfolding equilibrium favors the unfolded state, while protein-ligand binding equilibrium favors the bound state. These opposing effects set a ""maximum attainable"" pressure tolerance to the protein-ssDNA complex under given conditions.",Bacillus subtilis,temperature,,
34438398,10.1159/000517718,,no_pmc,2021,Microbial physiology,Contribution of the Clp Protease to Bacterial Survival and Mitochondrial Homoeostasis.,"Fast adaptation to environmental changes ensures bacterial survival, and proteolysis represents a key cellular process in adaptation. The Clp protease system is a multi-component machinery responsible for protein homoeostasis, protein quality control, and targeted proteolysis of transcriptional regulators in prokaryotic cells and prokaryote-derived organelles of eukaryotic cells. A functional Clp protease complex consists of the tetradecameric proteolytic core ClpP and a hexameric ATP-consuming Clp-ATPase, several of which can associate with the same proteolytic core. Clp-ATPases confer substrate specificity by recognising specific degradation tags, and further selectivity is conferred by adaptor proteins, together allowing for a fine-tuned degradation process embedded in elaborate regulatory networks. This review focuses on the contribution of the Clp protease system to prokaryotic survival and summarises the current state of knowledge for exemplary bacteria in an increasing degree of interaction with eukaryotic cells. Starting from free-living bacteria as exemplified by a non-pathogenic and a pathogenic member of the Firmicutes, i.e., Bacillus subtilis and Staphylococcus aureus, respectively, we turn our attention to facultative and obligate intracellular bacterial pathogens, i.e., Mycobacterium tuberculosis, Listeria monocytogenes, and Chlamydia trachomatis, and conclude with mitochondria. Under stress conditions, the Clp protease system exerts its pivotal role in the degradation of damaged proteins and controls the timing and extent of the heat-shock response by regulatory proteolysis. Key regulators of developmental programmes like natural competence, motility, and sporulation are also under Clp proteolytic control. In many pathogenic species, the Clp system is required for the expression of virulence factors and essential for colonising the host. In accordance with its evolutionary origin, the human mitochondrial Clp protease strongly resembles its bacterial counterparts, taking a central role in protein quality control and homoeostasis, energy metabolism, and apoptosis in eukaryotic cells, and several cancer cell types depend on it for proliferation.",Bacillus subtilis,temperature,,
34401591,10.1016/j.heliyon.2021.e07715,PMC8358410,oa,2021,Heliyon,"Screening and characterization of potent poly glutamic acid producing <i>Bacillus</i> sp. isolated from <i>Kinema</i>, water and soil samples.","Microbially produced gamma poly glutamic acid (γ-PGA) is a commercially important biopolymer with many applications in foods and various other substances and are abundantly used in different parts of the world. With an aim to study the potent γ-PGA producing <i>Bacillus</i> species, a total of 47 different samples (<i>Kinema</i>, soil, and water) were randomly collected from different locations across the country, and <i>Bacillus</i> sp. were selectively isolated, screened, and characterized by performing physiological, biochemical, morphological, and <i>16S</i> rRNA gene sequencing. The microbial production of γ-PGA was assayed with the selected isolates on the PGA medium and the metabolite obtained was recovered by ethanol precipitation method and further characterized by thin-layer chromatography (TLC). Thermotolerance (25-60 °C), pH tolerance (4-9), and NaCl tolerance (1-9%) tests were performed to optimize the bacterial growth and γ-PGA production and its viscosity were measured by Ostwald's viscometer. Out of 145 randomly selected colonies, 63 isolates were Gram-positive, rods, and endospore producers and were presumptively confirmed as genus <i>Bacillus.</i> Higher growth of γ-PGA producers were reported in 22 isolates and was found at optimum conditions such as temperature (30-37 °C), pH (6.5-7), incubation time (3 days), and NaCl concentration (3%) and γ-PGA thus produced was further verified by TLC with the retention factor (RF) value 0.27. The potent isolates were closely similar to <i>Bacillus subtilis</i> subsp<i>. stercoris</i>, <i>Bacillus cereus</i>, <i>Bacillus paranthracis,</i> and <i>Bacillus licheniformis</i> etc<i>.</i> Based on the findings of the study, <i>B</i>. <i>licheniformis</i> is the most potent γ-PGA producing <i>Bacillus</i> sp. which can further be used for the commercial production of γ-PGA. To the best of our knowledge, there is yet no published research from Nepal showing the production of the γ-PGA although microbially produced γ-PGA are the major constituents in some popular foods in particular communities of the country.",Bacillus subtilis,temperature,,
34361870,10.3390/microorganisms9071434,PMC8307031,oa,2021,Microorganisms,Functional Redundancy and Specialization of the Conserved Cold Shock Proteins in <i>Bacillus subtilis</i>.,"Many bacteria encode so-called cold shock proteins. These proteins are characterized by a conserved protein domain. Often, the bacteria have multiple cold shock proteins that are expressed either constitutively or at low temperatures. In the Gram-positive model bacterium <i>Bacillus</i><i>subtilis</i>, two of three cold shock proteins, CspB and CspD, belong to the most abundant proteins suggesting a very important function. To get insights into the role of these highly abundant proteins, we analyzed the phenotypes of single and double mutants, tested the expression of the <i>csp</i> genes and the impact of CspB and CspD on global gene expression in <i>B. subtilis</i>. We demonstrate that the simultaneous loss of both CspB and CspD results in a severe growth defect, in the loss of genetic competence, and the appearance of suppressor mutations. Overexpression of the third cold shock protein CspC could compensate for the loss of CspB and CspD. The transcriptome analysis revealed that the lack of CspB and CspD affects the expression of about 20% of all genes. In several cases, the lack of the cold shock proteins results in an increased read-through at transcription terminators suggesting that CspB and CspD might be involved in the control of transcription termination.",Bacillus subtilis,temperature,,
34064126,10.3390/ani11061494,PMC8224346,oa,2021,Animals : an open access journal from MDPI,<i>Bacillus subtilis</i>-Based Probiotic Improves Skeletal Health and Immunity in Broiler Chickens Exposed to Heat Stress.,"The elevation of ambient temperature beyond the thermoneutral zone leads to heat stress, which is a growing health and welfare issue for homeothermic animals aiming to maintain relatively constant reproducibility and survivability. Particularly, global warming over the past decades has resulted in more hot days with more intense, frequent, and long-lasting heat waves, resulting in a global surge in animals suffering from heat stress. Heat stress causes pathophysiological changes in animals, increasing stress sensitivity and immunosuppression, consequently leading to increased intestinal permeability (leaky gut) and related neuroinflammation. Probiotics, as well as prebiotics and synbiotics, have been used to prevent or reduce stress-induced negative effects on physiological and behavioral homeostasis in humans and various animals. The current data indicate dietary supplementation with a <i>Bacillus subtilis-</i>based probiotic has similar functions in poultry. This review highlights the recent findings on the effects of the probiotic <i>Bacillus subtilis</i> on skeletal health of broiler chickens exposed to heat stress. It provides insights to aid in the development of practical strategies for improving health and performance in poultry.",Bacillus subtilis,temperature,,
33897645,10.3389/fmicb.2021.640980,PMC8060640,oa,2021,Frontiers in microbiology,Enhanced Glutamate Synthesis and Export by the Thermotolerant Emerging Industrial Workhorse <i>Bacillus methanolicus</i> in Response to High Osmolarity.,"The thermotolerant methylotroph <i>Bacillus methanolicus</i> MGA3 was originally isolated from freshwater marsh soil. Due to its ability to use methanol as sole carbon and energy source, <i>B. methanolicus</i> is increasingly explored as a cell factory for the production of amino acids, fine chemicals, and proteins of biotechnological interest. During high cell density fermentation in industrial settings with the membrane-permeable methanol as the feed, the excretion of low molecular weight products synthesized from it will increase the osmotic pressure of the medium. This in turn will impair cell growth and productivity of the overall biotechnological production process. With this in mind, we have analyzed the core of the physiological adjustment process of <i>B. methanolicus</i> MGA3 to sustained high osmolarity surroundings. Through growth assays, we found that <i>B. methanolicus</i> MGA3 possesses only a restricted ability to cope with sustained osmotic stress. This finding is consistent with the ecophysiological conditions in the habitat from which it was originally isolated. None of the externally provided compatible solutes and proline-containing peptides affording osmostress protection for <i>Bacillus subtilis</i> were able to stimulate growth of <i>B. methanolicus</i> MGA3 at high salinity. <i>B. methanolicus</i> MGA3 synthesized the moderately effective compatible solute L-glutamate in a pattern such that the cellular pool increased concomitantly with increases in the external osmolarity. Counterintuitively, a large portion of the newly synthesized L-glutamate was excreted. The expression of the genes (<i>gltAB</i> and <i>gltA2</i>) for two L-glutamate synthases were upregulated in response to high salinity along with that of the <i>gltC</i> regulatory gene. Such a regulatory pattern of the system(s) for L-glutamate synthesis in Bacilli is new. Our findings might thus be generally relevant to understand the production of the osmostress protectant L-glutamate by those Bacilli that exclusively rely on this compatible solute for their physiological adjustment to high osmolarity surroundings.",Bacillus subtilis,temperature,,
33817925,10.1111/1462-2920.15502,,no_pmc,2021,Environmental microbiology,Autolysis-mediated membrane vesicle formation in Bacillus subtilis.,"It is known that Bacillus subtilis releases membrane vesicles (MVs) during the SOS response, which is associated with cell lysis triggered by the PBSX prophage-encoded cell-lytic enzymes XhlAB and XlyA. In this study, we demonstrate that MVs are released under various stress conditions: sucrose fatty acid ester (SFE; surfactant) treatment, cold shock, starvation, and oxygen deficiency. B. subtilis possesses four major host-encoded cell wall-lytic enzymes (autolysins; LytC, LytD, LytE, and LytF). Deletions of the autolysin genes abolished autolysis and the consequent MV production under these stress conditions. In contrast, deletions of xhlAB and xlyA had no effect on autolysis-triggered MV biogenesis, indicating that autolysis is a novel and prophage-independent pathway for MV production in B. subtilis. Moreover, we found that the cell lysis induced by the surfactant treatment was effectively neutralized by the addition of exogenous purified MVs. This result suggests that the MVs can serve as a decoy for the cellular membrane to protect the living cells in the culture from membrane damage by the surfactant. Our results indicate a positive effect of B. subtilis MVs on cell viability and provide new insight into the biological importance of the autolysis phenomenon in B. subtilis.",Bacillus subtilis,temperature,,
33335020,10.1126/science.aba5257,PMC8269303,pmc_not_oa,2021,"Science (New York, N.Y.)",Microbial single-cell RNA sequencing by split-pool barcoding.,"Single-cell RNA sequencing (scRNA-seq) has become an essential tool for characterizing gene expression in eukaryotes, but current methods are incompatible with bacteria. Here, we introduce microSPLiT (microbial split-pool ligation transcriptomics), a high-throughput scRNA-seq method for Gram-negative and Gram-positive bacteria that can resolve heterogeneous transcriptional states. We applied microSPLiT to >25,000 <i>Bacillus subtilis</i> cells sampled at different growth stages, creating an atlas of changes in metabolism and lifestyle. We retrieved detailed gene expression profiles associated with known, but rare, states such as competence and prophage induction and also identified unexpected gene expression states, including the heterogeneous activation of a niche metabolic pathway in a subpopulation of cells. MicroSPLiT paves the way to high-throughput analysis of gene expression in bacterial communities that are otherwise not amenable to single-cell analysis, such as natural microbiota.",Bacillus subtilis,temperature,,
33324680,10.3389/fmolb.2020.592747,PMC7726353,oa,2020,Frontiers in molecular biosciences,Identification of Novel Thermosensors in Gram-Positive Pathogens.,"Temperature is a crucial variable that every living organism, from bacteria to humans, need to sense and respond to in order to adapt and survive. In particular, pathogenic bacteria exploit host-temperature sensing as a cue for triggering virulence gene expression. Here, we have identified and characterized two integral membrane thermosensor histidine kinases (HKs) from Gram-positive pathogens that exhibit high similarity to DesK, the extensively characterized cold sensor histidine kinase from <i>Bacillus subtilis</i>. Through <i>in vivo</i> experiments, we demonstrate that SA1313 from <i>Staphylococcus aureus</i> and BA5598 from <i>Bacillus anthracis</i>, which likely control the expression of putative ATP binding cassette (ABC) transporters, are regulated by environmental temperature. We show here that these HKs can phosphorylate the non-cognate response regulator DesR, partner of DesK, both <i>in vitro</i> and <i>in vivo</i>, inducing in <i>B. subtilis</i> the expression of the <i>des</i> gene upon a cold shock. In addition, we report the characterization of another DesK homolog from <i>B. subtilis</i>, YvfT, also closely associated to an ABC transporter. Although YvfT phosphorylates DesR <i>in vitro</i>, this sensor kinase can only induce <i>des</i> expression in <i>B. subtilis</i> when overexpressed together with its cognate response regulator YvfU. This finding evidences a physiological mechanism to avoid cross talk with DesK after a temperature downshift. Finally, we present data suggesting that the HKs studied in this work appear to monitor different ranges of membrane lipid properties variations to mount adaptive responses upon cooling. Overall, our findings point out that bacteria have evolved sophisticated mechanisms to assure specificity in the response to environmental stimuli. These findings pave the way to understand thermosensing mediated by membrane proteins that could have important roles upon host invasion by bacterial pathogens.",Bacillus subtilis,temperature,,
33142440,10.1016/j.psj.2020.08.051,PMC7647906,oa,2020,Poultry science,Bacillus subtilis-based probiotic promotes bone growth by inhibition of inflammation in broilers subjected to cyclic heating episodes.,"Heat stress as an environmental stressor causes abnormal bone remodeling and microarchitectural deterioration. The objective of this study was to investigate the effects of a Bacillus subtilis-based probiotic on bone mass of broilers subjected to cycling high ambient temperature. One hundred and twenty 1-day-old Ross 708 male broiler chicks were randomly assigned to 2 dietary treatments (12 pens per treatment): control diet and the control diet plus 250-ppm probiotic consisting of 3 strains of Bacillus subtilis. Room temperature was gradually decreased from 35°C on day 1 by 0.5°C/d until day 15, when ambient temperature was increased from 28°C to 32°C for 10 h (07:00 h-17:00 h) daily until day 44. Samples of blood, leg bones (tibia and femur), and brains (raphe nuclei and hypothalamus) were collected at day 43, while latency to lie test was conducted at day 44. Compared with controls, probiotic supplementation increased bone mineral content, weight, size, weight to length index, and reduced robusticity index in the tibia and femur (P < 0.05) of broilers subjected to heat stress. Serum concentrations of c-terminal telopeptide of type I collagen (CTX) were reduced (P = 0.02) by the probiotic supplementation, while ionized calcium, phosphate, and osteocalcin were not affected (P > 0.05). Moreover, tumor necrosis factor-α (TNF-α) in probiotic fed broilers was decreased (P = 0.003) without changes of plasma interleukin (IL)-6, IL-10, interferon-γ, and corticosterone concentrations. There were no treatment effects on the concentrations of peripheral serotonin and central serotonin and catecholamines (norepinephrine, epinephrine, and dopamine) as well as their metabolites. These results may indicate that dietary supplementation of Bacillus subtilis-based probiotic increases bone growth in broilers under a cyclic heating episode probably via inhibition of bone resorption, resulting from downregulation of the circulating TNF-α and CTX. Dietary probiotic supplementation may be a management strategy for increasing skeletal health of broilers under hot weather.",Bacillus subtilis,temperature,,
33045298,10.1016/j.ijbiomac.2020.10.024,,no_pmc,2020,International journal of biological macromolecules,"Molecular characterization, expression and functional analysis of TGFβ1-b in crucian carp (Carassius carassius).","Transforming growth factor β1 (TGFβ1) is a polyfunctional cytokine with important roles in growth, differentiation and immune function in various animals. In this study, PCR, bioinformatics, real-time quantitative PCR, prokaryotic expression, protein purification and matrix-assisted laser desorption/ionization time-of-flight mass spectrometry (MALDI-TOF-TOF-MS) were applied to investigate the structural features and function of TGFβ1-b in crucian carp. The complete coding sequence (CDS) of TGFβ1-b was 1134 bp in length and was submitted to GenBank (ID: MH473141). TGFβ1-b encoded a putative protein of 377 amino acids and included a signal peptide consisting of 22 amino acids. TGFβ1-b was relatively conservative in fish and distant from mammals in terms of evolutionary relationship. TGFβ1-b was found to be expressed in various tissues, with the highest expression in the kidney. The expressions of TGFβ1-b in muscle, heart and liver were increased with the addition of Rhodopseudomonas palustris, Bacillus subtilis and Enterococcus faecium at 30 days (p < 0.01). While, the expressions of SMAD2, SMAD3 and SMAD7 were also up-regulated with the addition of R. palustris at 20 days (p < 0.01). The expression of TGFβ1-b could be affected by time and group factors (p < 0.05). Moreover, the expression vector TGFβ1-b-pDE2 was successfully constructed. Prokaryotic expression indicated that a 43 kDa target protein was obtained after induction with 1.5 mM isopropyl-beta-D-thiogalactopyranoside (IPTG) for 3.5 h at 37 °C for 200 r/h. The activities of alkaline phosphatase and lysozyme in injection TGFβ1-b protein group (ITg) and feeding broken bacterial liquid group (BTg) were significantly increased at 24 h (p < 0.01). And the activities of superoxide dismutase in ITg were significantly increased at 36 h (p < 0.01). Besides, the expressions of heat shock protein 30 and heat shock protein 47 in ITg and BTg were significantly increased (p < 0.01). Whereas, the expression of interleukin-11 was significantly reduced (p < 0.01). These results indicated that TGFβ1-b protein might play a role in immunity of crucian carp.",Bacillus subtilis,temperature,,
32996177,10.1111/jpn.13454,,no_pmc,2020,Journal of animal physiology and animal nutrition,Probiotics in poultry feed: A comprehensive review.,"The use of antibiotics to maintain animal well-being, promote growth and improve efficiency has been practised for more than 50 years. However, as early as the 1950s, researchers identified concern on the development of resistant bacteria for the antibiotics streptomycin and tetracycline used in turkeys and broilers respectively. These findings laid the groundwork for agricultural officials to impose stricter regulatory parameters on the use of antibiotics in poultry feeds. Probiotics are live micro-organisms included in the diet of animals as feed additives or supplements. Commonly known as a direct-fed microbial, probiotics provide beneficial properties to the host, primarily through action in the gastrointestinal tract (GIT) of the animal. Supplementation of probiotics in the diet can improve animal health and performance, through contributions to gut health and nutrient use. For instance, supplementation of probiotics has been demonstrated to benefit farm animals in immune modulation, structural modulation and increased cytokine production, which positively affect the intestinal mucosal lining against pathogens. Bacillus subtilis has been a popular bacterium used within the industry and was shown to improve intestinal villus height. Increasing the villus height and structure of the crypts in the GIT allows for the improvement of nutrient digestion and absorption. Tight junctions maintain important defences against pathogenic bacteria and cellular homeostasis. Heat stress can be a major environmental challenge in the poultry industry. Heat stress causes the bird to fluctuate its internal core temperature beyond their comfort zone. To overcome such challenges, poultry will attempt to balance its heat production and dissipation through behavioural and physiological adaptation mechanisms.",Bacillus subtilis,temperature,,
32895803,10.1007/s00284-020-02172-3,,no_pmc,2020,Current microbiology,Enhanced Oil Recovery by Potential Biosurfactant-Producing Halo-thermotolerant Bacteria Using Soil Washing and Sand-Packed Glass Column Techniques.,"Biosurfactants offer numerous advantages over the chemical surfactants, especially in energy and environment-related applications. Microbial enhanced oil recovery (MEOR) is a technique to recover oil from reservoirs by using microbes and their metabolites. In present study, total sixteen morphologically distinct bacterial strains isolated from different salty areas of the district Khairpur Mir's, Pakistan, were investigated for their MEOR potential. Screening assays for thermotolerance and halotolerance declared 7 out of 16 (43.75%) bacterial isolates as thermotolerant (capable of growing in the temperature range 60-70 °C) and halotolerant (tolerating NaCl concentrations up to 17%, w/v). Moreover, five of them were screened as biosurfactant producers. Among, the lowest surface tension reduction was achieved with biosurfactants produced by the strains KJ2MO (27.8 mN/m) and KJ2SK (29.3 mN/m). The biosurfactant activity was found stable at temperature (100-121 °C, 1 h) and pH (4-10). Moreover, maximum oil recovery was obtained with biosurfactant of bacterial strain KJ2MO (54.7%, 51.25%) followed by KJ2SK (44.7%, 40.5%), KJ1WB (37%, 35.5%) and KJ2MD (37.8%, 31.9%) by using either techniques, i.e., soil washing and sand-packed column, respectively. Moreover, the potent species were identified as Pseudomonas pseudoalcaligenes KJ1WB, Bacillus aerius KJ2MD, Bacillus licheniformis KJ2SK, and Bacillus subtilis KJ2MO using 16S rRNA ribo-typing. The investigated species were found to be promising biosurfactants producers having potential for enhanced oil recovery and could be used in other environmental applications like bioremediation.",Bacillus subtilis,temperature,,
32888580,10.1016/j.jtherbio.2020.102654,,no_pmc,2020,Journal of thermal biology,Probiotic bacteria maintain normal growth mechanisms of heat stressed broiler chickens.,"Probiotics have growth promoting effects even under periods of heat stress challenge. More information is needed to understand the mechanisms by which probiotics maintain the growth performance. The aim of this study was to evaluate the effect of a probiotic based on Bacillus subtilis bacteria on growth related mechanisms of broilers under heat stress conditions. Specifically, growth performance, skeletal bone characteristics, skeletal muscles size, intestinal villus-crypt structure, intestinal bacteria, growth hormone (GH), insulin-like growth factor-1 (IGF-1), cholesterol, and glucose. A total of 1200 one day old Ross 308 male broilers were randomly distributed into 4 treatments, with 12 replicates per treatment and 25 birds per replicate. A 2 × 2 factorial arrangement was used; the main factors were environmental temperature (thermoneutral or heat stress) and diet (control or control + B. subtilis; 3 × 10<sup>7</sup> cfu/kg of feed). From d 22 to 35 of age, birds were either exposed to thermoneutral conditions (21 °C) or chronic heat stress (30 °C). During the same period, each group was divided into 2 subgroups and fed either the control diet or the B. subtilis supplemented diet. The results demonstrated that B. subtilis had positive effects (P < 0.05) on the body weight gain, feed conversion ratio, villus height, crypt depth, villus surface area, absorptive epithelial cell area and viable counts of intestinal beneficial bacteria. B. subtilis increased (P < 0.05) serum GH, IGF-1 and maintain normal levels of cholesterol and glucose under heat stress conditions. In addition, broilers fed B. subtilis under heat stress conditions exhibited higher (P < 0.05) skeletal muscles size and improved (P < 0.05) tibia traits and lower (P < 0.05) abdominal fat pads deposition compared with the controls. B. subtilis had no effect on rectal temperature under thermoneutral or heat stress conditions. It is concluded that B. subtilis can be used as growth promoters in broilers, particularly during the periods of heat stress conditions.",Bacillus subtilis,temperature,,
32442436,10.1016/j.bbamcr.2020.118744,,no_pmc,2020,Biochimica et biophysica acta. Molecular cell research,Complementation studies with human ClpP in Bacillus subtilis.,"ATP-dependent intracellular proteolysis is essential for all living organisms. ClpP, the proteolytic subunit of the ATP-dependent Clp proteases, shares 56% protein identity between B. subtilis and man. The aim of this study was to verify, whether human ClpP (HClpP) is able to substitute the bacterial pendant, BClpP, irrespectively of the huge evolutionary distance. For this reason hclpP was expressed from the natural B. subtilis promoters at the original chromosomal site. Growth at 37 °C as well as sporulation in the presence of hclpP depict an intermediate phenotype between wild type and clpP mutant suggesting a partial functional substitution of BClpP by HClpP. Northern as well as Western blot analyses show a similar induction pattern of both, bclpP and hclpP during heat stress on the mRNA as well as on the protein levels. Co-immunoprecipitation experiments imply specific interaction of HClpP with bacterial ClpC, ClpX and ClpE during control as well as heat stress conditions. Radioactive pulse-chase labeling and immunoprecipitation revealed that a ClpXP substrate, the short-living regulatory protein MgsR, is degraded by HClpP, although with an extremely slower rate in comparison to BClpP. The occurrence of an exceptional thickened cell wall of a clpP mutant can be almost fully reversed by the complementation with HClpP. The utilization of the HClpP expressing strain as a test system for new biological or synthetic active substances targeting BClpP is discussed.",Bacillus subtilis,temperature,,
32247949,10.1016/j.biortech.2020.123271,,no_pmc,2020,Bioresource technology,"An effective in-situ method for laccase immobilization: Excellent activity, effective antibiotic removal rate and low potential ecological risk for degradation products.","In this study, we used a simple in-situ biomineralization method to immobilize Bacillus subtilis (B. subtilis)-derived laccase into the copper-Trimesic acid framework (Cu-BTC), and the synthesized Laccase@Cu-BTC particles were used to degrade tetracycline and ampicillin. Compared with free laccase, the Laccase@Cu-BTC showed 16.5-fold of activity recovery, higher thermo-tolerant performance, more excellent acid-proof ability and reusability. Without any mediators, Laccase@Cu-BTC displayed high degradation efficiency (nearly 100%) for tetracycline and ampicillin in some actual water. The degradation mechanism and proposed degradation pathways of tetracycline and ampicillin were discussed technically. Besides, bacteriostatic assay and survival test of Escherichia coli (E. coli) and B. subtilis confirmed the loss of antibiotic activity for tetracycline and ampicillin, as well as the low ecotoxicity of the degradation products. Our research demonstrates that Laccase@Cu-BTC has excellent performance in the effective removal of antibiotics and the detoxification of degradation products, which make it a promising candidate for environmental recovery.",Bacillus subtilis,temperature,,
32032746,10.1016/j.gene.2020.144449,,no_pmc,2020,Gene,Identifying heat shock response systems from the genomic assembly of Ureibacillus thermophilus LM102 using protein-protein interaction networks.,"Ureibacillus thermophilus strain LM102 is a facultative thermophile with growth in range 37 °C-60 °C. Upon identification using the 16S rRNA marker, it showed highest similarity of 99.8% with U. thermophilus strain HC148. A phylogenetic analysis revealed U. suwonensis strain 6 T19 to be the closest species to strain LM102. Our aim was to determine the unique thermotolerant properties of LM102 by identifying thermostablity of its proteins and the interactions existing in its heat shock response systems (HSRS). The strain was sequenced, assembled and the draft genome (3,017,325 bp) was analyzed. Post-annotation, we randomly selected a set of hundred proteins and computed the percentage distribution of 12 amino acids which have been substantially studied for their role in thermostability. The protein homologues were searched and the residues of LM102 were compared with Bacillus subtilis and Thermus thermophilus, a mesophile and hyperthermophile respectively. Within the 95% confidence limit, a Z-score of -0.61 was observed between LM102 and B. subtilis. However, a significantly lower value of -8.84 was observed for the pair LM102 and T. thermophilus. The amino acid distribution did not appear to influence the protein thermostability. Further, we investigated the role of Protein-Protein interactions by building networks for heat shock responses, namely DNA repair, transcriptional regulation, and activation of heat shock proteins. Interaction data retrieved from the STRING database for more than 50 species were used to build these networks. Highly clustered MCODE results notably revealed RNA 3'-5' exonuclease, CshA and HemW previously unreported, in association with other proteins. Additionally, these and other proteins estimated from the HSRS networks were found in both mesophiles and thermophiles, suggesting a crucial role of gene regulatory networks in the cellular viability of LM102 at high temperatures.",Bacillus subtilis,temperature,,
31959085,10.1080/07391102.2020.1719198,,no_pmc,2021,Journal of biomolecular structure & dynamics,<i>In silico</i> identification and evaluation of <i>Bacillus subtilis</i> cold shock protein B (cspB)-like plant RNA chaperones.,"Cold shock domain (CSD) proteins with nucleic acid binding properties are well conserved from bacteria to higher organisms. In bacteria, the cold shock proteins (CSPs) are single domain RNA chaperones, whereas in animals and plants, CSDs are accompanied by additional domains with roles in transcription regulation. Bacterial CSPs (<i>Escherischia coli</i>-cspA and <i>Bacilus subtilis</i>-cspB) have successfully imparted drought tolerance in transgenic plants; however, these cannot be deployed in food crops due to their low public acceptance of transgenics with bacterial genes. Therefore, this study aimed to identify CSPB-like proteins from plants that can be used for developing drought tolerant transgenic crops. Twelve single domain plant CSPs presenting >40% sequence identity with CSPB were identified. All 12 plant CSPs were modeled by homology modeling and refined by molecular dynamics simulation for 10 ns. Selected plant CSPs and CSPB exhibited high structural similarity (Tm-score: 0.63-0.86). Structure based phylogenetic analysis revealed that <i>Triticum aestivum-</i>csp1 and <i>Aegilops tauschii-</i>cspE are structurally closer to CSPB compared to their orthologs and paralogs. Molecular docking with three RNA molecules (5U, UC3U, and C2UC) indicates that <i>Ricinus communis-</i>csd1 and <i>T. aestivum-</i>csp1 have a binding pattern and docking scores similar to those of CSPB. Furthermore, MD simulations for 20 ns and analysis of RMSD, RMSF, Rg as well as the number of hydrogen bonds in all the three complexes revealed that plant CSP-RNA complexes behave in a similar manner to that of the CSPB-RNA complex, making them highly potential candidate genes for developing drought tolerance in transgenic plants. Communicated by Ramaswamy H. Sarma.",Bacillus subtilis,temperature,,
31906334,10.3390/microorganisms8010067,PMC7023347,oa,2020,Microorganisms,"Effects of Bacillus subtilis WB60 and Lactococcus lactis on Growth, Immune Responses, Histology and Gene Expression in Nile tilapia, Oreochromis niloticus.","An eight-week feeding trial was conducted to evaluate the effects of a basal control diet (CON), Bacillus subtilis at 10<sup>7</sup> (BS<sub>7</sub>) and at 10<sup>8</sup> CFU/g diet (BS<sub>8</sub>), Lactococcus lactis at 10<sup>7</sup> CFU/g (LL<sub>7</sub>) and at 10<sup>8</sup> CFU/g diet (LL<sub>8</sub>), and oxytetracycline (OTC) at 4 g/kg diet on Nile tilapia. Fish with initial body weight of 2.83 ± 0.05 g (mean ± SD) were fed two times a day. Weight gain, specific growth rate, feed efficiency, protein efficiency ratio and lysozyme activity of fish fed BS<sub>8</sub>, LL<sub>8</sub> and LL<sub>7</sub> diets were significantly higher than those of fish fed CON diet (p < 0.05). Superoxide dismutase and myeloperoxidase activity of fish fed BS<sub>8</sub>, LL<sub>8,</sub> BS<sub>7</sub>, LL<sub>7</sub> and OTC diets were significantly higher than those of fish fed CON diet. Intestinal villi length and muscular layer thickness of fish fed BS<sub>8</sub>, LL<sub>8</sub> and LL<sub>7</sub> diets were significantly higher than those of fish fed CON and OTC diets. Also, heat shock protein 70 (HSP70), interleukin (IL-1β), interferon-gamma (IFN-γ) and tumour necrosis factor (TNF-α) gene expression of fish fed BS<sub>8</sub> and LL<sub>8</sub> diets were significantly higher than those of fish fed CON diet. After 13 days of challenge test, cumulative survival rate of fish fed BS<sub>8</sub> and LL<sub>8</sub> diets were significantly higher than those of fish fed CON, BS<sub>7</sub> and OTC diets. Based on these results, B. subtilis and L. lactis at 10<sup>8</sup> (CFU/g) could replace antibiotics, and have beneficial effects on growth, immunity, histology, gene expression, and disease resistance in Nile tilapia.",Bacillus subtilis,temperature,,
31869349,10.1371/journal.pone.0226576,PMC6927610,oa,2019,PloS one,Kinetics of the thermal inactivation and the refolding of bacterial luciferases in Bacillus subtilis and in Escherichia coli differ.,"Here we present a study of the thermal inactivation and the refolding of the proteins in Gram positive Bacillus subtilis. To enable use of bacterial luciferases as the models for protein thermal inactivation and refolding in B. subtilis cells, we developed a variety of bright luminescent B. subtilis strains which express luxAB genes encoding luciferases of differing thermolability. The kinetics of the thermal inactivation and the refolding of luciferases from Photorhabdus luminescens and Photobacterium leiognathi were compared in Gram negative and Gram positive bacteria. In B. subtilis cells, these luciferases are substantially more thermostable than in Escherichia coli. Thermal inactivation of the thermostable luciferase P. luminescens in B. subtilis at 48.5°С behaves as a first-order reaction. In E.coli, the first order rate constant (Kt) of the thermal inactivation of luciferase in E. coli exceeds that observed in B. subtilis cells 2.9 times. Incubation time dependence curves for the thermal inactivation of the thermolabile luciferase of P. leiognathi luciferase in the cells of E. coli and B. subtilis may be described by first and third order kinetics, respectively. Here we shown that the levels and the rates of refolding of thermally inactivated luciferases in B. subtilis cells are substantially lower that that observed in E. coli. In dnaK-negative strains of B. subtilis, both the rates of thermal inactivation and the efficiency of refolding are similar to that observed in wild-type strains. These experiments point that the role that DnaKJE plays in thermostability of luciferases may be limited to bacterial species resembling E. coli.",Bacillus subtilis,temperature,,
31762671,10.1016/j.sjbs.2016.01.042,PMC6864300,oa,2019,Saudi journal of biological sciences,Appraisal of diversity and functional attributes of thermotolerant wheat associated bacteria from the peninsular zone of India.,"The biodiversity of wheat associated bacteria was deciphered from the peninsular zone of India. A total of 264 isolated bacteria were analyzed through amplified ribosomal DNA restriction analysis (ARDRA, using three restriction enzymes <i>Alu</i> I, <i>Msp</i> I and <i>Hae</i> III, which led to the clustering of these isolates into 12-16 groups for the different sites at >75% similarity index, adding up to 70 groups). 16S rRNA gene based phylogenetic analysis, revealed that all the bacteria belonged to three phyla Proteobacteria, Firmicutes, and Actinobacteria of 32 distinct species of 15 genera namely: <i>Achromobacter</i>, <i>Alcaligenes</i>, <i>Arthrobacter</i>, <i>Bacillus</i>, <i>Delftia</i>, <i>Enterobacter</i>, <i>Exiguobacterium</i>, <i>Klebsiella</i>, <i>Methylobacterium</i>, <i>Micrococcus</i>, <i>Paenibacillus</i>, <i>Pseudomonas</i>, <i>Rhodobacter</i>, <i>Salmonella</i> and <i>Staphylococcus.</i> Representative strains from each cluster were screened <i>in vitro</i> for plant growth promoting traits. Among plant growth promoting activities, siderophore producers were highest (15%), when compared to indole acetic acid producers (13%), Zn-solubilizers (11%), P-solubilizers (11%), ammonia (10%), hydrogen cyanide producers (9%), biocontrol (8%), N<sub>2</sub>-fixers (7%), 1-aminocyclopropane-1-carboxylate deaminase (6%), GA producers (6%) and K-solubilizers (5%). Among 32 representative strains, <i>Alcaligenes faecalis</i>, <i>Arthrobacter</i> sp., <i>Bacillus siamensis</i>, <i>Bacillus subtilis</i>, <i>Delftia acidovorans</i>, <i>Methylobacterium mesophilicum</i>, <i>Methylobacterium</i> sp., <i>Pseudomonas poae</i>, <i>Pseudomonas putida</i>, and <i>Pseudomonas stutzeri</i> exhibited more than six different plant growth promoting activities at high temperature. Thermotolerant bacterial isolates may have application as inoculants for plant growth promotion and biocontrol agents for crops growing at high temperature conditions.",Bacillus subtilis,temperature,,
31604775,10.1128/AEM.01640-19,PMC6912085,pmc_not_oa,2019,Applied and environmental microbiology,Ribosome Reconstruction during Recovery from High-Hydrostatic-Pressure-Induced Injury in Bacillus subtilis.,"Vegetative cells of <i>Bacillus subtilis</i> can recover from injury after high-hydrostatic-pressure (HHP) treatment at 250 MPa. DNA microarray analysis revealed that substantial numbers of ribosomal genes and translation-related genes (e.g., translation initiation factors) were upregulated during the growth arrest phase after HHP treatment. The transcript levels of cold shock-responsive genes, whose products play key roles in efficient translation, and heat shock-responsive genes, whose products mediate correct protein folding or degrade misfolded proteins, were also upregulated. In contrast, the transcript level of <i>hpf</i>, whose product (Hpf) is involved in ribosome inactivation through the dimerization of 70S ribosomes, was downregulated during the growth arrest phase. Sucrose density gradient sedimentation analysis revealed that ribosomes were dissociated in a pressure-dependent manner and then reconstructed. We also found that cell growth after HHP-induced injury was apparently inhibited by the addition of Mn<sup>2+</sup> or Zn<sup>2+</sup> to the recovery medium. Ribosome reconstruction in the HHP-injured cells was also significantly delayed in the presence of Mn<sup>2+</sup> or Zn<sup>2+</sup> Moreover, Zn<sup>2+</sup>, but not Mn<sup>2+</sup>, promoted dimer formation of 70S ribosomes in the HHP-injured cells. Disruption of the <i>hpf</i> gene suppressed the Zn<sup>2+</sup>-dependent accumulation of ribosome dimers, partially relieving the inhibitory effect of Zn<sup>2+</sup> on the growth recovery of HHP-treated cells. In contrast, it was likely that Mn<sup>2+</sup> prevented ribosome reconstruction without stimulating ribosome dimerization. Our results suggested that both Mn<sup>2+</sup> and Zn<sup>2+</sup> can prevent ribosome reconstruction, thereby delaying the growth recovery of HHP-injured <i>B. subtilis</i> cells.<b>IMPORTANCE</b> HHP treatment is used as a nonthermal processing technology in the food industry to inactivate bacteria while retaining high quality of foods under suppressed chemical reactions. However, some populations of bacterial cells may survive the inactivation. Although the survivors are in a transient nongrowing state due to HHP-induced injury, they can recover from the injury and then start growing, depending on the postprocessing conditions. The recovery process in terms of cellular components after the injury remains unclear. Transcriptome analysis using vegetative cells of <i>Bacillus subtilis</i> revealed that the translational machinery can preferentially be reconstructed after HHP treatment. We found that both Mn<sup>2+</sup> and Zn<sup>2+</sup> prolonged the growth-arrested stage of HHP-injured cells by delaying ribosome reconstruction. It is likely that ribosome reconstruction is crucial for the recovery of growth ability in HHP-injured cells. This study provides further understanding of the recovery process in HHP-injured <i>B. subtilis</i> cells.",Bacillus subtilis,temperature,,
31242260,10.1371/journal.pone.0218922,PMC6594638,oa,2019,PloS one,Investigating the probiotic characteristics of four microbial strains with potential application in feed industry.,"The present study aimed to evaluate the probiotic characteristics of certain microbial strains for potential use as feed additives. Three bacterial strains and a yeast previously isolated from different environments were investigated. The strains were subjected to molecular identification and established as Lactobacillus paracasei CP133, Lactobacillus plantarum CP134, Bacillus subtilis CP350 and Saccharomyces cerevisiae CP605. Lactobacillus sp. CP133 and CP134 exhibited antibiosis, antibiotic activity, and relative odor reduction ability. Bacillus subtilis CP350 was thermotolerant, reduced hydrogen sulfide gas and showed significant proteolytic activity, whereas Saccharomyces cerevisiae CP605 exhibited high acid and bile salt tolerance. In general, the isolates in this study demonstrated improved functional characteristics, particularly acid and bile tolerance and relative cell adhesion to HT-29 monolayer cell line. Results in this work provides multifunctional probiotic characteristics of the strains for potential development of probiotics and cleaning of the environment.",Bacillus subtilis,temperature,,
31082602,10.1016/j.scitotenv.2019.04.376,,no_pmc,2019,The Science of the total environment,Biodegradation of mixed polycyclic aromatic hydrocarbons by pure and mixed cultures of biosurfactant producing thermophilic and thermo-tolerant bacteria.,"Applicability of thermophilic and thermo-tolerant microorganisms for biodegradation of polycyclic aromatic hydrocarbons (PAHs) with low water solubility is an interesting strategy for improving the biodegradation efficiency. In this study, we evaluated utility of thermophilic and thermo-tolerant bacteria isolated from Unkeshwar hot spring (India) for biodegradation of four different PAHs. Water samples were enriched in mineral salt medium (MSM) containing a mixture of four PAHs compounds (anthracene: ANT, fluorene: FLU, phenanthrene: PHE and pyrene: PYR) at 37 °C and 50 °C. After growth based screening, four potent strains obtained which were identified as Aeribacillus pallidus (UCPS2), Bacillus axarquiensis (UCPD1), Bacillus siamensis (GHP76) and Bacillus subtilis subsp. inaquosorum (U277) based on the 16S rRNA gene sequence analysis. Degradation of mixed PAH compounds was evaluated by pure as well as mixed cultures under shake flask conditions using MSM supplemented with 200 mg/L concentration of PAHs (50 mg/L of each compound) for 15 days at 37 °C and 50 °C. A relatively higher degradation of ANT (92%- 96%), FLU (83% - 86%), PHE (16% - 54%) and PYR (51% - 71%) was achieved at 50 °C by Aeribacillus sp. (UCPS2) and mixed culture. Furthermore, crude oil was used as a substrate to study the degradation of same PAHs using these organisms which also revealed with similar results with the higher degradation at 50 °C. Interestingly, PAH-degrading strains were also positive for biosurfactant production. Biosurfactants were identified as the variants of surfactins (lipopeptide biosurfactants) based on analytical tools and phylogenetic analysis of the surfactin genes. Overall, this study has shown that hot spring microbes may have a potential for PAHs degradation and also biosurfactant production at a higher temperature, which could provide a novel perspective for removal of PAHs residues from oil contaminated sites.",Bacillus subtilis,temperature,,
30968162,10.1007/s00253-019-09788-x,,no_pmc,2019,Applied microbiology and biotechnology,Improvement of stress tolerance and riboflavin production of Bacillus subtilis by introduction of heat shock proteins from thermophilic bacillus strains.,"In this study, stress tolerance devices consisting of heat shock protein (HSP) genes from thermophiles Geobacillus and Parageobacillus were introduced into riboflavin-producing strain Bacillus subtilis 446 to improve its stress tolerance and riboflavin production. The 12 HSP homologs were selected from 28 Geobacillus and Parageobacillus genomes according to their sequence clustering and phylogenetically analysis which represents the diversity of HSPs from thermophilic bacillus. The 12 HSP genes and 2 combinations of them (PtdnaK-PtdnaJ-PtgrpE and PtgroeL-PtgroeS) were heterologously expressed in B. subtilis 446 under the control of a strong constitutive promoter P43. Most of the 14 engineered strains showed increased cell density at 44 to 48 °C and less cell death at 50 °C compared with the control strains. Among them, strains B.s446-HSP20-3, B.s446-HSP20-2, and B.s446-PtDnaK-PtDnaJ-PtGrpE increased their cell densities over 25% at 44 to 48 °C. They also showed 5-, 4-, and 4-fold improved cell survivals after the 10-h heat shock treatment at 50 °C, respectively. These three strains also showed reduced cell death rates under osmotic stress of 10% NaCl, indicating that the introduction of HSPs improved not only the heat tolerance of B. subtilis 446 but also its osmotic tolerance. Fermentation of these three strains at higher temperatures of 39 and 43 °C showed 23-66% improved riboflavin titers, as well as 24-h shortened fermentation period. These results indicated that implanting HSPs from thermophiles to B. subtilis 446 would be an efficient approach to improve its stress tolerance and riboflavin production.",Bacillus subtilis,temperature,,
30962907,10.1002/ece3.4983,PMC6434544,oa,2019,Ecology and evolution,The effects of <i>Bacillus subtilis</i> on <i>Caenorhabditis elegans</i> fitness after heat stress.,"Microbes can provide their hosts with protection from biotic and abiotic factors. While many studies have examined how certain bacteria can increase host lifespan, fewer studies have examined how host reproduction can be altered. The nematode <i>Caenorhabditis elegans</i> has been a particularly useful model system to examine how bacteria affect the fitness of their hosts under different contexts. Here, we examine how the bacterium <i>Bacillus subtilis</i>, compared to the standard <i>C. elegans</i> lab diet, <i>Escherichia coli</i>, affects <i>C. elegans</i> survival and reproduction after experiencing a period of intense heat stress. We find that under standard conditions, nematodes reared on <i>B</i>. <i>subtilis</i> produce fewer offspring than when reared on <i>E</i>. <i>coli</i>.However, despite greater mortality rates on <i>B</i>. <i>subtilis</i> after heat shock, young adult nematodes produced more offspring after heat shock when fed <i>B</i>. <i>subtilis</i> compared to <i>E. coli</i>. Because offspring production is necessary for host population growth and evolution, the reproductive advantage conferred by <i>B</i>. <i>subtilis</i> supersedes the survival advantage of <i>E. coli</i>. Furthermore, we found that nematodes must be reared on <i>B</i>. <i>subtilis</i> (particularly at the early stages of development) and not merely be exposed to the bacterium during heat shock, to obtain the reproductive benefits provided by <i>B</i>. <i>subtilis</i>. Taken together, our findings lend insight into the importance of environmental context and interaction timing in shaping the protective benefits conferred by a microbe toward its host.",Bacillus subtilis,temperature,,
30734452,10.1111/plb.12972,,no_pmc,2019,"Plant biology (Stuttgart, Germany)",Characterisation of plant growth-promoting rhizobacteria from rhizosphere soil of heat-stressed and unstressed wheat and their use as bio-inoculant.,"High temperature induces several proteins in plants that enhance tolerance to high temperature shock. The fate of proteins synthesised in microbial cells or secreted into culture media by interacting microbes has not been fully elucidated. The present investigation aimed to characterise plant growth-promoting rhizobacteria (PGPR) isolated from the rhizosphere of wheat genotypes (differing in tolerance to high temperature stress) and evaluate their performance as bioinoculant for use in wheat. Four bacterial strains, viz. Pseudomonas brassicacearum, Bacillus thuringiensis, Bacillus cereus strain W6 and Bacillus subtilis, were isolated from the rhizosphere of heat-stressed and unstressed wheat genotypes. The wheat genotypes were exposed to high temperature stress at 45 °C for 10 days (3 h daily) at pre-anthesis phase. Isolates were identified on the basis of morphology and biochemical characteristics, 16S rRNA gene sequencing and whole cell protein profiles. Results were further complemented by size exclusion chromatography (SEC) with fast protein liquid chromatography (FPLC) and SDS PAGE of 80% ammonium sulphate precipitates of the cell-free supernatants. Isolates were positive for catalase, oxidases and antimicrobial activity. P. brassicacearum from the rhizosphere of the heat-tolerant genotype was more efficient in phosphate solubilisation, bacteriocin production, antifungal and antibacterial activity against Helminthosporium sativum, Fusarium moniliforme and Klebsiella pneumonia, respectively. The inoculated seedlings had significantly higher root and shoot fresh weight, enhanced activity of antioxidant enzymes, proline and protein content. Total profiling of the culture with SDS-PAGE indicated expression of new protein bands in 95 kDa in P. brassicacearum. Temperature-induced changes in PGPR isolates are similar to those in the host plant. P. brassicacearum may be a good candidate for use in biofertiliser production for plants exposed to high temperature stress.",Bacillus subtilis,temperature,,
30619203,10.3389/fmicb.2018.03135,PMC6305308,oa,2018,Frontiers in microbiology,"CtsR, the Master Regulator of Stress-Response in <i>Oenococcus oeni</i>, Is a Heat Sensor Interacting With ClpL1.","<i>Oenococcus oeni</i> is a lactic acid bacterium responsible for malolactic fermentation of wine. While many stress response mechanisms implemented by <i>O. oeni</i> during wine adaptation have been described, little is known about their regulation. CtsR is the only regulator of stress response genes identified to date in <i>O. oeni.</i> Extensively characterized in <i>Bacillus subtilis</i>, the CtsR repressor is active as a dimer at 37°C and degraded at higher temperatures by a proteolytic mechanism involving two adapter proteins, McsA and McsB, together with the ClpCP complex. The <i>O. oeni</i> genome does not encode orthologs of these adapter proteins and the regulation of CtsR activity remains unknown. In this study, we investigate CtsR function in <i>O. oeni</i> by using antisense RNA silencing <i>in vivo</i> to modulate <i>ctsR</i> gene expression. Inhibition of <i>ctsR</i> gene expression by asRNA leads to a significant loss in cultivability after heat shock (58%) and acid shock (59%) highlighting the key role of CtsR in the <i>O. oeni</i> stress response. Regulation of CtsR activity was studied using a heterologous expression system to demonstrate that <i>O. oeni</i> CtsR controls expression and stress induction of the <i>O. oeni hsp18</i> gene when produced in a <i>ctsR</i>-deficient <i>B. subtilis</i> strain. Under heat stress conditions, <i>O. oeni</i> CtsR acts as a temperature sensor and is inactivated at growth temperatures above 33°C. Finally, using an <i>E. coli</i> bacterial two-hybrid system, we showed that CtsR and ClpL1 interact, suggesting a key role for ClpL1 in controlling CtsR activity in <i>O. oeni</i>.",Bacillus subtilis,temperature,,
30487367,10.2323/jgam.2018.06.001,,no_pmc,2019,The Journal of general and applied microbiology,An alternative genome-integrated method for undomesticated Bacillus subtilis and related species.,"Given their applicability in genetic engineering, undomesticated Bacillus strains are extensively used as non-natural hosts for chemical production due to their high tolerance of toxic substrates or products. However, they are difficult to genomically modify due to their low transformation efficiencies. In this study, the Bacillus-E. coli shuttle vector pHY300PLK, which is widely used in gram-positive bacteria, was adopted for genome integration in organic solvent-tolerant Bacillus isolates. The Bacillus-replicative vector was used to deliver homologous recombinant DNA and propagate itself inside the host cell, increasing the likelihood of genome integration of the recombinant DNA. Then, the unintegrated vectors were cured by cell cultivation in antibiotic-free medium with facilitation of nickel ions. The developed protocol was successfully demonstrated and validated by the disruption of amyE gene in B. subtilis 168. With an improved clonal selection protocol, the probability of clonal selection of the amyE::cat genome-integrated mutants was increased up to 42.0 ± 10.2%. Genome integration in undomesticated, organic solvent tolerant Bacillus strains was also successfully demonstrated with amyE as well as proB gene creating the gene-disrupted mutants with the corresponding phenotype and genotype. Not only was this technique effectively applied to several strains of undomesticated B. subtilis, but it was also successfully applied to B. cereus. This study validates the possibility of the application of Bacillus-replicative vector as well as the developed protocol in a variety of genome modification of undomesticated Bacillus species.",Bacillus subtilis,temperature,,
30480837,10.1111/mmi.14171,,no_pmc,2019,Molecular microbiology,"Spx, the central regulator of the heat and oxidative stress response in B. subtilis, can repress transcription of translation-related genes.","Spx is a Bacillus subtilis transcription factor that interacts with the alpha subunits of RNA polymerase. It can activate the thiol stress response regulon and interfere with the activation of many developmental processes. Here, we show that Spx is a central player orchestrating the heat shock response by up-regulating relevant stress response genes as revealed by comparative transcriptomic experiments. Moreover, these experiments revealed the potential of Spx to inhibit transcription of translation-related genes. By in vivo and in vitro experiments, we confirmed that Spx can inhibit transcription from rRNA. This inhibition depended mostly on UP elements and the alpha subunits of RNA polymerase. However, the concurrent up-regulation activity of stress genes by Spx, but not the inhibition of translation related genes, was essential for mediating stress response and antibiotic tolerance under the applied stress conditions. The observed inhibitory activity might be compensated in vivo by additional stress response processes interfering with translation. Nevertheless, the impact of Spx on limiting translation becomes apparent under conditions with high cellular Spx levels. Interestingly, we observed a subpopulation of stationary phase cells that contains raised Spx levels, which may contribute to growth inhibition and a persister-like behaviour of this subpopulation during outgrowth.",Bacillus subtilis,temperature,,
30447623,10.1016/j.biortech.2018.11.018,,no_pmc,2019,Bioresource technology,Efficient l-lactic acid production from corncob residue using metabolically engineered thermo-tolerant yeast.,"Lactic acid is an important industrial product and the production from inexpensive and renewable lignocellulose can reduce the cost and environmental pollution. In this study, a Kluyveromyces marxianus strain which produced lactic acid efficiently from corncob was constructed. Firstly, two of six different lactate dehydrogenases, which from Plasmodium falciparum and Bacillus subtilis, respectively, were proved to be effective for l-lactic acid production. Then, five single genetic modifications were conducted. The overexpression of Saccharomyces cerevisiae proton-coupled monocarboxylate transporter, K. marxianus 6-phosphofructokinase, or disruption of K. marxianus putative d-lactate dehydrogenase enhanced the l-lactic acid accumulation. Finally, the strain YKX071, obtained via combination of above effective genetic engineering, produced 103.00 g/L l-lactic acid at 42 °C with optical purity of 99.5% from corncob residue via simultaneous saccharification and co-fermentation. This study first developed an effective platform for high optical purity l-lactic acid production from lignocellulose using yeast with inexpensive nitrogen sources.",Bacillus subtilis,temperature,,
30431188,10.1111/mmi.14164,,no_pmc,2019,Molecular microbiology,YocM a small heat shock protein can protect Bacillus subtilis cells during salt stress.,"Small heat shock proteins (sHsp) occur in all domains of life. By interacting with misfolded or aggregated proteins these chaperones fulfill a protective role in cellular protein homeostasis. Here, we demonstrate that the sHsp YocM of the Gram-positive model organism Bacillus subtilis is part of the cellular protein quality control system with a specific role in salt stress response. In the absence of YocM the survival of salt shocked cells is impaired, and increased levels of YocM protect B. subtilis exposed to heat or salt. We observed a salt and heat stress-induced localization of YocM to intracellular protein aggregates. Interestingly, purified YocM appears to accelerate protein aggregation of different model substrates in vitro. In addition, the combined presence of YocM and chemical chaperones, which accumulate in salt stressed cells, can facilitate in vitro a synergistic protective effect on protein misfolding. Therefore, the beneficial role of YocM during salt stress could be related to a mutual functional relationship with chemical chaperones and adds a new possible functional aspect to sHsp chaperone activities.",Bacillus subtilis,temperature,,
30289268,10.1089/ast.2017.1715,,no_pmc,2018,Astrobiology,Comparing Spore Resistance of Bacillus Strains Isolated from Hydrothermal Vents and Spacecraft Assembly Facilities to Environmental Stressors and Decontamination Treatments.,"Submarine hydrothermal vents are inhabited by a variety of microorganisms capable of tolerating environmental extremes, making them ideal candidates to further expand our knowledge of the limitations for terrestrial life, including their ability to survive the exposure of spaceflight-relevant conditions. The spore resistance of two Bacillus spp. strains, APA and SBP3, isolated from two shallow vents off Panarea Island (Aeolian Islands, Italy), to artificial and environmental stressors (i.e., UVC radiation, X-rays, heat, space vacuum, hydrogen peroxide [H<sub>2</sub>O<sub>2</sub>], and low-pressure plasma), was compared with that of two close phylogenetic relatives (Bacillus horneckiae and Bacillus oceanisediminis). Additional comparisons were made with Bacillus sp. isolated from spacecraft assembly facilities (B. horneckiae, Bacillus pumilus SAFR-032, and Bacillus nealsonii) and the biodosimetry strain and space microbiology model organism Bacillus subtilis. Overall, a high degree of spore resistance to stressors was observed for the strains isolated from spacecraft assembly facilities, with an exceptional level of resistance seen by B. pumilus SAFR-032. The environmental isolate SBP3 showed a more robust spore resistance to UVC, X-rays, H<sub>2</sub>O<sub>2</sub>, dry heat, and space vacuum than the closely related B. horneckiae. Both strains (SBP3 and APA) were more thermotolerant than their relatives, B. horneckiae and B. oceanisediminis, respectively. SBP3 may have a novel use as a bacterial model organism for future interrogations into the potential of forward contamination in extraterrestrial environments (e.g., icy moons of Jupiter or Saturn), spacecraft sterilization and, broadly, microbial responses to spaceflight-relevant environmental stressors.",Bacillus subtilis,temperature,,
30217508,10.1016/j.fsi.2018.09.031,,no_pmc,2018,Fish & shellfish immunology,"Synergistic effects of dietary supplementation of Bacillus subtilis WB60 and mannanoligosaccharide (MOS) on growth performance, immunity and disease resistance in Japanese eel, Anguilla japonica.","This study evaluated the synergistic effects of dietary Bacillus subtilis WB60 and mannanoligosaccharide (MOS) in juvenile Japanese eel, Anguilla japonica. Seven treatment diets were formulated to contain three different levels of B. subtilis (0.0, 0.5, and 1.0 × 10<sup>7</sup> CFU/g diet denoted as BS<sub>0</sub>, BS<sub>0.5</sub>, and BS<sub>1</sub>, respectively) with two MOS levels (0 and 5 g/kg diet denoted as M<sub>0</sub> and M<sub>5</sub>, respectively), and one diet with oxytetracycline (OTC) at 5 g/kg diet. Each diet (BS<sub>0</sub>M<sub>0</sub> (CON), BS<sub>0</sub>M<sub>5</sub>, BS<sub>0.5</sub>M<sub>0,</sub> BS<sub>0.5</sub>M<sub>5,</sub> BS<sub>1</sub>M<sub>0,</sub> BS<sub>1</sub>M<sub>5</sub>, and OTC) was fed to triplicate groups of 20 fish averaging 9.00 ± 0.11 g (mean ± SD) for eight weeks. Average weight gain, feed efficiency, specific growth rate and protein efficiency ratio of fish fed the BS<sub>0.5</sub>M<sub>5</sub> and BS<sub>1</sub>M<sub>5</sub> diets were significantly higher than those of fish fed CON, BS<sub>0.5</sub>M<sub>0</sub> and OTC diets (P < 0.05). Significant increases in the nonspecific enzymatic activities (e.g., lysozyme and myeloperoxidase) were detected from fish fed the BS<sub>0.5</sub>M<sub>5</sub>, BS<sub>1</sub>M<sub>5</sub>, and OTC diets compared to the CON, BS<sub>0.5</sub>M<sub>0</sub>, and BS<sub>0</sub>M<sub>5</sub> diets (P < 0.05). Whereas, immunoglobulin M expressions were recorded significantly higher for fish fed the BS<sub>0.5</sub>M<sub>5</sub> and BS<sub>1</sub>M<sub>5</sub> diets compared to those of fish fed the other diets (P < 0.05). Also, heat shock protein 70 mRNA levels of fish fed BS<sub>0.5</sub>M<sub>5</sub> and BS<sub>1</sub>M<sub>5</sub> diets were significantly higher than those of fish fed the CON diet (P < 0.05). Histological observations of the intestinal morphology showed healthier gut for fish fed BS<sub>0.5</sub>M<sub>5</sub> and BS<sub>1</sub>M<sub>5</sub> diets than those fed CON, BS<sub>0</sub>M<sub>5</sub>, and OTC diets. Additionally, resistance to bacterial challenge with Vibrio anguillarum was recorded significantly lower for fish fed the CON diet than those fed other diets (P > 0.05). Therefore, the results for growth performance, non-specific immune responses, intestinal morphology, and disease resistance demonstrated that supplementation of B. subtilis at 0.5 × 10<sup>7</sup> CFU/g diet and mannanoligosaccharide at 5 g/kg diet could have beneficial synergistic effects in Japanese eel. The isolated probiotic from eel and the selected prebiotic could lead to the development of a specific and potential synbiotic in Japanese eel aquaculture.",Bacillus subtilis,temperature,,
30125705,10.1016/j.fsi.2018.08.037,,no_pmc,2018,Fish & shellfish immunology,"Effects of a commercial probiotic BS containing Bacillus subtilis and Bacillus licheniformis on growth, immune response and disease resistance in Nile tilapia, Oreochromis niloticus.","The present study evaluated a commercial probiotic designated as BS (a mix of B. subtilis and B. licheniformis) to ascertain its efficacy and the dose necessary to improve growth, immune response, and disease resistance in tilapia, Oreochromis niloticus. Fish (53.01 ± 1.0 g) were fed with a basal diet supplemented with 0 g kg−1 (CT), 3 g kg−1(BS3), 5 g kg−1 (BS5), 7 g kg−1 (BS7), and 10 g kg−1 (BS10) [corrected] of the probiotic BS for 4 weeks. At the end of the feeding trial, the weight gain, specific growth rate, and feed conversion ration were enhanced in all probiotic BS enriched groups but with better (P < 0.05) improvement in the BS10 group. The lysozyme, protease, anti-protease, superoxide dismutase activities, and immunoglobulin M level were significantly (P < 0.05) highest in the BS10 group in both serum and skin mucus. Enhanced (P > 0.05) catalse activity in all treated groups in the serum and myeloperoxidase activity in the B10 group in both serum and skin mucus were observed. The expression of C-lysozyme, heat shock protein 70, β-defensin, transforming growth factor beta, and small body size decapentaplegic homolog 3, genes in the mid-intestines and the head-kidney were up-regulated in all treated groups with the BS10 group provoking the highest up-regulation (P < 0.05). After challenge with Streptococcus agalactiae, cumulative mortality was 80 %, 47.5 %, 42.8 %, 30 %, and 20 % [corrected] for fish fed with CT, BS3, BS5, BS7, BS10 groups respectively. In conclusion, probiotic BS application at 10 g kg−1(BS10) [corrected] can be considered to improve growth and immunological status in tilapia farming.",Bacillus subtilis,temperature,,
29877791,10.1099/mic.0.000674,,no_pmc,2018,"Microbiology (Reading, England)",The transmembrane segment of TagH is required for wall teichoic acid transport under heat stress in Bacillus subtilis.,"Wall teichoic acids (WTAs) are anionic polymers that are covalently linked to peptidoglycan and play important roles in cell shape determination, cell division, autolysis, pathogenesis and antibiotic resistance in Gram-positive bacteria. In Bacillus subtilis, WTA is synthesized in the cytoplasm and translocated by an ABC transporter, TagGH. In this study, we found that the transmembrane segment of TagH is required for WTA transport under high temperatures. Cells expressing TagH302-FL (a construct fused to the 6×FLAG tag after the transmembrane segment, which lacks the C-terminal extracellular domain) grew normally at high temperatures, similar to those expressing the full-length TagH-FL fusion. In contrast, cells expressing TagH275-FL, which lacks both the transmembrane segment and the extracellular domain, exhibited a temperature-sensitive phenotype at temperatures above 49 °C and a growth defect at 50 °C. Interestingly, this growth defect was dissolved by an additional incubation at 37 °C. A similar temperature-sensitive phenotype was observed in cells expressing an N-terminal 6×FLAG tag fusion of TagH275. Immunofluorescence microscopy (IFM) indicated that TagG and TagH are localized on the cytoplasmic membrane in a patch-like manner. In addition, the C-terminal-truncated forms, TagH275-FL and TagH302-FL, were localized in similar patch-like patterns at 37 °C; only foci for TagH275-FL were remarkably reduced at high temperatures. Moreover, cell surface decoration with WTA was considerably reduced in cells harbouring TagH275-FL at high temperature, supporting the results of IFM observation. These results suggest that the transmembrane segment of TagH plays an important role in WTA export at high temperatures.",Bacillus subtilis,temperature,,
29629859,10.1099/mic.0.000658,,no_pmc,2018,"Microbiology (Reading, England)",The ClpY-ClpQ protease regulates multicellular development in Bacillus subtilis.,"ATP-dependent proteases play essential roles in both protein quality control and the regulation of protein activities in bacteria. ClpYQ (also known as HslVU) is one of several highly conserved ATP-dependent proteases in bacteria. The regulation and biological function of ClpYQ have been well studied in Gram-negative bacteria, but are poorly understood in Gram-positive species. In this study, we showed that in the Gram-positive bacterium Bacillus subtilis, the ΔclpYQ deletion mutant formed early and robust biofilms, while swarming motility was severely impaired. Colonies of the ΔclpYQ mutant were also much less mucoid on agar plates, indicating the loss of the production of secreted γ-poly-dl-glutamic acid (γ-PGA). Global proteomic analysis using isobaric tags for relative and absolute quantification (iTRAQ) confirmed that a number of proteins involved in motility, chemotaxis and the production of γ-PGA were less abundant in the ΔclpYQ mutant. The results from both iTRAQ and Western immunoblotting showed that levels of the biofilm master repressor SinR were modestly reduced in the ΔclpYQ mutant, but probably significantly enough to alter biofilm regulation due to the ultrasensitivity of the expression of biofilm genes to SinR protein levels. Western immunoblotting also showed that the abundance of CodY, whose gene is clustered with clpYQ in the same operon, was not impacted on by ΔclpYQ. Lastly, our results suggested that, unlike in Escherichia coli, ClpYQ does not play an essential role in heat-shock response in both B. subtilis and Bacillus cereus. In conclusion, we propose that the ClpYQ protease is primarily involved in multicellular development in B. subtilis.",Bacillus subtilis,temperature,,
29539884,10.4014/jmb.1708.08019,,no_pmc,2018,Journal of microbiology and biotechnology,Exploring the Metabolomic Responses of <i>Bacillus licheniformis</i> to Temperature Stress by Gas Chromatography/Mass Spectrometry.,"Owing to its high protein secretion capacity, simple nutritional requirements, and GRAS (generally regarded as safe) status, <i>Bacillus licheniformis</i> is widely used as a host for the industrial production of enzymes, antibiotics, and peptides. However, as compared with its close relative <i>Bacillus subtilis</i>, little is known about the physiology and stress responses of <i>B. licheniformis</i>. To explore its temperature-stress metabolome, <i>B. licheniformis</i> strains ATCC 14580 and B186, with respective optimal growth temperatures of 42°C and 50°C, were cultured at 42°C, 50°C, and 60°C and their corresponding metabolic profiles were determined by gas chromatography/mass spectrometry and multivariate statistical analyses. It was found that with increased growth temperatures, the two <i>B. licheniformis</i> strains displayed elevated cellular levels of proline, glutamate, lysine, pentadecanoic acid, hexadecanoic acid, heptadecanoic acid, and octadecanoic acid, and decreased levels of glutamine and octadecenoic acid. Regulation of amino acid and fatty acid metabolism is likely to be associated with the evolution of protective biochemical mechanisms of <i>B. licheniformis</i>. Our results will help to optimize the industrial use of <i>B. licheniformis</i> and other important Bacillus species.",Bacillus subtilis,temperature,,
29465029,10.1099/mic.0.000625,,no_pmc,2018,"Microbiology (Reading, England)",Essentiality of WalRK for growth in Bacillus subtilis and its role during heat stress.,"WalRK is an essential two-component signal transduction system that plays a central role in coordinating cell wall synthesis and cell growth in Bacillus subtilis. However, the physiological role of WalRK and its essentiality for growth have not been elucidated. We investigated the behaviour of WalRK during heat stress and its essentiality for cell proliferation. We determined that the inactivation of the walHI genes which encode the negative modulator of WalK, resulted in growth defects and eventual cell lysis at high temperatures. Screening of suppressor mutations revealed that the inactivation of LytE, an dl-endopeptidase, restored the growth of the ΔwalHI mutant at high temperatures. Suppressor mutations that reduced heat induction arising from the walRK regulon were also mapped to the walK ORF. Therefore, we hypothesized that overactivation of LytE affects the phenotype of the ΔwalHI mutant. This hypothesis was corroborated by the overexpression of the negative regulator of LytE, IseA and PdaC, which rescued the growth of the ΔwalHI mutant at high temperatures. Elucidating the cause of the temperature sensitivity of the ΔwalHI mutant could explain the essentiality of WalRK. We proved that the constitutive expression of lytE or cwlO using a synthetic promoter uncouples these expressions from WalRK, and renders WalRK nonessential in the pdaC and iseA mutant backgrounds. We propose that the essentiality of WalRK is derived from the coordination of cell wall metabolism with cell growth by regulating dl-endopeptidase activity under various growth conditions.",Bacillus subtilis,temperature,,
29446505,10.1111/mmi.13928,PMC5897911,pmc_not_oa,2018,Molecular microbiology,"ClpC and MecA, components of a proteolytic machine, prevent Spo0A-P-dependent transcription without degradation.","In Bacillus subtilis, a proteolytic machine composed of MecA, ClpC and ClpP degrades the transcription factor ComK, controlling its accumulation during growth. MecA also inhibits sporulation and biofilm formation by down-regulating spoIIG and sinI, genes that are dependent for their transcription on the phosphorylated protein Spo0A-P. Additionally, MecA has been shown to interact in vitro with Spo0A. Although the inhibitory effect on transcription requires MecA's binding partner ClpC, inhibition is not accompanied by the degradation of Spo0A, pointing to a previously unsuspected regulatory mechanism involving these proteins. Here, we further investigate the MecA and ClpC effects on Spo0A-P-dependent transcription. We show that MecA inhibits the transcription of several Spo0A-P activated genes, but fails to de-repress several Spo0A-P repressed promoters. This demonstrates that MecA and ClpC do not act by preventing the binding of Spo0A-P to its target promoters. Consistent with this, MecA by itself has no effect in vitro on the transcription from PspoIIG while the addition of both MecA and ClpC has a strong inhibitory effect. A complex of MecA and ClpC likely binds to Spo0A-P on its target promoters, preventing the activation of transcription. Thus, components of a degradative machine have been harnessed to directly repress transcription.",Bacillus subtilis,temperature,,
29235503,10.1038/s41598-017-17583-9,PMC5727486,oa,2017,Scientific reports,Inactivation of the dnaK gene in Clostridium difficile 630 Δerm yields a temperature-sensitive phenotype and increases biofilm-forming ability.,"Clostridium difficile infection is a growing problem in healthcare settings worldwide and results in a considerable socioeconomic impact. New hypervirulent strains and acquisition of antibiotic resistance exacerbates pathogenesis; however, the survival strategy of C. difficile in the challenging gut environment still remains incompletely understood. We previously reported that clinically relevant heat-stress (37-41 °C) resulted in a classical heat-stress response with up-regulation of cellular chaperones. We used ClosTron to construct an insertional mutation in the dnaK gene of C. difficile 630 Δerm. The dnaK mutant exhibited temperature sensitivity, grew more slowly than C. difficile 630 Δerm and was less thermotolerant. Furthermore, the mutant was non-motile, had 4-fold lower expression of the fliC gene and lacked flagella on the cell surface. Mutant cells were some 50% longer than parental strain cells, and at optimal growth temperatures, they exhibited a 4-fold increase in the expression of class I chaperone genes including GroEL and GroES. Increased chaperone expression, in addition to the non-flagellated phenotype of the mutant, may account for the increased biofilm formation observed. Overall, the phenotype resulting from dnaK disruption is more akin to that observed in Escherichia coli dnaK mutants, rather than those in the Gram-positive model organism Bacillus subtilis.",Bacillus subtilis,temperature,,
29186773,10.3390/metabo7040063,PMC5746743,oa,2017,Metabolites,Metabolic Perturbations in a Bacillus subtilis clpP Mutant during Glucose Starvation.,"Proteolysis is essential for all living organisms to maintain the protein homeostasis and to adapt to changing environmental conditions. ClpP is the main protease in <i>Bacillus subtilis</i>, and forms complexes with different Clp ATPases. These complexes play crucial roles during heat stress, but also in sporulation or cell morphology. Especially enzymes of cell wall-, amino acid-, and nucleic acid biosynthesis are known substrates of the protease ClpP during glucose starvation. The aim of this study was to analyze the influence of a <i>clpP</i> mutation on the metabolism in different growth phases and to search for putative new ClpP substrates. Therefore, <i>B. subtilis</i> 168 cells and an isogenic ∆<i>clpP</i> mutant were cultivated in a chemical defined medium, and the metabolome was analyzed by a combination of ¹H-NMR, HPLC-MS, and GC-MS. Additionally, the cell morphology was investigated by electron microscopy. The <i>clpP</i> mutant showed higher levels of most glycolytic metabolites, the intermediates of the citric acid cycle, amino acids, and peptidoglycan precursors when compared to the wild-type. A strong secretion of overflow metabolites could be detected in the exo-metabolome of the <i>clpP</i> mutant. Furthermore, a massive increase was observed for the teichoic acid metabolite CDP-glycerol in combination with a swelling of the cell wall. Our results show a recognizable correlation between the metabolome and the corresponding proteome data of <i>B. subtilis</i><i>clpP</i> mutant. Moreover, our results suggest an influence of ClpP on Tag proteins that are responsible for teichoic acids biosynthesis.",Bacillus subtilis,temperature,,
29093750,10.1186/s13068-017-0932-8,PMC5663093,oa,2017,Biotechnology for biofuels,Bioprospecting of novel thermostable β-glucosidase from <i>Bacillus subtilis</i> RA10 and its application in biomass hydrolysis.,"Saccharification is the most crucial and cost-intensive process in second generation biofuel production. The deficiency of β-glucosidase in commercial enzyme leads to incomplete biomass hydrolysis. The decomposition of biomass at high temperature environments leads us to isolate thermotolerant microbes with β-glucosidase production potential. A total of 11 isolates were obtained from compost and cow dung samples that were able to grow at 50 °C. On the basis of qualitative and quantitative estimation of β-glucosidase enzyme production, <i>Bacillus subtilis</i> RA10 was selected for further studies. The medium components and growth conditions were optimized and β-glucosidase enzyme production was enhanced up to 19.8-fold. The β-glucosidase from <i>B. subtilis</i> RA10 retained 78% of activity at 80 °C temperature and 68.32% of enzyme activity was stable even at 50 °C after 48 h of incubation. The supplementation of β-glucosidase from <i>B. subtilis</i> RA10 into commercial cellulase enzyme resulted in 1.34-fold higher glucose release. Furthermore, β-glucosidase was also functionally elucidated by cloning and overexpression of full length GH1 family β-glucosidase gene from <i>B. subtilis</i> RA10. The purified protein was characterized as thermostable β-glucosidase enzyme. The thermostable β-glucosidase enzyme from <i>B. subtilis</i> RA10 would facilitate efficient saccharification of cellulosic biomass into fermentable sugar. Consequently, after saccharification, thermostable β-glucosidase enzyme would be recovered and reused to reduce the cost of overall bioethanol production process.",Bacillus subtilis,temperature,,
28874406,10.1128/JB.00266-17,PMC5648855,pmc_not_oa,2017,Journal of bacteriology,Revisiting the Role of Csp Family Proteins in Regulating Clostridium difficile Spore Germination.,"<i>Clostridium difficile</i> causes considerable health care-associated gastrointestinal disease that is transmitted by its metabolically dormant spore form. Upon entering the gut, <i>C. difficile</i> spores germinate and outgrow to produce vegetative cells that release disease-causing toxins. <i>C. difficile</i> spore germination depends on the Csp family of (pseudo)proteases and the cortex hydrolase SleC. The CspC pseudoprotease functions as a bile salt germinant receptor that activates the protease CspB, which in turn proteolytically activates the SleC zymogen. Active SleC degrades the protective cortex layer, allowing spores to outgrow and resume metabolism. We previously showed that the CspA pseudoprotease domain, which is initially produced as a fusion to CspB, controls the incorporation of the CspC germinant receptor in mature spores. However, study of the individual Csp proteins has been complicated by the polar effects of TargeTron-based gene disruption on the <i>cspBA-cspC</i> operon. To overcome these limitations, we have used <i>pyrE</i>-based allelic exchange to create individual deletions of the regions encoding CspB, CspA, CspBA, and CspC in strain 630Δ<i>erm</i> Our results indicate that stable CspA levels in sporulating cells depend on CspB and confirm that CspA maximizes CspC incorporation into spores. Interestingly, we observed that <i>csp</i> and <i>sleC</i> mutants spontaneously germinate more frequently in 630Δ<i>erm</i> than equivalent mutants in the JIR8094 and UK1 strain backgrounds. Analyses of this phenomenon suggest that only a subpopulation of <i>C. difficile</i> 630Δ<i>erm</i> spores can spontaneously germinate, in contrast with <i>Bacillus subtilis</i> spores. We also show that <i>C. difficile</i> clinical isolates that encode truncated CspBA variants have sequencing errors that actually produce full-length CspBA.<b>IMPORTANCE</b><i>Clostridium difficile</i> is a leading cause of health care-associated infections. Initiation of <i>C. difficile</i> infection depends on spore germination, a process controlled by Csp family (pseudo)proteases. The CspC pseudoprotease is a germinant receptor that senses bile salts and activates the CspB protease, which activates a hydrolase required for germination. Previous work implicated the CspA pseudoprotease in controlling CspC incorporation into spores but relied on plasmid-based overexpression. Here we have used allelic exchange to study the functions of CspB and CspA. We determined that CspA production and/or stability depends on CspB and confirmed that CspA maximizes CspC incorporation into spores. Our data also suggest that a subpopulation of <i>C. difficile</i> spores spontaneously germinates in the absence of bile salt germinants and/or Csp proteins.",Bacillus subtilis,temperature,,
28581021,10.2436/20.1501.01.284,,no_pmc,2017,International microbiology : the official journal of the Spanish Society for Microbiology,"Antimicrobial peptide from Bacillus subtilis CSB138: characterization, killing kinetics, and synergistic potency.","We studied the prospect of synergy between the antimicrobial peptide p138c and non-peptide antibiotics for increasing the potency and bacterial killing kinetics of these agents. The production of p138c was maximized in the late exponential growth phase of Bacillus subtilis CSB138. Purification of p138c resulted in a total of 4800 arbitrary units (AU) with 19.15-fold and 3.2% recovery. Peptide p138c was thermo-tolerant up to 50 °C and stable at pH 5.8 to 11. The biochemical nature of p138c was determined by a bioassay, similar to tricine-SDS-PAGE, indicating inhibition at 3 kDa. The amino acid sequence of p138c was Gly-Leu-Glu-Glu-Thr-Val-Tyr-Ile-Tyr-Gly-Ala-Asn-Met-X-Ser. Potency and killing kinetics against vancomycin-resistant Staphylococcus aureus improved considerably when p138c was synergized with oxacillin, ampicillin, and penicillin G. The minimal inhibitory concentration (MIC) of p138c showed a 4-, 8-, and 16-fold improvement when p138c was combined with oxacillin, ampicillin, and penicillin G, respectively. The fractional inhibitory concentration index for the combination of p138c and oxacillin, ampicillin, and penicillin G was 0.3125, 0.25, and 0.09, respectively. Synergy with non-peptide antibiotics resulted in enhanced killing kinetics of p138c. Hence, the synergy between antimicrobial peptide and non-peptide antibiotics may enhance the potency and bacterial killing kinetics, providing more potent and rapidly acting agents for therapeutic use. [Int Microbiol 20(1):43-53 (2017)].",Bacillus subtilis,temperature,,
28478320,10.1016/j.ijfoodmicro.2017.04.014,,no_pmc,2017,International journal of food microbiology,Two complementary approaches to quantify variability in heat resistance of spores of Bacillus subtilis.,"Realistic prediction of microbial inactivation in food requires quantitative information on variability introduced by the microorganisms. Bacillus subtilis forms heat resistant spores and in this study the impact of strain variability on spore heat resistance was quantified using 20 strains. In addition, experimental variability was quantified by using technical replicates per heat treatment experiment, and reproduction variability was quantified by using two biologically independent spore crops for each strain that were heat treated on different days. The fourth-decimal reduction times and z-values were estimated by a one-step and two-step model fitting procedure. Grouping of the 20 B. subtilis strains into two statistically distinguishable groups could be confirmed based on their spore heat resistance. The reproduction variability was higher than experimental variability, but both variabilities were much lower than strain variability. The model fitting approach did not significantly affect the quantification of variability. Remarkably, when strain variability in spore heat resistance was quantified using only the strains producing low-level heat resistant spores, then this strain variability was comparable with the previously reported strain variability in heat resistance of vegetative cells of Listeria monocytogenes, although in a totally other temperature range. Strains that produced spores with high-level heat resistance showed similar temperature range for growth as strains that produced low-level heat resistance. Strain variability affected heat resistance of spores most, and therefore integration of this variability factor in modelling of spore heat resistance will make predictions more realistic.",Bacillus subtilis,temperature,,
28333276,10.1093/femsle/fnx054,,no_pmc,2017,FEMS microbiology letters,Genetic evidence that multiple proteases are involved in modulation of heat-induced activation of the sigma factor SigI in Bacillus subtilis.,"The Bacillus subtilis sigI-rsgI operon encodes the heat-inducible sigma factor SigI and its cognate anti-sigma factor RsgI. The heat-activated SigI positively regulates expression of sigI itself and genes involved in cell wall homeostasis and heat resistance. It remains unknown which protease(s) may contribute to degradation of RsgI and heat-induced activation of SigI. In this study, we found that transcription of sigI from its σI-dependent promoter under heat stress was downregulated in a strain lacking the heat-inducible sigma factor SigB. Deletion of protease-relevant clpP, clpC or rasP severely impaired sigI expression during heat stress, whereas deletion of clpE partially impaired sigI expression. Complementation of mutations with corresponding intact genes restored sigI expression. In a null mutant of rsgI, SigI was activated and sigI expression was strongly upregulated during normal growth and under heat stress. In this rsgI mutant, further inactivation of rasP or clpE did not affect sigI expression, whereas further inactivation of clpP or clpC severely or partially impaired sigI expression. Spx negatively influenced sigI expression during heat stress. Possible implications are discussed. Given that clpC, clpP and spx are directly regulated by SigB, SigB appears to control sigI expression under heat stress via ClpC, ClpP and Spx.",Bacillus subtilis,temperature,,
28271385,10.1007/s11274-017-2231-8,,no_pmc,2017,World journal of microbiology & biotechnology,Possible correlation between levansucrase production and probiotic activity of Bacillus sp. isolated from honey and honey bee.,"Five bacterial isolates from honey and bee gut were selected based on their high levansucrase activity and levan yield which were strongly positively correlated. All isolates showed good tolerance to temperature up to 70 °C, to NaCl up to 3 M and to 0.1% H<sub>2</sub>O<sub>2</sub>. They maintained over 59 and 64% survival at pH 9.0 and 2.0 respectively, but showed varying tolerance to 0.1% bile salts and pancreatic enzymes. Most isolates were susceptible to widely used antibiotics, but demonstrated diverse antimicrobial activity. Non hemolytic isolates were identified on the basis of 16S rRNA sequencing as Bacillus subtilis HMNig-2 and B. subtilis MENO2 with 97% homology. They exhibited promising probiotic characteristics and achieved highest levansucrase activity of 94.1 and 81.5 U/mL respectively. Both exhibited highest biofilm formation ability in static microtiter plate assay. Also, they achieved 34 and 26% adhesion respectively to Caco-2cells and had highest free radical scavenging activity of 30.8 and 26.2% respectively. The levans of the two isolates showed good antimicrobial activity against some pathogens and exhibited positive prebiotic effect (prebiotic index >1) with Lactobacillus casei and Lactobacillus reuteri. Results suggest a correlation between levansucrase production, levan yield and pre-probiotic activities of the studied strains.",Bacillus subtilis,temperature,,
28134244,10.1038/ncomms14332,PMC5290332,oa,2017,Nature communications,Bacillus subtilis biofilm extends Caenorhabditis elegans longevity through downregulation of the insulin-like signalling pathway.,"Beneficial bacteria have been shown to affect host longevity, but the molecular mechanisms mediating such effects remain largely unclear. Here we show that formation of Bacillus subtilis biofilms increases Caenorhabditis elegans lifespan. Biofilm-proficient B. subtilis colonizes the C. elegans gut and extends worm lifespan more than biofilm-deficient isogenic strains. Two molecules produced by B. subtilis - the quorum-sensing pentapeptide CSF and nitric oxide (NO) - are sufficient to extend C. elegans longevity. When B. subtilis is cultured under biofilm-supporting conditions, the synthesis of NO and CSF is increased in comparison with their production under planktonic growth conditions. We further show that the prolongevity effect of B. subtilis biofilms depends on the DAF-2/DAF-16/HSF-1 signalling axis and the downregulation of the insulin-like signalling (ILS) pathway.",Bacillus subtilis,temperature,,
28034835,10.1016/j.fsi.2016.12.035,,no_pmc,2017,Fish & shellfish immunology,"Comparative evaluation of dietary probiotics Bacillus subtilis WB60 and Lactobacillus plantarum KCTC3928 on the growth performance, immunological parameters, gut morphology and disease resistance in Japanese eel, Anguilla japonica.","The current experiment was conducted to evaluate and compare the efficacy of two different probiotics Bacillus subtilis WB60 and Lactobacillus plantarum KCTC3928 in diet of Japanese eel, Anguilla japonica. Seven experimental diets were formulated to contain no probiotics (CON), three graded levels of B. subtilis at 10<sup>6</sup> (BS<sub>1</sub>), 10<sup>7</sup> (BS<sub>2</sub>), 10<sup>8</sup> (BS<sub>3</sub>) and L. plantarum at 10<sup>6</sup> (LP<sub>1</sub>), 10<sup>7</sup> (LP<sub>2</sub>), 10<sup>8</sup> (LP<sub>3</sub>) CFU/g diet. Twenty fish averaging 8.29 ± 0.06 g were distributed in to 21 aquaria and were randomly assigned to one of the experimental diets in triplicate groups. Average weight gain (WG), feed efficiency (FE), and protein efficiency ratio (PER) of fish fed B. subtilis at 10<sup>7</sup> (BS<sub>2</sub>) and 10<sup>8</sup> (BS<sub>3</sub>) CFU/g diet were significantly higher than those of fish fed other experimental diets (P < 0.05). Nonspecific enzymatic activities including lysozyme, superoxide dismutase (SOD), myeloperoxidase (MPO) from fish fed B. subtilis at 10<sup>7</sup> (BS<sub>2</sub>) and 10<sup>8</sup> (BS<sub>3</sub>) CFU/g diet were detected to be significantly higher than that from fish fed CON diet (P < 0.05). Whereas, level of intestine glyceraldehyde-3-phosphate dehydrogenase (GAPDH), heat shock protein 70, 90 (HSP70, 90) and immunoglobulin (IgM) from fish fed B. subtilis at 10<sup>7</sup> and 10<sup>8</sup> CFU/g diet were recorded to be significantly higher than those of fish fed other experimental diets (P < 0.05). Parameters for intestinal morphology and histology suggested a healthier gut for the fish fed10<sup>8</sup> (BS<sub>3</sub>) CFU/g diet as compared to other treatment groups. Whereas, results from the disease challenge test with bacteria Vibrio angulillarum showed significantly lower survival rate for fish fed CON diet than those of fish fed other experimental diets. Therefore, these results indicated that oral supplement of B. subtilis at 10<sup>8</sup> (BS<sub>3</sub>) CFU/g diet could be a more effective source of probiotic compared to L. plantarum in Japanese eel.",Bacillus subtilis,temperature,,
27518094,10.1007/s12192-016-0727-z,PMC5083672,pmc_not_oa,2016,Cell stress & chaperones,Regulation of bacterial heat shock stimulons.,"All organisms developed genetic programs to allow their survival under stressful conditions. In most cases, they increase the amount of a specific class of proteins which deal with the stress factor and allow cells to adapt to life-threatening conditions. One class of stress proteins are the heat shock proteins (HSPs) the amount of which is significantly increased after a sudden temperature rise. How is the heat shock response (HSR) regulated in bacteria? This has been studied in detail in Escherichia coli, Bacillus subtilis and Streptomyces spp. Two major mechanisms have been described so far to regulate expression of the HSGs, namely alternative sigma factors and transcriptional repressors. This review focuses on the regulatory details of the different heat shock regulons in the three well-studied bacterial species.",Bacillus subtilis,temperature,,
27604835,10.1007/s12010-016-2222-5,,no_pmc,2017,Applied biochemistry and biotechnology,Catalytic Role of Thermostable Metalloproteases from Bacillus subtilis KT004404 as Dehairing and Destaining Agent.,"Proteases with characteristic stabilities are considered attractive candidates for industrial catalysis. In the present study, a potent bacterial strain KT004404, an inhabitant of hydrothermal vents, was isolated and characterized for protease production. Initial screening indicated that this strain produced a hydrolytic zone of 30 mm 16S rRNA-based identification revealed that our isolate was a strain of Bacillus subtilis. Optimum reaction condition for maximum protease production was determined as 55 °C, pH 6, 1 % inoculum size and malt extract as primary growth substrate supplemented with 1 % dextrose. Yield of the enzyme was increased up to 7.53 folds with a specific activity of 55.125 U/mg after gel filtration chromatography. SDS-PAGE analysis confirmed the size of protease as 28.24 kDa. Purified enzyme retained its catalytic activity over a broad range of temperature (5 to 65 °C) and pH [5-8]. Addition of metal ions shown to have a stimulatory effect on catalytic properties while EDTA inhibited the efficiency of the enzyme confirming it as a metalloprotease. Protease exhibited excellent stability and activity in the presence of anionic surfactants, solvents, and detergents. The results of dehairing and destaining experiments suggested that the protease produced by B. subtilis KT004404 could be used in leather and textile industries with ecological benefits.",Bacillus subtilis,temperature,,
27599615,10.1186/s12866-016-0824-2,PMC5013637,oa,2016,BMC microbiology,The SAV1322 gene from Staphylococcus aureus: genomic and proteomic approaches to identification and characterization of gene function.,"Bacterial two-component regulatory systems (TCRS) are associated with the expression of virulence factors and antibiotic susceptibility. In Staphylococcus aureus, 16 TCRS types have been identified. The histidine kinase/response regulator SAV1321/SAV1322 in the S. aureus shares considerable homology with the TCRS DesKR in Bacillus subtilis. However, a function for the SAV1322 locus has not yet been assigned. Deletion of the SAV1322 locus in S. aureus results in reduced growth when cultured under low (25 °C) and high (46 °C) temperature conditions. The sav1322 deletion mutant is more tolerant to oxidative stress in vitro and is less pathogenic in a murine infection model when compared with wild-type parent strain Mu50. Furthermore, the sav1322 mutant exhibits lower MICs for gentimicin, tetracyclines and glycopeptides, increased autolysis, and a thinner cell wall when compared with the wild-type strain. Microarray and proteomic analyses show that the expression of cell-wall-associated genes glmS and murZ are lower, and the expression of heat shock and stress-related genes (hrcA, ctsR, dnaK, dnaJ, grpE, clpB, and clpC) are higher in the sav1322 mutant when compared with the wild-type strain. In addition, the sav1322 mutant displays altered expression of proteins involved in carbohydrate/energy metabolism, cell wall metabolism, and stress or heat shock response, as well as other metabolic processes including lipid metabolism, amino acid biosynthesis, purine or pyrimidine metabolism, transcription, and protein biosynthesis. The S. aureus SAV1322 locus plays a pronounced role in temperature adaptation, antibiotic resistance, and virulence by regulating a wide range of genes and proteins involved in metabolism and stress tolerance.",Bacillus subtilis,temperature,,
27148221,10.3389/fmicb.2016.00533,PMC4835898,oa,2016,Frontiers in microbiology,Tyrosine 601 of Bacillus subtilis DnaK Undergoes Phosphorylation and Is Crucial for Chaperone Activity and Heat Shock Survival.,"In order to screen for cellular substrates of the Bacillus subtilis BY-kinase PtkA, and its cognate phosphotyrosine-protein phosphatase PtpZ, we performed a triple Stable Isotope Labeling by Amino acids in Cell culture-based quantitative phosphoproteome analysis. Detected tyrosine phosphorylation sites for which the phosphorylation level decreased in the ΔptkA strain and increased in the ΔptpZ strain, compared to the wild type (WT), were considered as potential substrates of PtkA/PtpZ. One of those sites was the residue tyrosine 601 of the molecular chaperone DnaK. We confirmed that DnaK is a substrate of PtkA and PtpZ by in vitro phosphorylation and dephosphorylation assays. In vitro, DnaK Y601F mutant exhibited impaired interaction with its co-chaperones DnaJ and GrpE, along with diminished capacity to hydrolyze ATP and assist the re-folding of denatured proteins. In vivo, loss of DnaK phosphorylation in the mutant strain dnaK Y601F, or in the strain overexpressing the phosphatase PtpZ, led to diminished survival upon heat shock, consistent with the in vitro results. The decreased survival of the mutant dnaK Y601F at an elevated temperature could be rescued by complementing with the WT dnaK allele expressed ectopically. We concluded that the residue tyrosine 601 of DnaK can be phosphorylated and dephosphorylated by PtkA and PtpZ, respectively. Furthermore, Y601 is important for DnaK chaperone activity and heat shock survival of B. subtilis.",Bacillus subtilis,temperature,,
26758987,10.1017/S0007114515005127,,no_pmc,2016,The British journal of nutrition,"Effects of chromium-enriched Bacillus subtilis KT260179 supplementation on growth performance, caecal microbiology, tissue chromium level, insulin receptor expression and plasma biochemical profile of mice under heat stress.","The aim of this study was to investigate the effect of providing supplementary Cr-enriched Bacillus subtilis (CEBS) to mice with regard to their growth performance, caecal microbiology, tissue Cr concentration, insulin receptor (IR) expression and plasma biochemical profile. A total of ninety-six Kunming strain mice were allocated to four different groups: control, CEBS, inorganic Cr and B. subtilis. After 15 d of treatment, mice that received CEBS or normal B. subtilis had higher body weights than control mice, and after 30 d mice given either CEBS or B. subtilis had greater body weights than control mice or those given inorganic Cr. The concentration of Cr in tissues (heart, liver, spleen, kidney and skeletal muscle) increased after CEBS supplementation. B. subtilis and CEBS supplementation caused a significant increase in the numbers of Lactobacillus and Bifidobacterium in the caecum, whereas the numbers of Escherichia coli and Staphylococcus decreased significantly compared with the control. The levels of IR RNA and protein in skeletal muscles increased significantly. Plasma glucose, total cholesterol, TAG and LDL-cholesterol levels declined significantly in the CEBS group compared with the control group, whereas plasma insulin and HDL-cholesterol levels increased significantly. In conclusion, CEBS supplementation enhanced the regulation of body growth, increased tissue organic Cr concentrations, altered caecal microbiota and enhanced IR expression to produce significant changes in plasma biochemistry.",Bacillus subtilis,temperature,,
26185111,10.1002/mbo3.277,PMC4618609,oa,2015,MicrobiologyOpen,"The differential effects of heat-shocking on the viability of spores from Bacillus anthracis, Bacillus subtilis, and Clostridium sporogenes after treatment with peracetic acid- and glutaraldehyde-based disinfectants.","This study investigated (1) the susceptibility of Bacillus anthracis (Ames strain), Bacillus subtilis (ATCC 19659), and Clostridium sporogenes (ATCC 3584) spores to commercially available peracetic acid (PAA)- and glutaraldehyde (GA)-based disinfectants, (2) the effects that heat-shocking spores after treatment with these disinfectants has on spore recovery, and (3) the timing of heat-shocking after disinfectant treatment that promotes the optimal recovery of spores deposited on carriers. Suspension tests were used to obtain inactivation kinetics for the disinfectants against three spore types. The effects of heat-shocking spores after disinfectant treatment were also determined. Generalized linear mixed models were used to estimate 6-log reduction times for each spore type, disinfectant, and heat treatment combination. Reduction times were compared statistically using the delta method. Carrier tests were performed according to AOAC Official Method 966.04 and a modified version that employed immediate heat-shocking after disinfectant treatment. Carrier test results were analyzed using Fisher's exact test. PAA-based disinfectants had significantly shorter 6-log reduction times than the GA-based disinfectant. Heat-shocking B. anthracis spores after PAA treatment resulted in significantly shorter 6-log reduction times. Conversely, heat-shocking B. subtilis spores after PAA treatment resulted in significantly longer 6-log reduction times. Significant interactions were also observed between spore type, disinfectant, and heat treatment combinations. Immediately heat-shocking spore carriers after disinfectant treatment produced greater spore recovery. Sporicidal activities of disinfectants were not consistent across spore species. The effects of heat-shocking spores after disinfectant treatment were dependent on both disinfectant and spore species. Caution must be used when extrapolating sporicidal data of disinfectants from one spore species to another. Heat-shocking provides a more accurate picture of spore survival for only some disinfectant/spore combinations. Collaborative studies should be conducted to further examine a revision of AOAC Official Method 966.04 relative to heat-shocking.",Bacillus subtilis,temperature,,
26091955,10.1016/j.ecoenv.2015.06.010,,no_pmc,2015,Ecotoxicology and environmental safety,"Production and characterization of a thermostable bioflocculant from Bacillus subtilis F9, isolated from wastewater sludge.","A bacterium isolated from wastewater sludge, identified as Bacillus subtilis F9, was confirmed to produce bioflocculant with excellent flocculation activity. The effects of culture conditions such as initial pH, temperature, carbon source, nitrogen source, and inoculum size on bioflocculant production were studied here. The results indicated that 2.32g/L of purified bioflocculant could be extracted with the following optimized conditions: 20gL(-1) sucrose as the carbon source, 3.5gL(-1) peptone as the nitrogen source, an initial pH of 7.0, and a temperature of 40°C. The purified bioflocculant consisted of 10.1% protein and 88.3% sugar, including 38.4% neutral sugar, 2.86% uronic acid, and 2.1% amino sugar. The neutral sugar consisted of sucrose, glucose, lactose, galactose, and mannose at a molar ratio of 2.7:4.7:3.2:9.1:0.8. Elemental analysis of the purified bioflocculant revealed that the weight fractions of carbon, hydrogen, oxygen, nitrogen, and sulfur were 30.8%, 5.3%, 54.7%, 6.4%, and 2.9%, respectively. Furthermore, the purified bioflocculant was pH tolerant within the range of 2-8 and thermotolerant from 10°C to 100°C, with optimal activity at pH 7.0 and at a temperature of 40°C. The purified bioflocculant showed industrial potential for the treatment of drinking water. Considering these properties, especially its low molecular weight (5.3×10(4)Da), this bioflocculant with excellent solubility and favorable flocculation activity is particularly suited for flocculating small particles.",Bacillus subtilis,temperature,,
25545317,10.1016/j.yrtph.2014.12.014,,no_pmc,2015,Regulatory toxicology and pharmacology : RTP,"Purification, characterization and safety assessment of the introduced cold shock protein B in DroughtGard maize.","DroughtGard maize was developed through constitutive expression of cold shock protein B (CSPB) from Bacillus subtilis to improve performance of maize (Zea mays) under water-limited conditions. B. subtilis commonly occurs in fermented foods and CSPB has a history of safe use. Safety studies were performed to further evaluate safety of CSPB introduced into maize. CSPB was compared to proteins found in current allergen and protein toxin databases and there are no sequence similarities between CSPB and known allergens or toxins. In order to validate the use of Escherichia coli-derived CSPB in other safety studies, physicochemical and functional characterization confirmed that the CSPB produced by DroughtGard possesses comparable molecular weight, immunoreactivity, and functional activity to CSPB produced from E. coli and that neither is glycosylated. CSPB was completely digested with sequential exposure to pepsin and pancreatin for 2 min and 30 s, respectively, suggesting that CSPB will be degraded in the mammalian digestive tract and would not be expected to be allergenic. Mice orally dosed with CSPB at 2160 mg/kg, followed by analysis of body weight gains, food consumption and clinical observations, showed no discernible adverse effects. This comprehensive safety assessment indicated that the CSPB protein from DroughtGard is safe for food and feed consumption.",Bacillus subtilis,temperature,,
25393291,10.1371/journal.pone.0112590,PMC4231035,oa,2014,PloS one,NAD(P)H-hydrate dehydratase- a metabolic repair enzyme and its role in Bacillus subtilis stress adaptation.,"One of the strategies for survival stress conditions in bacteria is a regulatory adaptive system called general stress response (GSR), which is dependent on the SigB transcription factor in Bacillus sp. The GSR is one of the largest regulon in Bacillus sp., including about 100 genes; however, most of the genes that show changes in expression during various stresses have not yet been characterized or assigned a biochemical function for the encoded proteins. Previously, we characterized the Bacillus subtilis168 osmosensitive mutant, defective in the yxkO gene (encoding a putative ribokinase), which was recently assigned in vitro as an ADP/ATP-dependent NAD(P)H-hydrate dehydratase and was demonstrated to belong to the SigB operon. We show the impact of YxkO on the activity of SigB-dependent Pctc promoter and adaptation to osmotic and ethanol stress and potassium limitation respectively. Using a 2DE approach, we compare the proteomes of WT and mutant strains grown under conditions of osmotic and ethanol stress. Both stresses led to changes in the protein level of enzymes that are involved in motility (flagellin), citrate cycle (isocitrate dehydrogenase, malate dehydrogenase), glycolysis (phosphoglycerate kinase), and decomposition of Amadori products (fructosamine-6-phosphate deglycase). Glutamine synthetase revealed a different pattern after osmotic stress. The patterns of enzymes for branched amino acid metabolism and cell wall synthesis (L-alanine dehydrogenase, aspartate-semialdehyde dehydrogenase, ketol-acid reductoisomerase) were altered after ethanol stress. We performed the first characterization of a Bacillus subtilis168 knock-out mutant in the yxkO gene that encodes a metabolite repair enzyme. We show that such enzymes could play a significant role in the survival of stressed cells.",Bacillus subtilis,temperature,,
25175069,10.1021/jf5019609,,no_pmc,2014,Journal of agricultural and food chemistry,Compositional equivalence of grain from multi-trait drought-tolerant maize hybrids to a conventional comparator: univariate and multivariate assessments.,"MON 87460 (D1) maize contains a gene that expresses the cold shock protein B (CSPB) from Bacillus subtilis to confer a yield advantage when yield is limited by water availability. This study evaluated the composition of grain from the D1-containing combined-trait maize hybrids D1 × NK603, D1 × MON 89034 × NK603, and D1 × MON 89034 × MON 88017. These stacks offer a combination of insect protection and herbicide tolerance traits. These hybrids were grown under well-watered and water-limited conditions at three replicated field sites across Chile during the 2006-2007 growing season. Compositional analyses included measurement of proximates, fibers, total amino acids, fatty acids, minerals, vitamins, raffinose, phytic acid, p-coumaric acid, and ferulic acid. The statistical analyses included an evaluation of the applicability of multiblock principal component analysis (MB-PCA) and ANOVA-simultaneous component analysis (ASCA) to studies when more than one experimental factor will contribute to compositional variability. Results from these multivariate procedures highlighted that water treatment was the greatest contributor to compositional variability and, as expected, confirmed that the grain of combined-trait drought-tolerant hybrids was compositionally equivalent to that of conventional comparators as established by traditional statistical significance testing.",Bacillus subtilis,temperature,,
25168843,10.1016/j.ijbiomac.2014.08.023,,no_pmc,2015,International journal of biological macromolecules,Gene cloning and characterization of a thermostable organic-tolerant α-amylase from Bacillus subtilis DR8806.,"The gene encoding an extracellular α-amylase from Bacillus subtilis DR8806 was cloned into pET28a(+) vector and expressed in Escherichia coli BL21 (DE3). The recombinant enzyme with molecular mass of 76 kDa exhibited optimal activity at pH 5.0 and 70 °C with high stability in pH and temperature ranges of 4.0-9.0 and 45-75 °C. The enzyme showed a half-life of 125 min at 70 °C. The α-amylase activity enhanced in the presence of Na(+), K(+), and Ca(2+) ions, while Zn(2+), Pb(2+), and Hg(2+) ions inhibited the activity. The recombinant α-amylase exhibited high stability towards ioninc detergents sodium dodecyl sulfate (SDS) and cetyl trimethylammonium bromide (CTAB). Organic solvents in reaction media increased the α-amylase activity. TLC analysis showed that maltoriose and maltose were the major end products of enzymatic starch hydrolysis. Presenting various properties of recombinant α-amylase makes it well suited as a potential candidate for industrial usages.",Bacillus subtilis,temperature,,
25012968,10.1099/mic.0.079665-0,,no_pmc,2014,"Microbiology (Reading, England)",Plant-derived compatible solutes proline betaine and betonicine confer enhanced osmotic and temperature stress tolerance to Bacillus subtilis.,"L-Proline is a widely used compatible solute and is employed by Bacillus subtilis, through both synthesis and uptake, as an osmostress protectant. Here, we assessed the stress-protective potential of the plant-derived L-proline derivatives N-methyl-L-proline, L-proline betaine (stachydrine), trans-4-L-hydroxproline and trans-4-hydroxy-L-proline betaine (betonicine) for cells challenged by high salinity or extremes in growth temperature. l-Proline betaine and betonicine conferred salt stress protection, but trans-4-L-hydroxyproline and N-methyl-L-proline was unable to do so. Except for L-proline, none of these compounds served as a nutrient for B. subtilis. L-Proline betaine was a considerably better osmostress protectant than betonicine, and its import strongly reduced the l-proline pool produced by B. subtilis under osmotic stress conditions, whereas a supply of betonicine affected the L-proline pool only modestly. Both compounds downregulated the transcription of the osmotically inducible opuA operon, albeit to different extents. Mutant studies revealed that L-proline betaine was taken up via the ATP-binding cassette transporters OpuA and OpuC, and the betaine-choline-carnitine-transporter-type carrier OpuD; betonicine was imported only through OpuA and OpuC. L-Proline betaine and betonicine also served as temperature stress protectants. A striking difference between these chemically closely related compounds was observed: L-proline betaine was an excellent cold stress protectant, but did not provide heat stress protection, whereas the reverse was true for betonicine. Both compounds were primarily imported in temperature-challenged cells via the high-capacity OpuA transporter. We developed an in silico model for the OpuAC-betonicine complex based on the crystal structure of the OpuAC solute receptor complexed with L-proline betaine.",Bacillus subtilis,temperature,,
24979660,10.1371/journal.pone.0100929,PMC4076270,oa,2014,PloS one,Beneficial effects of dietary probiotics mixture on hemato-immunology and cell apoptosis of Labeo rohita fingerlings reared at higher water temperatures.,"Probiotics play an important role in growth increment, immune enhancement and stress mitigation in fish. Increasing temperature is a major concern in present aquaculture practices as it markedly deteriorates the health condition and reduces the growth in fish. In order to explore the possibilities of using probiotics as a counter measure for temperature associated problems, a 30 days feeding trial was conducted to study the hemato-immunological and apoptosis response of Labeo rohita (8.3±0.4 g) reared at different water temperatures, fed with or without dietary supplementation of a probiotic mixture (PM) consisting of Bacillus subtilis, Lactococcus lactis and Saccharomyces cerevisiae) (1011 cfu kg(-1)). Three hundred and sixty fish were randomly distributed into eight treatment groups in triplicates, namely, T1(28°C+BF(Basal feed)+PM), T2(31°C+BF+PM), T3(34°C+BF+PM), T4(37°C+BF+PM), T5(28°C+BF), T6(31°C+BF), T7(34°C+BF) and T8(37°C+BF). A significant increase (P<0.01) in weight gain percentage was observed in the probiotic fed fish even when reared at higher water temperature (34-37°C). Respiratory burst assay, blood glucose, erythrocyte count, total serum protein, albumin, alkaline phosphatase and acid phosphatase were significantly higher (P<0.01) in the probiotic fed groups compared to the non-probiotic fed groups. A significant (P<0.01) effect of rearing temperature and dietary probiotic mixture on serum myeloperoxidase activity, HSP70 level and immunoglobulin production was observed. Degree of apoptosis in different tissues was also significantly reduced in probiotic-supplemented groups. Hence, the present results show that a dietary PM could be beneficial in enhancing the immune status of the fish and also help in combating the stress caused to the organism by higher rearing water temperature.",Bacillus subtilis,temperature,,
24878497,10.1074/mcp.M113.035741,PMC4159648,pmc_not_oa,2014,Molecular & cellular proteomics : MCP,Highly precise quantification of protein molecules per cell during stress and starvation responses in Bacillus subtilis.,"Systems biology based on high quality absolute quantification data, which are mandatory for the simulation of biological processes, successively becomes important for life sciences. We provide protein concentrations on the level of molecules per cell for more than 700 cytosolic proteins of the Gram-positive model bacterium Bacillus subtilis during adaptation to changing growth conditions. As glucose starvation and heat stress are typical challenges in B. subtilis' natural environment and induce both, specific and general stress and starvation proteins, these conditions were selected as models for starvation and stress responses. Analyzing samples from numerous time points along the bacterial growth curve yielded reliable and physiologically relevant data suitable for modeling of cellular regulation under altered growth conditions. The analysis of the adaptational processes based on protein molecules per cell revealed stress-specific modulation of general adaptive responses in terms of protein amount and proteome composition. Furthermore, analysis of protein repartition during glucose starvation showed that biomass seems to be redistributed from proteins involved in amino acid biosynthesis to enzymes of the central carbon metabolism. In contrast, during heat stress most resources of the cell, namely those from amino acid synthetic pathways, are used to increase the amount of chaperones and proteases. Analysis of dynamical aspects of protein synthesis during heat stress adaptation revealed, that these proteins make up almost 30% of the protein mass accumulated during early phases of this stress.",Bacillus subtilis,temperature,,
24683320,10.1155/2014/202659,PMC3933552,oa,2014,TheScientificWorldJournal,Exploration on bioflocculation of Nannochloropsis oculata using response surface methodology for biodiesel production.,"Harvesting of algal biomass in biodiesel production involves high energy input and cost incurred process. In order to overcome these problems, bioflocculation process was employed and the efficiency of this process was further improved by the addition of a cationic inducer. In this work marine Bacillus subtilis was used for bioflocculation of Nannochloropsis oculata and ZnCl2 as cationic inducer. This study worked under the principle of divalent cationic bridging (DCB) theory. Under temperature stress and high pH, the bacterium produced exopolysaccharide that bound with microalga Nannochloropsis oculata and flocculated them. A maximum efficiency of 95.43% was observed with the optimised RSM parameters-temperature 30.78°C, pH 10.8, flocculation time 6.7 h, bioflocculant size 0.38 mL, and cationic inducer concentration 0.035 mM. The present investigation focused on the cost effective harvesting of microalga on a larger scale for biodiesel production than using toxic, ecofriendly chemical flocculants.",Bacillus subtilis,temperature,,
24604851,10.3382/ps.2013-03455,,no_pmc,2014,Poultry science,"Effect of a probiotic mixture on intestinal microflora, morphology, and barrier integrity of broilers subjected to heat stress.","The current study investigated the efficacy of a probiotic mixture on ameliorating heat stress-induced impairment of intestinal microflora, morphology, and barrier integrity in broilers. The probiotic mixture contained Bacillus licheniformis, Bacillus subtilis, and Lactobacillus plantarum. Three hundred sixty 21-d-old Ross 308 male broilers were allocated in 4 experimental treatments, each of which was replicated 6 times with 15 broilers per replicate. A 2 × 2 factorial design was used in the study, and the main factors were composed of diet (basal diet or addition of 1.5 g/kg of probiotic mixture) and temperature (thermoneutral zone or heat stress). From d 22 to 42, birds were either raised in a thermoneutral zone (22°C) or subjected to cyclic heat stress by exposing them to 33°C for 10 h (from 0800 to 1800) and 22°C from 1800 to 0800. Compared with birds kept in the thermoneutral zone, birds subjected to heat stress had reduced ADG and ADFI; lower viable counts of Lactobacillus and Bifidobacterium and increased viable counts of coliforms and Clostridium in small intestinal contents; shorter jejunal villus height, deeper crypt depth, and lower ratio of villus height to crypt depth; decreased jejunal transepithelial electrical resistance and a higher level of jejunal paracellular permeability of fluorescein isothiocyanate dextran 4 kDa; and downregulated protein levels of occludin and zonula occludens-1 (P < 0.05). Supplemental probiotics increased (P < 0.05) small intestinal Lactobacillus and Bifidobacterium, jejunal villus height, protein level of occludin, and decreased (P < 0.05) feed to gain ratio and small intestinal coliforms. These results indicate that dietary addition of probiotic mixture was effective in partially ameliorating intestinal barrier function. But no temperature × diet interaction was observed in the present study, revealing that the supplemented probiotics had the same effect at both temperatures.",Bacillus subtilis,temperature,,
24584255,10.1128/AEM.04178-13,PMC4018897,pmc_not_oa,2014,Applied and environmental microbiology,Adaptation of the wine bacterium Oenococcus oeni to ethanol stress: role of the small heat shock protein Lo18 in membrane integrity.,"Malolactic fermentation in wine is often carried out by Oenococcus oeni. Wine is a stressful environment for bacteria because ethanol is a toxic compound that impairs the integrity of bacterial membranes. The small heat shock protein (sHsp) Lo18 is an essential actor of the stress response in O. oeni. Lo18 prevents the thermal aggregation of proteins and plays a crucial role in membrane quality control. Here, we investigated the interaction between Lo18 and four types of liposomes: one was prepared from O. oeni grown under optimal growth conditions (here, control liposomes), one was prepared from O. oeni grown in the presence of 8% ethanol (here, ethanol liposomes), one was prepared from synthetic phospholipids, and one was prepared from phospholipids from Bacillus subtilis or Lactococcus lactis. We observed the strongest interaction between Lo18 and control liposomes. The lipid binding activity of Lo18 required the dissociation of oligomeric structures into dimers. Protein protection experiments carried out in the presence of the liposomes from O. oeni suggested that Lo18 had a higher affinity for control liposomes than for a model protein. In anisotropy experiments, we mimicked ethanol action by temperature-dependent fluidization of the liposomes. Results suggest that the principal determinant of Lo18-membrane interaction is lipid bilayer phase behavior rather than phospholipid composition. We suggest a model to describe the ethanol adaptation of O. oeni. This model highlights the dual role of Lo18 in the protection of proteins from aggregation and membrane stabilization and suggests how modifications of phospholipid content may be a key factor determining the balance between these two functions.",Bacillus subtilis,temperature,,
27275408,10.1016/j.atg.2013.10.001,PMC4881820,oa,2014,Applied & translational genomics,Cloning and expression of dnaK gene from Bacillus pumilus of hot water spring origin.,"A set of thermotolerant strains isolated from hot springs of Manikaran and Bakreshwar (India) were selected with an aim to isolate dnak gene which encodes DnaK protein. The gene dnaK along with its flanking region was successfully amplified from 5 different strains (4 from Bakreshwar and one from Manikaran). Restriction fragment length polymorphism (RFLP) revealed that amplicons were almost identical in sequence. The dnak gene from one representative, Bacillus pumilus strain B3 isolated from Bakreshwar hot springs was successfully cloned and sequenced. The dnaK gene was flanked by gene grpE on one side. The dnaK gene was 1842 bp in length encoding a polypeptide of 613 amino acid residues. Calculated molecular weight and pI of the protein were 66,128.36 Da and 4.72 respectively. The deduced amino acid sequence of this gene shared high sequence homology with other DnaK proteins and its homologue Hsp 70 from other microorganisms, but possessed 36 substitutions and two insertions, as compared to DnaK protein of Bacillus subtilis. The dnaK gene of B. pumilus was successfully expressed in Escherichia coli BL 21 (DE3) using pET expression systems. Heterologous expression of dnaK of B. pumilus in E. coli BL 21 (DE3) allowed for the growth of E. coli up to 50 °C and survival up to 60 °C for 16 h, suggesting that dnak from B. pumilus imparts tolerance to host cells under high temperature. This novel gene can be an important component for possible utilization in abiotic stress management of plants.",Bacillus subtilis,temperature,,
24561588,10.1128/AEM.00078-14,PMC3993278,pmc_not_oa,2014,Applied and environmental microbiology,Dimethylglycine provides salt and temperature stress protection to Bacillus subtilis.,"Glycine betaine is a potent osmotic and thermal stress protectant of many microorganisms. Its synthesis from glycine results in the formation of the intermediates monomethylglycine (sarcosine) and dimethylglycine (DMG), and these compounds are also produced when it is catabolized. Bacillus subtilis does not produce sarcosine or DMG, and it cannot metabolize these compounds. Here we have studied the potential of sarcosine and DMG to protect B. subtilis against osmotic, heat, and cold stress. Sarcosine, a compatible solute that possesses considerable protein-stabilizing properties, did not serve as a stress protectant of B. subtilis. DMG, on the other hand, proved to be only moderately effective as an osmotic stress protectant, but it exhibited good heat stress-relieving and excellent cold stress-relieving properties. DMG is imported into B. subtilis cells primarily under osmotic and temperature stress conditions via OpuA, a member of the ABC family of transporters. Ligand-binding studies with the extracellular solute receptor (OpuAC) of the OpuA system showed that OpuAC possesses a moderate affinity for DMG, with a Kd value of approximate 172 μM; its Kd for glycine betaine is about 26 μM. Docking studies using the crystal structures of the OpuAC protein with the sulfur analog of DMG, dimethylsulfonioacetate, as a template suggest a model of how the DMG molecule can be stably accommodated within the aromatic cage of the OpuAC ligand-binding pocket. Collectively, our data show that the ability to acquire DMG from exogenous sources under stressful environmental conditions helps the B. subtilis cell to cope with growth-restricting osmotic and temperature challenges.",Bacillus subtilis,temperature,,
24417481,10.1111/mmi.12521,,no_pmc,2014,Molecular microbiology,The role of thiol oxidative stress response in heat-induced protein aggregate formation during thermotolerance in Bacillus subtilis.,"Using Bacillus subtilis as a model organism, we investigated thermotolerance development by analysing cell survival and in vivo protein aggregate formation in severely heat-shocked cells primed by a mild heat shock. We observed an increased survival during severe heat stress, accompanied by a strong reduction of heat-induced cellular protein aggregates in cells lacking the ClpXP protease. We could demonstrate that the transcription factor Spx, a regulatory substrate of ClpXP, is critical for the prevention of protein aggregate formation because its regulon encodes redox chaperones, such as thioredoxin, required for protection against thiol-specific oxidative stress. Consequently B. subtilis cells grown in the absence of oxygen were more protected against severe heat shock and much less protein aggregates were detected compared to aerobically grown cells. The presented results indicate that in B. subtilis Spx and its regulon plays not only an important role for oxidative but also for heat stress response and thermotolerance development. In addition, our experiments suggest that the protection of misfolded proteins from thiol oxidation during heat shock can be critical for the prevention of cellular protein aggregation in vivo.",Bacillus subtilis,temperature,,
24263382,10.1074/mcp.M113.032292,PMC3916652,pmc_not_oa,2014,Molecular & cellular proteomics : MCP,Quantitative phosphoproteomics reveals the role of protein arginine phosphorylation in the bacterial stress response.,"Arginine phosphorylation is an emerging protein modification implicated in the general stress response of Gram-positive bacteria. The modification is mediated by the arginine kinase McsB, which phosphorylates and inactivates the heat shock repressor CtsR. In this study, we developed a mass spectrometric approach accounting for the peculiar chemical properties of phosphoarginine. The improved methodology was used to analyze the dynamic changes in the Bacillus subtilis arginine phosphoproteome in response to different stress situations. Quantitative analysis showed that a B. subtilis mutant lacking the YwlE arginine phosphatase accumulated a strikingly large number of arginine phosphorylations (217 sites in 134 proteins), however only a minor fraction of these sites was increasingly modified during heat shock or oxidative stress. The main targets of McsB-mediated arginine phosphorylation comprise central factors of the stress response system including the CtsR and HrcA heat shock repressors, as well as major components of the protein quality control system such as the ClpCP protease and the GroEL chaperonine. These findings highlight the impact of arginine phosphorylation in orchestrating the bacterial stress response.",Bacillus subtilis,temperature,,
24206360,10.1139/cjm-2013-0266,,no_pmc,2013,Canadian journal of microbiology,Stress resistance of Escherichia coli and Bacillus subtilis is modulated by auxins.,"Two bacterial species, Gram-negative Escherichia coli and Gram-positive Bacillus subtilis, were exposed to different auxins to examine possible effects of these substances on bacterial stress tolerance. Bacterial resistance to UV irradiation, heat shock, and streptomycin was assessed with and without previous exposure to the following auxins: indole-3-acetic acid (IAA), indole-3-butyric acid (IBA), and 1-naphthalene acetic acid (NAA). Escherichia coli and B. subtilis cultures pretreated with any of the 3 auxins survived UV irradiation better than the untreated cultures. Also, B. subtilis cultures pretreated with IBA or NAA survived prolonged heat exposure better than the untreated cultures, while IAA pretreatment had no effect on heat shock survival. In contrast, auxin pretreatment rendered E. coli more sensitive to heat shock. Escherichia coli cultures pretreated with auxins were also more sensitive to streptomycin, while auxin pretreatment had no effect on sensitivity of B. subtilis to streptomycin. These results show that auxins may either enhance or reduce bacterial tolerance to different stressors, depending on the bacterial species and the type and level of the stress. Auxins usually had similar effects on the same bacterial species in cases when the same type and level of stress were applied.",Bacillus subtilis,temperature,,
24185617,10.1007/s10295-013-1355-6,,no_pmc,2014,Journal of industrial microbiology & biotechnology,Novel extremely acidic lipases produced from Bacillus species using oil substrates.,"The extremely acidophilic microorganisms Bacillus pumilus and Bacillus subtilis were isolated from soil collected from the commercial edible oil and fish oil extraction industry. Optimization of conditions for acidic lipase production from B. pumilus and B. subtilis using palm oil and fish oil, respectively, was carried out using response surface methodology. The extremely acidic lipases, thermo-tolerant acidic lipase (TAL) and acidic lipase (AL), were produced by B. pumilus and B. subtilis, respectively. The optimum conditions for B. pumilus obtaining the maximum activity (1,100 U/mL) of TAL were fermentation time, 96 h; pH, 1; temperature, 50 °C; concentration of palm oil, 50 g/L. After purification, a 7.1-fold purity of lipase with specific activity of 5,173 U/mg protein was obtained. The molecular weight of the TAL was 55 kDa. The AL from B. subtilis activity was 214 U/mL at a fermentation time of 72 h; pH, 1; temperature, 35 °C; concentration of fish oil, 30 g/L; maltose concentration, 10 g/L. After purification, an 11.4-fold purity of lipase with specific activity of 2,189 U/mg protein was obtained. The molecular weight of the extremely acidic lipase was 22 kDa. The functional groups of lipases were determined by Fourier transform-infrared (FT-IR) spectroscopy.",Bacillus subtilis,temperature,,
24125693,10.1016/j.resmic.2013.10.003,,no_pmc,2013,Research in microbiology,"The heat-inducible essential response regulator WalR positively regulates transcription of sigI, mreBH and lytE in Bacillus subtilis under heat stress.","The actin homolog MreBH governs cell morphogenesis of Bacillus subtilis through localization of the cell wall hydrolase LytE. The alternative sigma factor SigI of B. subtilis coordinately regulates transcription of mreBH and lytE. Transcription of sigI, mreBH and lytE is heat-inducible. The essential response regulator WalR (YycF) plays a key role in coordinating cell wall metabolism with cell proliferation. We now demonstrate that mreBH is a new member of the WalR regulon. We also found that WalR can positively and directly regulate sigI transcription under heat stress through a binding site located upstream of the σ(I) promoter of sigI. In addition, we found that a WalR binding site located upstream of the SigI binding site in the regulatory region of lytE is important for lytE expression under heat stress. Moreover, we found that walR is a new member of the heat shock stimulon of B. subtilis. WalR appears to coordinately and positively regulate transcription of sigI, mreBH and lytE under heat stress. Finally, our work shows for the first time that WalR can stimulate activities of σ(I) promoters under heat stress.",Bacillus subtilis,temperature,,
24001521,10.1093/jb/mvt081,,no_pmc,2014,Journal of biochemistry,"Two enzymes, TilS and HprT, can form a complex to function as a transcriptional activator for the cell division protease gene ftsH in Bacillus subtilis.","The FtsH protein is an ATP-dependent cytoplasmic membrane protease involved in the control of membrane protein quality, cell division and heat shock response in Bacillus subtilis and many other bacteria. TilS, the tRNA(Ile2) lysidine synthetase, is a tRNA-binding protein that can modify pre-tRNA(Ile2). HprT, the hypoxanthine-guanine phosphoribosyltransferase, is implicated in purine salvage. Both tilS and hprT are essential for cell viability of B. subtilis. In this report, by co-purification experiments and gel filtration analyses, we show that there is complex formation between co-expressed TilS and HprT. Electrophoretic mobility shift assays and in vitro transcription analyses demonstrated that the TilS/HprT complex functions as a specific DNA-binding protein that can stimulate ftsH transcription in vitro. Two regions located upstream of the ftsH promoter have been identified as the TilS/HprT-binding sites and shown to be required for TilS/HprT-dependent ftsH transcription in vitro and in vivo. Results from gel supershift assays support the notion that the TilS/HprT complex likely employs its distinct segments for interaction with these two distinct TilS/HprT-binding sites, respectively. In conclusion, we present the first evidence that bi-functional TilS and HprT can form a complex to function as a transcriptional activator to stimulate ftsH transcription.",Bacillus subtilis,temperature,,
23913431,10.1128/AEM.01761-13,PMC3811188,pmc_not_oa,2013,Applied and environmental microbiology,Exploring the biosynthesis of unsaturated fatty acids in Bacillus cereus ATCC 14579 and functional characterization of novel acyl-lipid desaturases.,"At low temperatures, Bacillus cereus synthesizes large amounts of unsaturated fatty acids (UFAs) with double bonds in positions Δ5 and Δ10, as well as Δ5,10 diunsaturated fatty acids. Through sequence homology searches, we identified two open reading frames (ORFs) encoding a putative Δ5 desaturase and a fatty acid acyl-lipid desaturase in the B. cereus ATCC 14579 genome, and these were named BC2983 and BC0400, respectively. Functional characterization of ORFs BC2983 and BC0400 by means of heterologous expression in Bacillus subtilis confirmed that they both encode acyl-lipid desaturases that use phospholipids as the substrates and have Δ5 and Δ10 desaturase activities. Thus, these ORFs were correspondingly named desA (Δ5 desaturase) and desB (Δ10 desaturase). We established that DesA utilizes ferredoxin and flavodoxins (Flds) as electron donors for the desaturation reaction, while DesB preferably employs Flds. In addition, increased amounts of UFAs were found when B. subtilis expressing B. cereus desaturases was subjected to a cold shock treatment, indicating that the activity or the expression of these enzymes is upregulated in response to a decrease in growth temperature. This represents the first work reporting the functional characterization of fatty acid desaturases from B. cereus.",Bacillus subtilis,temperature,,
23536843,10.1371/journal.pone.0058972,PMC3607599,oa,2013,PloS one,Live cell imaging of germination and outgrowth of individual bacillus subtilis spores; the effect of heat stress quantitatively analyzed with SporeTracker.,"Spore-forming bacteria are a special problem for the food industry as some of them are able to survive preservation processes. Bacillus spp. spores can remain in a dormant, stress resistant state for a long period of time. Vegetative cells are formed by germination of spores followed by a more extended outgrowth phase. Spore germination and outgrowth progression are often very heterogeneous and therefore, predictions of microbial stability of food products are exceedingly difficult. Mechanistic details of the cause of this heterogeneity are necessary. In order to examine spore heterogeneity we made a novel closed air-containing chamber for live imaging. This chamber was used to analyze Bacillus subtilis spore germination, outgrowth, as well as subsequent vegetative growth. Typically, we examined around 90 starting spores/cells for ≥4 hours per experiment. Image analysis with the purposely built program ""SporeTracker"" allows for automated data processing from germination to outgrowth and vegetative doubling. In order to check the efficiency of the chamber, growth and division of B. subtilis vegetative cells were monitored. The observed generation times of vegetative cells were comparable to those obtained in well-aerated shake flask cultures. The influence of a heat stress of 85°C for 10 min on germination, outgrowth, and subsequent vegetative growth was investigated in detail. Compared to control samples fewer spores germinated (41.1% less) and fewer grew out (48.4% less) after the treatment. The heat treatment had a significant influence on the average time to the start of germination (increased) and the distribution and average of the duration of germination itself (increased). However, the distribution and the mean outgrowth time and the generation time of vegetative cells, emerging from untreated and thermally injured spores, were similar.",Bacillus subtilis,temperature,,
23181595,10.1111/1574-6968.12057,,no_pmc,2013,FEMS microbiology letters,Industrial waste based compost as a source of novel cellulolytic strains and enzymes.,"Ninety bacteria isolated from raw composting materials were screened for their cellulolytic activity on solid medium containing carboxymethylcellulose. The bacteria producing the highest cellulolytic activity levels were identified by 16S rRNA sequencing as Bacillus licheniformis strain 1, Bacillus subtilis subsp. subtilis strain B7B, Bacillus subtilis subsp. spizizenii strain 6, and Bacillus amyloliquefaciens strain B31C. Cellulase activity production by the most productive strain B. amyloliquefaciens B31C was optimized in liquid culture varying the carbon source. Comparison of growth curves of B. amyloliquefaciens B31C at temperatures from 28 to 47 °C indicated its thermotolerant nature. Moreover, analysis of time courses of cellulase activity production in this thermal range showed that increase of temperature from 28 to 37 °C causes an increase of cellulase activity levels. Investigating the enzymes responsible for cellulase activity produced by B. amyloliquefaciens B31C by proteomic analyses, an endoglucanase was identified. It was shown that the purified enzyme catalyzes carboxymethylcellulose's hydrolysis following Michaelis-Menten kinetics with a K(M) of 9.95 mg ml(-1) and a v(max) of 284 μM min(-1) . It shows a retention of 90% of its activity for at least 144 h of incubation at 40 °C and exhibits a range of optimum temperatures from 50 to 70 °C.",Bacillus subtilis,temperature,,
23091365,10.1155/2012/954375,PMC3471067,oa,2012,Journal of biomedicine & biotechnology,"Cytotoxicity of bacterial metabolic products, including listeriolysin O, on leukocyte targets.","Bacterial toxins can exhibit anticancer activities. Here we investigated the anticancer effects of the listeriolysin O toxin produced by Listeria monocytogenes. We found that supernatants of Listeria monocytogenes strains (wild type, 1189, and 1190) were cytotoxic to the Jurkat cell line and human peripheral blood mononuclear cells (PBMC) in a concentration-dependent manner. The supernatant of strain 1044, not producing listeriolysin O, was inactive. The supernatants of Listeria strains were also cytotoxic toward B cells of chronic leukemia patients, with no significant differences in activities between strains. We also tested supernatants of Bacillus subtilis strains BR1-90, BR1-S, and BR1-89 producing listeriolysin O. BR1-S and BR1-89 were cytotoxic to PBMC and to Jurkat cells, the latter being more sensitive to the supernatants. BR1-90 was not hemolytic or cytotoxic to PBMC, but was cytotoxic to Jurkat cells in the concentration range of 10-30%, suggesting that listeriolysin O is selectively effective against T cells. Overall, the response of human peripheral blood mononuclear and human leukemia cell lines to bacteria supernatants containing listeriolysin O depended on the bacteria strain, target cell type, and supernatant concentration.",Bacillus subtilis,temperature,,
23042994,10.1128/JB.01258-12,PMC3510616,pmc_not_oa,2012,Journal of bacteriology,"Reexamining transcriptional regulation of the Bacillus subtilis htpX gene and the ykrK gene, encoding a novel type of transcriptional regulator, and redefining the YkrK operator.","HtpX is an integral cytoplasmic membrane metalloprotease well conserved in numerous bacteria. A recent study showed that expression of the Bacillus subtilis htpX gene is under dual negative control by Rok and a novel type of transcriptional regulator, YkrK. Here we report that expression of the B. subtilis htpX gene is strongly heat inducible. Contrary to the previous prediction, ykrK expression has been found to be not subject to autoregulation. We have identified the htpX promoter and the authentic ykrK promoter, which is also distinct from the previously predicted one. We have redefined a conserved inverted repeat sequence to be the YkrK operator, which is somewhat different from the previously proposed one. We provide evidence that YkrK is not a substrate of HtpX and that heat induction of htpX is not YkrK mediated. We have also found that the absence of FtsH or HtpX alone did not impair B. subtilis cell viability on LB agar plates at high temperature, whereas the absence of both FtsH and HtpX caused a severe growth defect under heat stress. This finding supports the notion that FtsH and HtpX may have partially overlapping functions in heat resistance. Finally, we show that htpX expression is subject to transient negative control by sigB under heat stress in a Rok- and YkrK-independent manner. Triple negative control of htpX expression at high temperature by rok, sigB, and ykrK may help cells to prevent uncontrolled and detrimental oversynthesis of the HtpX protease.",Bacillus subtilis,temperature,,
22297864,10.1007/s00384-012-1416-8,,no_pmc,2012,International journal of colorectal disease,Competence and sporulation factor derived from Bacillus subtilis improves epithelial cell injury in intestinal inflammation via immunomodulation and cytoprotection.,"Probiotics are defined as live microorganisms that, when administered in adequate amounts, confer a health benefit on the host. These probiotic effects are considered to be displayed through the mediation of effective molecules derived from these bacteria because live bacteria as well as their conditioned media exhibit beneficial effects in many cases. However, many of the probiotic-derived molecules which mediate such benefits have so far been poorly characterized. We previously found that competence and sporulation factor (CSF) activates the Akt and p38 MAPK pathways and protects epithelial cells from oxidant stress in the mammalian intestine. The purpose of this study is to determine the CSF effect on reducing intestinal inflammation. A protein array demonstrated that CSF induced the anti-inflammatory cytokine, IL-10, and decreased the release of pro-inflammatory mediators, IL-4, IL-6 and CXCL-1, induced by TNF-α in Caco2/bbe cells. CSF also induced the cytoprotective protein Hsp 27 in Caco2/bbe cells. The histological score of intestinal inflammation in 2% dextran sodium sulfate (DSS)-treated mice with the administration of 10 nM CSF was significantly lower than that of control mice. CSF also improved the survival rate of mice treated with a lethal concentration of DSS. Therefore, CSF is a potentially effective treatment for intestinal inflammation.",Bacillus subtilis,temperature,,
22174379,10.1099/mic.0.055434-0,,no_pmc,2012,"Microbiology (Reading, England)",Defining the structure of the general stress regulon of Bacillus subtilis using targeted microarray analysis and random forest classification.,"The structure of the SigB-dependent general stress regulon of Bacillus subtilis has previously been characterized by proteomics approaches as well as DNA array-based expression studies. However, comparing the SigB targets published in three previous major transcriptional profiling studies it is obvious that although each of them identified well above 100 target genes, only 67 were identified in all three studies. These substantial differences can likely be attributed to the different strains, growth conditions, microarray platforms and experimental setups used in the studies. In order to gain a better understanding of the structure of this important regulon, a targeted DNA microarray analysis covering most of the known SigB-inducing conditions was performed, and the changes in expression kinetics of 252 potential members of the SigB regulon and appropriate control genes were recorded. Transcriptional data for the B. subtilis wild-type strain 168 and its isogenic sigB mutant BSM29 were analysed using random forest, a machine learning algorithm, by incorporating the knowledge from previous studies. This analysis revealed a strictly SigB-dependent expression pattern for 166 genes following ethanol, butanol, osmotic and oxidative stress, low-temperature growth and heat shock, as well as limitation of oxygen or glucose. Kinetic analysis of the data for the wild-type strain identified 30 additional members of the SigB regulon, which were also subject to control by additional transcriptional regulators, thus displaying atypical SigB-independent induction patterns in the mutant strain under some of the conditions tested. For 19 of these 30 SigB regulon members, published reports support control by secondary regulators along with SigB. Thus, this microarray-based study assigns a total of 196 genes to the SigB-dependent general stress regulon of B. subtilis.",Bacillus subtilis,temperature,,
21948508,10.1002/bmb.20510,,no_pmc,2011,Biochemistry and molecular biology education : a bimonthly publication of the International Union of Biochemistry and Molecular Biology,Thermal regulation of membrane lipid fluidity by a two-component system in Bacillus subtilis.,"This article describes a simple and robust laboratory exercise on the regulation of membrane unsaturated fatty acid composition in bacteria by a decrease in growth temperature. We take advantage of the well characterized Des pathway of Bacillus subtilis, composed of a Δ5-desaturase (encoded by the des gene) and the canonical two-component system DesK-DesR, to study the transcriptional regulation of des during cold shock. Students analyze the expression of a reporter transcriptional fusion between the des promoter and the bacterial lacZ gene in a wild-type B. subtilis strain and in des or desK-desR mutants grown under different culture conditions. Measurements of β-galactosidase activity allow them to investigate how the Des pathway works and to assess the role of each component of this regulatory system.",Bacillus subtilis,temperature,,
21704848,10.1016/B978-0-12-374912-3.00016-X,,no_pmc,2011,Methods in cell biology,The use of hollow fiber membranes combined with cytometry in analysis of bacteriological samples.,"To avoid destruction of the implanted biological material it may be separated from host immunological system by enclosure within a permiselective membrane. Two-directional diffusion through the membrane of nutrients, metabolic products, as well as bioactive products of encapsulated cells is required to ensure their survival and functional activities. The system of cells encapsulated within the membrane releasing the biologically active substance may be applied either locally to give an opportunity of therapeutic agent activity in the specified place and/or at some convenient site (tissue) for a prolonged period of time.The novel system of bacteria bio-encapsulation using modified membranes, and its assessment by flow cytometry is described and discussed. The encapsulated in membrane bacteria, functioning and releasing their products were evaluated in the systems in vitro and in vivo. The bacteria cells products impact on Eukariotic cells was evaluated. The cytometric evaluation demonstrates the membrane ability to avoid the release of bacteria enclosed within the membrane wall. In experiments with treatment of the bacteria with antibiotic to release products from damaged bacteria it was possible to distinguish stages of the applied antibiotic impact on encapsulated bacteria cells. In E. coli following stages were distinguished: induction of membrane permeability to PI, activation of proteases targeting GFP (protein) and subsequent nucleic acids degradation. In the another experiment the evidence was presented of the cytotoxic activity of live Bacillus subtilis encapsulated within the membrane system. The Bacilus products mediated by secreted listeriolysin O (LLO) on the chosen eukaryotic cells was evaluated. Similar systems releasing bacterial products locally and continuously may selectively affect different types of cells and may have possible application in the anticancer treatment at localized sites.",Bacillus subtilis,temperature,,
21544555,10.1007/s12010-011-9246-7,,no_pmc,2011,Applied biochemistry and biotechnology,"Growth inhibition and induction of stress protein, GroEL, of Bacillus cereus exposed to antibacterial peptide isolated from Bacillus subtilis SC-8.","This study was conducted to investigate the antibacterial effect of BSAP-254 on Bacillus cereus with the induced stress proteins. The BSAP-254 is an antimicrobial peptide isolated from soybean-fermenting bacteria, Bacillus subtilis SC-8. It had a narrow spectrum of activity against B. cereus group. The growth inhibitory effect of BSAP-254 (50 μg/mL) reduced the population of B. cereus from >10(8) to 10(4) colony-forming units per milliliter within 30 min. In B. cereus exposed to BSAP-254, 14 intracellular proteins were differentially expressed as determined by 2-DE coupled with MS. Of the differentially expressed proteins identified, the stress protein GroEL, which is heat shock protein, was induced in B. cereus exposed to antibacterial peptide.",Bacillus subtilis,temperature,,
21541672,10.1007/s00203-011-0710-0,,no_pmc,2011,Archives of microbiology,Genetic evidence for involvement of the alternative sigma factor SigI in controlling expression of the cell wall hydrolase gene lytE and contribution of LytE to heat survival of Bacillus subtilis.,"The Bacillus subtilis cell wall hydrolase LytE is involved in cell wall turnover and cell separation during vegetative growth. lytE transcription is known to be driven by a YycF-activated SigA-dependent promoter. The cell wall regulator SigI is an alternative sigma factor that has been shown to be heat stress-inducible and to be essential for survival of B. subtilis at high temperature. However, none of the previously identified target genes of SigI contribute to heat resistance. We now demonstrate that lytE expression is heat-inducible and that heat induction of lytE expression is strongly dependent on SigI. We have also found that the lytE mutant shows the same growth defect at high temperature as the sigI mutant. Introducing an extra copy of lytE into the sigI mutant could rescue its growth defect. Our data strongly suggest that SigI-dependent lytE expression under heat stress is important for heat survival of B. subtilis.",Bacillus subtilis,temperature,,
21315977,10.1016/j.fm.2010.06.011,,no_pmc,2011,Food microbiology,Challenges and advances in systems biology analysis of Bacillus spore physiology; molecular differences between an extreme heat resistant spore forming Bacillus subtilis food isolate and a laboratory strain.,"Bacterial spore formers are prime organisms of concern in the food industry. Spores from the genus Bacillus are extremely stress resistant, most notably exemplified by high thermotolerance. This sometimes allows surviving spores to germinate and grow out to vegetative cells causing food spoilage and possible intoxication. Similar issues though more pending toward spore toxigenicity are observed for the anaerobic Clostridia. The paper indicates the nature of stress resistance and highlights contemporary molecular approaches to analyze the mechanistic basis of it in Bacilli. A molecular comparison between a laboratory strain and a food borne isolate, very similar at the genomic level to the laboratory strain but generating extremely heat resistant spores, is discussed. The approaches cover genome-wide genotyping, proteomics and genome-wide expression analyses studies. The analyses aim at gathering sufficient molecular information to be able to put together an initial framework for dynamic modelling of spore germination and outgrowth behaviour. Such emerging models should be developed both at the population and at the single spore level. Tools and challenges in achieving the latter are succinctly discussed.",Bacillus subtilis,temperature,,
21120723,10.1007/978-1-4419-7185-2_9,,no_pmc,2011,Advances in experimental medicine and biology,Moraxella catarrhalis - pathogen or commensal?,"Moraxella catarrhalis is an exclusively human commensal and mucosal pathogen. Its role as a disease-causing organism has long been questioned. Today, it is recognized as one of the major causes of acute otitis media in children, and its relative frequency of isolation from both the nasopharynx and the middle ear cavity has increased since the introduction of the heptavalent pneumococcal conjugate vaccine, which is associated with a shift in the composition of the nasopharyngeal flora in infants and young children. Although otitis media caused by M. catarrhalis is generally believed to be mild in comparison with pneumococcal disease, numerous putative virulence factors have now been identified and it has been shown that several surface components of M. catarrhalis induce mucosal inflammation. In adults with chronic obstructive pulmonary disease (COPD), M. catarrhalis is now a well-established trigger of approximately 10% of acute inflammatory exacerbations.Although the so-called cold shock response is a well-described bacterial stress response in species such as Escherichia coli, Bacillus subtilis or - more recently - Staphylococcus aureus, M. catarrhalis is the only typical nasopharyngeal pathogen in which this response has been investigated. Indeed, a 3-h 26°C cold shock, which may occur physiologically, when humans inspire cold air for prolonged periods of time, increases epithelial cell adherence and enhances proinflammatory host responses and may thus contribute to the symptoms referred to as common cold, which typically are attributed to viral infections.",Bacillus subtilis,temperature,,
26190117,10.1007/s12328-010-0154-0,,no_pmc,2010,Clinical journal of gastroenterology,Novel perspectives in probiotic treatment: the efficacy and unveiled mechanisms of the physiological functions.,"Probiotics are defined as ""live microorganisms which confer a health benefit on the host"" when administered in adequate amounts, and have potential effects for maintaining intestinal development, nutrition, and treating intestinal inflammations, functional disorders, and other extra-intestinal diseases. Although the benefits of probiotics for human health were first noted over 100 years ago, the analysis of probiotic functions began in earnest only 20 years ago. Probiotics, such as some strains of Lactobacillus, Bifidobacterium, Escherichia coli, and Bacillus subtilis, inhibit the growth of pathogenic bacteria, induce competitive effects for the adherent of pathogenic bacteria and their toxins to intestinal epithelia, induce cytoprotective heat shock proteins, enhance the intestinal barrier function, and modulate the host immune responses. The crosstalk between the host and the probiotics appears to be mediated by bacteria-derived effectors, which can be sensed with multiple systems, including the Toll-like receptors and cell membrane transporters. Future analyses will identify more probiotic-derived effectors, the recognition mechanisms of these effectors, and the subsequent changes of the intestinal epithelia and immune cells for each probiotic treatment. For clinical use, a procedure that objectively evaluates the ability of each probiotic effect will help establish a standard for choosing the most valuable strain and its proper dose for each individual patient.",Bacillus subtilis,temperature,,
20370835,10.1111/j.1574-6968.2010.01953.x,,no_pmc,2010,FEMS microbiology letters,Insertional mutagenesis reveals genes involved in Bacillus cereus ATCC 14579 growth at low temperature.,"Transposon mutagenesis of Bacillus cereus ATCC 14579 yielded cold-sensitive mutants. Mutants of genes encoding enzymes of the central metabolism were affected by cold, but also by other stresses, such as pH or salt, whereas a mutant with transposon insertion in the promoter region of BC0259 gene, encoding a putative DEAD-box RNA helicase displaying homology with Escherichia coli CsdA and Bacillus subtilis CshA RNA helicases, was only cold-sensitive. Expression of the BC0259 gene at 10 degrees C is reduced in the mutant. Analysis of the 5' untranslated region revealed the transcriptional start and putative cold shock-responsive elements. The role of this RNA helicase in the cold-adaptive response of B. cereus is discussed.",Bacillus subtilis,temperature,,
20062534,10.1371/journal.pone.0008610,PMC2797616,oa,2010,PloS one,Listeriolysin O is necessary and sufficient to induce autophagy during Listeria monocytogenes infection.,"Recent studies have suggested that autophagy is utilized by cells as a protective mechanism against Listeria monocytogenes infection. However we find autophagy has no measurable role in vacuolar escape and intracellular growth in primary cultured bone marrow derived macrophages (BMDMs) deficient for autophagy (atg5-/-). Nevertheless, we provide evidence that the pore forming activity of the cholesterol-dependent cytolysin listeriolysin O (LLO) can induce autophagy subsequent to infection by L. monocytogenes. Infection of BMDMs with L. monocytogenes induced microtubule-associated protein light chain 3 (LC3) lipidation, consistent with autophagy activation, whereas a mutant lacking LLO did not. Infection of BMDMs that express LC3-GFP demonstrated that wild-type L. monocytogenes was encapsulated by LC3-GFP, consistent with autophagy activation, whereas a mutant lacking LLO was not. Bacillus subtilis expressing either LLO or a related cytolysin, perfringolysin O (PFO), induced LC3 colocalization and LC3 lipidation. Further, LLO-containing liposomes also recruited LC3-GFP, indicating that LLO was sufficient to induce targeted autophagy in the absence of infection. The role of autophagy had variable effects depending on the cell type assayed. In atg5-/- mouse embryonic fibroblasts, L. monocytogenes had a primary vacuole escape defect. However, the bacteria escaped and grew normally in atg5-/- BMDMs. We propose that membrane damage, such as that caused by LLO, triggers bacterial-targeted autophagy, although autophagy does not affect the fate of wild-type intracellular L. monocytogenes in primary BMDMs.",Bacillus subtilis,temperature,,
19805196,10.1073/pnas.0906160106,PMC2765158,pmc_not_oa,2009,Proceedings of the National Academy of Sciences of the United States of America,Increased expression of Mg(2+) transport proteins enhances the survival of Salmonella enterica at high temperature.,"Mg(2+) homeostasis is important for Salmonella pathogenesis. In Salmonella enterica, the transcription of the mgtA gene, which encodes a Mg(2+) transporter, is regulated by a Mg(2+)-sensing riboswitch [Cromie MJ, Shi Y, Latifi T, Groisman EA (2006) Cell 125:71-84]. In a genetic analysis of the determinants of thermotolerance in S. enterica serovar Typhimurium, we isolated the chr-1 mutation that increased the resistance of exponential phase cells to killing by high temperature. This mutation is a single base change in the mgtA riboswitch that causes high-level constitutive expression of mgtA. We showed that another mgtA riboswitch mutation, DeltaUTR(re-100), which had been constructed by Cromie et al., also confers similar increased thermotolerance. Surprisingly, the chr-1 mutation is located at a position that would not be predicted to be important for the regulatory function of the riboswitch. We obtained physiological evidence suggesting that the chr-1 mutation increases the cytosolic free Mg(2+) concentration. High-level expression of the heterologous MgtE Mg(2+) transport protein of Bacillus subtilis also enhanced the thermotolerance of S. enterica. We hypothesize that increased Mg(2+) accumulation might enhance thermotolerance by protecting the integrity of proteins or membranes, by mitigating oxidative damage or acting as an inducer of thermoprotective functions.",Bacillus subtilis,temperature,,
19781636,10.1016/j.resmic.2009.08.020,,no_pmc,2009,Research in microbiology,Chaperone-protease systems in regulation and protein quality control in Bacillus subtilis.,"The Gram-positive model organism Bacillus subtilis is extremely well adapted to changing environmental conditions. The chaperone-protease ClpCP and other AAA+ proteases constitute an important component of the B. subtilis protein quality control system that is essential for survival during stress. In this review, we discuss recent discoveries concerning the molecular mechanism, regulation and localization of proteases and chaperones in B. subtilis.",Bacillus subtilis,temperature,,
19778059,10.1021/jf9021515,,no_pmc,2009,Journal of agricultural and food chemistry,"The forage and grain of MON 87460, a drought-tolerant corn hybrid, are compositionally equivalent to that of conventional corn.","MON 87460 contains a gene that expresses cold shock protein B (CSPB) from Bacillus subtilis. Expression of this gene confers a yield advantage when yield is limited by water availability. Compositional analyses of MON 87460 and a conventional corn variety with similar background genetics were conducted on forage and grain harvested from multiple replicated field sites across the United States during the 2006 growing season and across Chile during the 2006-2007 growing season. The U.S. field trials were conducted under typical agronomic practices, whereas the Chilean field trials incorporated a strip-plot design that included well-watered and water-limited treatments. Results demonstrated that levels of the components analyzed were comparable between MON 87460, the conventional control, and the commercially available corn hybrids.",Bacillus subtilis,temperature,,
19659723,10.1111/j.1574-6968.2009.01665.x,,no_pmc,2009,FEMS microbiology letters,Growing Bacillus subtilis tendrils sense and avoid each other.,"Growing tendrils of aflagellate hag mutants of Bacillus subtilis were found to show an avoidance response when colonizing a semi-solid medium, suggesting a tip-to-tip communication mechanism between colonies. There may be a second sensing mechanism involved in shaping the morphology of tendrils. Tendril growth in B. subtilis was dependent on and possibly shaped by the release of surfactin, a biosurfactant. Transposon mutagenesis yielded two mutants with 'touching' tendrils, and each had a disrupted gspA gene that encodes a putative glycosyltransferase. Tendrils of gspA mutants, unlike the parental strain, were unresponsive to tendril tip growth by surfactin, suggesting disruption of intercellular signaling. Tendril sensing and avoidance could be physiologically relevant in habitats, such as plant roots, where some limiting nutrient might induce this type of multicellular behavior, promoting avoidance of previously explored areas by sibling colonies.",Bacillus subtilis,temperature,,
19376879,10.1128/JB.00016-09,PMC2698408,pmc_not_oa,2009,Journal of bacteriology,"Development of a mariner-based transposon and identification of Listeria monocytogenes determinants, including the peptidyl-prolyl isomerase PrsA2, that contribute to its hemolytic phenotype.","Listeriolysin O (LLO) is a pore-forming toxin that mediates phagosomal escape and cell-to-cell spread of the intracellular pathogen Listeria monocytogenes. In order to identify factors that control the production, activity, or secretion of this essential virulence factor, we constructed a Himar1 mariner transposon delivery system and screened 50,000 mutants for a hypohemolytic phenotype on blood agar plates. Approximately 200 hypohemolytic mutants were identified, and the 51 most prominent mutants were screened ex vivo for intracellular growth defects. Eight mutants with a phenotype were identified, and they contained insertions in the following genes: lmo0964 (similar to yjbH), lmo1268 (clpX), lmo1401 (similar to ymdB), lmo1575 (similar to ytqI), lmo1695 (mprF), lmo1821 (similar to prpC), lmo2219 (prsA2), and lmo2460 (similar to cggR). Some of these genes are involved in previously unexplored areas of research with L. monocytogenes: the genes yjbH and clpX regulate the disulfide stress response in Bacillus subtilis, and the prpC phosphatase has been implicated in virulence in other gram-positive pathogens. Here we demonstrate that prsA2, an extracytoplasmic peptidyl-prolyl cis/trans isomerase, is critical for virulence and contributes to the folding of LLO and to the activity of another virulence factor, the broad-range phospholipase C (PC-PLC). Furthermore, although it has been shown that prsA2 expression is linked to PrfA, the master virulence transcription factor in L. monocytogenes pathogenesis, we demonstrate that prsA2 is not directly controlled by PrfA. Finally, we show that PrsA2 is involved in flagellum-based motility, indicating that this factor likely serves a broad physiological role.",Bacillus subtilis,temperature,,
19074391,10.1128/JB.01551-08,PMC2648225,pmc_not_oa,2009,Journal of bacteriology,The Lactobacillus plantarum ftsH gene is a novel member of the CtsR stress response regulon.,"FtsH proteins have dual chaperone-protease activities and are involved in protein quality control under stress conditions. Although the functional role of FtsH proteins has been clearly established, the regulatory mechanisms controlling ftsH expression in gram-positive bacteria remain largely unknown. Here we show that ftsH of Lactobacillus plantarum WCFS1 is transiently induced at the transcriptional level upon a temperature upshift. In addition, disruption of ftsH negatively affected the growth of L. plantarum at high temperatures. Sequence analysis and mapping of the ftsH transcriptional start site revealed a potential operator sequence for the CtsR repressor, partially overlapping the -35 sequence of the ftsH promoter. In order to verify whether CtsR is able to recognize and bind the ftsH promoter, CtsR proteins of Bacillus subtilis and L. plantarum were overproduced, purified, and used in DNA binding assays. CtsR from both species bound specifically to the ftsH promoter, generating a single protein-DNA complex, suggesting that CtsR may control the expression of L. plantarum ftsH. In order to confirm this hypothesis, a DeltactsR mutant strain of L. plantarum was generated. Expression of ftsH in the DeltactsR mutant strain was strongly upregulated, indicating that ftsH of L. plantarum is negatively controlled by CtsR. This is the first example of an ftsH gene controlled by the CtsR repressor, and the first of the low-G+C gram-positive bacteria where the regulatory mechanism has been identified.",Bacillus subtilis,temperature,,
19061518,10.1186/1471-2164-9-590,PMC2648990,oa,2008,BMC genomics,Transcriptional activity around bacterial cell death reveals molecular biomarkers for cell viability.,"In bacteriology, the ability to grow in selective media and to form colonies on nutrient agar plates is routinely used as a retrospective criterion for the detection of living bacteria. However, the utilization of indicators for bacterial viability-such as the presence of specific transcripts or membrane integrity-would overcome bias introduced by cultivation and reduces the time span of analysis from initiation to read out. Therefore, we investigated the correlation between transcriptional activity, membrane integrity and cultivation-based viability in the Gram-positive model bacterium Bacillus subtilis. We present microbiological, cytological and molecular analyses of the physiological response to lethal heat stress under accurately defined conditions through systematic sampling of bacteria from a single culture exposed to gradually increasing temperatures. We identified a coherent transcriptional program including known heat shock responses as well as the rapid expression of a small number of sporulation and competence genes, the latter only known to be active in the stationary growth phase. The observed coordinated gene expression continued even after cell death, in other words after all bacteria permanently lost their ability to reproduce. Transcription of a very limited number of genes correlated with cell viability under the applied killing regime. The transcripts of the expressed genes in living bacteria -- but silent in dead bacteria-include those of essential genes encoding chaperones of the protein folding machinery and can serve as molecular biomarkers for bacterial cell viability.",Bacillus subtilis,temperature,,
18809450,10.1016/j.vaccine.2008.09.024,,no_pmc,2008,Vaccine,"Cytoplasmic delivery of antigens, by Bacillus subtilis enhances Th1 responses.","Endospores of the Gram-positive bacterium, Bacillus subtilis, have been used successfully for delivery of antigens where the immunogen is expressed on the spore surface. In this work the spore has been engineered to deliver antigens to the cytoplasm of macrophages by expressing listeriolysin O (LLO) or a derivative, LLO(L461T), that is stable at neutral pH, from the B. subtilis vegetative cell. Following phagocytosis spores were shown to germinate in the phagosome enabling secretion of LLO/LLO(L461T) and entry of the bacterium into the cytosol. We have shown that in the cytosol B. subtilis proliferates before eventually being destroyed. Immunisation of mice with spores that co-expressed LLO with Protective Antigen (PA) of Bacillus anthracis generated an increase in IgG2a against PA, toxin-neutralising activity coupled with specific IFN-gamma and IL-12 (and reduced IL-4) responses of splenocytes, both indicative of an enhanced Th1 response. Enhanced Th1 responses via LLO co-expression of antigen by B. subtilis spores may be a useful strategy to improve vaccine performance.",Bacillus subtilis,temperature,,
18786145,10.1111/j.1365-2958.2008.06438.x,PMC2628427,oa,2008,Molecular microbiology,Localization of general and regulatory proteolysis in Bacillus subtilis cells.,"Protein degradation mediated by ATP-dependent proteases, such as Hsp100/Clp and related AAA+ proteins, plays an important role in cellular protein homeostasis, protein quality control and the regulation of, e.g. heat shock adaptation and other cellular differentiation processes. ClpCP with its adaptor proteins and other related proteases, such as ClpXP or ClpEP of Bacillus subtilis, are involved in general and regulatory proteolysis. To determine if proteolysis occurs at specific locations in B. subtilis cells, we analysed the subcellular distribution of the Clp system together with adaptor and general and regulatory substrate proteins, under different environmental conditions. We can demonstrate that the ATPase and the proteolytic subunit of the Clp proteases, as well as the adaptor or substrate proteins, form visible foci, representing active protease clusters localized to the polar and to the mid-cell region. These clusters could represent a compartmentalized place for protein degradation positioned at the pole close to where most of the cellular protein biosynthesis and also protein quality control are taking place, thereby spatially separating protein synthesis and degradation.",Bacillus subtilis,temperature,,
18689476,10.1128/JB.00589-08,PMC2566194,pmc_not_oa,2008,Journal of bacteriology,Polar localization and compartmentalization of ClpP proteases during growth and sporulation in Bacillus subtilis.,"Spatial control of proteolysis is emerging as a common feature of regulatory networks in bacteria. In the spore-forming bacterium Bacillus subtilis, the peptidase ClpP can associate with any of three ATPases: ClpC, ClpE, and ClpX. Here, we report that ClpCP, ClpEP, and ClpXP localize in foci often near the poles of growing cells and that ClpP and the ATPase are each capable of polar localization independently of the other component. A region of ClpC containing an AAA domain was necessary and sufficient for polar localization. We also report that ClpCP and ClpXP proteases differentially localize to the forespore and mother cell compartments of the sporangium during spore formation. Moreover, model substrates for each protease created by appending recognition sequences for ClpCP or ClpXP to the green fluorescent protein were preferentially eliminated from the forespore or the mother cell, respectively. Biased accumulation of ClpCP in the forespore may contribute to the cell-specific activation of the transcription factor sigma(F) by preferential ClpCP-dependent degradation of the anti-sigma(F) factor SpoIIAB.",Bacillus subtilis,temperature,,
18689473,10.1128/JB.00590-08,PMC2566193,pmc_not_oa,2008,Journal of bacteriology,Clp and Lon proteases occupy distinct subcellular positions in Bacillus subtilis.,"Among other functions, ATP-dependent proteases degrade misfolded proteins and remove several key regulatory proteins necessary to activate stress responses. In Bacillus subtilis, ClpX, ClpE, and ClpC form homohexameric ATPases that couple to the ClpP peptidase. To understand where these peptidases and ATPases localize in living cells, each protein was fused to a fluorescent moiety. We found that ClpX-GFP (green fluorescent protein) and ClpP-GFP localized as focal assemblies in areas that were not occupied by the nucleoid. We found that the percentage of cells with ClpP-GFP foci increased following heat shock independently of protein synthesis. We determined that ClpE-YFP (yellow fluorescent protein) and ClpC-YFP formed foci coincident with nucleoid edges, usually near cell poles. Furthermore, we found that ClpQ-YFP (HslV) localized as small foci, usually positioned near the cell membrane. We found that ClpQ-YFP foci were dependent on the presence of the cognate hexameric ATPase ClpY (HslU). Moreover, we found that LonA-GFP is coincident with the nucleoid during normal growth and that LonA-GFP also localized to the forespore during development. We also investigated LonB-GFP and found that this protein localized to the forespore membrane early in development, followed by localization throughout the forespore later in development. Our comprehensive study has shown that in B. subtilis several ATP-fueled proteases occupy distinct subcellular locations. With these data, we suggest that substrate specificity could be determined, in part, by the spatial and temporal organization of proteases in vivo.",Bacillus subtilis,temperature,,
18685815,10.1007/s12010-008-8311-3,,no_pmc,2009,Applied biochemistry and biotechnology,Biological activities of thermo-tolerant microbes from fermented rice bran as an alternative microbial feed additive.,"To evaluate the commercial potential of new microbial feed additive, Issatchenkia orientalis Y266 and Bacillus subtilis B266 from commercial fermented rice bran were tested for their tolerance or resistance to pH, bile, oxgall, and temperature. It was found that the strains grew very well up to pH 3.0 and resistant to relatively high concentrations of bile salt and oxgall. I. orientalis and B. subtilis are extremely tolerant in range of 70-90 degrees C in solid medium. B. subtilis B266 also has excellent tolerant property up to 90 degrees C in liquid medium. The health indexes (the microflora in the small intestines and the antibody titer to Newcastle disease virus) of chicks were significantly improved in the fermented rice bran with these strains (0.25% addition to diet) in comparison with the Avilamycin (20 mg/kg diet)-fed group (p < 0.05). The fermented rice bran-fed group showed a better microbial flora in the small intestines. Accordingly, it would appear that the fermented rice bran with these strains may be a potential candidate for an alternative microbial feed additive.",Bacillus subtilis,temperature,,
18682926,10.1007/s00253-008-1570-7,,no_pmc,2008,Applied microbiology and biotechnology,"Isolation of thermotolerant, halotolerant, facultative biosurfactant-producing bacteria.","Several facultative bacterial strains tolerant to high temperature and salinity were isolated from the oil reservoir brines of an Iranian oil field (Masjed-I Soleyman). Some of these isolates were able to grow up to 60 degrees C and at high concentration of NaCl (15% w/v). One of the isolates grew at 40 degrees C, while it was able to grow at 15% w/v NaCl. Tolerances to NaCl levels decreased as the growth temperatures were increased. Surfactant production ability was detected in some of these isolates. The use of biosurfactant is considered as an effective mechanism in microbial-enhanced oil recovery processes detected in some of these isolates. The surfactant producers were able to grow at high temperatures and salinities to about 55 degrees C and 10% w/v, respectively. These isolates exhibited morphological and physiological characteristics of the Bacillus genus. The partial sequencing of the 16S ribosomal deoxyribonucleic acid gene of the selected isolates was assigned them to Bacillus subtilis group. The biosurfactant produced by these isolates caused a substantial decrease in the surface tension of the culture media to 26.7 mN/m. By the use of thin-layer chromatography technique, the presence of the three compounds was detected in the tested biosurfactant. Infrared spectroscopy and (1)H nuclear magnetic resonance analysis were used, and the partial structural characterization of the biosurfactant mixture of the three compounds was found to be lipopeptidic in nature. The possibility of use of the selected bacterial strains reported, in the present study, in different sectors of the petroleum industry has been addressed.",Bacillus subtilis,temperature,,
18326573,10.1128/JB.01665-07,PMC2394996,pmc_not_oa,2008,Journal of bacteriology,"Influence of the sigmaB stress factor and yxaB, the gene for a putative exopolysaccharide synthase under sigmaB Control, on biofilm formation.","Bacillus subtilis forms structured communities of biofilms encased in an exopolysaccharide matrix on solid surfaces and at the air-liquid interface. It is postulated that nonoptimal growth conditions induce this multicellular behavior. We showed that under laboratory conditions a strain deleted for sigB was unable to form a floating pellicle on the surface of a liquid medium. However, overexpression of yxaB, encoding a putative exopolysaccharide synthase, from a p(Spac) promoter in a sigB-deleted strain resulted in partial recovery of the wild-type phenotype, indicating the participation of the YxaB protein in this multicellular process. We present data concerning the regulation of transcription of genes yxaB and yxaA, encoding a putative glycerate kinase. Both genes are cotranscribed as a single transcription unit from a sigma(A)-dependent promoter during vegetative growth of a liquid bacterial culture. The promoter driving transcription of the yxaAB operon is regulated by AbrB. In addition, the second gene in the operon, yxaB, possesses its own promoter, which is recognized by RNA polymerase containing the sigma(B) subunit. This transcription start site is used under general stress conditions, resulting in increased expression.",Bacillus subtilis,temperature,,
18154726,10.1016/j.bbamem.2007.11.012,,no_pmc,2008,Biochimica et biophysica acta,Metabolic control of the membrane fluidity in Bacillus subtilis during cold adaptation.,"Membrane fluidity adaptation to the low growth temperature in Bacillus subtilis involves two distinct mechanisms: (1) long-term adaptation accomplished by increasing the ratio of anteiso- to iso-branched fatty acids and (2) rapid desaturation of fatty acid chains in existing phospholipids by induction of fatty acid desaturase after cold shock. In this work we studied the effect of medium composition on cold adaptation of membrane fluidity. Bacillus subtilis was cultivated at optimum (40 degrees C) and low (20 degrees C) temperatures in complex medium with glucose or in mineral medium with either glucose or glycerol. Cold adaptation was characterized by fatty acid analysis and by measuring the midpoint of phospholipid phase transition T(m) (differential scanning calorimetry) and membrane fluidity (DPH fluorescence polarization). Cells cultured and measured at 40 degrees C displayed the same membrane fluidity in all three media despite a markedly different fatty acid composition. The T(m) was surprisingly the highest in the case of a culture grown in complex medium. On the contrary, cultivation at 20 degrees C in the complex medium gave rise to the highest membrane fluidity with concomitant decrease of T(m) by 10.5 degrees C. In mineral media at 20 degrees C the corresponding changes of T(m) were almost negligible. After a temperature shift from 40 to 20 degrees C, the cultures from all three media displayed the same adaptive induction of fatty acid desaturase despite their different membrane fluidity values immediately after cold shock.",Bacillus subtilis,temperature,,
18060401,10.1007/s00253-007-1279-z,,no_pmc,2008,Applied microbiology and biotechnology,Rates of chilling to 0 degrees C: implications for the survival of microorganisms and relationship with membrane fluidity modifications.,"The effects of slow chilling (2 degrees C min(-1)) and rapid chilling (2,000 degrees C min(-1)) were investigated on the survival and membrane fluidity of Escherichia coli, of Bacillus subtilis, and of Saccharomyces cerevisiae. Cell death was found to be dependent on the physiological state of cell cultures and on the rate of temperature downshift. Slow temperature decrease allowed cell stabilization, whereas the rapid chilling induced an immediate loss of viability of up to more than 90 and 70% for the exponentially growing cells of E. coli and B. subtilis, respectively. To relate the results of viability with changes in membrane physical state, membrane anisotropy variation was monitored during thermal stress using the fluorescence probe 1,6-diphenyl-1,3,5-hexatriene. No variation in the membrane fluidity of all the three microorganisms was found after the slow chilling. It is interesting to note that fluorescence measurements showed an irreversible rigidification of the membrane of exponentially growing cells of E. coli and B. subtilis after the instantaneous cold shock, which was not observed with S. cerevisiae. This irreversible effect of the rapid cold shock on the membrane correlated well with high rates of cell inactivation. Thus, membrane alteration seems to be the principal cause of the cold shock injury.",Bacillus subtilis,temperature,,
18005709,10.1016/j.chom.2007.05.004,,no_pmc,2007,Cell host & microbe,"The Bacillus subtilis quorum-sensing molecule CSF contributes to intestinal homeostasis via OCTN2, a host cell membrane transporter.","Bacteria use quorum-sensing molecules (QSMs) to communicate within as well as across species. However, the effects of QSMs on eukaryotic host cells have received limited attention. We report that the quorum-sensing pentapeptide, competence and sporulation factor (CSF), of the Gram-positive bacterium Bacillus subtilis activates key survival pathways, including p38 MAP kinase and protein kinase B (Akt), in intestinal epithelial cells. CSF also induces cytoprotective heat shock proteins (Hsps), which prevent oxidant-induced intestinal epithelial cell injury and loss of barrier function. These effects of CSF depend on its uptake by an apical membrane organic cation transporter-2 (OCTN2). Thus, OCTN2-mediated CSF transport serves as an example of a host-bacterial interaction that allows the host to monitor and respond to changes in the behavior or composition of colonic flora.",Bacillus subtilis,temperature,,
18005705,10.1016/j.chom.2007.05.010,,no_pmc,2007,Cell host & microbe,Bacillus subtilis: a shocking message from a probiotic.,"How probiotics such as Bacillus subtilis exert a protective effect has been much debated. In this issue of Cell Host & Microbe, Fujiya et al. reveal that a B. subtilis quorum-sensing signal molecule, the competence- and sporulation-stimulating factor (CSF), is internalized via the mammalian oligopeptide transporter OCTN2, where it induces the heat shock protein Hsp27, which protects intestinal cells against oxidant-mediated tissue damage and loss of barrier function.",Bacillus subtilis,temperature,,
17957111,10.1159/000106083,,no_pmc,2008,Journal of molecular microbiology and biotechnology,Characterization of two signal transduction systems involved in intracellular macrophage survival and environmental stress response in Enterococcus faecalis.,"The intracellular survival in mouse peritoneal macrophages of 8 Enterococcus faecalis response regulator mutants was tested to assess if the corresponding 2-component signal transduction systems (TCS) are involved in the ability of E. faecalis to survive in macrophages. Three mutants (err04, err05 and err06) are more susceptible than the wild-type JH2-2 strain and 1 is more resistant (err10). Then, characterization of the TCS Err04-Ehk04 and Err06-Ehk06 reveals that the first (homolog of PhoP-PhoR of Bacillus subtilis) is induced in phosphate deprivation conditions, regulates its own expression and plays a role in the expression of pstF encoding a phosphate-binding protein. The Err06-Ehk06 is involved in oxidative stress response. A mutation in the err06 gene increases sensitivity of the bacterium to H(2)O(2). The err06-ehk06 operon is induced by H(2)O(2) stress and controlled by 2 transcriptional start sites, of which 1 is specifically active in oxidative stress conditions. We also demonstrated that the expression of the catalase gene (kat) is partly dependant of the Err06-Ehk06 TCS.",Bacillus subtilis,temperature,,
17586671,10.1128/AEM.00472-07,PMC1950988,pmc_not_oa,2007,Applied and environmental microbiology,Production and secretion stress caused by overexpression of heterologous alpha-amylase leads to inhibition of sporulation and a prolonged motile phase in Bacillus subtilis.,"Transcriptome analysis was used to investigate the global stress response of the gram-positive bacterium Bacillus subtilis caused by overproduction of the well-secreted AmyQ alpha-amylase from Bacillus amyloliquefaciens. Analyses of the control and overproducing strains were carried out at the end of exponential growth and in stationary phase, when protein secretion from B. subtilis is optimal. Among the genes that showed increased expression were htrA and htrB, which are part of the CssRS regulon, which responds to high-level protein secretion and heat stress. The analysis of the transcriptome profiles of a cssS mutant compared to the wild type, under identical secretion stress conditions, revealed several genes with altered transcription in a CssRS-dependent manner, for example, citM, ylxF, yloA, ykoJ, and several genes of the flgB operon. However, high-affinity CssR binding was observed only for htrA, htrB, and, possibly, citM. In addition, the DNA macroarray approach revealed that several genes of the sporulation pathway are downregulated by AmyQ overexpression and that a group of motility-specific (sigmaD-dependent) transcripts were clearly upregulated. Subsequent flow-cytometric analyses demonstrate that, upon overproduction of AmyQ as well as of a nonsecretable variant of the alpha-amylase, the process of sporulation is severely inhibited. Similar experiments were performed to investigate the expression levels of the hag promoter, a well-established reporter for sigmaD-dependent gene expression. This approach confirmed the observations based on our DNA macroarray analyses and led us to conclude that expression levels of several genes involved in motility are maintained at high levels under all conditions of alpha-amylase overproduction.",Bacillus subtilis,temperature,,
17488331,10.1111/j.1574-6968.2007.00739.x,,no_pmc,2007,FEMS microbiology letters,Characterization of a mutation in the acetolactate synthase of Bacillus subtilis that causes a cold-sensitive phenotype.,"The Bacillus subtilis laboratory strain JH642 shows a cold-sensitive phenotype after a temperature shift from 37 to 15 degrees C in comparison to wild type strain MR168. A mutation in the acetolactate synthase complex IlvBH was found to be partially responsible for this growth defect after cold shock. Via DNA sequencing, genetic and biochemical studies, this defect was characterized, which entails a substitution of two adenines to guanines in the ilvB gene. This results in an amino acid substitution from lysine at position 176 to glycine. As a consequence, the acetolactate synthase efficiency in strain JH642 was found to be reduced by 51-fold.",Bacillus subtilis,temperature,,
17455763,10.3184/003685007780440549,PMC10361162,pmc_not_oa,2007,Science progress,Cold shock proteins aid coupling of transcription and translation in bacteria.,"Transcription and translation are tightly coupled in bacterial cells. However, the transcription machinery and ribosomes generally occupy different subcellular regions in bacteria such as Escherichia coli and Bacillus subtilis, indicating the need for (a) mechanism(s) coupling these processes. A prime function of this mechanism(s) would be ensuring the transfer of unfolded mRNA from the nucleoid to ribosomes, which require linear mRNA for the initiation of translation. During conditions of a sudden decrease in temperature (cold shock), secondary structures in mRNA would pose an even greater problem for the initiation process. Two conserved classes of proteins, cold shock proteins (CSPs) and cold induced RNA helicases (CSHs), appear to be major players in the prevention of secondary mRNA structures and in transcription/translation coupling. CSPs are general mRNA-binding proteins, and like CSH-type RNA helicases, the presence of at least one csp gene in the cell is essential for viability. Members of both protein families have recently been shown to interact, suggesting that a two-step process achieves the coupling process, removal of secondary mRNA structures through CSHs and prevention of reformation through CSPs.",Bacillus subtilis,temperature,,
17369301,10.1128/JB.00062-07,PMC1913333,pmc_not_oa,2007,Journal of bacteriology,The SsrA-SmpB ribosome rescue system is important for growth of Bacillus subtilis at low and high temperatures.,"Bacillus subtilis has multiple stress response systems whose integrated action promotes growth and survival under unfavorable conditions. Here we address the function and transcriptional organization of a five-gene cluster containing ssrA, previously known to be important for growth at high temperature because of the role of its tmRNA product in rescuing stalled ribosomes. Reverse transcription-PCR experiments detected a single message for the secG-yvaK-rnr-smpB-ssrA cluster, suggesting that it constitutes an operon. However, rapid amplification of cDNA ends-PCR and lacZ fusion experiments indicated that operon transcription is complex, with at least five promoters controlling different segments of the cluster. One sigma(A)-like promoter preceded secG (P(1)), and internal sigma(A)-like promoters were found in both the rnr-smpB (P(2)) and smpB-ssrA intervals (P(3) and P(HS)). Another internal promoter lay in the secG-yvaK intercistronic region, and this activity (P(B)) was dependent on the general stress factor sigma(B). Null mutations in the four genes downstream from P(B) were tested for their effects on growth. Loss of yvaK (carboxylesterase E) or rnr (RNase R) caused no obvious phenotype. By contrast, smpB was required for growth at high temperature (52 degrees C), as anticipated if its product (a small ribosomal binding protein) is essential for tmRNA (ssrA) function. Notably, smpB and ssrA were also required for growth at low temperature (16 degrees C), a phenotype not previously associated with tmRNA activity. These results extend the known high-temperature role of ssrA and indicate that the ribosome rescue system is important at both extremes of the B. subtilis temperature range.",Bacillus subtilis,temperature,,
17213266,10.1093/jac/dkl495,,no_pmc,2007,The Journal of antimicrobial chemotherapy,The spectrum of antimicrobial activity of the bacteriocin subtilosin A.,"Bacterocins are antimicrobial peptides produced by bacteria with a relatively narrow range of activity against closely related organisms. Subtilosin A is a bacteriocin produced by Bacillus subtilis that has activity against Listeria monocytogenes, which might indicate antimicrobial activity unusual for bacteriocins. To examine the antimicrobial activity and factors affecting the activity of subtilosin A against a range of potentially pathogenic bacteria. The peptide was purified from cultures of B. subtilis and the MIC determined for 18 species of bacteria using a microdilution methodology. The extent of capsule formation was determined using microscopic examination of cells mounted in India ink. Protease mutants of a susceptible bacteria and mild heat shock were used to examine the effect of environmental stress on subtilosin A activity. Subtilosin A proved to have antimicrobial activity against a wide range of bacteria including Gram-positive and Gram-negative bacteria and both aerobes and anaerobes. The peptide was less effective against capsulated forms of two Gram-negative bacteria than the non-capsulated strains of either. Heat shock but not protease activity also altered the effectiveness of the bacteriocin. Subtilosin A has limited antimicrobial activity against a number of human pathogens which, combined with its relative ineffectiveness against some capsulated pathogens, may limit its usefulness as a human therapeutic.",Bacillus subtilis,temperature,,
17185538,10.1099/mic.0.29239-0,,no_pmc,2007,"Microbiology (Reading, England)",Regulatory role of RsgI in sigI expression in Bacillus subtilis.,"The sigma gene, sigI, of Bacillus subtilis belongs to the group IV heat-shock response genes and has many orthologues in the bacterial phylum Firmicutes. The B. subtilis sigI gene is considered to constitute an operon with rsgI (regulation of sigI, formerly ykrI). As little is known about either the structure and function of the sigI-rsgI operon or the SigI regulons, the role of RsgI in heat-inducible transcription of the sigI-rsgI operon was investigated, using Northern analysis and a heat-stable beta-galactosidase reporter assay. Heat-inducible, SigI-dependent transcription of the sigI-rsgI operon was stimulated greatly by disrupting rsgI. Yeast two-hybrid analysis showed direct interaction between the N-terminal portion of the presumed RsgI protein and SigI. Without RsgI function, induction of transcription of the sigI-rsgI operon upon transient heat stress depended on dnaK activity. However, transcription of the operon was induced during growth at prolonged higher temperature even without DnaK function. Without RsgI function, sigI-rsgI operon transcription was induced after the end of growth independent of any temperature shift in a sporulation medium and toward the end of growth in a rich complex medium. Furthermore, glucose addition resulted in a strong suppression of sigI-rsgI transcription. Therefore it is hypothesized that transcription of the sigI-rsgI operon of B. subtilis is negatively regulated by the putative transmembrane protein RsgI, which moderates SigI's sensitivity to heat shock or nutritional stress.",Bacillus subtilis,temperature,,
16897257,10.1007/s00284-006-0099-1,,no_pmc,2006,Current microbiology,A method for extracting RNA from dormant and germinating Bacillus subtilis strain 168 endospores.,"RNA was extracted from dormant and germinating Bacillus subtilis 168 spores (intact spores and chemically decoated spores) by using rapid rupture followed by acid-phenol extraction. Spore germination progress was monitored by assaying colony forming ability before and after heat shock and by reading the optical density at 600 nm. The purity, yield, and composition of the extracted RNA were determined spectrophotometrically from the ratio of absorption at 260 nm to that at 280 nm; in a 2100 BioAnalyzer, giving the RNA yield/10(8) spores or cells and the distribution pattern of rRNA components. The method reported here for the extraction of RNA from dormant spores, as well as during different phases of germination and outgrowth, has proven to be fast, efficient and simple to handle. RNA of a high purity was obtained from dormant spores and during all phases of germination and growth. There was a significant increase in RNA yield during the transition from dormant spores to germination and subsequent outgrowth. Chemically decoated spores were retarded in germination and outgrowth compared with intact spores, and less RNA was extracted; however, the differences were not significant. This method for RNA isolation of dormant, germinating, and outgrowing bacterial endospores is a valuable prerequisite for gene expression studies, especially in studies on the responses of spores to hostile environmental conditions.",Bacillus subtilis,temperature,,
16872404,10.1111/j.1462-2920.2006.01034.x,,no_pmc,2006,Environmental microbiology,Differential gene expression in response to phenol and catechol reveals different metabolic activities for the degradation of aromatic compounds in Bacillus subtilis.,"Aromatic organic compounds that are present in the environment can have toxic effects or provide carbon sources for bacteria. We report here the global response of Bacillus subtilis 168 to phenol and catechol using proteome and transcriptome analyses. Phenol induced the HrcA, sigmaB and CtsR heat-shock regulons as well as the Spx disulfide stress regulon. Catechol caused the activation of the HrcA and CtsR heat-shock regulons and a thiol-specific oxidative stress response involving the Spx, PerR and FurR regulons but no induction of the sigmaB regulon. The most surprising result was that several catabolite-controlled genes are derepressed by catechol, even if glucose is taken up under these conditions. This derepression of the carbon catabolite control was dependent on the glucose concentration in the medium, as glucose excess increased the derepression of the CcpA-dependent lichenin utilization licBCAH operon and the ribose metabolism rbsRKDACB operon by catechol. Growth and viability experiments with catechol as sole carbon source suggested that B. subtilis is not able to utilize catechol as a carbon-energy source. In addition, the microarray results revealed the very strong induction of the yfiDE operon by catechol of which the yfiE gene shares similarities to glyoxalases/bleomycin resistance proteins/extradiol dioxygenases. Using recombinant His6-YfiE(Bs) we demonstrate that YfiE shows catechol-2,3-dioxygenase activity in the presence of catechol as the metabolite 2-hydroxymuconic semialdehyde was measured. Furthermore, both genes of the yfiDE operon are essential for the growth and viability of B. subtilis in the presence of catechol. Thus, our studies revealed that the catechol-2,3-dioxygenase YfiE is the key enzyme of a meta cleavage pathway in B. subtilis involved in the catabolism of catechol.",Bacillus subtilis,temperature,,
16553805,10.1111/j.1574-695X.2006.00029.x,,no_pmc,2006,FEMS immunology and medical microbiology,Associated roles of hemolysin and p60 protein for the intracellular growth of Bacillus subtilis.,"Hemolysin expressing Bacillus subtilis strain (B. subtilis ble/hlA) was used as a carrier for listerial protein p60 to study the impact of this protein on bacterial virulence independent of other gene products of Listeria monocytogenes. Bacillus subtilis ble/hlyA exhibited longer cell chains than B. subtilis ble/hlyA/iap. Recombinant Bacillus strains are able to adhere to the mouse macrophage-like J774 and human epithelial-like Int407 cell lines. The bacterial number of B. subtilis ble/hlyA/iap strain that adhered to the Int407 cell lines was 2.52-fold higher, and its invasion level strain was 2.66-fold higher than that observed for the hemolytic strain. Microscopy analysis of infected monolayers showed that recombinant B. subtilis cells were localized inside the cytoplasm of epithelial cells, near to the nuclei, in cellular compartments with low internal pH. Furthermore, in cells infected with bacteria, the actin structures rapidly changed and accumulation of a fat, wide actin layer around the nucleus zone was observed.",Bacillus subtilis,temperature,,
16514163,10.1099/mic.0.28530-0,,no_pmc,2006,"Microbiology (Reading, England)",Adaptation of Bacillus subtilis to growth at low temperature: a combined transcriptomic and proteomic appraisal.,"The soil bacterium Bacillus subtilis frequently encounters a reduction in temperature in its natural habitats. Here, a combined transcriptomic and proteomic approach has been used to analyse the adaptational responses of B. subtilis to low temperature. Propagation of B. subtilis in minimal medium at 15 degrees C triggered the induction of 279 genes and the repression of 301 genes in comparison to cells grown at 37 degrees C. The analysis thus revealed profound adjustments in the overall gene expression profile in chill-adapted cells. Important transcriptional changes in low-temperature-grown cells comprise the induction of the SigB-controlled general stress regulon, the induction of parts of the early sporulation regulons (SigF, SigE and SigG) and the induction of a regulatory circuit (RapA/PhrA and Opp) that is involved in the fine-tuning of the phosphorylation status of the Spo0A response regulator. The analysis of chill-stress-repressed genes revealed reductions in major catabolic (glycolysis, oxidative phosphorylation, ATP synthesis) and anabolic routes (biosynthesis of purines, pyrimidines, haem and fatty acids) that likely reflect the slower growth rates at low temperature. Low-temperature repression of part of the SigW regulon and of many genes with predicted functions in chemotaxis and motility was also noted. The proteome analysis of chill-adapted cells indicates a major contribution of post-transcriptional regulation phenomena in adaptation to low temperature. Comparative analysis of the previously reported transcriptional responses of cold-shocked B. subtilis cells with this data revealed that cold shock and growth in the cold constitute physiologically distinct phases of the adaptation of B. subtilis to low temperature.",Bacillus subtilis,temperature,,
16514141,10.1099/mic.0.28345-0,,no_pmc,2006,"Microbiology (Reading, England)",Role of anionic phospholipids in the adaptation of Bacillus subtilis to high salinity.,"The importance of the content of anionic phospholipids [cardiolipin (CL) and phosphatidylglycerol (PG)] in the osmotic adaptation and in the membrane structure of Bacillus subtilis cultures was investigated. Insertion mutations in the three putative cardiolipin synthase genes (ywiE, ywnE and ywjE) were obtained. Only the ywnE mutation resulted in a complete deficiency in cardiolipin and thus corresponds to a true clsA gene. The osmotolerance of a clsA mutant was impaired: although at NaCl concentrations lower than 1.2 M the growth curves were similar to those of its wild-type control, at 1.5 M NaCl (LBN medium) the lag period increased and the maximal optical density reached was lower. The membrane of the clsA mutant strain showed an increased PG content, at both exponential and stationary phase, but no trace of CL in either LB or LBN medium. As well as the deficiency in CL synthesis, the clsA mutant showed other differences in lipid and fatty acids content compared to the wild-type, suggesting a cross-regulation in membrane lipid pathways, crucial for the maintenance of membrane functionality and integrity. The biophysical characteristics of membranes and large unilamellar vesicles from the wild-type and clsA mutant strains were studied by Laurdan's steady-state fluorescence spectroscopy. At physiological temperature, the clsA mutant showed a decreased lateral lipid packing in the protein-free vesicles and isolated membranes compared with the wild-type strain. Interestingly, the lateral lipid packing of the membranes of both the wild-type and clsA mutant strains increased when they were grown in LBN. In a conditional IPTG-controlled pgsA mutant, unable to synthesize PG and CL in the absence of IPTG, the osmoresistance of the cultures correlated with their content of anionic phospholipids. The transcriptional activity of the clsA and pgsA genes was similar and increased twofold upon entry to stationary phase or under osmotic upshift. Overall, these results support the involvement of the anionic phospholipids in the growth of B. subtilis in media containing elevated NaCl concentrations.",Bacillus subtilis,temperature,,
16484192,10.1128/JB.188.5.1817-1828.2006,PMC1426554,pmc_not_oa,2006,Journal of bacteriology,Global analysis of heat shock response in Desulfovibrio vulgaris Hildenborough.,"Desulfovibrio vulgaris Hildenborough belongs to a class of sulfate-reducing bacteria (SRB) and is found ubiquitously in nature. Given the importance of SRB-mediated reduction for bioremediation of metal ion contaminants, ongoing research on D. vulgaris has been in the direction of elucidating regulatory mechanisms for this organism under a variety of stress conditions. This work presents a global view of this organism's response to elevated growth temperature using whole-cell transcriptomics and proteomics tools. Transcriptional response (1.7-fold change or greater; Z >/= 1.5) ranged from 1,135 genes at 15 min to 1,463 genes at 120 min for a temperature up-shift of 13 degrees C from a growth temperature of 37 degrees C for this organism and suggested both direct and indirect modes of heat sensing. Clusters of orthologous group categories that were significantly affected included posttranslational modifications; protein turnover and chaperones (up-regulated); energy production and conversion (down-regulated), nucleotide transport, metabolism (down-regulated), and translation; ribosomal structure; and biogenesis (down-regulated). Analysis of the genome sequence revealed the presence of features of both negative and positive regulation which included the CIRCE element and promoter sequences corresponding to the alternate sigma factors sigma(32) and sigma(54). While mechanisms of heat shock control for some genes appeared to coincide with those established for Escherichia coli and Bacillus subtilis, the presence of unique control schemes for several other genes was also evident. Analysis of protein expression levels using differential in-gel electrophoresis suggested good agreement with transcriptional profiles of several heat shock proteins, including DnaK (DVU0811), HtpG (DVU2643), HtrA (DVU1468), and AhpC (DVU2247). The proteomics study also suggested the possibility of posttranslational modifications in the chaperones DnaK, AhpC, GroES (DVU1977), and GroEL (DVU1976) and also several periplasmic ABC transporters.",Bacillus subtilis,temperature,,
16352840,10.1128/JB.188.1.240-248.2006,PMC1317592,pmc_not_oa,2006,Journal of bacteriology,Cold-induced putative DEAD box RNA helicases CshA and CshB are essential for cold adaptation and interact with cold shock protein B in Bacillus subtilis.,"The nucleic acid binding cold shock proteins (CSPs) and the cold-induced DEAD box RNA helicases have been proposed separately to act as RNA chaperones, but no experimental evidence has been reported on a direct cooperation. To investigate the possible interaction of the putative RNA helicases CshA and CshB and the CSPs from Bacillus subtilis during cold shock, we performed genetic as well as fluorescence resonance energy transfer (FRET) experiments. Both cshA and cshB genes could be deleted only in the presence of a cshB copy in trans, showing that the presence of one csh gene is essential for viability. The combined gene deletion of cshB and cspD resulted in a cold-sensitive phenotype that was not observed for either helicase or csp single mutants. In addition to the colocalization of the putative helicases CshA and CshB with CspB and the ribosomes in areas surrounding the nucleoid, we detected a strong FRET interaction in vivo between CshB and CspB that depended on active transcription. In contrast, a FRET interaction was not observed for CshB and the ribosomal protein L1. Therefore, we propose a model in which the putative cold-induced helicases and the CSPs work in conjunction to rescue misfolded mRNA molecules and maintain proper initiation of translation at low temperatures in B. subtilis.",Bacillus subtilis,temperature,,
16291674,10.1128/JB.187.23.8006-8019.2005,PMC1291286,pmc_not_oa,2005,Journal of bacteriology,Molecular analysis and organization of the sigmaB operon in Staphylococcus aureus.,"The alternative sigma factor sigma(B) of Staphylococcus aureus controls the expression of a variety of genes, including virulence determinants and global regulators. Genetic manipulations and transcriptional start point (TSP) analyses showed that the sigB operon is transcribed from at least two differentially controlled promoters: a putative sigma(A)-dependent promoter, termed sigB(p1), giving rise to a 3.6-kb transcript covering sa2059-sa2058-rsbU-rsbV-rsbW-sigB, and a sigma(B)-dependent promoter, sigB(p3), initiating a 1.6-kb transcript covering rsbV-rsbW-sigB. TSP and promoter-reporter gene fusion experiments indicated that a third promoter, tentatively termed sigB(p2) and proposed to lead to a 2.5-kb transcript, including rsbU-rsbV-rsbW-sigB, might govern the expression of the sigB operon. Environmental stresses, such as heat shock and salt stress, induced a rapid response within minutes from promoters sigB(p1) and sigB(p3). In vitro, the sigB(p1) promoter was active in the early growth stages, while the sigB(p2) and sigB(p3) promoters produced transcripts throughout the growth cycle, with sigB(p3) peaking around the transition state between exponential growth and stationary phase. The amount of sigB transcripts, however, did not reflect the concentration of sigma(B) measured in cell extracts, which remained constant over the entire growth cycle. In a guinea pig cage model of infection, sigB transcripts were as abundant 2 and 8 days postinoculation as values found in vitro, demonstrating that sigB is indeed transcribed during the course of infection. Physical interactions between staphylococcal RsbU-RsbV, RsbV-RsbW, and RsbW-sigma(B) were inferred from a yeast (Saccharomyces cerevisiae) two-hybrid approach, indicating the presence of a partner-switching mechanism in the sigma(B) activation cascade similar to that of Bacillus subtilis. The finding that overexpression of RsbU was sufficient to trigger an immediate and strong activation of sigma(B), however, signals a relevant difference in the regulation of sigma(B) activation between B. subtilis and S. aureus in the cascade upstream of RsbU.",Bacillus subtilis,temperature,,
16199581,10.1128/JB.187.20.7103-7118.2005,PMC1251621,pmc_not_oa,2005,Journal of bacteriology,Transcriptional program of early sporulation and stationary-phase events in Clostridium acetobutylicum.,"DNA microarray analysis of Clostridium acetobutylicum was used to examine the genomic-scale gene expression changes during the shift from exponential-phase growth and acidogenesis to stationary phase and solventogenesis. Self-organizing maps were used to identify novel expression patterns of functional gene classes, including aromatic and branched-chain amino acid synthesis, ribosomal proteins, cobalt and iron transporters, cobalamin biosynthesis, and lipid biosynthesis. The majority of pSOL1 megaplasmid genes (in addition to the solventogenic genes aad-ctfA-ctfB and adc) had increased expression at the onset of solventogenesis, suggesting that other megaplasmid genes may play a role in stationary-phase phenomena. Analysis of sporulation genes and comparison with published Bacillus subtilis results indicated conserved expression patterns of early sporulation genes, including spo0A, the sigF operon, and putative canonical genes of the sigma(H) and sigma(F) regulons. However, sigE expression could not be detected within 7.5 h of initial spo0A expression, consistent with the observed extended time between the appearance of clostridial forms and endospore formation. The results were compared with microarray comparisons of the wild-type strain and the nonsolventogenic, asporogenous M5 strain, which lacks the pSOL1 megaplasmid. While some results were similar, the expression of primary metabolism genes and heat shock proteins was higher in M5, suggesting a difference in metabolic regulation or a butyrate stress response in M5. The results of this microarray platform and analysis were further validated by comparing gene expression patterns to previously published Northern analyses, reporter assays, and two-dimensional protein electrophoresis data of metabolic genes (including all major solventogenesis genes), sporulation genes, heat shock proteins, and other solventogenesis-induced gene expression.",Bacillus subtilis,temperature,,
16151211,10.1099/mic.0.27861-0,,no_pmc,2005,"Microbiology (Reading, England)",High-level resistance to oxidative stress in Lactococcus lactis conferred by Bacillus subtilis catalase KatE.,"Lactococcus lactis, a lactic acid bacterium widely used for food fermentations, is often exposed to damaging stress conditions. In particular, oxidative stress leads to DNA, protein and membrane damages that can be lethal. As L. lactis has no catalase, the impact of production of the Bacillus subtilis haem catalase KatE on its oxidative stress resistance was tested. This cytoplasmic catalase was engineered for extracellular expression in L. lactis with an optimization strategy based on fusion to the nisin-inducible promoter and a lactococcal signal peptide (SP(Usp45)). The production of KatE by L. lactis conferred an 800-fold increase in survival after 1 h exposure to 4 mM hydrogen peroxide, and a 160-fold greater survival in long-term (3 days) survival of aerated cultures in a cydA mutant, which is unable to respire. The presence of KatE protected DNA from oxidative damage and limited its degradation after long-term aeration in a cydA/recA mutant, defective in DNA repair. L. lactis is thus able to produce active catalase that can provide efficient antioxidant activity.",Bacillus subtilis,temperature,,
16035234,10.1016/j.micres.2004.05.005,,no_pmc,2005,Microbiological research,Salt stress induction of glutamyl endopeptidase biosynthesis in Bacillus intermedius.,"Bacteria from the genus Bacillus have evolved complicated regulatory networks to be protected from various environmental stresses, including sudden increase in salinity. Among these regulatory mechanisms is the DegS-DegU signal transduction system, which controls degradative enzyme synthesis and is involved in sensing salt stress in Bacillus subtilis. We report the study of biosynthesis regulation of Bacillus intermedius glutamyl endopeptidase under salt stress conditions. Salt stress during growth in medium containing 1-2.5 M NaCl, KCl or disodium succinate leads to the induction of glutamyl endopeptidase. Analysis of the regulatory region of the gene for B. intermedius glutamyl endopeptidase revealed the presence of a tentative target sequence for DegU control, AGATN10TTGAG. For the expression of the glutamyl endopeptidase gene, functional DegU protein is required. Thus, we suggest that expression of the gene for B. intermedius glutamyl endopeptidase may be controlled by a regulatory system analogous to DegS-DegU two-component system in B. subtilis.",Bacillus subtilis,temperature,,
16005967,10.1016/j.plasmid.2005.05.001,,no_pmc,2005,Plasmid,Construction of plasmid-based expression vectors for Bacillus subtilis exhibiting full structural stability.,"A series of plasmid-based expression vectors have been constructed allowing stable intracellular expression of recombinant proteins in Bacillus subtilis strains. These expression vectors are based on the recently described Escherichia coli-B. subtilis shuttle vector pMTLBS72 which replicates as theta circles. Besides the weak constitutive promoter P(lepA), we inserted three different controllable promoters: P(gsiB) which can be induced by heat and acid shock, and by ethanol, P(xylA) and P(spac) which respond to the addition of xylose and IPTG, respectively. The versatility of these expression vectors was demonstrated by fusing their promoters to a reporter gene and by overexpression of the HtpG protein with three of them. All recombinant vectors exhibited full structural stability.",Bacillus subtilis,temperature,,
15855514,10.1128/AAC.49.5.1915-1926.2005,PMC1087613,pmc_not_oa,2005,Antimicrobial agents and chemotherapy,Global transcriptional response of Bacillus subtilis to treatment with subinhibitory concentrations of antibiotics that inhibit protein synthesis.,"Global gene expression patterns of Bacillus subtilis in response to subinhibitory concentrations of protein synthesis inhibitors (chloramphenicol, erythromycin, and gentamicin) were studied by DNA microarray analysis. B. subtilis cultures were treated with subinhibitory concentrations of protein synthesis inhibitors for 5, 15, 30, and 60 min, and transcriptional patterns were measured throughout the time course. Three major classes of genes were affected by the protein synthesis inhibitors: genes encoding transport/binding proteins, genes involved in protein synthesis, and genes involved in the metabolism of carbohydrates and related molecules. Similar expression patterns for a few classes of genes were observed due to treatment with chloramphenicol (0.4x MIC) or erythromycin (0.5x MIC), whereas expression patterns of gentamicin-treated cells were distinct. Expression of genes involved in metabolism of amino acids was altered by treatment with chloramphenicol and erythromycin but not by treatment with gentamicin. Heat shock genes were induced by gentamicin but repressed by chloramphenicol. Other genes induced by the protein synthesis inhibitors included the yheIH operon encoding ABC transporter-like proteins, with similarity to multidrug efflux proteins, and the ysbAB operon encoding homologs of LrgAB that function to inhibit cell wall cleavage (murein hydrolase activity) and convey penicillin tolerance in Staphylococcus aureus.",Bacillus subtilis,temperature,,
15805528,10.1128/JB.187.8.2810-2826.2005,PMC1070366,pmc_not_oa,2005,Journal of bacteriology,Comprehensive characterization of the contribution of individual SigB-dependent general stress genes to stress resistance of Bacillus subtilis.,"The sigma(B)-dependent general stress regulon of Bacillus subtilis comprises more than 150 members. Induction of this regulon by imposition of environmental or metabolic stress confers multiple, nonspecific, and preemptive stress resistance to nongrowing, nonsporulated cells of B. subtilis. In this study we performed a regulon-wide phenotypic screening analysis to determine the stress sensitivity profiles of 94 mutants defective in candidate members of the general stress regulon that were previously identified in our transcriptional profiling study of the general stress response of B. subtilis. The phenotypic screening analysis included analysis of adaptation to a growth-inhibiting concentration of ethanol (10%, vol/vol) or NaCl (10%, wt/vol), severe heat shock (54 degrees C), and low temperature (survival at 4 degrees C and growth at 12.5 degrees C). Surprisingly, 85% of the mutants tested displayed increased sensitivity at an alpha confidence level of < or =0.01 to at least one of the four stresses tested, and 62% still exhibited increased sensitivity at an alpha of < or =0.001. In essence, we were able to assign 63 genes (28 genes with an alpha of < or =0.001) to survival after ethanol shock, 37 genes (28 genes with an alpha of < or =0.001) to protection from NaCl shock, 34 genes (24 genes with an alpha of < or =0.001) to survival at 4 degrees C, and 10 genes (3 genes with an alpha of < or =0.001) to management of severe heat shock. Interestingly, there was a substantial overlap between the genes necessary for survival during ethanol shock and the genes necessary for survival at 4 degrees C, and there was also an overlap between genes required for survival during ethanol shock and genes required for survival during NaCl shock. Our data provide evidence for the importance of the sigma(B) regulon at low temperatures, not only for growth but also for survival. Moreover, the data imply that a secondary oxidative stress seems to be a common component of the severe stresses tested.",Bacillus subtilis,temperature,,
15748987,10.1016/j.resmic.2004.09.014,,no_pmc,2005,Research in microbiology,"Cloning and characterization of the hsp 18.55 gene, a new member of the small heat shock gene family isolated from wine Lactobacillus plantarum.","Using a molecular approach based on PCR, RT-PCR and northern blot analysis, a new member of the small heat shock family of wine, Lactobacillus plantarum, was cloned and characterized. The protein sequence deduced from the isolated gene had a calculated molecular mass of 18.548 kDa and was therefore named HSP 18.55. The gene codes for a protein homologous to the previously characterized HSP 19.3 and HSP 18.5 and is co-transcribed with an upstream gene of unknown function. Analysis of the 5' flanking region of the hsp 18.55 gene revealed the presence of putative cis elements able to bind alternative sigma factor sigma(B). Based on its structure, the gene was classified as belonging to class II of the heat shock genes according to Bacillus subtilis nomenclature for shock-responsive genes. Expression of the newly identified small heat shock gene, analyzed by RT-PCR and northern blot analysis, was induced by a wide range of abiotic stresses including heat, cold and ethanol, suggesting that the small family of heat shock genes is probably involved in the general stress response in wine L. plantarum. Moreover, the expression of hsp 18.5, hsp 18.55 and hsp 19.3 genes, analyzed over a complete culture cycle, revealed that early growing cells contained substantial amounts of hsp 18.5, hsp 18.55 and hsp 19.3 mRNAs, which rapidly declined upon entry into stationary phase.",Bacillus subtilis,temperature,,
15659680,10.1128/JB.187.3.1022-1035.2005,PMC545719,pmc_not_oa,2005,Journal of bacteriology,"The Enterococcus faecalis sigV protein is an extracytoplasmic function sigma factor contributing to survival following heat, acid, and ethanol treatments.","Analysis of the genome sequence of Enterococcus faecalis allowed the identification of two genes whose protein products showed 33 and 34% identity with those of sigV and yrhM of Bacillus subtilis, respectively. These genes, named sigV and rsiV, are predicted to encode members of the extracytoplasmic function subfamily of eubacterial RNA polymerase sigma and anti-sigma factors, respectively. This group of sigma factors has been shown to regulate gene expression in response to stress conditions. sigV and rsiV were shown to be under the control of the same promoter. The transcriptional start site was determined, and the 1.5-kb mRNA transcript was shown to be overexpressed under glucose and complete starvation, as well as under physicochemical treatments. Three mutants, affected in sigV, rsiV, and both genes, were constructed by double-crossover recombination within the genome of E. faecalis strain JH2-2. Compared with the wild type and the rsiV mutant, the sigV mutants were more susceptible to heat shock, acid, and ethanol treatments and displayed decreased survival during long-term starvation. A nisin-inducible sigV gene construction used in complementation assays restored the wild phenotype of the sigV mutants, confirming the involvement of SigV in the heat shock, ethanol, and acid stress responses. Northern blot analysis carried out with the three mutant strains revealed the inhibition of sigV expression by the related anti-sigma factor gene rsiV. In addition, putative candidates of the sigV regulon determined by computer search for the sigV promoter sequence were analyzed.",Bacillus subtilis,temperature,,
15342585,10.1128/JB.186.18.6150-6158.2004,PMC515142,pmc_not_oa,2004,Journal of bacteriology,RsbV-independent induction of the SigB-dependent general stress regulon of Bacillus subtilis during growth at high temperature.,"General stress proteins protect Bacillus subtilis cells against a variety of environmental insults. This adaptive response is particularly important for nongrowing cells, to which it confers a multiple, nonspecific, and preemptive stress resistance. Induction of the general stress response relies on the alternative transcription factor, SigB, whose activity is controlled by a partner switching mechanism that also involves the anti-sigma factor, RsbW, and the antagonist protein, RsbV. Recently, the SigB regulon has been shown to be continuously induced and functionally important in cells actively growing at low temperature. With the exception of this chill induction, all SigB-activating stimuli identified so far trigger a transient expression of the SigB regulon that depends on RsbV. Through a proteome analysis and Northern blot and gene fusion experiments, we now show that the SigB regulon is continuously induced in cells growing actively at 51 degrees C, close to the upper growth limit of B. subtilis. This heat induction of SigB-dependent genes requires the environmental stress-responsive phosphatase RsbU, but not the metabolic stress-responsive phosphatase RsbP. RsbU dependence of SigB activation by heat is overcome in mutants that lack RsbV. In addition, loss of RsbV alone or in combination with RsbU triggers a hyperactivation of the general stress regulon exclusively at high temperatures detrimental for cell growth. These new facets of heat induction of the SigB regulon indicate that the current view of the complex genetic and biochemical regulation of SigB activity is still incomplete and that SigB perceives signals independent of the RsbV-mediated signal transduction pathways under heat stress conditions.",Bacillus subtilis,temperature,,
15294834,10.1128/AEM.70.8.4941-4949.2004,PMC492336,pmc_not_oa,2004,Applied and environmental microbiology,Differential gene expression to investigate the effect of (5Z)-4-bromo- 5-(bromomethylene)-3-butyl-2(5H)-furanone on Bacillus subtilis.,"(5Z)-4-Bromo-5-(bromomethylene)-3-butyl-2(5H)-furanone (furanone) from the red marine alga Delisea pulchra was found previously to inhibit the growth, swarming, and biofilm formation of gram-positive bacteria. Using the gram-positive bacterium Bacillus subtilis as a test organism, we observed cell killing by 20 microg of furanone per ml, while 5 microg of furanone per ml inhibited growth approximately twofold without killing the cells. To discover the mechanism of this inhibition on a genetic level and to investigate furanone as a novel antibiotic, full-genome DNA microarrays were used to analyze the gene expression profiles of B. subtilis grown with and without 5 microg of furanone per ml. This agent induced 92 genes more than fivefold (P < 0.05) and repressed 15 genes more than fivefold (P < 0.05). The induced genes include genes involved in stress responses (such as the class III heat shock genes clpC, clpE, and ctsR and the class I heat shock genes groES, but no class II or IV heat shock genes), fatty acid biosynthesis, lichenan degradation, transport, and metabolism, as well as 59 genes with unknown functions. The microarray results for four genes were confirmed by RNA dot blotting. Mutation of a stress response gene, clpC, caused B. subtilis to be much more sensitive to 5 microg of furanone per ml (there was no growth in 8 h, while the wild-type strain grew to the stationary phase in 8 h) and confirmed the importance of the induction of this gene as identified by the microarray analysis.",Bacillus subtilis,temperature,,
15028684,10.1128/JB.186.7.2006-2018.2004,PMC374415,pmc_not_oa,2004,Journal of bacteriology,Transcriptional analysis of butanol stress and tolerance in Clostridium acetobutylicum.,"The effects of challenges with low (0.25%, vol/vol) and high (0.75%) concentrations of butanol on the growth, glucose metabolism, product formation, and transcriptional program of the solvent-tolerant Clostridium acetobutylicum strain 824(pGROE1) and the plasmid control strain 824(pSOS95del) were used to study solvent tolerance and stress response. Strain 824(pGROE1) was generated by groESL overexpression. The growth of 824(pGROE1) was less inhibited than that of 824(pSOS95del), and 824(pGROE1) was able to metabolize glucose over the entire course of the culture (60 h postchallenge) while glucose metabolism in 824(pSOS95del) lasted 24 h. A comparison of their respective DNA array-based transcriptional profiles identified genes with similar expression patterns (these genes are likely to be part of a general butanol stress response) and genes with opposite expression patterns (these genes are likely to be associated with increased tolerance to butanol). Both strains exhibited a butanol dose-dependent increase in expression of all major stress protein genes, including groES, dnaKJ, hsp18, and hsp90; all major solvent formation genes, including aad, ctfA and -B, adc, and bdhA and -B (an unexpected and counterintuitive finding); the butyrate formation genes (ptb and buk); the butyryl coenzyme A biosynthesis operon genes; fructose bisphosphate aldolase; and a gene with homology to Bacillus subtilis kinA. A dose-dependent decrease in expression was observed for the genes of the major fatty acid synthesis operon (also an unexpected and counterintuitive finding), several glycolytic genes, and a few sporulation genes. Genes with opposite expression kinetics included rlpA, artP, and a gene encoding a hemin permease. Taken together, these data suggest that stress, even when it derives from the solvent product itself, triggers the induction of the solvent formation genes.",Bacillus subtilis,temperature,,
14996799,10.1128/JB.186.6.1683-1693.2004,PMC355977,pmc_not_oa,2004,Journal of bacteriology,Thermoprotection of Bacillus subtilis by exogenously provided glycine betaine and structurally related compatible solutes: involvement of Opu transporters.,"Bacillus subtilis possesses five osmotically regulated transporters (Opu) for the uptake of various compatible solutes for osmoprotective purposes. We have now found that compatible solutes also function as thermoprotectants for B. subtilis. Low concentrations of glycine betaine enhanced the growth of the B. subtilis wild-type strain JH642 at its maximal growth temperature (52 degrees C) but did not allow an extension of the upper growth limit. A similar enhancement in the growth of B. subtilis was also observed by the addition of several other compatible solutes that are structurally related to glycine betaine or by the addition of proline. Each of these compatible solutes was taken up under heat stress by the cell through the same Opu transporters that are used for their acquisition under osmostress conditions. Northern blot analysis revealed a moderate increase in transcription of the structural genes for each of the Opu transport systems in cells that were propagated at 52 degrees C. In contrast, the uptake level of radiolabeled glycine betaine was very low under high-temperature growth conditions but nevertheless allowed the buildup of an intracellular glycine betaine pool comparable to that found in cells grown at 37 degrees C in the absence of salt stress. Although exogenously added glutamate has only a limited osmoprotective potential for B. subtilis, it was found to be a very effective thermoprotectant. Collectively, our data demonstrate thermoprotection by a variety of compatible solutes in B. subtilis, thus ascribing a new physiological function for this class of compounds in this microorganism and broadening the physiological role of the known osmoprotectant uptake systems (Opu).",Bacillus subtilis,temperature,,
14763982,10.1046/j.1365-2958.2003.03875.x,,no_pmc,2004,Molecular microbiology,"MurAA, catalysing the first committed step in peptidoglycan biosynthesis, is a target of Clp-dependent proteolysis in Bacillus subtilis.","The carboxyvinyl transfer from phosphoenolpyruvate to UDP-N-acetylglucosamine is the first committed step in the pathway of peptidoglycan formation. This crucial reaction for bacterial cell growth is catalysed by the MurA enzymes. Gram-negative bacteria carry one murA gene, whereas in a subgroup of Gram-positive bacteria two separate paralogues, MurAA and MurAB, exist. This study provides evidence that in the Gram-positive bacterium Bacillus subtilis, the MurAA protein is specifically degraded by the ClpCP protease. This Clp-dependent degradation is especially enhanced upon entry into stationary phase, thus ensuring an immediate growth arrest due to stalled murein biosynthesis. The MurAA protein can therefore be addressed as a target of Clp-dependent regulatory proteolysis such as the transcriptional regulators CtsR, ComK, Spx in B. subtilis, CtrA in Caulobacter crescentus or RpoS in Escherichia coli. Taking into account all other known regulatory targets of ATP-dependent proteases, MurAA of B. subtilis represents the first example of a metabolic enzyme which is a unique regulatory substrate of Clp-dependent proteolysis. Its function as a regulatory metabolic checkpoint resembles that of homoserine trans-succinylase (MetA) in E. coli which is similarly ATP-dependently degraded.",Bacillus subtilis,temperature,,
14762012,10.1128/JB.186.4.1165-1174.2004,PMC344206,pmc_not_oa,2004,Journal of bacteriology,"clpB, a novel member of the Listeria monocytogenes CtsR regulon, is involved in virulence but not in general stress tolerance.","Clp-HSP100 ATPases are a widespread family of ubiquitous proteins that occur in both prokaryotes and eukaryotes and play important roles in the folding of newly synthesized proteins and refolding of aggregated proteins. They have also been shown to participate in the virulence of several pathogens, including Listeria monocytogenes. Here, we describe a member of the Clp-HSP100 family of L. monocytogenes that harbors all the characteristics of the ClpB subclass, which is absent in the closely related gram-positive model organism, Bacillus subtilis. Transcriptional analysis of clpB revealed a heat shock-inducible sigma(A)-type promoter. Potential binding sites for the CtsR regulator of stress response were identified in the promoter region. In vivo and in vitro approaches were used to show that expression of clpB is repressed by CtsR, a finding indicating that clpB is a novel member of the L. monocytogenes CtsR regulon. We showed that ClpB is involved in the pathogenicity of L. monocytogenes since the DeltaclpB mutant is significantly affected by virulence in a murine model of infection; we also demonstrate that this effect is apparently not due to a defect in general stress resistance. Indeed, ClpB is not involved in tolerance to heat, salt, detergent, puromycin, or cold stress, even though its synthesis is inducible by heat shock. However, ClpB was shown to play a role in induced thermotolerance, allowing increased resistance of L. monocytogenes to lethal temperatures. This work gives the first example of a clpB gene directly controlled by CtsR and describes the first role for a ClpB protein in induced thermotolerance and virulence in a gram-positive organism.",Bacillus subtilis,temperature,,
14761993,10.1128/JB.186.4.989-1000.2004,PMC344201,pmc_not_oa,2004,Journal of bacteriology,Novel roles of the master transcription factors Spo0A and sigmaB for survival and sporulation of Bacillus subtilis at low growth temperature.,"Spore development and stress resistance in Bacillus subtilis are governed by the master transcription factors Spo0A and sigma(B), respectively. Here we show that the coding genes for both regulatory proteins are dramatically induced, during logarithmic growth, after a temperature downshift from 37 to 20 degrees C. The loss of sigma(B) reduces the stationary-phase viability of cold-adapted cells 10- to 50-fold. Furthermore, we show that sigma(B) activity is required at a late stage of development for efficient sporulation at a low temperature. On the other hand, Spo0A loss dramatically reduces the stationary-phase viability of cold-adapted cells 10,000-fold. We show that the requirement of Spo0A for cellular survival during the cold is independent of the activity of the key transition state regulator AbrB and of the simple loss of sporulation ability. Furthermore, Spo0A, and not proficiency in sporulation, is required for the development of complete stress resistance of cold-adapted cells to heat shock (54 degrees C, 1 h), since a loss of Spo0A, but not a loss of the essential sporulation transcription factor sigma(F), reduced the cellular survival in response to heat by more than 1,000-fold. The overall results argue for new and important roles for Spo0A in the development of full stress resistance by nonsporulating cells and for sigma(B) in sporulation proficiency at a low temperature.",Bacillus subtilis,temperature,,
14734164,10.1016/S0378-1097(03)00852-8,,no_pmc,2004,FEMS microbiology letters,Genetic evidence for the temperature-sensing ability of the membrane domain of the Bacillus subtilis histidine kinase DesK.,"A decrease in environmental temperature leads to the synthesis of Delta5-unsaturated fatty acids in Bacillus subtilis by the fatty acid desaturase Des. Des is regulated by the two-component system DesKR. To understand the mechanism of cold signal perception and transduction by the membrane domain and the cytosolic domain of DesK, we expressed the cytosolic domain of DesK in trans under the control of a xylose-inducible promoter without the membrane domain. We performed growth experiments and a Northern blot analysis. Our results show that the kinase function of the cytosolic domain of DesK is temperature-independent, leading to a constitutive expression of the des gene. These findings support the conclusion that the membrane domain of DesK is the temperature-sensing element of the two-component system.",Bacillus subtilis,temperature,,
14702414,10.1099/mic.0.26734-0,,no_pmc,2004,"Microbiology (Reading, England)",Chlamydia trachomatis sigma28 recognizes the fliC promoter of Escherichia coli and responds to heat shock in chlamydiae.,"The rpsD gene of Chlamydia trachomatis encodes the alternative sigma factor sigma28, which bears strong homology to many bacterial sigma factors, including Escherichia coli sigma8 and Bacillus subtilis sigmaB and sigmaD. Recently, a sigma28 promoter was identified upstream of the late-cycle-expressed gene hctB, which encodes the Chlamydia-histone-like protein 2 (Yu & Tan, 2003). In this study it is shown that the product of chlamydial rpsD is an E. coli sigma28 homologue. It was found that recombinant chlamydial sigma8, in combination with E. coli core RNA polymerase, initiates transcription in vitro from the E. coli sigma28-dependent promoter of fliC. It was also demonstrated that the recombinant chlamydial sigma28 does not recognize major sigma factor sigma70-consensus-like sequences in vitro. In C. trachomatis-infected cells, two rpsD transcripts were detected with 5' ends located 18 (transcript I) and 54 bp (transcript II) upstream of the translational initiation codon at 16 and 30 h post-infection. When the temperature of cultures infected with C. trachomatis was shifted from 35 to 42 degrees C, the rpsD transcript I increased dramatically. The levels of chlamydial sigma28, relative to EF-Tu, were greater throughout the exponential growth phase of the reticulate body, but lower late in the developmental cycle. These data support the hypothesis that sigma28 plays a role in the regulatory network that allows chlamydiae to survive changes in its environment, enabling it to complete its unique developmental cycle.",Bacillus subtilis,temperature,,
14679237,10.1128/JB.186.1.179-191.2004,PMC303445,pmc_not_oa,2004,Journal of bacteriology,Fine-tuning in regulation of Clp protein content in Bacillus subtilis.,"Clp-controlled proteolysis in Bacillus subtilis seems to play a substantial role, particularly under stress conditions. Calibrated Western blot analyses were used to estimate the approximate numbers of heat-inducible Clp molecules within a single cell. According to these numbers, the different Clp ATPases do not seem to compete for the proteolytic subunit ClpP. Coimmunoprecipitation experiments revealed the predicted specific ClpX-ClpP, ClpC-ClpP, and ClpE-ClpP interactions. ClpE and ClpX are rapidly degraded in wild-type cells during permanent heat stress but remained almost stable in a clpP mutant, suggesting ClpP-dependent degradation. In particular, ClpCP appeared to be involved in the degradation of the short-lived ClpE ATPase, indicating a negative ""autoregulatory"" circuit for this particular Clp ATPase at the posttranslational level. Analysis of the half-life of stress-inducible clp mRNAs during exponential growth and heat shock revealed precise regulation of the synthesis of each Clp protein at the posttranscriptional level as well to meet the needs of B. subtilis.",Bacillus subtilis,temperature,,
14651641,10.1046/j.1365-2958.2003.03786.x,,no_pmc,2003,Molecular microbiology,Cell wall stress responses in Bacillus subtilis: the regulatory network of the bacitracin stimulon.,"In response to sublethal concentrations of antibiotics, bacteria often induce an adaptive response that can contribute to antibiotic resistance. We report the response of Bacillus subtilis to bacitracin, an inhibitor of cell wall biosynthesis found in its natural environment. Analysis of the global transcriptional profile of bacitracin-treated cells reveals a response orchestrated by two alternative sigma factors (sigmaB and sigmaM) and three two-component systems (YvqEC, YvcPQ and BceRS). All three two-component systems are located next to target genes that are strongly induced by bacitracin, and the corresponding histidine kinases share an unusual topology: they lack about 100 amino acids in their extracellular sensing domain, which is almost entirely buried in the cytoplasmic membrane. Sequence analysis indicates that this novel N-terminal sensing domain is a characteristic feature of a subfamily of histidine kinases, found almost entirely in Gram-positive bacteria and frequently linked to ABC transporters. A systematic mutational analysis of bacitracin-induced genes led to the identification of a new bacitracin-resistance determinant, bceAB, encoding a putative ABC transporter. The bcrC bacitracin resistance gene, which is under the dual control of sigmaX and sigmaM, was also induced by bacitracin. By comparing the bacitracin and the vancomycin stimulons, we can differentiate between loci induced specifically by bacitracin and those that are induced by multiple cell wall-active antibiotics.",Bacillus subtilis,temperature,,
14563871,10.1128/JB.185.21.6358-6370.2003,PMC219388,pmc_not_oa,2003,Journal of bacteriology,Genome-wide transcriptional profiling analysis of adaptation of Bacillus subtilis to high salinity.,"The gram-positive soil bacterium Bacillus subtilis often faces increases in the salinity in its natural habitats. A transcriptional profiling approach was utilized to investigate both the initial reaction to a sudden increase in salinity elicited by the addition of 0.4 M NaCl and the cellular adaptation reactions to prolonged growth at high salinity (1.2 M NaCl). Following salt shock, a sigB mutant displayed immediate and transient induction and repression of 75 and 51 genes, respectively. Continuous propagation of this strain in the presence of 1.2 M NaCl triggered the induction of 123 genes and led to the repression of 101 genes. In summary, our studies revealed (i) an immediate and transient induction of the SigW regulon following salt shock, (ii) a role of the DegS/DegU two-component system in sensing high salinity, (iii) a high-salinity-mediated iron limitation, and (iv) a repression of chemotaxis and motility genes by high salinity, causing severe impairment of the swarming capability of B. subtilis cells. Initial adaptation to salt shock and continuous growth at high salinity share only a limited set of induced and repressed genes. This finding strongly suggests that these two phases of adaptation require distinctively different physiological adaptation reactions by the B. subtilis cell. The large portion of genes with unassigned functions among the high-salinity-induced or -repressed genes demonstrates that major aspects of the cellular adaptation of B. subtilis to high salinity are unexplored so far.",Bacillus subtilis,temperature,,
12874306,10.1128/IAI.71.8.4304-4312.2003,PMC166043,pmc_not_oa,2003,Infection and immunity,"The major cold shock gene, cspA, is involved in the susceptibility of Staphylococcus aureus to an antimicrobial peptide of human cathepsin G.","A Tn551 insertional library of Staphylococcus aureus strain ISP479 was challenged with an antimicrobial peptide (CG 117-136) derived from human neutrophil cathepsin G (CG). After repeated selection and screening of surviving colonies, a mutant was identified that expressed increased resistance to CG 117-136. Southern hybridization analysis revealed that the Tn551 insert in this mutant (SK1) was carried on a 10.6-kb EcoRI chromosomal DNA fragment. Subsequent physical mapping of this Tn551 insert revealed that it was positioned between a putative promoter sequence and the translational start codon of the cspA gene, which encodes a protein (CspA) highly similar to the major cold shock proteins CspA and CspB of Escherichia coli and Bacillus subtilis, respectively. This Tn551 insertion as well as a separate deletion-insertion mutation in cspA decreased the capacity of S. aureus to respond to the stress of cold shock and increased resistance to CG 117-136. The results indicate for the first time that a physiologic link exists between bacterial susceptibility to an antimicrobial peptide and a stress response system.",Bacillus subtilis,temperature,,
12867438,10.1128/JB.185.15.4305-4314.2003,PMC165770,pmc_not_oa,2003,Journal of bacteriology,Chill induction of the SigB-dependent general stress response in Bacillus subtilis and its contribution to low-temperature adaptation.,"A variety of environmental and metabolic cues trigger the transient activation of the alternative transcription factor SigB of Bacillus subtilis, which subsequently leads to the induction of more than 150 general stress genes. This general stress regulon provides nongrowing and nonsporulated cells with a multiple, nonspecific, and preemptive stress resistance. By a proteome approach we have detected the expression of the SigB regulon during continuous growth at low temperature (15 degrees C). Using a combination of Western blot analysis and SigB-dependent reporter gene fusions, we provide evidence for high-level and persistent induction of the sigB operon and the SigB regulon, respectively, in cells continuously exposed to low temperatures. In contrast to all SigB-activating stimuli described thus far, induction by low temperatures does not depend on the positive regulatory protein RsbV or its regulatory phosphatases RsbU and RsbP, indicating the presence of an entirely new pathway for the activation of SigB by chill stress in B. subtilis. The physiological importance of the induction of the general stress response for the adaptation of B. subtilis to low temperatures is emphasized by the observation that growth of a sigB mutant is drastically impaired at 15 degrees C. Inclusion of the compatible solute glycine betaine in the growth medium not only improved the growth of the wild-type strain but rescued the growth defect of the sigB mutant, indicating that the induction of the general stress regulon and the accumulation of glycine betaine are independent means by which B. subtilis cells cope with chill stress.",Bacillus subtilis,temperature,,
